{
  "timestamp": "20250817_011609Z",
  "window_days": 2,
  "ev_threshold": 10.0,
  "assets": [
    "SOL-USD",
    "BTC-USD",
    "ETH-USD",
    "NVDA"
  ],
  "venues": [
    "coinbase",
    "binance",
    "alpaca"
  ],
  "cv_r2": 0.3620261164236957,
  "cv_mae": 6.756579419932713,
  "feature_importance": {
    "vol_5m": 0.06430240535803344,
    "spread_bps": 0.0870915480293755,
    "depth": 0.06801632322231117,
    "slip_p95": 0.5242724060168877,
    "is_bps": 0.1346102232013526,
    "fees_bps": 0.024335380476669347,
    "rebate_bps": 0.011154047896426178,
    "cost_per_hour": 0.0,
    "hour": 0.05171644684552446,
    "dow": 0.013007855020390991,
    "is_weekend": 0.010814227599298686,
    "is_night": 0.0059693199977602605,
    "is_lunch": 0.004709816335969667
  },
  "ev_bands": {
    "red": 391,
    "amber": 1
  }
}