{
  "timestamp": "20250817_021824Z",
  "window_days": 2,
  "ev_threshold": 10.0,
  "assets": [
    "SOL-USD",
    "BTC-USD",
    "ETH-USD",
    "NVDA"
  ],
  "venues": [
    "coinbase",
    "binance",
    "alpaca"
  ],
  "cv_r2": 0.3994259360794203,
  "cv_mae": 6.467923994250583,
  "feature_importance": {
    "vol_5m": 0.06017324594676862,
    "spread_bps": 0.27304085060712946,
    "depth": 0.07536734155848795,
    "slip_p95": 0.324930697665871,
    "is_bps": 0.14334486806500232,
    "fees_bps": 0.01795413995023358,
    "rebate_bps": 0.010303732216920262,
    "cost_per_hour": 0.0,
    "hour": 0.04719071615187992,
    "dow": 0.01612832257490841,
    "is_weekend": 0.012420324183338985,
    "is_night": 0.014942983850035993,
    "is_lunch": 0.004202777229423382
  },
  "ev_bands": {
    "red": 383,
    "amber": 9
  }
}