{
  "timestamp": "20250816_154530Z",
  "window_days": 2,
  "ev_threshold": 10.0,
  "assets": [
    "SOL-USD",
    "BTC-USD",
    "ETH-USD",
    "NVDA"
  ],
  "venues": [
    "coinbase",
    "binance",
    "alpaca"
  ],
  "cv_r2": 0.3962263831593507,
  "cv_mae": 7.054972314027066,
  "feature_importance": {
    "vol_5m": 0.07646650752302271,
    "spread_bps": 0.08496863772490079,
    "depth": 0.06629140188577969,
    "slip_p95": 0.4127006388152716,
    "is_bps": 0.24733950047282482,
    "fees_bps": 0.02005942971932421,
    "rebate_bps": 0.013416328809691708,
    "cost_per_hour": 0.0,
    "hour": 0.059802786622575856,
    "dow": 0.0069963581628652936,
    "is_weekend": 0.0025428233595871097,
    "is_night": 0.004668363254875173,
    "is_lunch": 0.004747223649280861
  },
  "ev_bands": {
    "red": 386,
    "amber": 6
  }
}