{
  "timestamp": "20250817_055618Z",
  "window_days": 2,
  "ev_threshold": 10.0,
  "assets": [
    "SOL-USD",
    "BTC-USD",
    "ETH-USD",
    "NVDA"
  ],
  "venues": [
    "coinbase",
    "binance",
    "alpaca"
  ],
  "cv_r2": 0.22748237961646486,
  "cv_mae": 7.47776199005812,
  "feature_importance": {
    "vol_5m": 0.07698999843782725,
    "spread_bps": 0.17934441851865746,
    "depth": 0.06494001294976148,
    "slip_p95": 0.35393291468608057,
    "is_bps": 0.1634536298881504,
    "fees_bps": 0.020221809959838816,
    "rebate_bps": 0.012188001784503117,
    "cost_per_hour": 0.0,
    "hour": 0.04797616374528656,
    "dow": 0.040569731770876895,
    "is_weekend": 0.028063622894667035,
    "is_night": 0.005263064211283272,
    "is_lunch": 0.007056631153067091
  },
  "ev_bands": {
    "red": 392
  }
}