{
  "timestamp": "20250816_142741Z",
  "window_days": 2,
  "ev_threshold": 10.0,
  "assets": [
    "SOL-USD",
    "BTC-USD",
    "ETH-USD",
    "NVDA"
  ],
  "venues": [
    "coinbase",
    "binance",
    "alpaca"
  ],
  "cv_r2": 0.4077437937019531,
  "cv_mae": 6.723233485068874,
  "feature_importance": {
    "vol_5m": 0.05660589962424463,
    "spread_bps": 0.2847242536152971,
    "depth": 0.060503710967059365,
    "slip_p95": 0.286175710392351,
    "is_bps": 0.14973444726526947,
    "fees_bps": 0.025682671486989925,
    "rebate_bps": 0.020828423590721765,
    "cost_per_hour": 0.0,
    "hour": 0.07220725491657533,
    "dow": 0.01487445748963332,
    "is_weekend": 0.0033233517710844814,
    "is_night": 0.016725931213640258,
    "is_lunch": 0.008613887667133443
  },
  "ev_bands": {
    "red": 388,
    "amber": 4
  }
}