{
  "timestamp": "20250816_133037Z",
  "window_days": 2,
  "ev_threshold": 10.0,
  "assets": [
    "SOL-USD",
    "BTC-USD",
    "ETH-USD",
    "NVDA"
  ],
  "venues": [
    "coinbase",
    "binance",
    "alpaca"
  ],
  "cv_r2": 0.35925783612563844,
  "cv_mae": 7.221542565626902,
  "feature_importance": {
    "vol_5m": 0.08764276995397871,
    "spread_bps": 0.1291264269989992,
    "depth": 0.06291409217975702,
    "slip_p95": 0.400010665063307,
    "is_bps": 0.19182495930398563,
    "fees_bps": 0.0332393073315026,
    "rebate_bps": 0.015478808313209382,
    "cost_per_hour": 0.0,
    "hour": 0.05560161160190062,
    "dow": 0.009683161512455374,
    "is_weekend": 0.0033258987197109092,
    "is_night": 0.003617556980324748,
    "is_lunch": 0.0075347420408688895
  },
  "ev_bands": {
    "red": 385,
    "amber": 7
  }
}