{
  "timestamp": "20250817_033613Z",
  "window_days": 2,
  "ev_threshold": 10.0,
  "assets": [
    "SOL-USD",
    "BTC-USD",
    "ETH-USD",
    "NVDA"
  ],
  "venues": [
    "coinbase",
    "binance",
    "alpaca"
  ],
  "cv_r2": 0.42836477423448177,
  "cv_mae": 6.057548828271552,
  "feature_importance": {
    "vol_5m": 0.06154691769146433,
    "spread_bps": 0.08555555861474338,
    "depth": 0.09368488305847787,
    "slip_p95": 0.4939913431307272,
    "is_bps": 0.1539897974217308,
    "fees_bps": 0.02122490116597247,
    "rebate_bps": 0.013262115575210193,
    "cost_per_hour": 0.0,
    "hour": 0.0402477591333567,
    "dow": 0.009993613599114425,
    "is_weekend": 0.012773797493814626,
    "is_night": 0.006299104126604596,
    "is_lunch": 0.007430208988783583
  },
  "ev_bands": {
    "red": 392
  }
}