{
  "timestamp": "20250816_193349Z",
  "window_days": 2,
  "ev_threshold": 10.0,
  "assets": [
    "SOL-USD",
    "BTC-USD",
    "ETH-USD",
    "NVDA"
  ],
  "venues": [
    "coinbase",
    "binance",
    "alpaca"
  ],
  "cv_r2": 0.2850998320609388,
  "cv_mae": 7.25091050586638,
  "feature_importance": {
    "vol_5m": 0.055011591147025696,
    "spread_bps": 0.12260134030215025,
    "depth": 0.06485965815515535,
    "slip_p95": 0.41422741196807067,
    "is_bps": 0.17269440988604345,
    "fees_bps": 0.02124013606590382,
    "rebate_bps": 0.01601975097475558,
    "cost_per_hour": 0.0,
    "hour": 0.045735903553367624,
    "dow": 0.03410802478548927,
    "is_weekend": 0.03280575395274034,
    "is_night": 0.014249860422298977,
    "is_lunch": 0.006446158786998852
  },
  "ev_bands": {
    "red": 389,
    "amber": 3
  }
}