{
  "timestamp": "20250817_055107Z",
  "window_days": 2,
  "ev_threshold": 10.0,
  "assets": [
    "SOL-USD",
    "BTC-USD",
    "ETH-USD",
    "NVDA"
  ],
  "venues": [
    "coinbase",
    "binance",
    "alpaca"
  ],
  "cv_r2": 0.30965476836888123,
  "cv_mae": 7.021340545790319,
  "feature_importance": {
    "vol_5m": 0.060925676000763575,
    "spread_bps": 0.2779951240418076,
    "depth": 0.06739910926821105,
    "slip_p95": 0.31397651630502477,
    "is_bps": 0.14557749357101418,
    "fees_bps": 0.031905309379365185,
    "rebate_bps": 0.01533550146813859,
    "cost_per_hour": 0.0,
    "hour": 0.03931272252283294,
    "dow": 0.018146389398922342,
    "is_weekend": 0.014958866774536611,
    "is_night": 0.004692270137394565,
    "is_lunch": 0.00977502113198856
  },
  "ev_bands": {
    "red": 388,
    "amber": 4
  }
}