{
  "timestamp": "20250817_023909Z",
  "window_days": 2,
  "ev_threshold": 10.0,
  "assets": [
    "SOL-USD",
    "BTC-USD",
    "ETH-USD",
    "NVDA"
  ],
  "venues": [
    "coinbase",
    "binance",
    "alpaca"
  ],
  "cv_r2": 0.3643427575233373,
  "cv_mae": 6.41561946523936,
  "feature_importance": {
    "vol_5m": 0.07736311651616853,
    "spread_bps": 0.07809349150467661,
    "depth": 0.06387465635009493,
    "slip_p95": 0.44604869135844133,
    "is_bps": 0.19778607718543503,
    "fees_bps": 0.025797517487031636,
    "rebate_bps": 0.015250906418525877,
    "cost_per_hour": 0.0,
    "hour": 0.04685765362834614,
    "dow": 0.019745991570900838,
    "is_weekend": 0.015823902059231256,
    "is_night": 0.0049965788608165185,
    "is_lunch": 0.008361417060331286
  },
  "ev_bands": {
    "red": 387,
    "amber": 5
  }
}