{
  "timestamp": "20250816_180025Z",
  "window_days": 2,
  "ev_threshold": 10.0,
  "assets": [
    "SOL-USD",
    "BTC-USD",
    "ETH-USD",
    "NVDA"
  ],
  "venues": [
    "coinbase",
    "binance",
    "alpaca"
  ],
  "cv_r2": 0.21325231018076962,
  "cv_mae": 7.097963247256632,
  "feature_importance": {
    "vol_5m": 0.08253879572166525,
    "spread_bps": 0.1722751307272009,
    "depth": 0.08094199430996656,
    "slip_p95": 0.3995707507874279,
    "is_bps": 0.13279203566502687,
    "fees_bps": 0.03574372794645306,
    "rebate_bps": 0.013226285413054529,
    "cost_per_hour": 0.0,
    "hour": 0.045291880861539235,
    "dow": 0.016036636246470504,
    "is_weekend": 0.010102954056975604,
    "is_night": 0.004862549790832126,
    "is_lunch": 0.006617258473387403
  },
  "ev_bands": {
    "red": 390,
    "amber": 2
  }
}