{
  "timestamp": "20250816_203603Z",
  "window_days": 2,
  "ev_threshold": 10.0,
  "assets": [
    "SOL-USD",
    "BTC-USD",
    "ETH-USD",
    "NVDA"
  ],
  "venues": [
    "coinbase",
    "binance",
    "alpaca"
  ],
  "cv_r2": 0.3727201528838922,
  "cv_mae": 6.606231262478918,
  "feature_importance": {
    "vol_5m": 0.08044171737497983,
    "spread_bps": 0.0891548218754322,
    "depth": 0.050504392490655164,
    "slip_p95": 0.48458941459211674,
    "is_bps": 0.1659666888550717,
    "fees_bps": 0.021727360872845353,
    "rebate_bps": 0.016519230610887635,
    "cost_per_hour": 0.0,
    "hour": 0.060375207448845496,
    "dow": 0.012689790850670235,
    "is_weekend": 0.008228932458119948,
    "is_night": 0.006050862255019238,
    "is_lunch": 0.003751580315356332
  },
  "ev_bands": {
    "red": 385,
    "amber": 7
  }
}