{
  "timestamp": "20250816_231140Z",
  "window_days": 2,
  "ev_threshold": 10.0,
  "assets": [
    "SOL-USD",
    "BTC-USD",
    "ETH-USD",
    "NVDA"
  ],
  "venues": [
    "coinbase",
    "binance",
    "alpaca"
  ],
  "cv_r2": 0.37082206245088106,
  "cv_mae": 6.634658036427665,
  "feature_importance": {
    "vol_5m": 0.08223242799177888,
    "spread_bps": 0.16802463827983072,
    "depth": 0.07527823701626817,
    "slip_p95": 0.3977910229821331,
    "is_bps": 0.14145956316610378,
    "fees_bps": 0.03145885569180425,
    "rebate_bps": 0.021063452980334935,
    "cost_per_hour": 0.0,
    "hour": 0.043463087670004334,
    "dow": 0.011655181117556333,
    "is_weekend": 0.010791028850548534,
    "is_night": 0.011155235477928032,
    "is_lunch": 0.005627268775708896
  },
  "ev_bands": {
    "red": 387,
    "amber": 5
  }
}