{
  "timestamp": "20250817_023358Z",
  "window_days": 2,
  "ev_threshold": 10.0,
  "assets": [
    "SOL-USD",
    "BTC-USD",
    "ETH-USD",
    "NVDA"
  ],
  "venues": [
    "coinbase",
    "binance",
    "alpaca"
  ],
  "cv_r2": 0.4760712379993916,
  "cv_mae": 6.374561113156065,
  "feature_importance": {
    "vol_5m": 0.07631032587888369,
    "spread_bps": 0.20993794536765606,
    "depth": 0.046456412062496906,
    "slip_p95": 0.3774113238288038,
    "is_bps": 0.19018216994925213,
    "fees_bps": 0.016514471337614144,
    "rebate_bps": 0.01112731983768335,
    "cost_per_hour": 0.0,
    "hour": 0.04917839408715785,
    "dow": 0.008956976093878284,
    "is_weekend": 0.0067553933519956585,
    "is_night": 0.0030077416470123434,
    "is_lunch": 0.004161526557565544
  },
  "ev_bands": {
    "red": 390,
    "amber": 2
  }
}