{
  "timestamp": "20250816_222459Z",
  "window_days": 2,
  "ev_threshold": 10.0,
  "assets": [
    "SOL-USD",
    "BTC-USD",
    "ETH-USD",
    "NVDA"
  ],
  "venues": [
    "coinbase",
    "binance",
    "alpaca"
  ],
  "cv_r2": 0.2458518291569266,
  "cv_mae": 6.669403369924343,
  "feature_importance": {
    "vol_5m": 0.07308805438951749,
    "spread_bps": 0.13869320992578826,
    "depth": 0.07094559568483522,
    "slip_p95": 0.42896577736977526,
    "is_bps": 0.16051968508922657,
    "fees_bps": 0.025157272604850667,
    "rebate_bps": 0.013506604663873606,
    "cost_per_hour": 0.0,
    "hour": 0.04787686757074239,
    "dow": 0.018099704003723086,
    "is_weekend": 0.008286053292249951,
    "is_night": 0.008472625699752772,
    "is_lunch": 0.006388549705664737
  },
  "ev_bands": {
    "red": 392
  }
}