{
  "timestamp": "20250817_002417Z",
  "window_days": 2,
  "ev_threshold": 10.0,
  "assets": [
    "SOL-USD",
    "BTC-USD",
    "ETH-USD",
    "NVDA"
  ],
  "venues": [
    "coinbase",
    "binance",
    "alpaca"
  ],
  "cv_r2": 0.3206957224370149,
  "cv_mae": 6.260174181692953,
  "feature_importance": {
    "vol_5m": 0.06391266027403995,
    "spread_bps": 0.11896499229849272,
    "depth": 0.0771466201055722,
    "slip_p95": 0.4616216013037477,
    "is_bps": 0.1385761332497573,
    "fees_bps": 0.03538654193415115,
    "rebate_bps": 0.017007656076407227,
    "cost_per_hour": 0.0,
    "hour": 0.050160663731952757,
    "dow": 0.011539746082528985,
    "is_weekend": 0.010857104590971433,
    "is_night": 0.005502033352674391,
    "is_lunch": 0.009324246999704263
  },
  "ev_bands": {
    "red": 392
  }
}