{
  "timestamp": "20250816_183133Z",
  "window_days": 2,
  "ev_threshold": 10.0,
  "assets": [
    "SOL-USD",
    "BTC-USD",
    "ETH-USD",
    "NVDA"
  ],
  "venues": [
    "coinbase",
    "binance",
    "alpaca"
  ],
  "cv_r2": 0.35387139949070767,
  "cv_mae": 6.873784134640921,
  "feature_importance": {
    "vol_5m": 0.07026892693311737,
    "spread_bps": 0.13282868235616063,
    "depth": 0.07925135891379857,
    "slip_p95": 0.35933939660743525,
    "is_bps": 0.2015512321859269,
    "fees_bps": 0.03090620957926963,
    "rebate_bps": 0.01546460369645763,
    "cost_per_hour": 0.0,
    "hour": 0.07231446999465471,
    "dow": 0.013682939118657872,
    "is_weekend": 0.009053159710603565,
    "is_night": 0.009634695172414269,
    "is_lunch": 0.00570432573150356
  },
  "ev_bands": {
    "red": 387,
    "amber": 5
  }
}