{
  "timestamp": "20250816_192837Z",
  "window_days": 2,
  "ev_threshold": 10.0,
  "assets": [
    "SOL-USD",
    "BTC-USD",
    "ETH-USD",
    "NVDA"
  ],
  "venues": [
    "coinbase",
    "binance",
    "alpaca"
  ],
  "cv_r2": 0.2770299134214001,
  "cv_mae": 7.453757515570705,
  "feature_importance": {
    "vol_5m": 0.07215646495128306,
    "spread_bps": 0.18026246823302894,
    "depth": 0.10041467360096006,
    "slip_p95": 0.33880447272495845,
    "is_bps": 0.16674525884334163,
    "fees_bps": 0.025752629490370837,
    "rebate_bps": 0.013706990297474958,
    "cost_per_hour": 0.0,
    "hour": 0.05156974905075734,
    "dow": 0.020336259478179245,
    "is_weekend": 0.013769406891506228,
    "is_night": 0.008013353232678237,
    "is_lunch": 0.008468273205461051
  },
  "ev_bands": {
    "red": 387,
    "amber": 5
  }
}