{
  "timestamp": "20250816_173939Z",
  "window_days": 2,
  "ev_threshold": 10.0,
  "assets": [
    "SOL-USD",
    "BTC-USD",
    "ETH-USD",
    "NVDA"
  ],
  "venues": [
    "coinbase",
    "binance",
    "alpaca"
  ],
  "cv_r2": 0.3438916252318847,
  "cv_mae": 7.384037720545611,
  "feature_importance": {
    "vol_5m": 0.08810616038277211,
    "spread_bps": 0.10764668428621899,
    "depth": 0.08654890624371925,
    "slip_p95": 0.4299310526872003,
    "is_bps": 0.1544011711630965,
    "fees_bps": 0.02412565486234932,
    "rebate_bps": 0.018957041635052258,
    "cost_per_hour": 0.0,
    "hour": 0.062774090040038,
    "dow": 0.008696215373970027,
    "is_weekend": 0.0038590472715745922,
    "is_night": 0.005428405699534743,
    "is_lunch": 0.009525570354473828
  },
  "ev_bands": {
    "red": 392
  }
}