{
  "timestamp": "20250816_204113Z",
  "window_days": 2,
  "ev_threshold": 10.0,
  "assets": [
    "SOL-USD",
    "BTC-USD",
    "ETH-USD",
    "NVDA"
  ],
  "venues": [
    "coinbase",
    "binance",
    "alpaca"
  ],
  "cv_r2": 0.35781766460422504,
  "cv_mae": 6.871808394262154,
  "feature_importance": {
    "vol_5m": 0.06863650757655868,
    "spread_bps": 0.2513467419297991,
    "depth": 0.09390715594754977,
    "slip_p95": 0.29227180941090247,
    "is_bps": 0.16848796342031833,
    "fees_bps": 0.027439646737480998,
    "rebate_bps": 0.013640968857463675,
    "cost_per_hour": 0.0,
    "hour": 0.04521358577881082,
    "dow": 0.009446133902038377,
    "is_weekend": 0.008537671251620147,
    "is_night": 0.01421997346783264,
    "is_lunch": 0.006851841719624888
  },
  "ev_bands": {
    "red": 385,
    "amber": 7
  }
}