{
  "timestamp": "20250817_042805Z",
  "window_days": 2,
  "ev_threshold": 10.0,
  "assets": [
    "SOL-USD",
    "BTC-USD",
    "ETH-USD",
    "NVDA"
  ],
  "venues": [
    "coinbase",
    "binance",
    "alpaca"
  ],
  "cv_r2": 0.375744606393062,
  "cv_mae": 6.859378471842001,
  "feature_importance": {
    "vol_5m": 0.05075150097483217,
    "spread_bps": 0.28797429842235617,
    "depth": 0.05767655205351039,
    "slip_p95": 0.36050797546091035,
    "is_bps": 0.13220662933940738,
    "fees_bps": 0.022315787977863256,
    "rebate_bps": 0.013105676429387685,
    "cost_per_hour": 0.0,
    "hour": 0.047053687254044796,
    "dow": 0.015100868074567793,
    "is_weekend": 0.005910607279784511,
    "is_night": 0.002959006350516496,
    "is_lunch": 0.004437410382819019
  },
  "ev_bands": {
    "red": 390,
    "amber": 2
  }
}