{
  "timestamp": "20250817_064810Z",
  "window_days": 2,
  "ev_threshold": 10.0,
  "assets": [
    "SOL-USD",
    "BTC-USD",
    "ETH-USD",
    "NVDA"
  ],
  "venues": [
    "coinbase",
    "binance",
    "alpaca"
  ],
  "cv_r2": 0.3245099166495598,
  "cv_mae": 6.719525941461775,
  "feature_importance": {
    "vol_5m": 0.06264715055589673,
    "spread_bps": 0.18686777560101964,
    "depth": 0.06422056505486295,
    "slip_p95": 0.39598138086618095,
    "is_bps": 0.18090628484998406,
    "fees_bps": 0.022308363185983664,
    "rebate_bps": 0.01859476368908357,
    "cost_per_hour": 0.0,
    "hour": 0.03774344106178818,
    "dow": 0.010141956006824864,
    "is_weekend": 0.011087679395633048,
    "is_night": 0.0033935695097094187,
    "is_lunch": 0.006107070223032966
  },
  "ev_bands": {
    "red": 391,
    "amber": 1
  }
}