{
  "timestamp": "20250816_161638Z",
  "window_days": 2,
  "ev_threshold": 10.0,
  "assets": [
    "SOL-USD",
    "BTC-USD",
    "ETH-USD",
    "NVDA"
  ],
  "venues": [
    "coinbase",
    "binance",
    "alpaca"
  ],
  "cv_r2": 0.3475507287705899,
  "cv_mae": 6.758768861170477,
  "feature_importance": {
    "vol_5m": 0.060501823772212075,
    "spread_bps": 0.3919287163360453,
    "depth": 0.08367777992503696,
    "slip_p95": 0.20478217076654115,
    "is_bps": 0.12280547503109104,
    "fees_bps": 0.026194788455205523,
    "rebate_bps": 0.019879338451319378,
    "cost_per_hour": 0.0,
    "hour": 0.06407665547813225,
    "dow": 0.010018421023724291,
    "is_weekend": 0.0046705209642006855,
    "is_night": 0.005777804915876762,
    "is_lunch": 0.005686504880614488
  },
  "ev_bands": {
    "red": 391,
    "amber": 1
  }
}