{
  "timestamp": "20250816_132014Z",
  "window_days": 2,
  "ev_threshold": 10.0,
  "assets": [
    "SOL-USD",
    "BTC-USD",
    "ETH-USD",
    "NVDA"
  ],
  "venues": [
    "coinbase",
    "binance",
    "alpaca"
  ],
  "cv_r2": 0.3815394308413757,
  "cv_mae": 6.613455251406233,
  "feature_importance": {
    "vol_5m": 0.05846033959806443,
    "spread_bps": 0.2621593519492477,
    "depth": 0.06732292752631269,
    "slip_p95": 0.3086508747676871,
    "is_bps": 0.19044006213126738,
    "fees_bps": 0.02295057661880277,
    "rebate_bps": 0.01758300088428856,
    "cost_per_hour": 0.0,
    "hour": 0.04157402304442745,
    "dow": 0.008426923807273216,
    "is_weekend": 0.003710008140360624,
    "is_night": 0.011979340710602054,
    "is_lunch": 0.0067425708216659625
  },
  "ev_bands": {
    "red": 384,
    "amber": 8
  }
}