{
  "timestamp": "20250816_151422Z",
  "window_days": 2,
  "ev_threshold": 10.0,
  "assets": [
    "SOL-USD",
    "BTC-USD",
    "ETH-USD",
    "NVDA"
  ],
  "venues": [
    "coinbase",
    "binance",
    "alpaca"
  ],
  "cv_r2": 0.3222802785715216,
  "cv_mae": 7.14092069818498,
  "feature_importance": {
    "vol_5m": 0.05861247253009155,
    "spread_bps": 0.15213142058240656,
    "depth": 0.07625765758041672,
    "slip_p95": 0.3521761945677536,
    "is_bps": 0.21375226928273539,
    "fees_bps": 0.020613726346613848,
    "rebate_bps": 0.012270722358538306,
    "cost_per_hour": 0.0,
    "hour": 0.06656271525656172,
    "dow": 0.028474041190650192,
    "is_weekend": 0.007719765667623521,
    "is_night": 0.006698690009716434,
    "is_lunch": 0.004730324626892004
  },
  "ev_bands": {
    "red": 389,
    "amber": 3
  }
}