{
  "timestamp": "20250816_152445Z",
  "window_days": 2,
  "ev_threshold": 10.0,
  "assets": [
    "SOL-USD",
    "BTC-USD",
    "ETH-USD",
    "NVDA"
  ],
  "venues": [
    "coinbase",
    "binance",
    "alpaca"
  ],
  "cv_r2": 0.37765745553571534,
  "cv_mae": 6.9184131860230815,
  "feature_importance": {
    "vol_5m": 0.09563973883028527,
    "spread_bps": 0.25434581742007467,
    "depth": 0.06876160857117292,
    "slip_p95": 0.34904728142388847,
    "is_bps": 0.10998176139150993,
    "fees_bps": 0.03174898325061584,
    "rebate_bps": 0.014271603177360394,
    "cost_per_hour": 0.0,
    "hour": 0.04548590252489613,
    "dow": 0.015497987533309499,
    "is_weekend": 0.0039007604244454255,
    "is_night": 0.005704373030869442,
    "is_lunch": 0.005614182421572064
  },
  "ev_bands": {
    "red": 389,
    "amber": 3
  }
}