{
  "timestamp": "20250817_000844Z",
  "window_days": 2,
  "ev_threshold": 10.0,
  "assets": [
    "SOL-USD",
    "BTC-USD",
    "ETH-USD",
    "NVDA"
  ],
  "venues": [
    "coinbase",
    "binance",
    "alpaca"
  ],
  "cv_r2": 0.3485439468246831,
  "cv_mae": 6.639289963295618,
  "feature_importance": {
    "vol_5m": 0.06244568531208949,
    "spread_bps": 0.16591591096127203,
    "depth": 0.06001055226109413,
    "slip_p95": 0.47046647397830105,
    "is_bps": 0.11815594852359733,
    "fees_bps": 0.028744922796190592,
    "rebate_bps": 0.014211301801251817,
    "cost_per_hour": 0.0,
    "hour": 0.05606431930466199,
    "dow": 0.00749363455670001,
    "is_weekend": 0.0062829923626566845,
    "is_night": 0.00541882369760178,
    "is_lunch": 0.004789434444583058
  },
  "ev_bands": {
    "red": 384,
    "amber": 8
  }
}