{
  "timestamp": "20250817_014717Z",
  "window_days": 2,
  "ev_threshold": 10.0,
  "assets": [
    "SOL-USD",
    "BTC-USD",
    "ETH-USD",
    "NVDA"
  ],
  "venues": [
    "coinbase",
    "binance",
    "alpaca"
  ],
  "cv_r2": 0.41454602931736595,
  "cv_mae": 6.689474733862693,
  "feature_importance": {
    "vol_5m": 0.08881151941468698,
    "spread_bps": 0.22498319109828235,
    "depth": 0.07443491395480326,
    "slip_p95": 0.3884835103482961,
    "is_bps": 0.10939460574158291,
    "fees_bps": 0.026124389921850833,
    "rebate_bps": 0.012634650128363803,
    "cost_per_hour": 0.0,
    "hour": 0.042096848753631066,
    "dow": 0.011732031293152092,
    "is_weekend": 0.010876496826333449,
    "is_night": 0.005565712453116647,
    "is_lunch": 0.004862130065900385
  },
  "ev_bands": {
    "red": 387,
    "amber": 5
  }
}