{
  "timestamp": "20250816_152957Z",
  "window_days": 2,
  "ev_threshold": 10.0,
  "assets": [
    "SOL-USD",
    "BTC-USD",
    "ETH-USD",
    "NVDA"
  ],
  "venues": [
    "coinbase",
    "binance",
    "alpaca"
  ],
  "cv_r2": 0.3840008652768885,
  "cv_mae": 6.311131843262282,
  "feature_importance": {
    "vol_5m": 0.07126276569949845,
    "spread_bps": 0.14008255794503344,
    "depth": 0.057070065304259246,
    "slip_p95": 0.4481078482081798,
    "is_bps": 0.16683939367969047,
    "fees_bps": 0.018997967560755166,
    "rebate_bps": 0.014987469138792025,
    "cost_per_hour": 0.0,
    "hour": 0.057493791169008365,
    "dow": 0.011823640551531667,
    "is_weekend": 0.004134399459987006,
    "is_night": 0.004006526321892873,
    "is_lunch": 0.005193574961371355
  },
  "ev_bands": {
    "red": 390,
    "amber": 2
  }
}