{
  "timestamp": "20250816_231651Z",
  "window_days": 2,
  "ev_threshold": 10.0,
  "assets": [
    "SOL-USD",
    "BTC-USD",
    "ETH-USD",
    "NVDA"
  ],
  "venues": [
    "coinbase",
    "binance",
    "alpaca"
  ],
  "cv_r2": 0.3175057065291909,
  "cv_mae": 6.719223429173845,
  "feature_importance": {
    "vol_5m": 0.07244156250689082,
    "spread_bps": 0.10834719124634884,
    "depth": 0.07389735779534112,
    "slip_p95": 0.4309200525771726,
    "is_bps": 0.18355323661470987,
    "fees_bps": 0.02702604056266425,
    "rebate_bps": 0.014767903679658204,
    "cost_per_hour": 0.0,
    "hour": 0.05285955622238251,
    "dow": 0.009749225856682713,
    "is_weekend": 0.010895221208244136,
    "is_night": 0.010475677810082296,
    "is_lunch": 0.005066973919822564
  },
  "ev_bands": {
    "red": 387,
    "amber": 5
  }
}