{
  "timestamp": "20250817_021313Z",
  "window_days": 2,
  "ev_threshold": 10.0,
  "assets": [
    "SOL-USD",
    "BTC-USD",
    "ETH-USD",
    "NVDA"
  ],
  "venues": [
    "coinbase",
    "binance",
    "alpaca"
  ],
  "cv_r2": 0.3156655438077177,
  "cv_mae": 6.3207319213506805,
  "feature_importance": {
    "vol_5m": 0.07890031768260156,
    "spread_bps": 0.19496249502818114,
    "depth": 0.07666610218321301,
    "slip_p95": 0.33747314144254736,
    "is_bps": 0.17866767120921215,
    "fees_bps": 0.021021353608185328,
    "rebate_bps": 0.01835221605878442,
    "cost_per_hour": 0.0,
    "hour": 0.05486017521103124,
    "dow": 0.013361920552791189,
    "is_weekend": 0.011514392839815521,
    "is_night": 0.004086819967710967,
    "is_lunch": 0.01013339421592607
  },
  "ev_bands": {
    "red": 392
  }
}