{
  "timestamp": "2025-08-15T09:01:44.771230+00:00",
  "period_hours": 24,
  "metrics": {
    "total_fills": 183,
    "total_notional_usd": 1524022.1391558894,
    "gross_pnl_usd": 1014.2116353915596,
    "fees_usd": 278.2539038078934,
    "net_pnl_usd": 735.9577315836661,
    "infra_cost_usd": 104.7442552869261,
    "active_hours": 23.804444070277782,
    "cost_ratio": 0.10327652694152654,
    "maker_ratio": 0.6775956284153005,
    "avg_slippage_bps": 9.480184006535195,
    "slippage_p95_bps": 18.517571704736692,
    "assets_traded": 4,
    "venues_used": 3,
    "pnl_per_hour": 30.91682080080932,
    "fills_per_hour": 7.687640150710082
  }
}