{
  "timestamp": "20250816_150911Z",
  "window_days": 2,
  "ev_threshold": 10.0,
  "assets": [
    "SOL-USD",
    "BTC-USD",
    "ETH-USD",
    "NVDA"
  ],
  "venues": [
    "coinbase",
    "binance",
    "alpaca"
  ],
  "cv_r2": 0.34593464721166556,
  "cv_mae": 6.6254636314703355,
  "feature_importance": {
    "vol_5m": 0.059001286744350956,
    "spread_bps": 0.11447496774415873,
    "depth": 0.05972192326502435,
    "slip_p95": 0.5224570764517283,
    "is_bps": 0.13576260230326206,
    "fees_bps": 0.01946309028542865,
    "rebate_bps": 0.013437098286452223,
    "cost_per_hour": 0.0,
    "hour": 0.04302479040766238,
    "dow": 0.01593517580462509,
    "is_weekend": 0.0070554910942170635,
    "is_night": 0.004371285722630101,
    "is_lunch": 0.0052952118904600505
  },
  "ev_bands": {
    "red": 387,
    "amber": 5
  }
}