{
  "timestamp": "20250816_142229Z",
  "window_days": 2,
  "ev_threshold": 10.0,
  "assets": [
    "SOL-USD",
    "BTC-USD",
    "ETH-USD",
    "NVDA"
  ],
  "venues": [
    "coinbase",
    "binance",
    "alpaca"
  ],
  "cv_r2": 0.32967600664869345,
  "cv_mae": 6.72742731823947,
  "feature_importance": {
    "vol_5m": 0.06457516322802752,
    "spread_bps": 0.1977084520658463,
    "depth": 0.07449641687418981,
    "slip_p95": 0.32153534270336454,
    "is_bps": 0.1825601694590323,
    "fees_bps": 0.026549682499711614,
    "rebate_bps": 0.011312265159853995,
    "cost_per_hour": 0.0,
    "hour": 0.08352476094699468,
    "dow": 0.018149032596624336,
    "is_weekend": 0.0080711350707842,
    "is_night": 0.006203903299070578,
    "is_lunch": 0.005313676096500163
  },
  "ev_bands": {
    "red": 390,
    "amber": 2
  }
}