{
  "timestamp": "20250816_165256Z",
  "window_days": 2,
  "ev_threshold": 10.0,
  "assets": [
    "SOL-USD",
    "BTC-USD",
    "ETH-USD",
    "NVDA"
  ],
  "venues": [
    "coinbase",
    "binance",
    "alpaca"
  ],
  "cv_r2": 0.39869754914075956,
  "cv_mae": 6.908775729619454,
  "feature_importance": {
    "vol_5m": 0.0646823796934189,
    "spread_bps": 0.12915503673327408,
    "depth": 0.07655589537554577,
    "slip_p95": 0.34977639421199297,
    "is_bps": 0.2563268551288251,
    "fees_bps": 0.021122238295580305,
    "rebate_bps": 0.013713595358744047,
    "cost_per_hour": 0.0,
    "hour": 0.05281452753957076,
    "dow": 0.014390414503084844,
    "is_weekend": 0.01237242025957688,
    "is_night": 0.005585913200539201,
    "is_lunch": 0.0035043296998471655
  },
  "ev_bands": {
    "red": 382,
    "amber": 10
  }
}