{
  "timestamp": "20250817_060640Z",
  "window_days": 2,
  "ev_threshold": 10.0,
  "assets": [
    "SOL-USD",
    "BTC-USD",
    "ETH-USD",
    "NVDA"
  ],
  "venues": [
    "coinbase",
    "binance",
    "alpaca"
  ],
  "cv_r2": 0.22452473543399884,
  "cv_mae": 6.625320029463571,
  "feature_importance": {
    "vol_5m": 0.08185746793103342,
    "spread_bps": 0.3621338360696132,
    "depth": 0.06684193717403317,
    "slip_p95": 0.2592932768021973,
    "is_bps": 0.09826528077407275,
    "fees_bps": 0.025629454680229,
    "rebate_bps": 0.014771925850080197,
    "cost_per_hour": 0.0,
    "hour": 0.04922259927700338,
    "dow": 0.020610587789154335,
    "is_weekend": 0.014734203920815007,
    "is_night": 0.0033116231036593316,
    "is_lunch": 0.0033278066281088
  },
  "ev_bands": {
    "red": 392
  }
}