{
  "timestamp": "20250816_192326Z",
  "window_days": 2,
  "ev_threshold": 10.0,
  "assets": [
    "SOL-USD",
    "BTC-USD",
    "ETH-USD",
    "NVDA"
  ],
  "venues": [
    "coinbase",
    "binance",
    "alpaca"
  ],
  "cv_r2": 0.31932032760936957,
  "cv_mae": 7.582833307081482,
  "feature_importance": {
    "vol_5m": 0.059324741616955855,
    "spread_bps": 0.2873260336655312,
    "depth": 0.06521511728739353,
    "slip_p95": 0.29761864878275385,
    "is_bps": 0.15326034690494034,
    "fees_bps": 0.036236074833980295,
    "rebate_bps": 0.01616214785297169,
    "cost_per_hour": 0.0,
    "hour": 0.04625006340260735,
    "dow": 0.013183374871077893,
    "is_weekend": 0.007740707928409732,
    "is_night": 0.007461227214735654,
    "is_lunch": 0.010221515638642814
  },
  "ev_bands": {
    "red": 390,
    "amber": 2
  }
}