{
  "timestamp": "20250817_004502Z",
  "window_days": 2,
  "ev_threshold": 10.0,
  "assets": [
    "SOL-USD",
    "BTC-USD",
    "ETH-USD",
    "NVDA"
  ],
  "venues": [
    "coinbase",
    "binance",
    "alpaca"
  ],
  "cv_r2": 0.2677427309262031,
  "cv_mae": 7.033079293629924,
  "feature_importance": {
    "vol_5m": 0.0687074576505062,
    "spread_bps": 0.12267286012816281,
    "depth": 0.05991194032075578,
    "slip_p95": 0.41398371354495406,
    "is_bps": 0.21857661944746865,
    "fees_bps": 0.01968439473607065,
    "rebate_bps": 0.014370375304329101,
    "cost_per_hour": 0.0,
    "hour": 0.04030293399657136,
    "dow": 0.01462421480167778,
    "is_weekend": 0.014725576750426057,
    "is_night": 0.003990305518205322,
    "is_lunch": 0.008449607800872212
  },
  "ev_bands": {
    "red": 392
  }
}