{
  "timestamp": "20250816_213818Z",
  "window_days": 2,
  "ev_threshold": 10.0,
  "assets": [
    "SOL-USD",
    "BTC-USD",
    "ETH-USD",
    "NVDA"
  ],
  "venues": [
    "coinbase",
    "binance",
    "alpaca"
  ],
  "cv_r2": 0.2563504800901621,
  "cv_mae": 6.980116491630408,
  "feature_importance": {
    "vol_5m": 0.06182846879445948,
    "spread_bps": 0.17317416146436176,
    "depth": 0.0788925958448303,
    "slip_p95": 0.4020540264230493,
    "is_bps": 0.15382476332390965,
    "fees_bps": 0.02763242449941189,
    "rebate_bps": 0.014558780805437125,
    "cost_per_hour": 0.0,
    "hour": 0.05431668357786223,
    "dow": 0.011380618972569714,
    "is_weekend": 0.009207836033059,
    "is_night": 0.006180932165428929,
    "is_lunch": 0.006948708095620691
  },
  "ev_bands": {
    "red": 392
  }
}