{
  "timestamp": "20250816_224544Z",
  "window_days": 2,
  "ev_threshold": 10.0,
  "assets": [
    "SOL-USD",
    "BTC-USD",
    "ETH-USD",
    "NVDA"
  ],
  "venues": [
    "coinbase",
    "binance",
    "alpaca"
  ],
  "cv_r2": 0.4276953096091909,
  "cv_mae": 6.633329099832987,
  "feature_importance": {
    "vol_5m": 0.07442381997155426,
    "spread_bps": 0.12583859240964823,
    "depth": 0.0709355836074185,
    "slip_p95": 0.4442138216010115,
    "is_bps": 0.1665339361478758,
    "fees_bps": 0.03162817291364113,
    "rebate_bps": 0.016701474864745994,
    "cost_per_hour": 0.0,
    "hour": 0.043017759526468274,
    "dow": 0.004604517375003865,
    "is_weekend": 0.0033188463262942263,
    "is_night": 0.009126787369079842,
    "is_lunch": 0.009656687887258448
  },
  "ev_bands": {
    "red": 392
  }
}