{
  "timestamp": "20250816_235310Z",
  "window_days": 2,
  "ev_threshold": 10.0,
  "assets": [
    "SOL-USD",
    "BTC-USD",
    "ETH-USD",
    "NVDA"
  ],
  "venues": [
    "coinbase",
    "binance",
    "alpaca"
  ],
  "cv_r2": 0.3759288567241921,
  "cv_mae": 6.521518943558582,
  "feature_importance": {
    "vol_5m": 0.06774873665494223,
    "spread_bps": 0.07773187721901342,
    "depth": 0.061450896435983206,
    "slip_p95": 0.47338625125716277,
    "is_bps": 0.2238904180625029,
    "fees_bps": 0.01642597270980091,
    "rebate_bps": 0.012422828458326122,
    "cost_per_hour": 0.0,
    "hour": 0.041066644680512195,
    "dow": 0.007015227096348769,
    "is_weekend": 0.010067113130769379,
    "is_night": 0.0039983320849983715,
    "is_lunch": 0.004795702209639961
  },
  "ev_bands": {
    "red": 392
  }
}