{
  "timestamp": "20250816_173428Z",
  "window_days": 2,
  "ev_threshold": 10.0,
  "assets": [
    "SOL-USD",
    "BTC-USD",
    "ETH-USD",
    "NVDA"
  ],
  "venues": [
    "coinbase",
    "binance",
    "alpaca"
  ],
  "cv_r2": 0.3601259647639116,
  "cv_mae": 7.373736900064503,
  "feature_importance": {
    "vol_5m": 0.08831657828753928,
    "spread_bps": 0.08077460427819068,
    "depth": 0.08163959441288672,
    "slip_p95": 0.4453572183995756,
    "is_bps": 0.19199315690753344,
    "fees_bps": 0.02592609198657439,
    "rebate_bps": 0.012030485281046617,
    "cost_per_hour": 0.0,
    "hour": 0.044601999922195754,
    "dow": 0.01241804557199757,
    "is_weekend": 0.008186315206512121,
    "is_night": 0.005648987681103199,
    "is_lunch": 0.003106922064844725
  },
  "ev_bands": {
    "red": 388,
    "amber": 4
  }
}