{
  "timestamp": "20250816_140145Z",
  "window_days": 2,
  "ev_threshold": 10.0,
  "assets": [
    "SOL-USD",
    "BTC-USD",
    "ETH-USD",
    "NVDA"
  ],
  "venues": [
    "coinbase",
    "binance",
    "alpaca"
  ],
  "cv_r2": 0.3561220593850109,
  "cv_mae": 7.1650759372492745,
  "feature_importance": {
    "vol_5m": 0.06793550015521482,
    "spread_bps": 0.14323548885852608,
    "depth": 0.08365114121178678,
    "slip_p95": 0.4152424603079376,
    "is_bps": 0.15425989707918766,
    "fees_bps": 0.025733652303117777,
    "rebate_bps": 0.016530145000181604,
    "cost_per_hour": 0.0,
    "hour": 0.0615522139713529,
    "dow": 0.017414867720408293,
    "is_weekend": 0.005855646460474309,
    "is_night": 0.004994546908416639,
    "is_lunch": 0.0035944400233954075
  },
  "ev_bands": {
    "red": 390,
    "amber": 2
  }
}