{
  "timestamp": "20250817_015740Z",
  "window_days": 2,
  "ev_threshold": 10.0,
  "assets": [
    "SOL-USD",
    "BTC-USD",
    "ETH-USD",
    "NVDA"
  ],
  "venues": [
    "coinbase",
    "binance",
    "alpaca"
  ],
  "cv_r2": 0.36619168104443184,
  "cv_mae": 7.094635703808404,
  "feature_importance": {
    "vol_5m": 0.07285073766797626,
    "spread_bps": 0.08167233257467474,
    "depth": 0.06936998235203189,
    "slip_p95": 0.4921048498684741,
    "is_bps": 0.16571326367302422,
    "fees_bps": 0.021059202952226734,
    "rebate_bps": 0.011958940599704065,
    "cost_per_hour": 0.0,
    "hour": 0.045725039525681056,
    "dow": 0.01329907753427343,
    "is_weekend": 0.01086138633234902,
    "is_night": 0.010190488900193024,
    "is_lunch": 0.005194698019391567
  },
  "ev_bands": {
    "red": 388,
    "amber": 4
  }
}