{
  "timestamp": "20250817_064300Z",
  "window_days": 2,
  "ev_threshold": 10.0,
  "assets": [
    "SOL-USD",
    "BTC-USD",
    "ETH-USD",
    "NVDA"
  ],
  "venues": [
    "coinbase",
    "binance",
    "alpaca"
  ],
  "cv_r2": 0.5005002856024509,
  "cv_mae": 6.0371744162037855,
  "feature_importance": {
    "vol_5m": 0.0628813893908353,
    "spread_bps": 0.1044323685531373,
    "depth": 0.07488899467496439,
    "slip_p95": 0.4843183699990574,
    "is_bps": 0.17002286252890858,
    "fees_bps": 0.03644547049328966,
    "rebate_bps": 0.01273538685862281,
    "cost_per_hour": 0.0,
    "hour": 0.0325085929146959,
    "dow": 0.006458242557853171,
    "is_weekend": 0.007316935578726198,
    "is_night": 0.0026252663174968893,
    "is_lunch": 0.005366120132412309
  },
  "ev_bands": {
    "red": 392
  }
}