{
  "timestamp": "20250816_143803Z",
  "window_days": 2,
  "ev_threshold": 10.0,
  "assets": [
    "SOL-USD",
    "BTC-USD",
    "ETH-USD",
    "NVDA"
  ],
  "venues": [
    "coinbase",
    "binance",
    "alpaca"
  ],
  "cv_r2": 0.31178122559065063,
  "cv_mae": 7.079893415681742,
  "feature_importance": {
    "vol_5m": 0.06468268261960992,
    "spread_bps": 0.12683854492100946,
    "depth": 0.0802139638578092,
    "slip_p95": 0.4379041866188895,
    "is_bps": 0.14175845189052644,
    "fees_bps": 0.02875171799687807,
    "rebate_bps": 0.015254259200158072,
    "cost_per_hour": 0.0,
    "hour": 0.0748668188796456,
    "dow": 0.013450615625186473,
    "is_weekend": 0.0050355439004109315,
    "is_night": 0.006859201298386793,
    "is_lunch": 0.004384013191489534
  },
  "ev_bands": {
    "red": 374,
    "amber": 18
  }
}