{
  "timestamp": "20250816_150359Z",
  "window_days": 2,
  "ev_threshold": 10.0,
  "assets": [
    "SOL-USD",
    "BTC-USD",
    "ETH-USD",
    "NVDA"
  ],
  "venues": [
    "coinbase",
    "binance",
    "alpaca"
  ],
  "cv_r2": 0.4122270384639332,
  "cv_mae": 6.899876167080649,
  "feature_importance": {
    "vol_5m": 0.06537044917792355,
    "spread_bps": 0.18902167887361476,
    "depth": 0.07026315168819594,
    "slip_p95": 0.4126328023790647,
    "is_bps": 0.1568115678609572,
    "fees_bps": 0.0170499223527076,
    "rebate_bps": 0.013702634557889193,
    "cost_per_hour": 0.0,
    "hour": 0.047251130120528874,
    "dow": 0.010764361166506834,
    "is_weekend": 0.0048211401565181715,
    "is_night": 0.008797225792015601,
    "is_lunch": 0.0035139358740776806
  },
  "ev_bands": {
    "red": 386,
    "amber": 6
  }
}