{
  "timestamp": "20250816_135634Z",
  "window_days": 2,
  "ev_threshold": 10.0,
  "assets": [
    "SOL-USD",
    "BTC-USD",
    "ETH-USD",
    "NVDA"
  ],
  "venues": [
    "coinbase",
    "binance",
    "alpaca"
  ],
  "cv_r2": 0.2974457953406022,
  "cv_mae": 7.195796497241449,
  "feature_importance": {
    "vol_5m": 0.07216669159017242,
    "spread_bps": 0.2549982393783331,
    "depth": 0.07248859482287565,
    "slip_p95": 0.3295596183270289,
    "is_bps": 0.13802567298957033,
    "fees_bps": 0.013450279412264326,
    "rebate_bps": 0.01565148413694231,
    "cost_per_hour": 0.0,
    "hour": 0.06274877497804947,
    "dow": 0.017800813203244753,
    "is_weekend": 0.011064957423066776,
    "is_night": 0.00877094599748127,
    "is_lunch": 0.0032739277409707178
  },
  "ev_bands": {
    "red": 392
  }
}