{
  "timestamp": "20250816_130952Z",
  "window_days": 2,
  "ev_threshold": 10.0,
  "assets": [
    "SOL-USD",
    "BTC-USD",
    "ETH-USD",
    "NVDA"
  ],
  "venues": [
    "coinbase",
    "binance",
    "alpaca"
  ],
  "cv_r2": 0.25501728992015055,
  "cv_mae": 7.528404292449253,
  "feature_importance": {
    "vol_5m": 0.06540973165484931,
    "spread_bps": 0.1356020168853545,
    "depth": 0.07180720597089237,
    "slip_p95": 0.4064606282554067,
    "is_bps": 0.18730647169708275,
    "fees_bps": 0.022191861370843276,
    "rebate_bps": 0.01609707811666404,
    "cost_per_hour": 0.0,
    "hour": 0.06404517695639313,
    "dow": 0.011231569013064291,
    "is_weekend": 0.008260257012228905,
    "is_night": 0.006807610127852259,
    "is_lunch": 0.0047803929393684125
  },
  "ev_bands": {
    "red": 386,
    "amber": 6
  }
}