{
  "timestamp": "20250816_202029Z",
  "window_days": 2,
  "ev_threshold": 10.0,
  "assets": [
    "SOL-USD",
    "BTC-USD",
    "ETH-USD",
    "NVDA"
  ],
  "venues": [
    "coinbase",
    "binance",
    "alpaca"
  ],
  "cv_r2": 0.3455779303666408,
  "cv_mae": 7.401890175911874,
  "feature_importance": {
    "vol_5m": 0.06774677015057065,
    "spread_bps": 0.09939187919199655,
    "depth": 0.081334631090891,
    "slip_p95": 0.43123626278536753,
    "is_bps": 0.20141844705804243,
    "fees_bps": 0.025994730989716094,
    "rebate_bps": 0.013221794309651968,
    "cost_per_hour": 0.0,
    "hour": 0.05000464346968796,
    "dow": 0.013557328803041294,
    "is_weekend": 0.006816397672538629,
    "is_night": 0.00423183460266675,
    "is_lunch": 0.0050452798758292795
  },
  "ev_bands": {
    "red": 383,
    "amber": 9
  }
}