{
  "timestamp": "20250816_232203Z",
  "window_days": 2,
  "ev_threshold": 10.0,
  "assets": [
    "SOL-USD",
    "BTC-USD",
    "ETH-USD",
    "NVDA"
  ],
  "venues": [
    "coinbase",
    "binance",
    "alpaca"
  ],
  "cv_r2": 0.29062276434544676,
  "cv_mae": 6.673779082576613,
  "feature_importance": {
    "vol_5m": 0.07218202276195639,
    "spread_bps": 0.17421306740860124,
    "depth": 0.09225346792502391,
    "slip_p95": 0.34913481213450087,
    "is_bps": 0.16429116859142265,
    "fees_bps": 0.03140798169427035,
    "rebate_bps": 0.016043858816766874,
    "cost_per_hour": 0.0,
    "hour": 0.07492964878113893,
    "dow": 0.0077369473364077655,
    "is_weekend": 0.008837076140032115,
    "is_night": 0.0046784671084981145,
    "is_lunch": 0.004291481301380818
  },
  "ev_bands": {
    "red": 390,
    "amber": 2
  }
}