{
  "timestamp": "20250816_141207Z",
  "window_days": 2,
  "ev_threshold": 10.0,
  "assets": [
    "SOL-USD",
    "BTC-USD",
    "ETH-USD",
    "NVDA"
  ],
  "venues": [
    "coinbase",
    "binance",
    "alpaca"
  ],
  "cv_r2": 0.36179890189824837,
  "cv_mae": 7.656369312995364,
  "feature_importance": {
    "vol_5m": 0.08743582907259506,
    "spread_bps": 0.12079100668080746,
    "depth": 0.06444027649042013,
    "slip_p95": 0.42250953782321415,
    "is_bps": 0.17139035097820907,
    "fees_bps": 0.03467500477751755,
    "rebate_bps": 0.01577777658289682,
    "cost_per_hour": 0.0,
    "hour": 0.05862470580784429,
    "dow": 0.011297369433658715,
    "is_weekend": 0.003027823151070772,
    "is_night": 0.003448700912405842,
    "is_lunch": 0.006581618289360326
  },
  "ev_bands": {
    "red": 372,
    "amber": 20
  }
}