{
  "timestamp": "20250816_195434Z",
  "window_days": 2,
  "ev_threshold": 10.0,
  "assets": [
    "SOL-USD",
    "BTC-USD",
    "ETH-USD",
    "NVDA"
  ],
  "venues": [
    "coinbase",
    "binance",
    "alpaca"
  ],
  "cv_r2": 0.30468072063252255,
  "cv_mae": 6.991736397398583,
  "feature_importance": {
    "vol_5m": 0.0925440442654882,
    "spread_bps": 0.10614594799416043,
    "depth": 0.07251845548467817,
    "slip_p95": 0.4307191533892236,
    "is_bps": 0.15899980298263874,
    "fees_bps": 0.030651434626497106,
    "rebate_bps": 0.017153624674435743,
    "cost_per_hour": 0.0,
    "hour": 0.05435205852114504,
    "dow": 0.015176901447988672,
    "is_weekend": 0.004344323789622481,
    "is_night": 0.009509942338290228,
    "is_lunch": 0.007884310485831644
  },
  "ev_bands": {
    "red": 388,
    "amber": 4
  }
}