{
  "timestamp": "20250816_194412Z",
  "window_days": 2,
  "ev_threshold": 10.0,
  "assets": [
    "SOL-USD",
    "BTC-USD",
    "ETH-USD",
    "NVDA"
  ],
  "venues": [
    "coinbase",
    "binance",
    "alpaca"
  ],
  "cv_r2": 0.40661373448656696,
  "cv_mae": 6.436541417355872,
  "feature_importance": {
    "vol_5m": 0.06673322875204472,
    "spread_bps": 0.11310354276971586,
    "depth": 0.07034037626966959,
    "slip_p95": 0.45924713320802385,
    "is_bps": 0.17243373060057526,
    "fees_bps": 0.02320728748591213,
    "rebate_bps": 0.011183356100779128,
    "cost_per_hour": 0.0,
    "hour": 0.05214375291096666,
    "dow": 0.015704771019324316,
    "is_weekend": 0.005903299128044723,
    "is_night": 0.005719791368952801,
    "is_lunch": 0.004279730385990766
  },
  "ev_bands": {
    "red": 383,
    "amber": 9
  }
}