{
  "timestamp": "20250817_073541Z",
  "window_days": 2,
  "ev_threshold": 10.0,
  "assets": [
    "SOL-USD",
    "BTC-USD",
    "ETH-USD",
    "NVDA"
  ],
  "venues": [
    "coinbase",
    "binance",
    "alpaca"
  ],
  "cv_r2": 0.44705803626241947,
  "cv_mae": 6.454918636979483,
  "feature_importance": {
    "vol_5m": 0.051543966830511684,
    "spread_bps": 0.20069203015905074,
    "depth": 0.07291583346654988,
    "slip_p95": 0.4306207605540951,
    "is_bps": 0.15570248173807633,
    "fees_bps": 0.018335489037808385,
    "rebate_bps": 0.008934423051524512,
    "cost_per_hour": 0.0,
    "hour": 0.03475925252646634,
    "dow": 0.012396021499586747,
    "is_weekend": 0.007758426938125204,
    "is_night": 0.003128673204743042,
    "is_lunch": 0.00321264099346192
  },
  "ev_bands": {
    "red": 389,
    "amber": 3
  }
}