{
  "timestamp": "20250816_171853Z",
  "window_days": 2,
  "ev_threshold": 10.0,
  "assets": [
    "SOL-USD",
    "BTC-USD",
    "ETH-USD",
    "NVDA"
  ],
  "venues": [
    "coinbase",
    "binance",
    "alpaca"
  ],
  "cv_r2": 0.28053648306286716,
  "cv_mae": 6.808174633721449,
  "feature_importance": {
    "vol_5m": 0.07322169934151086,
    "spread_bps": 0.13193324219869768,
    "depth": 0.08119322044803172,
    "slip_p95": 0.42684962524676345,
    "is_bps": 0.1638211395769554,
    "fees_bps": 0.029461737525698452,
    "rebate_bps": 0.015907222378027032,
    "cost_per_hour": 0.0,
    "hour": 0.05156921611914628,
    "dow": 0.009219871783506793,
    "is_weekend": 0.003694386889398962,
    "is_night": 0.003760858648122963,
    "is_lunch": 0.009367779844140315
  },
  "ev_bands": {
    "red": 392
  }
}