{
  "timestamp": "20250816_183644Z",
  "window_days": 2,
  "ev_threshold": 10.0,
  "assets": [
    "SOL-USD",
    "BTC-USD",
    "ETH-USD",
    "NVDA"
  ],
  "venues": [
    "coinbase",
    "binance",
    "alpaca"
  ],
  "cv_r2": 0.21356136812238677,
  "cv_mae": 7.58356934586192,
  "feature_importance": {
    "vol_5m": 0.06146171993967108,
    "spread_bps": 0.09245259478594832,
    "depth": 0.062128401777122436,
    "slip_p95": 0.4268181641493721,
    "is_bps": 0.22132907147398198,
    "fees_bps": 0.02598414826214364,
    "rebate_bps": 0.013197554314893153,
    "cost_per_hour": 0.0,
    "hour": 0.05364355373341286,
    "dow": 0.02075229720927636,
    "is_weekend": 0.009714940467981369,
    "is_night": 0.009104478528390088,
    "is_lunch": 0.0034130753578064895
  },
  "ev_bands": {
    "red": 390,
    "amber": 2
  }
}