{
  "timestamp": "20250816_181559Z",
  "window_days": 2,
  "ev_threshold": 10.0,
  "assets": [
    "SOL-USD",
    "BTC-USD",
    "ETH-USD",
    "NVDA"
  ],
  "venues": [
    "coinbase",
    "binance",
    "alpaca"
  ],
  "cv_r2": 0.4053729372672569,
  "cv_mae": 6.910027888925487,
  "feature_importance": {
    "vol_5m": 0.07464564993941297,
    "spread_bps": 0.18296748772934088,
    "depth": 0.07385696874502747,
    "slip_p95": 0.33700496171995664,
    "is_bps": 0.2092671873797772,
    "fees_bps": 0.019774010416952453,
    "rebate_bps": 0.014810299333756263,
    "cost_per_hour": 0.0,
    "hour": 0.05839775547893751,
    "dow": 0.01042447164479264,
    "is_weekend": 0.005948944127234979,
    "is_night": 0.004717865897324174,
    "is_lunch": 0.008184397587486772
  },
  "ev_bands": {
    "red": 387,
    "amber": 5
  }
}