{
  "timestamp": "20250816_145848Z",
  "window_days": 2,
  "ev_threshold": 10.0,
  "assets": [
    "SOL-USD",
    "BTC-USD",
    "ETH-USD",
    "NVDA"
  ],
  "venues": [
    "coinbase",
    "binance",
    "alpaca"
  ],
  "cv_r2": 0.26221582818313094,
  "cv_mae": 7.208086443993838,
  "feature_importance": {
    "vol_5m": 0.10023517257730824,
    "spread_bps": 0.17392301246722586,
    "depth": 0.07778493763023096,
    "slip_p95": 0.2650983523153136,
    "is_bps": 0.23735608507473788,
    "fees_bps": 0.033407948178384744,
    "rebate_bps": 0.018626476278403557,
    "cost_per_hour": 0.0,
    "hour": 0.06468885928643757,
    "dow": 0.011291570990337214,
    "is_weekend": 0.004440961593813102,
    "is_night": 0.008186588663592755,
    "is_lunch": 0.004960034944214312
  },
  "ev_bands": {
    "red": 386,
    "amber": 6
  }
}