{
  "timestamp": "20250816_172916Z",
  "window_days": 2,
  "ev_threshold": 10.0,
  "assets": [
    "SOL-USD",
    "BTC-USD",
    "ETH-USD",
    "NVDA"
  ],
  "venues": [
    "coinbase",
    "binance",
    "alpaca"
  ],
  "cv_r2": 0.28738567550094246,
  "cv_mae": 7.448634973707122,
  "feature_importance": {
    "vol_5m": 0.07625551708708493,
    "spread_bps": 0.09851617461087386,
    "depth": 0.08597238463160557,
    "slip_p95": 0.4117896505579699,
    "is_bps": 0.20120114549326903,
    "fees_bps": 0.019297137373933366,
    "rebate_bps": 0.011451579332043046,
    "cost_per_hour": 0.0,
    "hour": 0.05401803728183312,
    "dow": 0.019523672988781347,
    "is_weekend": 0.008747590411938379,
    "is_night": 0.0056665847418298654,
    "is_lunch": 0.007560525488837597
  },
  "ev_bands": {
    "red": 385,
    "amber": 7
  }
}