{
  "timestamp": "20250817_034124Z",
  "window_days": 2,
  "ev_threshold": 10.0,
  "assets": [
    "SOL-USD",
    "BTC-USD",
    "ETH-USD",
    "NVDA"
  ],
  "venues": [
    "coinbase",
    "binance",
    "alpaca"
  ],
  "cv_r2": 0.41686164906432116,
  "cv_mae": 6.612112385965901,
  "feature_importance": {
    "vol_5m": 0.05641400154693983,
    "spread_bps": 0.12985446552034802,
    "depth": 0.05325490710636437,
    "slip_p95": 0.48859214956603236,
    "is_bps": 0.1507237517353812,
    "fees_bps": 0.024870002014366795,
    "rebate_bps": 0.012112752185777259,
    "cost_per_hour": 0.0,
    "hour": 0.05266682693138003,
    "dow": 0.012062082887972846,
    "is_weekend": 0.010782066362851457,
    "is_night": 0.0043635922069964455,
    "is_lunch": 0.004303401935589378
  },
  "ev_bands": {
    "red": 390,
    "amber": 2
  }
}