{
  "timestamp": "20250817_025443Z",
  "window_days": 2,
  "ev_threshold": 10.0,
  "assets": [
    "SOL-USD",
    "BTC-USD",
    "ETH-USD",
    "NVDA"
  ],
  "venues": [
    "coinbase",
    "binance",
    "alpaca"
  ],
  "cv_r2": 0.409113326452208,
  "cv_mae": 6.473877080187948,
  "feature_importance": {
    "vol_5m": 0.05823481396714694,
    "spread_bps": 0.27993706836324894,
    "depth": 0.077582698291255,
    "slip_p95": 0.33662396241274156,
    "is_bps": 0.13307998996099835,
    "fees_bps": 0.024739183301198,
    "rebate_bps": 0.014332550416881525,
    "cost_per_hour": 0.0,
    "hour": 0.04443986172809103,
    "dow": 0.013850943327995259,
    "is_weekend": 0.010399170498950592,
    "is_night": 0.003614191192595807,
    "is_lunch": 0.0031655665388970835
  },
  "ev_bands": {
    "red": 392
  }
}