{
  "timestamp": "20250817_020251Z",
  "window_days": 2,
  "ev_threshold": 10.0,
  "assets": [
    "SOL-USD",
    "BTC-USD",
    "ETH-USD",
    "NVDA"
  ],
  "venues": [
    "coinbase",
    "binance",
    "alpaca"
  ],
  "cv_r2": 0.36152088013356787,
  "cv_mae": 6.641948620775707,
  "feature_importance": {
    "vol_5m": 0.06180361467090306,
    "spread_bps": 0.16193182135013867,
    "depth": 0.06067807522961509,
    "slip_p95": 0.4067456252620648,
    "is_bps": 0.1856943358926914,
    "fees_bps": 0.020014966828584727,
    "rebate_bps": 0.012512719247457189,
    "cost_per_hour": 0.0,
    "hour": 0.06373156781287753,
    "dow": 0.009800468275047176,
    "is_weekend": 0.007135671138892874,
    "is_night": 0.0057512845626930395,
    "is_lunch": 0.0041998497290343965
  },
  "ev_bands": {
    "red": 388,
    "amber": 4
  }
}