{
  "timestamp": "20250817_063748Z",
  "window_days": 2,
  "ev_threshold": 10.0,
  "assets": [
    "SOL-USD",
    "BTC-USD",
    "ETH-USD",
    "NVDA"
  ],
  "venues": [
    "coinbase",
    "binance",
    "alpaca"
  ],
  "cv_r2": 0.3148126183372476,
  "cv_mae": 6.8023641414620615,
  "feature_importance": {
    "vol_5m": 0.05771800317530811,
    "spread_bps": 0.21601425641023503,
    "depth": 0.07418834131566518,
    "slip_p95": 0.3015020785653546,
    "is_bps": 0.17466291828936437,
    "fees_bps": 0.03502455776522197,
    "rebate_bps": 0.02806343448147979,
    "cost_per_hour": 0.0,
    "hour": 0.04792371171592854,
    "dow": 0.030626941773414053,
    "is_weekend": 0.028081226215263096,
    "is_night": 0.002285740514323714,
    "is_lunch": 0.003908789778441431
  },
  "ev_bands": {
    "red": 381,
    "amber": 11
  }
}