{
  "timestamp": "20250817_062725Z",
  "window_days": 2,
  "ev_threshold": 10.0,
  "assets": [
    "SOL-USD",
    "BTC-USD",
    "ETH-USD",
    "NVDA"
  ],
  "venues": [
    "coinbase",
    "binance",
    "alpaca"
  ],
  "cv_r2": 0.26146387402152055,
  "cv_mae": 7.156009044530513,
  "feature_importance": {
    "vol_5m": 0.06201534565401597,
    "spread_bps": 0.12342290135918704,
    "depth": 0.07433904749748108,
    "slip_p95": 0.43476762444167,
    "is_bps": 0.19293917863125593,
    "fees_bps": 0.01728913938793756,
    "rebate_bps": 0.01320365060018126,
    "cost_per_hour": 0.0,
    "hour": 0.044520464859256516,
    "dow": 0.015994436091754716,
    "is_weekend": 0.013163901983227646,
    "is_night": 0.004087151099405682,
    "is_lunch": 0.004257158394626485
  },
  "ev_bands": {
    "red": 392
  }
}