{
  "timestamp": "20250817_032039Z",
  "window_days": 2,
  "ev_threshold": 10.0,
  "assets": [
    "SOL-USD",
    "BTC-USD",
    "ETH-USD",
    "NVDA"
  ],
  "venues": [
    "coinbase",
    "binance",
    "alpaca"
  ],
  "cv_r2": 0.4119306265824014,
  "cv_mae": 6.552199247507164,
  "feature_importance": {
    "vol_5m": 0.061004839933558326,
    "spread_bps": 0.1788415938540255,
    "depth": 0.08878701709206656,
    "slip_p95": 0.42364673541352643,
    "is_bps": 0.14182917311782423,
    "fees_bps": 0.02187617230849429,
    "rebate_bps": 0.013788457976587055,
    "cost_per_hour": 0.0,
    "hour": 0.042624596634499606,
    "dow": 0.009713715543127263,
    "is_weekend": 0.008099702633435197,
    "is_night": 0.0046116061035704585,
    "is_lunch": 0.0051763893892850694
  },
  "ev_bands": {
    "red": 392
  }
}