{
  "timestamp": "20250816_210158Z",
  "window_days": 2,
  "ev_threshold": 10.0,
  "assets": [
    "SOL-USD",
    "BTC-USD",
    "ETH-USD",
    "NVDA"
  ],
  "venues": [
    "coinbase",
    "binance",
    "alpaca"
  ],
  "cv_r2": 0.33511426652254533,
  "cv_mae": 7.138996816644242,
  "feature_importance": {
    "vol_5m": 0.059663921558092387,
    "spread_bps": 0.11853381105639597,
    "depth": 0.06961378917732577,
    "slip_p95": 0.4471340625349127,
    "is_bps": 0.17029464098427774,
    "fees_bps": 0.01886963468177768,
    "rebate_bps": 0.012338630657688856,
    "cost_per_hour": 0.0,
    "hour": 0.05366539929221542,
    "dow": 0.013877803303661042,
    "is_weekend": 0.007682810120258368,
    "is_night": 0.025149281119521173,
    "is_lunch": 0.0031762155138728974
  },
  "ev_bands": {
    "red": 384,
    "amber": 8
  }
}