{
  "timestamp": "20250816_131503Z",
  "window_days": 2,
  "ev_threshold": 10.0,
  "assets": [
    "SOL-USD",
    "BTC-USD",
    "ETH-USD",
    "NVDA"
  ],
  "venues": [
    "coinbase",
    "binance",
    "alpaca"
  ],
  "cv_r2": 0.36937262020133715,
  "cv_mae": 6.726900605388835,
  "feature_importance": {
    "vol_5m": 0.07291367644685053,
    "spread_bps": 0.11473011250300824,
    "depth": 0.06981835356823736,
    "slip_p95": 0.3790521091845724,
    "is_bps": 0.22538133317207057,
    "fees_bps": 0.02538235760241347,
    "rebate_bps": 0.013408942272820749,
    "cost_per_hour": 0.0,
    "hour": 0.055608653841199944,
    "dow": 0.02169339723768183,
    "is_weekend": 0.012574317216636247,
    "is_night": 0.005459563453327832,
    "is_lunch": 0.003977183501180919
  },
  "ev_bands": {
    "red": 391,
    "amber": 1
  }
}