{
  "timestamp": "20250816_195945Z",
  "window_days": 2,
  "ev_threshold": 10.0,
  "assets": [
    "SOL-USD",
    "BTC-USD",
    "ETH-USD",
    "NVDA"
  ],
  "venues": [
    "coinbase",
    "binance",
    "alpaca"
  ],
  "cv_r2": 0.36275235179717735,
  "cv_mae": 6.802520817564019,
  "feature_importance": {
    "vol_5m": 0.07092588491504076,
    "spread_bps": 0.18274952071032274,
    "depth": 0.06018586083441928,
    "slip_p95": 0.3589913341856117,
    "is_bps": 0.21695168108969953,
    "fees_bps": 0.024747897920937977,
    "rebate_bps": 0.011329759563192585,
    "cost_per_hour": 0.0,
    "hour": 0.0418848316084463,
    "dow": 0.011875637393884569,
    "is_weekend": 0.006261871766476082,
    "is_night": 0.002846911059401558,
    "is_lunch": 0.011248808952566969
  },
  "ev_bands": {
    "red": 392
  }
}