{
  "timestamp": "20250817_014206Z",
  "window_days": 2,
  "ev_threshold": 10.0,
  "assets": [
    "SOL-USD",
    "BTC-USD",
    "ETH-USD",
    "NVDA"
  ],
  "venues": [
    "coinbase",
    "binance",
    "alpaca"
  ],
  "cv_r2": 0.3217497399066717,
  "cv_mae": 7.213267665572501,
  "feature_importance": {
    "vol_5m": 0.06647979109954526,
    "spread_bps": 0.1416625621436567,
    "depth": 0.060589951989974654,
    "slip_p95": 0.4403569141931664,
    "is_bps": 0.15358086552346065,
    "fees_bps": 0.02522308610369703,
    "rebate_bps": 0.014298734926552455,
    "cost_per_hour": 0.0,
    "hour": 0.06285814329585468,
    "dow": 0.011150002848235056,
    "is_weekend": 0.010883912385036679,
    "is_night": 0.0064253234111846,
    "is_lunch": 0.0064907120796356575
  },
  "ev_bands": {
    "red": 386,
    "amber": 6
  }
}