{
  "timestamp": "20250816_191814Z",
  "window_days": 2,
  "ev_threshold": 10.0,
  "assets": [
    "SOL-USD",
    "BTC-USD",
    "ETH-USD",
    "NVDA"
  ],
  "venues": [
    "coinbase",
    "binance",
    "alpaca"
  ],
  "cv_r2": 0.2612711697695808,
  "cv_mae": 7.165796030826079,
  "feature_importance": {
    "vol_5m": 0.07905839604848994,
    "spread_bps": 0.17493839650944404,
    "depth": 0.07389235772016677,
    "slip_p95": 0.39530753432244925,
    "is_bps": 0.14554786949760315,
    "fees_bps": 0.021634897721272486,
    "rebate_bps": 0.019020027297158685,
    "cost_per_hour": 0.0,
    "hour": 0.05101744251756787,
    "dow": 0.01816526233432488,
    "is_weekend": 0.011770470087934144,
    "is_night": 0.005917688763557754,
    "is_lunch": 0.0037296571800307897
  },
  "ev_bands": {
    "red": 389,
    "amber": 3
  }
}