{
  "timestamp": "20250816_211732Z",
  "window_days": 2,
  "ev_threshold": 10.0,
  "assets": [
    "SOL-USD",
    "BTC-USD",
    "ETH-USD",
    "NVDA"
  ],
  "venues": [
    "coinbase",
    "binance",
    "alpaca"
  ],
  "cv_r2": 0.4039995851113292,
  "cv_mae": 6.199936595370533,
  "feature_importance": {
    "vol_5m": 0.055968787665762576,
    "spread_bps": 0.349017602341124,
    "depth": 0.05194207991141793,
    "slip_p95": 0.28359727362051473,
    "is_bps": 0.12689583511010685,
    "fees_bps": 0.02457741962115595,
    "rebate_bps": 0.01173938225610715,
    "cost_per_hour": 0.0,
    "hour": 0.05426699098676805,
    "dow": 0.013951907371177494,
    "is_weekend": 0.013915307019602101,
    "is_night": 0.005124181883658506,
    "is_lunch": 0.009003232212604951
  },
  "ev_bands": {
    "red": 382,
    "amber": 10
  }
}