{
  "timestamp": "20250817_013655Z",
  "window_days": 2,
  "ev_threshold": 10.0,
  "assets": [
    "SOL-USD",
    "BTC-USD",
    "ETH-USD",
    "NVDA"
  ],
  "venues": [
    "coinbase",
    "binance",
    "alpaca"
  ],
  "cv_r2": 0.351884219509631,
  "cv_mae": 6.685416124947598,
  "feature_importance": {
    "vol_5m": 0.06146972526565879,
    "spread_bps": 0.23982451814674702,
    "depth": 0.09587786020527271,
    "slip_p95": 0.285014494838507,
    "is_bps": 0.20062350249955233,
    "fees_bps": 0.03668381775086244,
    "rebate_bps": 0.012751593901052197,
    "cost_per_hour": 0.0,
    "hour": 0.040019102950629576,
    "dow": 0.009820646498873915,
    "is_weekend": 0.008609277978878557,
    "is_night": 0.004126092105861415,
    "is_lunch": 0.005179367858103824
  },
  "ev_bands": {
    "red": 392
  }
}