{
  "timestamp": "20250817_001355Z",
  "window_days": 2,
  "ev_threshold": 10.0,
  "assets": [
    "SOL-USD",
    "BTC-USD",
    "ETH-USD",
    "NVDA"
  ],
  "venues": [
    "coinbase",
    "binance",
    "alpaca"
  ],
  "cv_r2": 0.3173410740717179,
  "cv_mae": 6.3625461671322965,
  "feature_importance": {
    "vol_5m": 0.06980406506446445,
    "spread_bps": 0.098073202519875,
    "depth": 0.06012276174731749,
    "slip_p95": 0.41488341736647166,
    "is_bps": 0.2274957831131786,
    "fees_bps": 0.025739422506799708,
    "rebate_bps": 0.012842388769054134,
    "cost_per_hour": 0.0,
    "hour": 0.05882354013837774,
    "dow": 0.011757042755076899,
    "is_weekend": 0.010436986337893575,
    "is_night": 0.0077125244446702036,
    "is_lunch": 0.002308865236820455
  },
  "ev_bands": {
    "red": 391,
    "amber": 1
  }
}