{
  "timestamp": "20250817_045401Z",
  "window_days": 2,
  "ev_threshold": 10.0,
  "assets": [
    "SOL-USD",
    "BTC-USD",
    "ETH-USD",
    "NVDA"
  ],
  "venues": [
    "coinbase",
    "binance",
    "alpaca"
  ],
  "cv_r2": 0.4243926976284822,
  "cv_mae": 6.460108259579435,
  "feature_importance": {
    "vol_5m": 0.08569000775217055,
    "spread_bps": 0.3097712027262671,
    "depth": 0.05483094678688576,
    "slip_p95": 0.32569370217917654,
    "is_bps": 0.1114994323530958,
    "fees_bps": 0.02389021847597892,
    "rebate_bps": 0.015273036490742006,
    "cost_per_hour": 0.0,
    "hour": 0.050122738312172135,
    "dow": 0.008313626852479558,
    "is_weekend": 0.00509737870731196,
    "is_night": 0.005531758898863852,
    "is_lunch": 0.00428595046485562
  },
  "ev_bands": {
    "red": 390,
    "amber": 2
  }
}