{
  "timestamp": "20250816_215903Z",
  "window_days": 2,
  "ev_threshold": 10.0,
  "assets": [
    "SOL-USD",
    "BTC-USD",
    "ETH-USD",
    "NVDA"
  ],
  "venues": [
    "coinbase",
    "binance",
    "alpaca"
  ],
  "cv_r2": 0.2663742799533129,
  "cv_mae": 6.864179695018006,
  "feature_importance": {
    "vol_5m": 0.07071014748411514,
    "spread_bps": 0.11060620611301393,
    "depth": 0.09921741325558785,
    "slip_p95": 0.388887691561382,
    "is_bps": 0.18826044020000748,
    "fees_bps": 0.03661454519593441,
    "rebate_bps": 0.019037554668628807,
    "cost_per_hour": 0.0,
    "hour": 0.052492775347445134,
    "dow": 0.011802544118611206,
    "is_weekend": 0.008487480218504448,
    "is_night": 0.0054703428706784326,
    "is_lunch": 0.008412858966091246
  },
  "ev_bands": {
    "red": 392
  }
}