{
  "timestamp": "20250816_220414Z",
  "window_days": 2,
  "ev_threshold": 10.0,
  "assets": [
    "SOL-USD",
    "BTC-USD",
    "ETH-USD",
    "NVDA"
  ],
  "venues": [
    "coinbase",
    "binance",
    "alpaca"
  ],
  "cv_r2": 0.37453020382392316,
  "cv_mae": 6.750614946079924,
  "feature_importance": {
    "vol_5m": 0.06518519873026479,
    "spread_bps": 0.14063938159699527,
    "depth": 0.06157405102428678,
    "slip_p95": 0.45356135877706805,
    "is_bps": 0.15759048447114526,
    "fees_bps": 0.028728767783530135,
    "rebate_bps": 0.013666175787831851,
    "cost_per_hour": 0.0,
    "hour": 0.042221407582367095,
    "dow": 0.014600324052114557,
    "is_weekend": 0.009827212757678653,
    "is_night": 0.005556457259118143,
    "is_lunch": 0.006849180177599547
  },
  "ev_bands": {
    "red": 392
  }
}