{
  "timestamp": "20250816_185218Z",
  "window_days": 2,
  "ev_threshold": 10.0,
  "assets": [
    "SOL-USD",
    "BTC-USD",
    "ETH-USD",
    "NVDA"
  ],
  "venues": [
    "coinbase",
    "binance",
    "alpaca"
  ],
  "cv_r2": 0.35940936202353074,
  "cv_mae": 7.080170225857937,
  "feature_importance": {
    "vol_5m": 0.05483691717665289,
    "spread_bps": 0.2295093765495791,
    "depth": 0.06435814112781431,
    "slip_p95": 0.3688783143198053,
    "is_bps": 0.18417177178380736,
    "fees_bps": 0.01540264065718808,
    "rebate_bps": 0.009495559638225938,
    "cost_per_hour": 0.0,
    "hour": 0.04361691178914619,
    "dow": 0.012379388232023112,
    "is_weekend": 0.00749807813211849,
    "is_night": 0.0029731175012229945,
    "is_lunch": 0.0068797830924163215
  },
  "ev_bands": {
    "red": 392
  }
}