{
  "timestamp": "20250816_234248Z",
  "window_days": 2,
  "ev_threshold": 10.0,
  "assets": [
    "SOL-USD",
    "BTC-USD",
    "ETH-USD",
    "NVDA"
  ],
  "venues": [
    "coinbase",
    "binance",
    "alpaca"
  ],
  "cv_r2": 0.40552589441755676,
  "cv_mae": 6.491650839969586,
  "feature_importance": {
    "vol_5m": 0.06369136740326527,
    "spread_bps": 0.32039308158177404,
    "depth": 0.07338963683898601,
    "slip_p95": 0.2506222954025194,
    "is_bps": 0.1568506729957058,
    "fees_bps": 0.024479300232805375,
    "rebate_bps": 0.011310864100043979,
    "cost_per_hour": 0.0,
    "hour": 0.05262984466740878,
    "dow": 0.017217508793081926,
    "is_weekend": 0.012540424753661279,
    "is_night": 0.013819967862072213,
    "is_lunch": 0.0030550353686759468
  },
  "ev_bands": {
    "red": 387,
    "amber": 5
  }
}