{
  "timestamp": "20250817_043828Z",
  "window_days": 2,
  "ev_threshold": 10.0,
  "assets": [
    "SOL-USD",
    "BTC-USD",
    "ETH-USD",
    "NVDA"
  ],
  "venues": [
    "coinbase",
    "binance",
    "alpaca"
  ],
  "cv_r2": 0.3913185343281591,
  "cv_mae": 6.772789707271259,
  "feature_importance": {
    "vol_5m": 0.06170592769737276,
    "spread_bps": 0.21073592860307813,
    "depth": 0.07652748936354631,
    "slip_p95": 0.413327270992149,
    "is_bps": 0.11133683768915283,
    "fees_bps": 0.025689030177928392,
    "rebate_bps": 0.019875458890781385,
    "cost_per_hour": 0.0,
    "hour": 0.04726431197053136,
    "dow": 0.012077871423818394,
    "is_weekend": 0.010100825012457062,
    "is_night": 0.005700085590938962,
    "is_lunch": 0.005658962588245387
  },
  "ev_bands": {
    "red": 390,
    "amber": 2
  }
}