{
  "timestamp": "20250816_214840Z",
  "window_days": 2,
  "ev_threshold": 10.0,
  "assets": [
    "SOL-USD",
    "BTC-USD",
    "ETH-USD",
    "NVDA"
  ],
  "venues": [
    "coinbase",
    "binance",
    "alpaca"
  ],
  "cv_r2": 0.3500336011723338,
  "cv_mae": 6.764232861181751,
  "feature_importance": {
    "vol_5m": 0.07209726996668693,
    "spread_bps": 0.15477923370359492,
    "depth": 0.0791385282745345,
    "slip_p95": 0.4008510294368315,
    "is_bps": 0.1750747643935902,
    "fees_bps": 0.01658292897854292,
    "rebate_bps": 0.016268035779624487,
    "cost_per_hour": 0.0,
    "hour": 0.04909646416364822,
    "dow": 0.013674018011606656,
    "is_weekend": 0.009102988068801015,
    "is_night": 0.0059698947696102175,
    "is_lunch": 0.0073648444529287
  },
  "ev_bands": {
    "red": 388,
    "amber": 4
  }
}