{
  "timestamp": "2025-08-14T08:37:16.449993Z",
  "ckpt_path": "checkpoints/latest.pt",
  "episodes": 32,
  "return_mean": -187.7428764963165,
  "return_std": 54.11290961355466,
  "entropy_mean": 1.420648450618526,
  "entropy_p05": 0.47157267928123475,
  "entropy_p95": 2.348850631713867,
  "q_spread_mean": 34.3751486214023,
  "grad_norm_p95": 1.1367461631971354,
  "has_nan": false,
  "steps_total": 2113
}