{
  "timestamp": "20250816_223010Z",
  "window_days": 2,
  "ev_threshold": 10.0,
  "assets": [
    "SOL-USD",
    "BTC-USD",
    "ETH-USD",
    "NVDA"
  ],
  "venues": [
    "coinbase",
    "binance",
    "alpaca"
  ],
  "cv_r2": 0.24031164255079066,
  "cv_mae": 6.5376434848196086,
  "feature_importance": {
    "vol_5m": 0.09300768166222687,
    "spread_bps": 0.22076549041361457,
    "depth": 0.07821055307031737,
    "slip_p95": 0.37545595946268506,
    "is_bps": 0.10434414794705724,
    "fees_bps": 0.02502019261430305,
    "rebate_bps": 0.013962593788191872,
    "cost_per_hour": 0.0,
    "hour": 0.04793665607203672,
    "dow": 0.016281988494425113,
    "is_weekend": 0.014259213846221835,
    "is_night": 0.007185988099958864,
    "is_lunch": 0.0035695345289614906
  },
  "ev_bands": {
    "red": 389,
    "amber": 3
  }
}