{
  "timestamp": "20250817_010036Z",
  "window_days": 2,
  "ev_threshold": 10.0,
  "assets": [
    "SOL-USD",
    "BTC-USD",
    "ETH-USD",
    "NVDA"
  ],
  "venues": [
    "coinbase",
    "binance",
    "alpaca"
  ],
  "cv_r2": 0.39579652632746454,
  "cv_mae": 6.4156899297297505,
  "feature_importance": {
    "vol_5m": 0.0864246584216867,
    "spread_bps": 0.09285875390705449,
    "depth": 0.06166406912237274,
    "slip_p95": 0.507964075422448,
    "is_bps": 0.14014238304669718,
    "fees_bps": 0.025664625325808745,
    "rebate_bps": 0.01512260082834744,
    "cost_per_hour": 0.0,
    "hour": 0.039723487420515166,
    "dow": 0.009786650099776549,
    "is_weekend": 0.008777883595007249,
    "is_night": 0.005398746255858599,
    "is_lunch": 0.00647206655442718
  },
  "ev_bands": {
    "red": 389,
    "amber": 3
  }
}