{
  "timestamp": "20250816_185730Z",
  "window_days": 2,
  "ev_threshold": 10.0,
  "assets": [
    "SOL-USD",
    "BTC-USD",
    "ETH-USD",
    "NVDA"
  ],
  "venues": [
    "coinbase",
    "binance",
    "alpaca"
  ],
  "cv_r2": 0.3620892088625169,
  "cv_mae": 6.651822706583204,
  "feature_importance": {
    "vol_5m": 0.06584278439302302,
    "spread_bps": 0.10027095165116934,
    "depth": 0.08386795225155665,
    "slip_p95": 0.3504032671320906,
    "is_bps": 0.28250417078127926,
    "fees_bps": 0.020962938888301117,
    "rebate_bps": 0.011957207839211316,
    "cost_per_hour": 0.0,
    "hour": 0.0520124755145968,
    "dow": 0.01601757293311269,
    "is_weekend": 0.00611235702868081,
    "is_night": 0.0044618865785764905,
    "is_lunch": 0.005586435008401729
  },
  "ev_bands": {
    "red": 388,
    "amber": 4
  }
}