{
  "timestamp": "20250817_035146Z",
  "window_days": 2,
  "ev_threshold": 10.0,
  "assets": [
    "SOL-USD",
    "BTC-USD",
    "ETH-USD",
    "NVDA"
  ],
  "venues": [
    "coinbase",
    "binance",
    "alpaca"
  ],
  "cv_r2": 0.37265842667062027,
  "cv_mae": 6.696929608339026,
  "feature_importance": {
    "vol_5m": 0.05625814865670141,
    "spread_bps": 0.1535848474352285,
    "depth": 0.08854427426543447,
    "slip_p95": 0.42822360093286616,
    "is_bps": 0.14749603740673747,
    "fees_bps": 0.03135047425564184,
    "rebate_bps": 0.012826338009948002,
    "cost_per_hour": 0.0,
    "hour": 0.04528093860849334,
    "dow": 0.012292076928630413,
    "is_weekend": 0.010928910393561522,
    "is_night": 0.006541401329713414,
    "is_lunch": 0.006672951777043602
  },
  "ev_bands": {
    "red": 390,
    "amber": 2
  }
}