{
  "timestamp": "20250816_164233Z",
  "window_days": 2,
  "ev_threshold": 10.0,
  "assets": [
    "SOL-USD",
    "BTC-USD",
    "ETH-USD",
    "NVDA"
  ],
  "venues": [
    "coinbase",
    "binance",
    "alpaca"
  ],
  "cv_r2": 0.35014568722662154,
  "cv_mae": 6.912329940322174,
  "feature_importance": {
    "vol_5m": 0.07836544971026084,
    "spread_bps": 0.2591694581324656,
    "depth": 0.08090617052735039,
    "slip_p95": 0.3342711669963127,
    "is_bps": 0.11523680676133634,
    "fees_bps": 0.02953109718712181,
    "rebate_bps": 0.018576556755665146,
    "cost_per_hour": 0.0,
    "hour": 0.055105455570311615,
    "dow": 0.009214838112536754,
    "is_weekend": 0.004584395957936579,
    "is_night": 0.0064138839671853826,
    "is_lunch": 0.008624720321516767
  },
  "ev_bands": {
    "red": 386,
    "amber": 6
  }
}