{
  "timestamp": "20250816_230118Z",
  "window_days": 2,
  "ev_threshold": 10.0,
  "assets": [
    "SOL-USD",
    "BTC-USD",
    "ETH-USD",
    "NVDA"
  ],
  "venues": [
    "coinbase",
    "binance",
    "alpaca"
  ],
  "cv_r2": 0.3658325537615435,
  "cv_mae": 7.117405637145386,
  "feature_importance": {
    "vol_5m": 0.07207363919973526,
    "spread_bps": 0.25544240123640455,
    "depth": 0.0683900419058244,
    "slip_p95": 0.31472102880395125,
    "is_bps": 0.18045543773841585,
    "fees_bps": 0.015469874784410722,
    "rebate_bps": 0.01400577366890462,
    "cost_per_hour": 0.0,
    "hour": 0.042164145521004635,
    "dow": 0.008998719514265405,
    "is_weekend": 0.006686171813065228,
    "is_night": 0.013800558607145463,
    "is_lunch": 0.007792207206872638
  },
  "ev_bands": {
    "red": 391,
    "amber": 1
  }
}