{
  "timestamp": "20250817_035657Z",
  "window_days": 2,
  "ev_threshold": 10.0,
  "assets": [
    "SOL-USD",
    "BTC-USD",
    "ETH-USD",
    "NVDA"
  ],
  "venues": [
    "coinbase",
    "binance",
    "alpaca"
  ],
  "cv_r2": 0.43512863100995575,
  "cv_mae": 6.5253126288644046,
  "feature_importance": {
    "vol_5m": 0.04833492943543561,
    "spread_bps": 0.09880519192032258,
    "depth": 0.050578325991550814,
    "slip_p95": 0.559785893898674,
    "is_bps": 0.15330645166863974,
    "fees_bps": 0.01815415579208085,
    "rebate_bps": 0.009008715281134255,
    "cost_per_hour": 0.0,
    "hour": 0.0316286026507816,
    "dow": 0.011017307687656516,
    "is_weekend": 0.008414250110672797,
    "is_night": 0.005135992178798502,
    "is_lunch": 0.005830183384253043
  },
  "ev_bands": {
    "red": 389,
    "amber": 3
  }
}