{
  "timestamp": "20250817_032550Z",
  "window_days": 2,
  "ev_threshold": 10.0,
  "assets": [
    "SOL-USD",
    "BTC-USD",
    "ETH-USD",
    "NVDA"
  ],
  "venues": [
    "coinbase",
    "binance",
    "alpaca"
  ],
  "cv_r2": 0.4061177424657016,
  "cv_mae": 6.293509036146954,
  "feature_importance": {
    "vol_5m": 0.0608995472308863,
    "spread_bps": 0.19013296720657644,
    "depth": 0.058639328726126205,
    "slip_p95": 0.3876482584988814,
    "is_bps": 0.19603947498584584,
    "fees_bps": 0.01480138636353876,
    "rebate_bps": 0.015173068756300666,
    "cost_per_hour": 0.0,
    "hour": 0.04802775136118123,
    "dow": 0.01268110261015472,
    "is_weekend": 0.007894250819681781,
    "is_night": 0.004769729541563676,
    "is_lunch": 0.003293133899263077
  },
  "ev_bands": {
    "red": 392
  }
}