{
  "timestamp": "20250817_040208Z",
  "window_days": 2,
  "ev_threshold": 10.0,
  "assets": [
    "SOL-USD",
    "BTC-USD",
    "ETH-USD",
    "NVDA"
  ],
  "venues": [
    "coinbase",
    "binance",
    "alpaca"
  ],
  "cv_r2": 0.41831576876178017,
  "cv_mae": 6.766316096131253,
  "feature_importance": {
    "vol_5m": 0.0631347733601895,
    "spread_bps": 0.09656484292791065,
    "depth": 0.05460706792617327,
    "slip_p95": 0.42502693337125313,
    "is_bps": 0.23212253823047738,
    "fees_bps": 0.01988366556015303,
    "rebate_bps": 0.015659138281303737,
    "cost_per_hour": 0.0,
    "hour": 0.04035191035151711,
    "dow": 0.02564722844820375,
    "is_weekend": 0.018719818418111482,
    "is_night": 0.0024850217298298095,
    "is_lunch": 0.0057970613948772325
  },
  "ev_bands": {
    "red": 389,
    "amber": 3
  }
}