{
  "timestamp": "20250816_144313Z",
  "window_days": 2,
  "ev_threshold": 10.0,
  "assets": [
    "SOL-USD",
    "BTC-USD",
    "ETH-USD",
    "NVDA"
  ],
  "venues": [
    "coinbase",
    "binance",
    "alpaca"
  ],
  "cv_r2": 0.31616911877195103,
  "cv_mae": 7.057551752247453,
  "feature_importance": {
    "vol_5m": 0.07058459004733188,
    "spread_bps": 0.09661574873265147,
    "depth": 0.06986843675419904,
    "slip_p95": 0.4278175526122068,
    "is_bps": 0.19721630891079123,
    "fees_bps": 0.017546955169636003,
    "rebate_bps": 0.017600166897537416,
    "cost_per_hour": 0.0,
    "hour": 0.05877999157139169,
    "dow": 0.016412760971759803,
    "is_weekend": 0.011720897769708307,
    "is_night": 0.0067996787491932265,
    "is_lunch": 0.009036911813593198
  },
  "ev_bands": {
    "red": 388,
    "amber": 4
  }
}