{
  "timestamp": "20250815_062954Z",
  "window_days": 14,
  "ev_threshold": 10.0,
  "assets": [
    "SOL-USD",
    "BTC-USD",
    "ETH-USD",
    "NVDA"
  ],
  "venues": [
    "coinbase",
    "binance",
    "alpaca"
  ],
  "cv_r2": 0.4180056397780667,
  "cv_mae": 6.651338512745972,
  "feature_importance": {
    "vol_5m": 0.059359930938033593,
    "spread_bps": 0.1085796631113239,
    "depth": 0.05756495609398959,
    "slip_p95": 0.4585168534804121,
    "is_bps": 0.18724381652440478,
    "fees_bps": 0.0277811005950607,
    "rebate_bps": 0.009165421683748122,
    "cost_per_hour": 0.0,
    "hour": 0.04045138164866812,
    "dow": 0.027981302691426627,
    "is_weekend": 0.0050877637772399585,
    "is_night": 0.014081027075165294,
    "is_lunch": 0.004186782380527264
  },
  "ev_bands": {
    "red": 391,
    "amber": 1
  }
}