{
  "timestamp": "20250816_141718Z",
  "window_days": 2,
  "ev_threshold": 10.0,
  "assets": [
    "SOL-USD",
    "BTC-USD",
    "ETH-USD",
    "NVDA"
  ],
  "venues": [
    "coinbase",
    "binance",
    "alpaca"
  ],
  "cv_r2": 0.19393057632621388,
  "cv_mae": 7.722678534325307,
  "feature_importance": {
    "vol_5m": 0.06893945783314162,
    "spread_bps": 0.1040908253115289,
    "depth": 0.11272359202275613,
    "slip_p95": 0.3683061624426396,
    "is_bps": 0.2072736183047006,
    "fees_bps": 0.01711324009286794,
    "rebate_bps": 0.013926403807358939,
    "cost_per_hour": 0.0,
    "hour": 0.0645629234188018,
    "dow": 0.0171208048639924,
    "is_weekend": 0.013889091435114308,
    "is_night": 0.0069899387455061345,
    "is_lunch": 0.0050639417215917245
  },
  "ev_bands": {
    "red": 386,
    "amber": 6
  }
}