{
  "timestamp": "20250816_214329Z",
  "window_days": 2,
  "ev_threshold": 10.0,
  "assets": [
    "SOL-USD",
    "BTC-USD",
    "ETH-USD",
    "NVDA"
  ],
  "venues": [
    "coinbase",
    "binance",
    "alpaca"
  ],
  "cv_r2": 0.3365042233465041,
  "cv_mae": 6.475706420643131,
  "feature_importance": {
    "vol_5m": 0.08098065278376577,
    "spread_bps": 0.33736178426476376,
    "depth": 0.07649992052076028,
    "slip_p95": 0.27874969580072695,
    "is_bps": 0.12828092858674062,
    "fees_bps": 0.02262963255258469,
    "rebate_bps": 0.00947620923756011,
    "cost_per_hour": 0.0,
    "hour": 0.033805183936130204,
    "dow": 0.014224816890193177,
    "is_weekend": 0.009726532260664039,
    "is_night": 0.005277280013566364,
    "is_lunch": 0.002987363152544273
  },
  "ev_bands": {
    "red": 392
  }
}