{
  "timestamp": "20250817_080215Z",
  "window_days": 2,
  "ev_threshold": 10.0,
  "assets": [
    "SOL-USD",
    "BTC-USD",
    "ETH-USD",
    "NVDA"
  ],
  "venues": [
    "coinbase",
    "binance",
    "alpaca"
  ],
  "cv_r2": 0.3961994662641548,
  "cv_mae": 6.900506837274867,
  "feature_importance": {
    "vol_5m": 0.05910266314699294,
    "spread_bps": 0.10413490821309489,
    "depth": 0.06292743766839191,
    "slip_p95": 0.5112494744018894,
    "is_bps": 0.13904178134980139,
    "fees_bps": 0.03186987966298704,
    "rebate_bps": 0.013070683757668412,
    "cost_per_hour": 0.0,
    "hour": 0.04871424642402753,
    "dow": 0.013971544215192377,
    "is_weekend": 0.008469333690158506,
    "is_night": 0.0030367454436762394,
    "is_lunch": 0.004411302026119317
  },
  "ev_bands": {
    "red": 392
  }
}