{
  "timestamp": "2025-08-14T08:45:31.524393Z",
  "delta_pnl_mean": 0.00020000000000000006,
  "ci95": [
    0.0002,
    0.00020000000000000004
  ],
  "verdict": "PASS",
  "n": 5,
  "effect_size": 9525857678563660.0,
  "alpha": 0.05,
  "secondary_metrics": {
    "entropy": {
      "delta_mean": 0.09400000000000004,
      "delta_std": 0.0048989794855663965,
      "improvement": "BETTER"
    },
    "q_spread": {
      "delta_mean": -0.09999999999999995,
      "delta_std": 1.0892074392614739e-16,
      "improvement": "BETTER"
    }
  }
}