{
  "timestamp": "2025-08-16T17:21:21.811695+00:00",
  "window_hours": 48,
  "threshold_bps": 15.0,
  "min_sample_size": 2000,
  "overall_metrics": {
    "total_fills": 2784,
    "p95_slippage_bps": 9.014421112397407,
    "mean_slippage_bps": 4.048248523723191,
    "median_slippage_bps": 3.427950166918293,
    "p99_slippage_bps": 18.64204311227822,
    "maker_ratio": 0.7,
    "fills_under_threshold": 2726,
    "pct_under_threshold": 0.9791666666666666,
    "gate_status": "PASS",
    "reason": "criteria_met",
    "threshold_bps": 15.0,
    "min_sample_size": 2000
  },
  "breakdown_metrics": {
    "asset_NVDA": {
      "total_fills": 936,
      "p95_slippage_bps": 9.026086995506924,
      "mean_slippage_bps": 4.032881766775134,
      "median_slippage_bps": 3.4165021415164785,
      "p99_slippage_bps": 19.700173836215253,
      "maker_ratio": 0.7,
      "fills_under_threshold": 915,
      "pct_under_threshold": 0.9775641025641025,
      "gate_status": "INSUFFICIENT_DATA",
      "reason": "need_2000_fills_have_936",
      "threshold_bps": 15.0,
      "min_sample_size": 2000
    },
    "asset_ETH-USD": {
      "total_fills": 915,
      "p95_slippage_bps": 8.97748559407386,
      "mean_slippage_bps": 4.09652742941021,
      "median_slippage_bps": 3.5262558451006205,
      "p99_slippage_bps": 16.97480698683288,
      "maker_ratio": 0.7,
      "fills_under_threshold": 898,
      "pct_under_threshold": 0.9814207650273225,
      "gate_status": "INSUFFICIENT_DATA",
      "reason": "need_2000_fills_have_915",
      "threshold_bps": 15.0,
      "min_sample_size": 2000
    },
    "asset_BTC-USD": {
      "total_fills": 933,
      "p95_slippage_bps": 8.913779715637668,
      "mean_slippage_bps": 4.016317211611468,
      "median_slippage_bps": 3.338372189551579,
      "p99_slippage_bps": 18.355601784456198,
      "maker_ratio": 0.7,
      "fills_under_threshold": 913,
      "pct_under_threshold": 0.9785637727759914,
      "gate_status": "INSUFFICIENT_DATA",
      "reason": "need_2000_fills_have_933",
      "threshold_bps": 15.0,
      "min_sample_size": 2000
    },
    "venue_alpaca": {
      "total_fills": 931,
      "p95_slippage_bps": 9.268732022418648,
      "mean_slippage_bps": 4.1105769321088115,
      "median_slippage_bps": 3.3739047303190586,
      "p99_slippage_bps": 20.612869801935823,
      "maker_ratio": 0.7,
      "fills_under_threshold": 904,
      "pct_under_threshold": 0.9709989258861439,
      "gate_status": "INSUFFICIENT_DATA",
      "reason": "need_2000_fills_have_931",
      "threshold_bps": 15.0,
      "min_sample_size": 2000
    },
    "venue_binance": {
      "total_fills": 896,
      "p95_slippage_bps": 8.94551834418252,
      "mean_slippage_bps": 4.039484585564752,
      "median_slippage_bps": 3.4737540812409415,
      "p99_slippage_bps": 17.01628869489496,
      "maker_ratio": 0.7,
      "fills_under_threshold": 880,
      "pct_under_threshold": 0.9821428571428571,
      "gate_status": "INSUFFICIENT_DATA",
      "reason": "need_2000_fills_have_896",
      "threshold_bps": 15.0,
      "min_sample_size": 2000
    },
    "venue_coinbase": {
      "total_fills": 957,
      "p95_slippage_bps": 8.834507257864002,
      "mean_slippage_bps": 3.9958187853563687,
      "median_slippage_bps": 3.4158861053325134,
      "p99_slippage_bps": 16.97305673961262,
      "maker_ratio": 0.7,
      "fills_under_threshold": 942,
      "pct_under_threshold": 0.9843260188087775,
      "gate_status": "INSUFFICIENT_DATA",
      "reason": "need_2000_fills_have_957",
      "threshold_bps": 15.0,
      "min_sample_size": 2000
    },
    "BTC-USD_alpaca": {
      "total_fills": 314,
      "p95_slippage_bps": 9.7434872077654,
      "mean_slippage_bps": 4.078491987824011,
      "median_slippage_bps": 3.3013999269662953,
      "p99_slippage_bps": 21.60030326093873,
      "maker_ratio": 0.7,
      "fills_under_threshold": 303,
      "pct_under_threshold": 0.964968152866242,
      "gate_status": "INSUFFICIENT_DATA",
      "reason": "need_2000_fills_have_314",
      "threshold_bps": 15.0,
      "min_sample_size": 2000
    },
    "BTC-USD_binance": {
      "total_fills": 294,
      "p95_slippage_bps": 9.49715735857285,
      "mean_slippage_bps": 3.9653415117067827,
      "median_slippage_bps": 3.2669266096110787,
      "p99_slippage_bps": 16.17337542662922,
      "maker_ratio": 0.7,
      "fills_under_threshold": 289,
      "pct_under_threshold": 0.9829931972789115,
      "gate_status": "INSUFFICIENT_DATA",
      "reason": "need_2000_fills_have_294",
      "threshold_bps": 15.0,
      "min_sample_size": 2000
    },
    "BTC-USD_coinbase": {
      "total_fills": 325,
      "p95_slippage_bps": 8.482299204906264,
      "mean_slippage_bps": 4.002360214815279,
      "median_slippage_bps": 3.4703927160963333,
      "p99_slippage_bps": 16.2672065040733,
      "maker_ratio": 0.7,
      "fills_under_threshold": 321,
      "pct_under_threshold": 0.9876923076923076,
      "gate_status": "INSUFFICIENT_DATA",
      "reason": "need_2000_fills_have_325",
      "threshold_bps": 15.0,
      "min_sample_size": 2000
    },
    "ETH-USD_alpaca": {
      "total_fills": 294,
      "p95_slippage_bps": 9.147901603606206,
      "mean_slippage_bps": 4.247857121194392,
      "median_slippage_bps": 3.5545562818306338,
      "p99_slippage_bps": 19.772562303277137,
      "maker_ratio": 0.7,
      "fills_under_threshold": 287,
      "pct_under_threshold": 0.9761904761904762,
      "gate_status": "INSUFFICIENT_DATA",
      "reason": "need_2000_fills_have_294",
      "threshold_bps": 15.0,
      "min_sample_size": 2000
    },
    "ETH-USD_binance": {
      "total_fills": 299,
      "p95_slippage_bps": 8.44007961916032,
      "mean_slippage_bps": 3.8858893851595875,
      "median_slippage_bps": 3.5872868880855795,
      "p99_slippage_bps": 15.841449950731256,
      "maker_ratio": 0.7,
      "fills_under_threshold": 295,
      "pct_under_threshold": 0.9866220735785953,
      "gate_status": "INSUFFICIENT_DATA",
      "reason": "need_2000_fills_have_299",
      "threshold_bps": 15.0,
      "min_sample_size": 2000
    },
    "ETH-USD_coinbase": {
      "total_fills": 322,
      "p95_slippage_bps": 9.750787703051264,
      "mean_slippage_bps": 4.153949310920726,
      "median_slippage_bps": 3.4632026355948238,
      "p99_slippage_bps": 16.116810052789912,
      "maker_ratio": 0.7,
      "fills_under_threshold": 316,
      "pct_under_threshold": 0.9813664596273292,
      "gate_status": "INSUFFICIENT_DATA",
      "reason": "need_2000_fills_have_322",
      "threshold_bps": 15.0,
      "min_sample_size": 2000
    },
    "NVDA_alpaca": {
      "total_fills": 323,
      "p95_slippage_bps": 9.037027682449779,
      "mean_slippage_bps": 4.016813145465673,
      "median_slippage_bps": 3.285214950807846,
      "p99_slippage_bps": 20.627097257607776,
      "maker_ratio": 0.7,
      "fills_under_threshold": 314,
      "pct_under_threshold": 0.9721362229102167,
      "gate_status": "INSUFFICIENT_DATA",
      "reason": "need_2000_fills_have_323",
      "threshold_bps": 15.0,
      "min_sample_size": 2000
    },
    "NVDA_binance": {
      "total_fills": 303,
      "p95_slippage_bps": 9.015288077834168,
      "mean_slippage_bps": 4.262992930896065,
      "median_slippage_bps": 3.624131070694702,
      "p99_slippage_bps": 18.97067601903564,
      "maker_ratio": 0.7,
      "fills_under_threshold": 296,
      "pct_under_threshold": 0.976897689768977,
      "gate_status": "INSUFFICIENT_DATA",
      "reason": "need_2000_fills_have_303",
      "threshold_bps": 15.0,
      "min_sample_size": 2000
    },
    "NVDA_coinbase": {
      "total_fills": 310,
      "p95_slippage_bps": 8.238335538880753,
      "mean_slippage_bps": 3.824709127918081,
      "median_slippage_bps": 3.314710848620229,
      "p99_slippage_bps": 17.710914014804704,
      "maker_ratio": 0.7,
      "fills_under_threshold": 305,
      "pct_under_threshold": 0.9838709677419355,
      "gate_status": "INSUFFICIENT_DATA",
      "reason": "need_2000_fills_have_310",