{
  "timestamp": "2025-08-16T21:14:48.755275+00:00",
  "window_hours": 48,
  "threshold_bps": 15.0,
  "min_sample_size": 2000,
  "overall_metrics": {
    "total_fills": 2759,
    "p95_slippage_bps": 9.025060400769142,
    "mean_slippage_bps": 3.992973399053845,
    "median_slippage_bps": 3.4041138381067206,
    "p99_slippage_bps": 19.146914617277044,
    "maker_ratio": 0.7,
    "fills_under_threshold": 2704,
    "pct_under_threshold": 0.9800652410293584,
    "gate_status": "PASS",
    "reason": "criteria_met",
    "threshold_bps": 15.0,
    "min_sample_size": 2000
  },
  "breakdown_metrics": {
    "asset_BTC-USD": {
      "total_fills": 882,
      "p95_slippage_bps": 9.050942619508511,
      "mean_slippage_bps": 3.9343223764770228,
      "median_slippage_bps": 3.323664133734889,
      "p99_slippage_bps": 17.9510776992394,
      "maker_ratio": 0.7,
      "fills_under_threshold": 862,
      "pct_under_threshold": 0.9773242630385488,
      "gate_status": "INSUFFICIENT_DATA",
      "reason": "need_2000_fills_have_882",
      "threshold_bps": 15.0,
      "min_sample_size": 2000
    },
    "asset_NVDA": {
      "total_fills": 968,
      "p95_slippage_bps": 9.385167025342763,
      "mean_slippage_bps": 4.158382808322687,
      "median_slippage_bps": 3.48505043599356,
      "p99_slippage_bps": 20.52983221933478,
      "maker_ratio": 0.7,
      "fills_under_threshold": 946,
      "pct_under_threshold": 0.9772727272727273,
      "gate_status": "INSUFFICIENT_DATA",
      "reason": "need_2000_fills_have_968",
      "threshold_bps": 15.0,
      "min_sample_size": 2000
    },
    "asset_ETH-USD": {
      "total_fills": 909,
      "p95_slippage_bps": 8.39550057643964,
      "mean_slippage_bps": 3.8737367585043585,
      "median_slippage_bps": 3.428802736712165,
      "p99_slippage_bps": 17.545202620536532,
      "maker_ratio": 0.7,
      "fills_under_threshold": 896,
      "pct_under_threshold": 0.9856985698569857,
      "gate_status": "INSUFFICIENT_DATA",
      "reason": "need_2000_fills_have_909",
      "threshold_bps": 15.0,
      "min_sample_size": 2000
    },
    "venue_coinbase": {
      "total_fills": 938,
      "p95_slippage_bps": 9.288014925306046,
      "mean_slippage_bps": 4.044092343497785,
      "median_slippage_bps": 3.3439680615546705,
      "p99_slippage_bps": 21.033178966458504,
      "maker_ratio": 0.7,
      "fills_under_threshold": 918,
      "pct_under_threshold": 0.9786780383795309,
      "gate_status": "INSUFFICIENT_DATA",
      "reason": "need_2000_fills_have_938",
      "threshold_bps": 15.0,
      "min_sample_size": 2000
    },
    "venue_alpaca": {
      "total_fills": 914,
      "p95_slippage_bps": 8.667457453294483,
      "mean_slippage_bps": 3.904960735089687,
      "median_slippage_bps": 3.4066016891075748,
      "p99_slippage_bps": 17.573295708561464,
      "maker_ratio": 0.7,
      "fills_under_threshold": 897,
      "pct_under_threshold": 0.9814004376367614,
      "gate_status": "INSUFFICIENT_DATA",
      "reason": "need_2000_fills_have_914",
      "threshold_bps": 15.0,
      "min_sample_size": 2000
    },
    "venue_binance": {
      "total_fills": 907,
      "p95_slippage_bps": 8.864857755414974,
      "mean_slippage_bps": 4.028799203877244,
      "median_slippage_bps": 3.4643620753381645,
      "p99_slippage_bps": 17.90041447070233,
      "maker_ratio": 0.7,
      "fills_under_threshold": 889,
      "pct_under_threshold": 0.980154355016538,
      "gate_status": "INSUFFICIENT_DATA",
      "reason": "need_2000_fills_have_907",
      "threshold_bps": 15.0,
      "min_sample_size": 2000
    },
    "BTC-USD_alpaca": {
      "total_fills": 280,
      "p95_slippage_bps": 9.325046682080607,
      "mean_slippage_bps": 3.7616325712021537,
      "median_slippage_bps": 3.0986930113695603,
      "p99_slippage_bps": 18.23273522658448,
      "maker_ratio": 0.7,
      "fills_under_threshold": 274,
      "pct_under_threshold": 0.9785714285714285,
      "gate_status": "INSUFFICIENT_DATA",
      "reason": "need_2000_fills_have_280",
      "threshold_bps": 15.0,
      "min_sample_size": 2000
    },
    "BTC-USD_binance": {
      "total_fills": 303,
      "p95_slippage_bps": 9.045392794910299,
      "mean_slippage_bps": 4.085856260101751,
      "median_slippage_bps": 3.435074472719208,
      "p99_slippage_bps": 16.784463084808174,
      "maker_ratio": 0.7,
      "fills_under_threshold": 294,
      "pct_under_threshold": 0.9702970297029703,
      "gate_status": "INSUFFICIENT_DATA",
      "reason": "need_2000_fills_have_303",
      "threshold_bps": 15.0,
      "min_sample_size": 2000
    },
    "BTC-USD_coinbase": {
      "total_fills": 299,
      "p95_slippage_bps": 8.656947330347238,
      "mean_slippage_bps": 3.9424774893153853,
      "median_slippage_bps": 3.4041138381067206,
      "p99_slippage_bps": 18.2554357297391,
      "maker_ratio": 0.7,
      "fills_under_threshold": 294,
      "pct_under_threshold": 0.9832775919732442,
      "gate_status": "INSUFFICIENT_DATA",
      "reason": "need_2000_fills_have_299",
      "threshold_bps": 15.0,
      "min_sample_size": 2000
    },
    "ETH-USD_alpaca": {
      "total_fills": 301,
      "p95_slippage_bps": 8.152193926749542,
      "mean_slippage_bps": 3.8735817220527995,
      "median_slippage_bps": 3.526257090383188,
      "p99_slippage_bps": 15.513310285016944,
      "maker_ratio": 0.7,
      "fills_under_threshold": 297,
      "pct_under_threshold": 0.9867109634551495,
      "gate_status": "INSUFFICIENT_DATA",
      "reason": "need_2000_fills_have_301",
      "threshold_bps": 15.0,
      "min_sample_size": 2000
    },
    "ETH-USD_binance": {
      "total_fills": 283,
      "p95_slippage_bps": 8.331402076399662,
      "mean_slippage_bps": 3.916463927796959,
      "median_slippage_bps": 3.428802736712165,
      "p99_slippage_bps": 14.759273330957187,
      "maker_ratio": 0.7,
      "fills_under_threshold": 280,
      "pct_under_threshold": 0.9893992932862191,
      "gate_status": "INSUFFICIENT_DATA",
      "reason": "need_2000_fills_have_283",
      "threshold_bps": 15.0,
      "min_sample_size": 2000
    },
    "ETH-USD_coinbase": {
      "total_fills": 325,
      "p95_slippage_bps": 8.977848174639885,
      "mean_slippage_bps": 3.8366748417723997,
      "median_slippage_bps": 3.292284478989119,
      "p99_slippage_bps": 21.229721716956554,
      "maker_ratio": 0.7,
      "fills_under_threshold": 319,
      "pct_under_threshold": 0.9815384615384616,
      "gate_status": "INSUFFICIENT_DATA",
      "reason": "need_2000_fills_have_325",
      "threshold_bps": 15.0,
      "min_sample_size": 2000
    },
    "NVDA_alpaca": {
      "total_fills": 333,
      "p95_slippage_bps": 9.181906204422642,
      "mean_slippage_bps": 4.053840521313748,
      "median_slippage_bps": 3.5097353799254836,
      "p99_slippage_bps": 17.05301573273066,
      "maker_ratio": 0.7,
      "fills_under_threshold": 326,
      "pct_under_threshold": 0.978978978978979,
      "gate_status": "INSUFFICIENT_DATA",
      "reason": "need_2000_fills_have_333",
      "threshold_bps": 15.0,
      "min_sample_size": 2000
    },
    "NVDA_binance": {
      "total_fills": 321,
      "p95_slippage_bps": 8.675576477458206,
      "mean_slippage_bps": 4.073978627848256,
      "median_slippage_bps": 3.601453677156541,
      "p99_slippage_bps": 19.53632799781408,
      "maker_ratio": 0.7,
      "fills_under_threshold": 315,
      "pct_under_threshold": 0.9813084112149533,
      "gate_status": "INSUFFICIENT_DATA",
      "reason": "need_2000_fills_have_321",
      "threshold_bps": 15.0,
      "min_sample_size": 2000
    },
    "NVDA_coinbase": {
      "total_fills": 314,
      "p95_slippage_bps": 11.22425153441328,
      "mean_slippage_bps": 4.355536704839466,
      "median_slippage_bps": 3.3444694620909914,
      "p99_slippage_bps": 21.04663998454098,
      "maker_ratio": 0.7,
      "fills_under_threshold": 305,
      "pct_under_threshold": 0.9713375796178344,
      "gate_status": "INSUFFICIENT_DATA",
      "reason": "need_2000_fills_have_314",