{
  "timestamp": "2025-08-16T20:59:13.617965+00:00",
  "window_hours": 48,
  "threshold_bps": 15.0,
  "min_sample_size": 2000,
  "overall_metrics": {
    "total_fills": 2750,
    "p95_slippage_bps": 9.301999825166867,
    "mean_slippage_bps": 4.0135389554138,
    "median_slippage_bps": 3.3508541134801106,
    "p99_slippage_bps": 19.70136593843112,
    "maker_ratio": 0.7,
    "fills_under_threshold": 2687,
    "pct_under_threshold": 0.9770909090909091,
    "gate_status": "PASS",
    "reason": "criteria_met",
    "threshold_bps": 15.0,
    "min_sample_size": 2000
  },
  "breakdown_metrics": {
    "asset_BTC-USD": {
      "total_fills": 939,
      "p95_slippage_bps": 9.703981925599999,
      "mean_slippage_bps": 4.130453481520117,
      "median_slippage_bps": 3.3601872225473657,
      "p99_slippage_bps": 20.447587027842324,
      "maker_ratio": 0.7,
      "fills_under_threshold": 911,
      "pct_under_threshold": 0.9701810436634718,
      "gate_status": "INSUFFICIENT_DATA",
      "reason": "need_2000_fills_have_939",
      "threshold_bps": 15.0,
      "min_sample_size": 2000
    },
    "asset_ETH-USD": {
      "total_fills": 897,
      "p95_slippage_bps": 9.337938781859712,
      "mean_slippage_bps": 3.987825958654177,
      "median_slippage_bps": 3.3512071763434186,
      "p99_slippage_bps": 17.24399744630028,
      "maker_ratio": 0.7,
      "fills_under_threshold": 881,
      "pct_under_threshold": 0.9821627647714605,
      "gate_status": "INSUFFICIENT_DATA",
      "reason": "need_2000_fills_have_897",
      "threshold_bps": 15.0,
      "min_sample_size": 2000
    },
    "asset_NVDA": {
      "total_fills": 914,
      "p95_slippage_bps": 7.9286984739338395,
      "mean_slippage_bps": 3.9186612946693233,
      "median_slippage_bps": 3.3429891266269003,
      "p99_slippage_bps": 20.12232721615463,
      "maker_ratio": 0.7,
      "fills_under_threshold": 895,
      "pct_under_threshold": 0.9792122538293216,
      "gate_status": "INSUFFICIENT_DATA",
      "reason": "need_2000_fills_have_914",
      "threshold_bps": 15.0,
      "min_sample_size": 2000
    },
    "venue_coinbase": {
      "total_fills": 1004,
      "p95_slippage_bps": 8.996637319356362,
      "mean_slippage_bps": 3.9896720017117464,
      "median_slippage_bps": 3.313388108396052,
      "p99_slippage_bps": 20.055104411440883,
      "maker_ratio": 0.7,
      "fills_under_threshold": 979,
      "pct_under_threshold": 0.9750996015936255,
      "gate_status": "INSUFFICIENT_DATA",
      "reason": "need_2000_fills_have_1004",
      "threshold_bps": 15.0,
      "min_sample_size": 2000
    },
    "venue_binance": {
      "total_fills": 864,
      "p95_slippage_bps": 9.112039852808476,
      "mean_slippage_bps": 4.009459392901644,
      "median_slippage_bps": 3.426393983278617,
      "p99_slippage_bps": 19.618517989869346,
      "maker_ratio": 0.7,
      "fills_under_threshold": 849,
      "pct_under_threshold": 0.9826388888888888,
      "gate_status": "INSUFFICIENT_DATA",
      "reason": "need_2000_fills_have_864",
      "threshold_bps": 15.0,
      "min_sample_size": 2000
    },
    "venue_alpaca": {
      "total_fills": 882,
      "p95_slippage_bps": 9.489945944690264,
      "mean_slippage_bps": 4.044703539911944,
      "median_slippage_bps": 3.3711065644612663,
      "p99_slippage_bps": 19.352613722896052,
      "maker_ratio": 0.7,
      "fills_under_threshold": 859,
      "pct_under_threshold": 0.9739229024943311,
      "gate_status": "INSUFFICIENT_DATA",
      "reason": "need_2000_fills_have_882",
      "threshold_bps": 15.0,
      "min_sample_size": 2000
    },
    "BTC-USD_alpaca": {
      "total_fills": 295,
      "p95_slippage_bps": 9.774889654176866,
      "mean_slippage_bps": 4.092951764110478,
      "median_slippage_bps": 3.2349275225698944,
      "p99_slippage_bps": 20.126273918349458,
      "maker_ratio": 0.7,
      "fills_under_threshold": 283,
      "pct_under_threshold": 0.9593220338983051,
      "gate_status": "INSUFFICIENT_DATA",
      "reason": "need_2000_fills_have_295",
      "threshold_bps": 15.0,
      "min_sample_size": 2000
    },
    "BTC-USD_binance": {
      "total_fills": 280,
      "p95_slippage_bps": 9.53086305407573,
      "mean_slippage_bps": 4.189997390683448,
      "median_slippage_bps": 3.5391876267073923,
      "p99_slippage_bps": 20.577257368905965,
      "maker_ratio": 0.7,
      "fills_under_threshold": 274,
      "pct_under_threshold": 0.9785714285714285,
      "gate_status": "INSUFFICIENT_DATA",
      "reason": "need_2000_fills_have_280",
      "threshold_bps": 15.0,
      "min_sample_size": 2000
    },
    "BTC-USD_coinbase": {
      "total_fills": 364,
      "p95_slippage_bps": 9.51904692752187,
      "mean_slippage_bps": 4.115043349844598,
      "median_slippage_bps": 3.2768999797474874,
      "p99_slippage_bps": 20.08408477940591,
      "maker_ratio": 0.7,
      "fills_under_threshold": 354,
      "pct_under_threshold": 0.9725274725274725,
      "gate_status": "INSUFFICIENT_DATA",
      "reason": "need_2000_fills_have_364",
      "threshold_bps": 15.0,
      "min_sample_size": 2000
    },
    "ETH-USD_alpaca": {
      "total_fills": 297,
      "p95_slippage_bps": 9.743034298449524,
      "mean_slippage_bps": 4.143785483585514,
      "median_slippage_bps": 3.4378030403936917,
      "p99_slippage_bps": 19.34568902610127,
      "maker_ratio": 0.7,
      "fills_under_threshold": 290,
      "pct_under_threshold": 0.9764309764309764,
      "gate_status": "INSUFFICIENT_DATA",
      "reason": "need_2000_fills_have_297",
      "threshold_bps": 15.0,
      "min_sample_size": 2000
    },
    "ETH-USD_binance": {
      "total_fills": 292,
      "p95_slippage_bps": 10.047014819973754,
      "mean_slippage_bps": 3.987827620736285,
      "median_slippage_bps": 3.286422376049002,
      "p99_slippage_bps": 16.403142296127253,
      "maker_ratio": 0.7,
      "fills_under_threshold": 288,
      "pct_under_threshold": 0.9863013698630136,
      "gate_status": "INSUFFICIENT_DATA",
      "reason": "need_2000_fills_have_292",
      "threshold_bps": 15.0,
      "min_sample_size": 2000
    },
    "ETH-USD_coinbase": {
      "total_fills": 308,
      "p95_slippage_bps": 8.574978806026236,
      "mean_slippage_bps": 3.8374348410159236,
      "median_slippage_bps": 3.37875759328582,
      "p99_slippage_bps": 16.999381789814283,
      "maker_ratio": 0.7,
      "fills_under_threshold": 303,
      "pct_under_threshold": 0.9837662337662337,
      "gate_status": "INSUFFICIENT_DATA",
      "reason": "need_2000_fills_have_308",
      "threshold_bps": 15.0,
      "min_sample_size": 2000
    },
    "NVDA_alpaca": {
      "total_fills": 290,
      "p95_slippage_bps": 8.451249276466719,
      "mean_slippage_bps": 3.894149872982227,
      "median_slippage_bps": 3.3828056568713487,
      "p99_slippage_bps": 16.23235881297921,
      "maker_ratio": 0.7,
      "fills_under_threshold": 286,
      "pct_under_threshold": 0.9862068965517241,
      "gate_status": "INSUFFICIENT_DATA",
      "reason": "need_2000_fills_have_290",
      "threshold_bps": 15.0,
      "min_sample_size": 2000
    },
    "NVDA_binance": {
      "total_fills": 292,
      "p95_slippage_bps": 7.068352793528901,
      "mean_slippage_bps": 3.857972537057056,
      "median_slippage_bps": 3.392675833147723,
      "p99_slippage_bps": 19.74659322451931,
      "maker_ratio": 0.7,
      "fills_under_threshold": 287,
      "pct_under_threshold": 0.9828767123287672,
      "gate_status": "INSUFFICIENT_DATA",
      "reason": "need_2000_fills_have_292",
      "threshold_bps": 15.0,
      "min_sample_size": 2000
    },
    "NVDA_coinbase": {
      "total_fills": 332,
      "p95_slippage_bps": 9.052556157597051,
      "mean_slippage_bps": 3.9934487329586,
      "median_slippage_bps": 3.2808583189787495,
      "p99_slippage_bps": 22.404499431249235,
      "maker_ratio": 0.7,
      "fills_under_threshold": 322,
      "pct_under_threshold": 0.9698795180722891,
      "gate_status": "INSUFFICIENT_DATA",
      "reason": "need_2000_fills_have_332",