{
  "timestamp": "2025-08-16T21:30:23.185691+00:00",
  "window_hours": 48,
  "threshold_bps": 15.0,
  "min_sample_size": 2000,
  "overall_metrics": {
    "total_fills": 2762,
    "p95_slippage_bps": 8.784979323347278,
    "mean_slippage_bps": 4.040466893844655,
    "median_slippage_bps": 3.4683700705579,
    "p99_slippage_bps": 18.646938521389924,
    "maker_ratio": 0.7,
    "fills_under_threshold": 2709,
    "pct_under_threshold": 0.9808110065170167,
    "gate_status": "PASS",
    "reason": "criteria_met",
    "threshold_bps": 15.0,
    "min_sample_size": 2000
  },
  "breakdown_metrics": {
    "asset_ETH-USD": {
      "total_fills": 933,
      "p95_slippage_bps": 8.649124651248858,
      "mean_slippage_bps": 4.053339273513274,
      "median_slippage_bps": 3.592896394227383,
      "p99_slippage_bps": 18.51408461407977,
      "maker_ratio": 0.7,
      "fills_under_threshold": 918,
      "pct_under_threshold": 0.9839228295819936,
      "gate_status": "INSUFFICIENT_DATA",
      "reason": "need_2000_fills_have_933",
      "threshold_bps": 15.0,
      "min_sample_size": 2000
    },
    "asset_NVDA": {
      "total_fills": 904,
      "p95_slippage_bps": 8.861713699056098,
      "mean_slippage_bps": 4.0822761459099075,
      "median_slippage_bps": 3.442695611485416,
      "p99_slippage_bps": 18.669948315569396,
      "maker_ratio": 0.7,
      "fills_under_threshold": 885,
      "pct_under_threshold": 0.9789823008849557,
      "gate_status": "INSUFFICIENT_DATA",
      "reason": "need_2000_fills_have_904",
      "threshold_bps": 15.0,
      "min_sample_size": 2000
    },
    "asset_BTC-USD": {
      "total_fills": 925,
      "p95_slippage_bps": 8.545539234366718,
      "mean_slippage_bps": 3.986623116441616,
      "median_slippage_bps": 3.3744508705420455,
      "p99_slippage_bps": 18.545586821683884,
      "maker_ratio": 0.7,
      "fills_under_threshold": 906,
      "pct_under_threshold": 0.9794594594594594,
      "gate_status": "INSUFFICIENT_DATA",
      "reason": "need_2000_fills_have_925",
      "threshold_bps": 15.0,
      "min_sample_size": 2000
    },
    "venue_coinbase": {
      "total_fills": 889,
      "p95_slippage_bps": 9.017111974908874,
      "mean_slippage_bps": 4.007686693812989,
      "median_slippage_bps": 3.383241143880574,
      "p99_slippage_bps": 17.951062805512283,
      "maker_ratio": 0.7,
      "fills_under_threshold": 870,
      "pct_under_threshold": 0.9786276715410573,
      "gate_status": "INSUFFICIENT_DATA",
      "reason": "need_2000_fills_have_889",
      "threshold_bps": 15.0,
      "min_sample_size": 2000
    },
    "venue_alpaca": {
      "total_fills": 940,
      "p95_slippage_bps": 8.572694499994748,
      "mean_slippage_bps": 3.976799102664098,
      "median_slippage_bps": 3.4681186403107853,
      "p99_slippage_bps": 18.256794147424905,
      "maker_ratio": 0.7,
      "fills_under_threshold": 926,
      "pct_under_threshold": 0.9851063829787234,
      "gate_status": "INSUFFICIENT_DATA",
      "reason": "need_2000_fills_have_940",
      "threshold_bps": 15.0,
      "min_sample_size": 2000
    },
    "venue_binance": {
      "total_fills": 933,
      "p95_slippage_bps": 8.49742370703379,
      "mean_slippage_bps": 4.135846659694466,
      "median_slippage_bps": 3.547832401915611,
      "p99_slippage_bps": 18.826991661784803,
      "maker_ratio": 0.7,
      "fills_under_threshold": 913,
      "pct_under_threshold": 0.9785637727759914,
      "gate_status": "INSUFFICIENT_DATA",
      "reason": "need_2000_fills_have_933",
      "threshold_bps": 15.0,
      "min_sample_size": 2000
    },
    "BTC-USD_alpaca": {
      "total_fills": 312,
      "p95_slippage_bps": 7.975992436046744,
      "mean_slippage_bps": 3.8294243763799583,
      "median_slippage_bps": 3.3888413826407433,
      "p99_slippage_bps": 14.367430727195346,
      "maker_ratio": 0.7,
      "fills_under_threshold": 310,
      "pct_under_threshold": 0.9935897435897436,
      "gate_status": "INSUFFICIENT_DATA",
      "reason": "need_2000_fills_have_312",
      "threshold_bps": 15.0,
      "min_sample_size": 2000
    },
    "BTC-USD_binance": {
      "total_fills": 322,
      "p95_slippage_bps": 7.988957781614725,
      "mean_slippage_bps": 3.9831084731900246,
      "median_slippage_bps": 3.420943486474905,
      "p99_slippage_bps": 19.66873056789507,
      "maker_ratio": 0.7,
      "fills_under_threshold": 314,
      "pct_under_threshold": 0.9751552795031055,
      "gate_status": "INSUFFICIENT_DATA",
      "reason": "need_2000_fills_have_322",
      "threshold_bps": 15.0,
      "min_sample_size": 2000
    },
    "BTC-USD_coinbase": {
      "total_fills": 291,
      "p95_slippage_bps": 10.676684022448711,
      "mean_slippage_bps": 4.159055150896083,
      "median_slippage_bps": 3.2710325892658143,
      "p99_slippage_bps": 18.523554113625327,
      "maker_ratio": 0.7,
      "fills_under_threshold": 282,
      "pct_under_threshold": 0.9690721649484536,
      "gate_status": "INSUFFICIENT_DATA",
      "reason": "need_2000_fills_have_291",
      "threshold_bps": 15.0,
      "min_sample_size": 2000
    },
    "ETH-USD_alpaca": {
      "total_fills": 324,
      "p95_slippage_bps": 8.84803437326179,
      "mean_slippage_bps": 4.112846385334329,
      "median_slippage_bps": 3.5961380769113287,
      "p99_slippage_bps": 18.85150518154085,
      "maker_ratio": 0.7,
      "fills_under_threshold": 317,
      "pct_under_threshold": 0.9783950617283951,
      "gate_status": "INSUFFICIENT_DATA",
      "reason": "need_2000_fills_have_324",
      "threshold_bps": 15.0,
      "min_sample_size": 2000
    },
    "ETH-USD_binance": {
      "total_fills": 303,
      "p95_slippage_bps": 9.543600635363966,
      "mean_slippage_bps": 4.274933830563162,
      "median_slippage_bps": 3.681685904710237,
      "p99_slippage_bps": 18.861320369873834,
      "maker_ratio": 0.7,
      "fills_under_threshold": 297,
      "pct_under_threshold": 0.9801980198019802,
      "gate_status": "INSUFFICIENT_DATA",
      "reason": "need_2000_fills_have_303",
      "threshold_bps": 15.0,
      "min_sample_size": 2000
    },
    "ETH-USD_coinbase": {
      "total_fills": 306,
      "p95_slippage_bps": 7.840746261638984,
      "mean_slippage_bps": 3.7709096819572667,
      "median_slippage_bps": 3.434920563467551,
      "p99_slippage_bps": 10.55865601233171,
      "maker_ratio": 0.7,
      "fills_under_threshold": 304,
      "pct_under_threshold": 0.9934640522875817,
      "gate_status": "INSUFFICIENT_DATA",
      "reason": "need_2000_fills_have_306",
      "threshold_bps": 15.0,
      "min_sample_size": 2000
    },
    "NVDA_alpaca": {
      "total_fills": 304,
      "p95_slippage_bps": 8.73455846296679,
      "mean_slippage_bps": 3.9830543494255983,
      "median_slippage_bps": 3.364636807147667,
      "p99_slippage_bps": 19.173880515642296,
      "maker_ratio": 0.7,
      "fills_under_threshold": 299,
      "pct_under_threshold": 0.9835526315789473,
      "gate_status": "INSUFFICIENT_DATA",
      "reason": "need_2000_fills_have_304",
      "threshold_bps": 15.0,
      "min_sample_size": 2000
    },
    "NVDA_binance": {
      "total_fills": 308,
      "p95_slippage_bps": 8.890733687254963,
      "mean_slippage_bps": 4.158698228789319,
      "median_slippage_bps": 3.5322776864310828,
      "p99_slippage_bps": 18.581613683070856,
      "maker_ratio": 0.7,
      "fills_under_threshold": 302,
      "pct_under_threshold": 0.9805194805194806,
      "gate_status": "INSUFFICIENT_DATA",
      "reason": "need_2000_fills_have_308",
      "threshold_bps": 15.0,
      "min_sample_size": 2000
    },
    "NVDA_coinbase": {
      "total_fills": 292,
      "p95_slippage_bps": 9.088365339093162,
      "mean_slippage_bps": 4.10496595619885,
      "median_slippage_bps": 3.458951672590235,
      "p99_slippage_bps": 18.451527760130755,
      "maker_ratio": 0.7,
      "fills_under_threshold": 284,
      "pct_under_threshold": 0.9726027397260274,
      "gate_status": "INSUFFICIENT_DATA",
      "reason": "need_2000_fills_have_292",