{
  "timestamp": "2025-08-16T14:04:15.079936+00:00",
  "window_hours": 48,
  "threshold_bps": 15.0,
  "min_sample_size": 2000,
  "overall_metrics": {
    "total_fills": 2772,
    "p95_slippage_bps": 9.173602326479752,
    "mean_slippage_bps": 4.0054809549124855,
    "median_slippage_bps": 3.3957132911700794,
    "p99_slippage_bps": 18.47812551520214,
    "maker_ratio": 0.7,
    "fills_under_threshold": 2718,
    "pct_under_threshold": 0.9805194805194806,
    "gate_status": "PASS",
    "reason": "criteria_met",
    "threshold_bps": 15.0,
    "min_sample_size": 2000
  },
  "breakdown_metrics": {
    "asset_NVDA": {
      "total_fills": 937,
      "p95_slippage_bps": 9.481555499446012,
      "mean_slippage_bps": 4.075441803536764,
      "median_slippage_bps": 3.399840227529122,
      "p99_slippage_bps": 17.64959909061169,
      "maker_ratio": 0.7,
      "fills_under_threshold": 917,
      "pct_under_threshold": 0.9786552828175027,
      "gate_status": "INSUFFICIENT_DATA",
      "reason": "need_2000_fills_have_937",
      "threshold_bps": 15.0,
      "min_sample_size": 2000
    },
    "asset_BTC-USD": {
      "total_fills": 927,
      "p95_slippage_bps": 8.844428835892076,
      "mean_slippage_bps": 3.895853744549457,
      "median_slippage_bps": 3.315436923391549,
      "p99_slippage_bps": 18.25399116835046,
      "maker_ratio": 0.7,
      "fills_under_threshold": 910,
      "pct_under_threshold": 0.9816612729234089,
      "gate_status": "INSUFFICIENT_DATA",
      "reason": "need_2000_fills_have_927",
      "threshold_bps": 15.0,
      "min_sample_size": 2000
    },
    "asset_ETH-USD": {
      "total_fills": 908,
      "p95_slippage_bps": 8.969568034361028,
      "mean_slippage_bps": 4.045206845711581,
      "median_slippage_bps": 3.4899749492894623,
      "p99_slippage_bps": 20.263386040171675,
      "maker_ratio": 0.7,
      "fills_under_threshold": 891,
      "pct_under_threshold": 0.9812775330396476,
      "gate_status": "INSUFFICIENT_DATA",
      "reason": "need_2000_fills_have_908",
      "threshold_bps": 15.0,
      "min_sample_size": 2000
    },
    "venue_binance": {
      "total_fills": 910,
      "p95_slippage_bps": 9.231926936045515,
      "mean_slippage_bps": 4.008789685617363,
      "median_slippage_bps": 3.4423314531319056,
      "p99_slippage_bps": 17.00947924624979,
      "maker_ratio": 0.7,
      "fills_under_threshold": 893,
      "pct_under_threshold": 0.9813186813186813,
      "gate_status": "INSUFFICIENT_DATA",
      "reason": "need_2000_fills_have_910",
      "threshold_bps": 15.0,
      "min_sample_size": 2000
    },
    "venue_coinbase": {
      "total_fills": 897,
      "p95_slippage_bps": 8.909014437727595,
      "mean_slippage_bps": 3.9652659040811002,
      "median_slippage_bps": 3.385751650025901,
      "p99_slippage_bps": 19.130744211496115,
      "maker_ratio": 0.7,
      "fills_under_threshold": 879,
      "pct_under_threshold": 0.979933110367893,
      "gate_status": "INSUFFICIENT_DATA",
      "reason": "need_2000_fills_have_897",
      "threshold_bps": 15.0,
      "min_sample_size": 2000
    },
    "venue_alpaca": {
      "total_fills": 965,
      "p95_slippage_bps": 9.206844333085996,
      "mean_slippage_bps": 4.03974204885478,
      "median_slippage_bps": 3.3871774243830477,
      "p99_slippage_bps": 18.380483550893697,
      "maker_ratio": 0.7,
      "fills_under_threshold": 946,
      "pct_under_threshold": 0.9803108808290155,
      "gate_status": "INSUFFICIENT_DATA",
      "reason": "need_2000_fills_have_965",
      "threshold_bps": 15.0,
      "min_sample_size": 2000
    },
    "BTC-USD_alpaca": {
      "total_fills": 329,
      "p95_slippage_bps": 9.117699718824218,
      "mean_slippage_bps": 4.002327914295222,
      "median_slippage_bps": 3.355361518455184,
      "p99_slippage_bps": 19.001997377087566,
      "maker_ratio": 0.7,
      "fills_under_threshold": 322,
      "pct_under_threshold": 0.9787234042553191,
      "gate_status": "INSUFFICIENT_DATA",
      "reason": "need_2000_fills_have_329",
      "threshold_bps": 15.0,
      "min_sample_size": 2000
    },
    "BTC-USD_binance": {
      "total_fills": 309,
      "p95_slippage_bps": 9.465732584102701,
      "mean_slippage_bps": 3.8615877386762225,
      "median_slippage_bps": 3.2168772989786287,
      "p99_slippage_bps": 16.824711489023596,
      "maker_ratio": 0.7,
      "fills_under_threshold": 304,
      "pct_under_threshold": 0.9838187702265372,
      "gate_status": "INSUFFICIENT_DATA",
      "reason": "need_2000_fills_have_309",
      "threshold_bps": 15.0,
      "min_sample_size": 2000
    },
    "BTC-USD_coinbase": {
      "total_fills": 289,
      "p95_slippage_bps": 7.6698591997081405,
      "mean_slippage_bps": 3.8112800212569753,
      "median_slippage_bps": 3.337535680686388,
      "p99_slippage_bps": 18.20110728341239,
      "maker_ratio": 0.7,
      "fills_under_threshold": 284,
      "pct_under_threshold": 0.9826989619377162,
      "gate_status": "INSUFFICIENT_DATA",
      "reason": "need_2000_fills_have_289",
      "threshold_bps": 15.0,
      "min_sample_size": 2000
    },
    "ETH-USD_alpaca": {
      "total_fills": 304,
      "p95_slippage_bps": 9.989780766068531,
      "mean_slippage_bps": 4.2207460601160385,
      "median_slippage_bps": 3.4928123439668926,
      "p99_slippage_bps": 20.371251184234918,
      "maker_ratio": 0.7,
      "fills_under_threshold": 295,
      "pct_under_threshold": 0.9703947368421053,
      "gate_status": "INSUFFICIENT_DATA",
      "reason": "need_2000_fills_have_304",
      "threshold_bps": 15.0,
      "min_sample_size": 2000
    },
    "ETH-USD_binance": {
      "total_fills": 296,
      "p95_slippage_bps": 8.569344177057241,
      "mean_slippage_bps": 4.009987391615005,
      "median_slippage_bps": 3.503097017678284,
      "p99_slippage_bps": 16.81217003009432,
      "maker_ratio": 0.7,
      "fills_under_threshold": 291,
      "pct_under_threshold": 0.9831081081081081,
      "gate_status": "INSUFFICIENT_DATA",
      "reason": "need_2000_fills_have_296",
      "threshold_bps": 15.0,
      "min_sample_size": 2000
    },
    "ETH-USD_coinbase": {
      "total_fills": 308,
      "p95_slippage_bps": 8.71281710246144,
      "mean_slippage_bps": 3.9057946289376573,
      "median_slippage_bps": 3.436649328265477,
      "p99_slippage_bps": 12.686224243902073,
      "maker_ratio": 0.7,
      "fills_under_threshold": 305,
      "pct_under_threshold": 0.9902597402597403,
      "gate_status": "INSUFFICIENT_DATA",
      "reason": "need_2000_fills_have_308",
      "threshold_bps": 15.0,
      "min_sample_size": 2000
    },
    "NVDA_alpaca": {
      "total_fills": 332,
      "p95_slippage_bps": 8.77183506049363,
      "mean_slippage_bps": 3.9110794911640347,
      "median_slippage_bps": 3.3204987235575247,
      "p99_slippage_bps": 11.521294610641103,
      "maker_ratio": 0.7,
      "fills_under_threshold": 329,
      "pct_under_threshold": 0.9909638554216867,
      "gate_status": "INSUFFICIENT_DATA",
      "reason": "need_2000_fills_have_332",
      "threshold_bps": 15.0,
      "min_sample_size": 2000
    },
    "NVDA_binance": {
      "total_fills": 305,
      "p95_slippage_bps": 9.979501018141958,
      "mean_slippage_bps": 4.156759786041986,
      "median_slippage_bps": 3.486982643908472,
      "p99_slippage_bps": 16.994627113886846,
      "maker_ratio": 0.7,
      "fills_under_threshold": 298,
      "pct_under_threshold": 0.9770491803278688,
      "gate_status": "INSUFFICIENT_DATA",
      "reason": "need_2000_fills_have_305",
      "threshold_bps": 15.0,
      "min_sample_size": 2000
    },
    "NVDA_coinbase": {
      "total_fills": 300,
      "p95_slippage_bps": 9.72233207022166,
      "mean_slippage_bps": 4.174662813682276,
      "median_slippage_bps": 3.3866079192200287,
      "p99_slippage_bps": 19.85194471670504,
      "maker_ratio": 0.7,
      "fills_under_threshold": 290,
      "pct_under_threshold": 0.9666666666666667,
      "gate_status": "INSUFFICIENT_DATA",
      "reason": "need_2000_fills_have_300",