{
  "timestamp": "2025-08-15T09:03:15.623535+00:00",
  "window_hours": 48,
  "threshold_bps": 15.0,
  "min_sample_size": 2000,
  "overall_metrics": {
    "total_fills": 3000,
    "p95_slippage_bps": 37.674030556564624,
    "mean_slippage_bps": 16.53726108206329,
    "median_slippage_bps": 13.437356310057421,
    "p99_slippage_bps": 67.76419637587739,
    "maker_ratio": 0.7053333333333334,
    "fills_under_threshold": 1673,
    "pct_under_threshold": 0.5576666666666666,
    "gate_status": "FAIL",
    "reason": "p95_37.7bp_exceeds_15.0bp",
    "threshold_bps": 15.0,
    "min_sample_size": 2000
  },
  "breakdown_metrics": {
    "asset_SOL-USD": {
      "total_fills": 768,
      "p95_slippage_bps": 35.67343354021823,
      "mean_slippage_bps": 16.052923314222056,
      "median_slippage_bps": 13.107001590454146,
      "p99_slippage_bps": 62.432568419905415,
      "maker_ratio": 0.7122395833333334,
      "fills_under_threshold": 435,
      "pct_under_threshold": 0.56640625,
      "gate_status": "INSUFFICIENT_DATA",
      "reason": "need_2000_fills_have_768",
      "threshold_bps": 15.0,
      "min_sample_size": 2000
    },
    "asset_ETH-USD": {
      "total_fills": 712,
      "p95_slippage_bps": 35.88806128173599,
      "mean_slippage_bps": 16.518779542753272,
      "median_slippage_bps": 13.932783424704365,
      "p99_slippage_bps": 65.90766928101176,
      "maker_ratio": 0.699438202247191,
      "fills_under_threshold": 390,
      "pct_under_threshold": 0.547752808988764,
      "gate_status": "INSUFFICIENT_DATA",
      "reason": "need_2000_fills_have_712",
      "threshold_bps": 15.0,
      "min_sample_size": 2000
    },
    "asset_NVDA": {
      "total_fills": 773,
      "p95_slippage_bps": 42.90524541963778,
      "mean_slippage_bps": 17.7155624255152,
      "median_slippage_bps": 14.339596086885667,
      "p99_slippage_bps": 83.16539218941182,
      "maker_ratio": 0.6830530401034929,
      "fills_under_threshold": 405,
      "pct_under_threshold": 0.5239327296248383,
      "gate_status": "INSUFFICIENT_DATA",
      "reason": "need_2000_fills_have_773",
      "threshold_bps": 15.0,
      "min_sample_size": 2000
    },
    "asset_BTC-USD": {
      "total_fills": 747,
      "p95_slippage_bps": 37.54577010748739,
      "mean_slippage_bps": 15.833517204154953,
      "median_slippage_bps": 12.264681719292684,
      "p99_slippage_bps": 61.36162468174757,
      "maker_ratio": 0.7269076305220884,
      "fills_under_threshold": 443,
      "pct_under_threshold": 0.5930388219544847,
      "gate_status": "INSUFFICIENT_DATA",
      "reason": "need_2000_fills_have_747",
      "threshold_bps": 15.0,
      "min_sample_size": 2000
    },
    "venue_binance": {
      "total_fills": 736,
      "p95_slippage_bps": 33.7799103679331,
      "mean_slippage_bps": 16.25934546314129,
      "median_slippage_bps": 12.950277916803028,
      "p99_slippage_bps": 69.05794452690708,
      "maker_ratio": 0.7160326086956522,
      "fills_under_threshold": 421,
      "pct_under_threshold": 0.5720108695652174,
      "gate_status": "INSUFFICIENT_DATA",
      "reason": "need_2000_fills_have_736",
      "threshold_bps": 15.0,
      "min_sample_size": 2000
    },
    "venue_alpaca": {
      "total_fills": 1137,
      "p95_slippage_bps": 40.19747134131676,
      "mean_slippage_bps": 16.902540277191818,
      "median_slippage_bps": 13.868071214112486,
      "p99_slippage_bps": 70.38125924476329,
      "maker_ratio": 0.7132805628847845,
      "fills_under_threshold": 624,
      "pct_under_threshold": 0.5488126649076517,
      "gate_status": "INSUFFICIENT_DATA",
      "reason": "need_2000_fills_have_1137",
      "threshold_bps": 15.0,
      "min_sample_size": 2000
    },
    "venue_coinbase": {
      "total_fills": 1127,
      "p95_slippage_bps": 36.330209793216156,
      "mean_slippage_bps": 16.35023663722341,
      "median_slippage_bps": 13.42099067024918,
      "p99_slippage_bps": 63.634919414983045,
      "maker_ratio": 0.6903283052351376,
      "fills_under_threshold": 628,
      "pct_under_threshold": 0.5572315882874889,
      "gate_status": "INSUFFICIENT_DATA",
      "reason": "need_2000_fills_have_1127",
      "threshold_bps": 15.0,
      "min_sample_size": 2000
    },
    "BTC-USD_alpaca": {
      "total_fills": 272,
      "p95_slippage_bps": 36.56509994391191,
      "mean_slippage_bps": 15.665146750611852,
      "median_slippage_bps": 12.388847575236502,
      "p99_slippage_bps": 59.36354875535927,
      "maker_ratio": 0.7316176470588235,
      "fills_under_threshold": 159,
      "pct_under_threshold": 0.5845588235294118,
      "gate_status": "INSUFFICIENT_DATA",
      "reason": "need_2000_fills_have_272",
      "threshold_bps": 15.0,
      "min_sample_size": 2000
    },
    "BTC-USD_binance": {
      "total_fills": 242,
      "p95_slippage_bps": 42.82666870596697,
      "mean_slippage_bps": 16.65698586683672,
      "median_slippage_bps": 12.619855430724698,
      "p99_slippage_bps": 74.84595564037888,
      "maker_ratio": 0.71900826446281,
      "fills_under_threshold": 137,
      "pct_under_threshold": 0.5661157024793388,
      "gate_status": "INSUFFICIENT_DATA",
      "reason": "need_2000_fills_have_242",
      "threshold_bps": 15.0,
      "min_sample_size": 2000
    },
    "BTC-USD_coinbase": {
      "total_fills": 233,
      "p95_slippage_bps": 37.17057642707885,
      "mean_slippage_bps": 15.174793371514337,
      "median_slippage_bps": 11.832946774830768,
      "p99_slippage_bps": 56.45475815712784,
      "maker_ratio": 0.7296137339055794,
      "fills_under_threshold": 147,
      "pct_under_threshold": 0.630901287553648,
      "gate_status": "INSUFFICIENT_DATA",
      "reason": "need_2000_fills_have_233",
      "threshold_bps": 15.0,
      "min_sample_size": 2000
    },
    "ETH-USD_alpaca": {
      "total_fills": 232,
      "p95_slippage_bps": 38.852134989195655,
      "mean_slippage_bps": 17.220638853120022,
      "median_slippage_bps": 15.052730091340578,
      "p99_slippage_bps": 56.719869350822016,
      "maker_ratio": 0.6982758620689655,
      "fills_under_threshold": 116,
      "pct_under_threshold": 0.5,
      "gate_status": "INSUFFICIENT_DATA",
      "reason": "need_2000_fills_have_232",
      "threshold_bps": 15.0,
      "min_sample_size": 2000
    },
    "ETH-USD_binance": {
      "total_fills": 238,
      "p95_slippage_bps": 33.113864719432975,
      "mean_slippage_bps": 16.267781431914482,
      "median_slippage_bps": 13.083471846450436,
      "p99_slippage_bps": 67.68039589262713,
      "maker_ratio": 0.7100840336134454,
      "fills_under_threshold": 138,
      "pct_under_threshold": 0.5798319327731093,
      "gate_status": "INSUFFICIENT_DATA",
      "reason": "need_2000_fills_have_238",
      "threshold_bps": 15.0,
      "min_sample_size": 2000
    },
    "ETH-USD_coinbase": {
      "total_fills": 242,
      "p95_slippage_bps": 35.86093803611007,
      "mean_slippage_bps": 16.092772064962148,
      "median_slippage_bps": 13.599661042811686,
      "p99_slippage_bps": 62.16902155445564,
      "maker_ratio": 0.6900826446280992,
      "fills_under_threshold": 136,
      "pct_under_threshold": 0.5619834710743802,
      "gate_status": "INSUFFICIENT_DATA",
      "reason": "need_2000_fills_have_242",
      "threshold_bps": 15.0,
      "min_sample_size": 2000
    },
    "NVDA_alpaca": {
      "total_fills": 386,
      "p95_slippage_bps": 42.43488178329729,
      "mean_slippage_bps": 17.801069678028682,
      "median_slippage_bps": 14.303569451655449,
      "p99_slippage_bps": 89.65059923465455,
      "maker_ratio": 0.6865284974093264,
      "fills_under_threshold": 206,
      "pct_under_threshold": 0.533678756476684,
      "gate_status": "INSUFFICIENT_DATA",
      "reason": "need_2000_fills_have_386",
      "threshold_bps": 15.0,
      "min_sample_size": 2000
    },
    "NVDA_coinbase": {
      "total_fills": 387,
      "p95_slippage_bps": 42.9714767515689,
      "mean_slippage_bps": 17.63027612197462,
      "median_slippage_bps": 14.464156192042122,