{
  "timestamp": "2025-08-16T17:52:29.430463+00:00",
  "window_hours": 48,
  "threshold_bps": 15.0,
  "min_sample_size": 2000,
  "overall_metrics": {
    "total_fills": 2747,
    "p95_slippage_bps": 8.806948279065493,
    "mean_slippage_bps": 3.992461068041794,
    "median_slippage_bps": 3.40827364611477,
    "p99_slippage_bps": 18.68817223854782,
    "maker_ratio": 0.7,
    "fills_under_threshold": 2692,
    "pct_under_threshold": 0.9799781579905351,
    "gate_status": "PASS",
    "reason": "criteria_met",
    "threshold_bps": 15.0,
    "min_sample_size": 2000
  },
  "breakdown_metrics": {
    "asset_ETH-USD": {
      "total_fills": 928,
      "p95_slippage_bps": 8.643497291507984,
      "mean_slippage_bps": 4.027275956146317,
      "median_slippage_bps": 3.53547233137379,
      "p99_slippage_bps": 19.968579752690093,
      "maker_ratio": 0.7,
      "fills_under_threshold": 908,
      "pct_under_threshold": 0.978448275862069,
      "gate_status": "INSUFFICIENT_DATA",
      "reason": "need_2000_fills_have_928",
      "threshold_bps": 15.0,
      "min_sample_size": 2000
    },
    "asset_BTC-USD": {
      "total_fills": 891,
      "p95_slippage_bps": 8.858085050176548,
      "mean_slippage_bps": 3.965927767177452,
      "median_slippage_bps": 3.3618665379027823,
      "p99_slippage_bps": 16.88093239979505,
      "maker_ratio": 0.7,
      "fills_under_threshold": 875,
      "pct_under_threshold": 0.9820426487093153,
      "gate_status": "INSUFFICIENT_DATA",
      "reason": "need_2000_fills_have_891",
      "threshold_bps": 15.0,
      "min_sample_size": 2000
    },
    "asset_NVDA": {
      "total_fills": 928,
      "p95_slippage_bps": 8.812197999172593,
      "mean_slippage_bps": 3.983121579797323,
      "median_slippage_bps": 3.3529789635321894,
      "p99_slippage_bps": 18.530448057812492,
      "maker_ratio": 0.7,
      "fills_under_threshold": 909,
      "pct_under_threshold": 0.9795258620689655,
      "gate_status": "INSUFFICIENT_DATA",
      "reason": "need_2000_fills_have_928",
      "threshold_bps": 15.0,
      "min_sample_size": 2000
    },
    "venue_binance": {
      "total_fills": 918,
      "p95_slippage_bps": 8.8713459368361,
      "mean_slippage_bps": 4.05443049033557,
      "median_slippage_bps": 3.373897527616821,
      "p99_slippage_bps": 20.221408454402738,
      "maker_ratio": 0.7,
      "fills_under_threshold": 897,
      "pct_under_threshold": 0.9771241830065359,
      "gate_status": "INSUFFICIENT_DATA",
      "reason": "need_2000_fills_have_918",
      "threshold_bps": 15.0,
      "min_sample_size": 2000
    },
    "venue_alpaca": {
      "total_fills": 944,
      "p95_slippage_bps": 8.445478412702235,
      "mean_slippage_bps": 3.8595255540874067,
      "median_slippage_bps": 3.428703040429455,
      "p99_slippage_bps": 16.56153075502501,
      "maker_ratio": 0.7,
      "fills_under_threshold": 928,
      "pct_under_threshold": 0.9830508474576272,
      "gate_status": "INSUFFICIENT_DATA",
      "reason": "need_2000_fills_have_944",
      "threshold_bps": 15.0,
      "min_sample_size": 2000
    },
    "venue_coinbase": {
      "total_fills": 885,
      "p95_slippage_bps": 9.535041379055148,
      "mean_slippage_bps": 4.06997880307824,
      "median_slippage_bps": 3.415748593610265,
      "p99_slippage_bps": 19.302181704483786,
      "maker_ratio": 0.7,
      "fills_under_threshold": 867,
      "pct_under_threshold": 0.9796610169491525,
      "gate_status": "INSUFFICIENT_DATA",
      "reason": "need_2000_fills_have_885",
      "threshold_bps": 15.0,
      "min_sample_size": 2000
    },
    "BTC-USD_alpaca": {
      "total_fills": 300,
      "p95_slippage_bps": 8.031680276752018,
      "mean_slippage_bps": 3.9944847965834174,
      "median_slippage_bps": 3.442460728756226,
      "p99_slippage_bps": 16.149432456242398,
      "maker_ratio": 0.7,
      "fills_under_threshold": 295,
      "pct_under_threshold": 0.9833333333333333,
      "gate_status": "INSUFFICIENT_DATA",
      "reason": "need_2000_fills_have_300",
      "threshold_bps": 15.0,
      "min_sample_size": 2000
    },
    "BTC-USD_binance": {
      "total_fills": 302,
      "p95_slippage_bps": 9.413035972469112,
      "mean_slippage_bps": 4.070337379279442,
      "median_slippage_bps": 3.206891044054615,
      "p99_slippage_bps": 20.213351902236095,
      "maker_ratio": 0.7,
      "fills_under_threshold": 294,
      "pct_under_threshold": 0.9735099337748344,
      "gate_status": "INSUFFICIENT_DATA",
      "reason": "need_2000_fills_have_302",
      "threshold_bps": 15.0,
      "min_sample_size": 2000
    },
    "BTC-USD_coinbase": {
      "total_fills": 289,
      "p95_slippage_bps": 8.580669750340487,
      "mean_slippage_bps": 3.827177553763644,
      "median_slippage_bps": 3.3915930559018657,
      "p99_slippage_bps": 13.650009304147028,
      "maker_ratio": 0.7,
      "fills_under_threshold": 286,
      "pct_under_threshold": 0.9896193771626297,
      "gate_status": "INSUFFICIENT_DATA",
      "reason": "need_2000_fills_have_289",
      "threshold_bps": 15.0,
      "min_sample_size": 2000
    },
    "ETH-USD_alpaca": {
      "total_fills": 328,
      "p95_slippage_bps": 7.777537590116263,
      "mean_slippage_bps": 3.8280357107895275,
      "median_slippage_bps": 3.5519628554009133,
      "p99_slippage_bps": 15.52179215418889,
      "maker_ratio": 0.7,
      "fills_under_threshold": 324,
      "pct_under_threshold": 0.9878048780487805,
      "gate_status": "INSUFFICIENT_DATA",
      "reason": "need_2000_fills_have_328",
      "threshold_bps": 15.0,
      "min_sample_size": 2000
    },
    "ETH-USD_binance": {
      "total_fills": 313,
      "p95_slippage_bps": 8.365226329817913,
      "mean_slippage_bps": 4.02172829634345,
      "median_slippage_bps": 3.555026890089,
      "p99_slippage_bps": 20.073500023807732,
      "maker_ratio": 0.7,
      "fills_under_threshold": 307,
      "pct_under_threshold": 0.9808306709265175,
      "gate_status": "INSUFFICIENT_DATA",
      "reason": "need_2000_fills_have_313",
      "threshold_bps": 15.0,
      "min_sample_size": 2000
    },
    "ETH-USD_coinbase": {
      "total_fills": 287,
      "p95_slippage_bps": 10.688025759356655,
      "mean_slippage_bps": 4.2610293289523264,
      "median_slippage_bps": 3.5136183428730283,
      "p99_slippage_bps": 20.828801179212583,
      "maker_ratio": 0.7,
      "fills_under_threshold": 277,
      "pct_under_threshold": 0.9651567944250871,
      "gate_status": "INSUFFICIENT_DATA",
      "reason": "need_2000_fills_have_287",
      "threshold_bps": 15.0,
      "min_sample_size": 2000
    },
    "NVDA_alpaca": {
      "total_fills": 316,
      "p95_slippage_bps": 8.578055256166898,
      "mean_slippage_bps": 3.764085351090259,
      "median_slippage_bps": 3.228865778465112,
      "p99_slippage_bps": 17.55392571110575,
      "maker_ratio": 0.7,
      "fills_under_threshold": 309,
      "pct_under_threshold": 0.9778481012658228,
      "gate_status": "INSUFFICIENT_DATA",
      "reason": "need_2000_fills_have_316",
      "threshold_bps": 15.0,
      "min_sample_size": 2000
    },
    "NVDA_binance": {
      "total_fills": 303,
      "p95_slippage_bps": 7.907158906884229,
      "mean_slippage_bps": 4.072357573696905,
      "median_slippage_bps": 3.364843926010745,
      "p99_slippage_bps": 19.371482661806986,
      "maker_ratio": 0.7,
      "fills_under_threshold": 296,
      "pct_under_threshold": 0.976897689768977,
      "gate_status": "INSUFFICIENT_DATA",
      "reason": "need_2000_fills_have_303",
      "threshold_bps": 15.0,
      "min_sample_size": 2000
    },
    "NVDA_coinbase": {
      "total_fills": 309,
      "p95_slippage_bps": 9.087235916184254,
      "mean_slippage_bps": 4.119616538114019,
      "median_slippage_bps": 3.454128742850378,
      "p99_slippage_bps": 18.606612374750522,
      "maker_ratio": 0.7,
      "fills_under_threshold": 304,
      "pct_under_threshold": 0.9838187702265372,
      "gate_status": "INSUFFICIENT_DATA",
      "reason": "need_2000_fills_have_309",