{
  "timestamp": "2025-08-16T22:22:14.686245+00:00",
  "window_hours": 48,
  "threshold_bps": 15.0,
  "min_sample_size": 2000,
  "overall_metrics": {
    "total_fills": 2777,
    "p95_slippage_bps": 8.800652765740004,
    "mean_slippage_bps": 4.058057598885175,
    "median_slippage_bps": 3.5133779458791063,
    "p99_slippage_bps": 18.26295696836993,
    "maker_ratio": 0.7,
    "fills_under_threshold": 2722,
    "pct_under_threshold": 0.9801944544472452,
    "gate_status": "PASS",
    "reason": "criteria_met",
    "threshold_bps": 15.0,
    "min_sample_size": 2000
  },
  "breakdown_metrics": {
    "asset_NVDA": {
      "total_fills": 919,
      "p95_slippage_bps": 8.880701866344705,
      "mean_slippage_bps": 4.029459081611777,
      "median_slippage_bps": 3.5031591565784774,
      "p99_slippage_bps": 17.765407375884163,
      "maker_ratio": 0.7,
      "fills_under_threshold": 901,
      "pct_under_threshold": 0.9804134929270947,
      "gate_status": "INSUFFICIENT_DATA",
      "reason": "need_2000_fills_have_919",
      "threshold_bps": 15.0,
      "min_sample_size": 2000
    },
    "asset_ETH-USD": {
      "total_fills": 925,
      "p95_slippage_bps": 8.48012406586616,
      "mean_slippage_bps": 3.9957829704693957,
      "median_slippage_bps": 3.5133779458791063,
      "p99_slippage_bps": 17.366433939084793,
      "maker_ratio": 0.7,
      "fills_under_threshold": 912,
      "pct_under_threshold": 0.985945945945946,
      "gate_status": "INSUFFICIENT_DATA",
      "reason": "need_2000_fills_have_925",
      "threshold_bps": 15.0,
      "min_sample_size": 2000
    },
    "asset_BTC-USD": {
      "total_fills": 933,
      "p95_slippage_bps": 9.367529475164126,
      "mean_slippage_bps": 4.147967640320169,
      "median_slippage_bps": 3.5275321561849857,
      "p99_slippage_bps": 20.560655949616002,
      "maker_ratio": 0.7,
      "fills_under_threshold": 909,
      "pct_under_threshold": 0.9742765273311897,
      "gate_status": "INSUFFICIENT_DATA",
      "reason": "need_2000_fills_have_933",
      "threshold_bps": 15.0,
      "min_sample_size": 2000
    },
    "venue_alpaca": {
      "total_fills": 913,
      "p95_slippage_bps": 8.604889781122903,
      "mean_slippage_bps": 3.9787295580642614,
      "median_slippage_bps": 3.493040913452106,
      "p99_slippage_bps": 17.39596489128955,
      "maker_ratio": 0.7,
      "fills_under_threshold": 896,
      "pct_under_threshold": 0.9813800657174151,
      "gate_status": "INSUFFICIENT_DATA",
      "reason": "need_2000_fills_have_913",
      "threshold_bps": 15.0,
      "min_sample_size": 2000
    },
    "venue_binance": {
      "total_fills": 913,
      "p95_slippage_bps": 9.292049872358596,
      "mean_slippage_bps": 4.21524765440637,
      "median_slippage_bps": 3.5155796142253917,
      "p99_slippage_bps": 20.817912804756602,
      "maker_ratio": 0.7,
      "fills_under_threshold": 886,
      "pct_under_threshold": 0.9704271631982475,
      "gate_status": "INSUFFICIENT_DATA",
      "reason": "need_2000_fills_have_913",
      "threshold_bps": 15.0,
      "min_sample_size": 2000
    },
    "venue_coinbase": {
      "total_fills": 951,
      "p95_slippage_bps": 8.336260774940708,
      "mean_slippage_bps": 3.983306789819605,
      "median_slippage_bps": 3.508038184826195,
      "p99_slippage_bps": 16.46931774646135,
      "maker_ratio": 0.7,
      "fills_under_threshold": 940,
      "pct_under_threshold": 0.9884332281808622,
      "gate_status": "INSUFFICIENT_DATA",
      "reason": "need_2000_fills_have_951",
      "threshold_bps": 15.0,
      "min_sample_size": 2000
    },
    "BTC-USD_alpaca": {
      "total_fills": 311,
      "p95_slippage_bps": 9.746704829266534,
      "mean_slippage_bps": 4.083040868463172,
      "median_slippage_bps": 3.392830143418235,
      "p99_slippage_bps": 16.863120715517468,
      "maker_ratio": 0.7,
      "fills_under_threshold": 304,
      "pct_under_threshold": 0.977491961414791,
      "gate_status": "INSUFFICIENT_DATA",
      "reason": "need_2000_fills_have_311",
      "threshold_bps": 15.0,
      "min_sample_size": 2000
    },
    "BTC-USD_binance": {
      "total_fills": 306,
      "p95_slippage_bps": 9.835776867051653,
      "mean_slippage_bps": 4.349748885426896,
      "median_slippage_bps": 3.569745881708532,
      "p99_slippage_bps": 21.4996978059835,
      "maker_ratio": 0.7,
      "fills_under_threshold": 294,
      "pct_under_threshold": 0.9607843137254902,
      "gate_status": "INSUFFICIENT_DATA",
      "reason": "need_2000_fills_have_306",
      "threshold_bps": 15.0,
      "min_sample_size": 2000
    },
    "BTC-USD_coinbase": {
      "total_fills": 316,
      "p95_slippage_bps": 7.849247430221529,
      "mean_slippage_bps": 4.016471327171015,
      "median_slippage_bps": 3.5282912978270176,
      "p99_slippage_bps": 18.18487063336,
      "maker_ratio": 0.7,
      "fills_under_threshold": 311,
      "pct_under_threshold": 0.9841772151898734,
      "gate_status": "INSUFFICIENT_DATA",
      "reason": "need_2000_fills_have_316",
      "threshold_bps": 15.0,
      "min_sample_size": 2000
    },
    "ETH-USD_alpaca": {
      "total_fills": 290,
      "p95_slippage_bps": 8.097911034718702,
      "mean_slippage_bps": 3.9092629420904195,
      "median_slippage_bps": 3.4177246196873154,
      "p99_slippage_bps": 17.60696085573195,
      "maker_ratio": 0.7,
      "fills_under_threshold": 285,
      "pct_under_threshold": 0.9827586206896551,
      "gate_status": "INSUFFICIENT_DATA",
      "reason": "need_2000_fills_have_290",
      "threshold_bps": 15.0,
      "min_sample_size": 2000
    },
    "ETH-USD_binance": {
      "total_fills": 309,
      "p95_slippage_bps": 8.873180798229273,
      "mean_slippage_bps": 4.213827400018161,
      "median_slippage_bps": 3.5590259958632613,
      "p99_slippage_bps": 18.16420862461344,
      "maker_ratio": 0.7,
      "fills_under_threshold": 303,
      "pct_under_threshold": 0.9805825242718447,
      "gate_status": "INSUFFICIENT_DATA",
      "reason": "need_2000_fills_have_309",
      "threshold_bps": 15.0,
      "min_sample_size": 2000
    },
    "ETH-USD_coinbase": {
      "total_fills": 326,
      "p95_slippage_bps": 8.225303726885759,
      "mean_slippage_bps": 3.8660746253753304,
      "median_slippage_bps": 3.5434479988472924,
      "p99_slippage_bps": 11.058480857286193,
      "maker_ratio": 0.7,
      "fills_under_threshold": 324,
      "pct_under_threshold": 0.9938650306748467,
      "gate_status": "INSUFFICIENT_DATA",
      "reason": "need_2000_fills_have_326",
      "threshold_bps": 15.0,
      "min_sample_size": 2000
    },
    "NVDA_alpaca": {
      "total_fills": 312,
      "p95_slippage_bps": 8.537377979863043,
      "mean_slippage_bps": 3.9393209077384697,
      "median_slippage_bps": 3.5908311691325148,
      "p99_slippage_bps": 16.87043024019933,
      "maker_ratio": 0.7,
      "fills_under_threshold": 307,
      "pct_under_threshold": 0.9839743589743589,
      "gate_status": "INSUFFICIENT_DATA",
      "reason": "need_2000_fills_have_312",
      "threshold_bps": 15.0,
      "min_sample_size": 2000
    },
    "NVDA_binance": {
      "total_fills": 298,
      "p95_slippage_bps": 9.18590991590395,
      "mean_slippage_bps": 4.078608331969041,
      "median_slippage_bps": 3.4526871292284915,
      "p99_slippage_bps": 18.362149211690532,
      "maker_ratio": 0.7,
      "fills_under_threshold": 289,
      "pct_under_threshold": 0.9697986577181208,
      "gate_status": "INSUFFICIENT_DATA",
      "reason": "need_2000_fills_have_298",
      "threshold_bps": 15.0,
      "min_sample_size": 2000
    },
    "NVDA_coinbase": {
      "total_fills": 309,
      "p95_slippage_bps": 9.338804811293194,
      "mean_slippage_bps": 4.0730727827185955,
      "median_slippage_bps": 3.488454499677092,
      "p99_slippage_bps": 16.00333853205931,
      "maker_ratio": 0.7,
      "fills_under_threshold": 305,
      "pct_under_threshold": 0.9870550161812298,
      "gate_status": "INSUFFICIENT_DATA",
      "reason": "need_2000_fills_have_309",