{
  "timestamp": "2025-08-16T18:18:24.899380+00:00",
  "window_hours": 48,
  "threshold_bps": 15.0,
  "min_sample_size": 2000,
  "overall_metrics": {
    "total_fills": 2757,
    "p95_slippage_bps": 9.036650429296433,
    "mean_slippage_bps": 3.95279583776667,
    "median_slippage_bps": 3.3845174349019436,
    "p99_slippage_bps": 17.452035303178736,
    "maker_ratio": 0.7,
    "fills_under_threshold": 2711,
    "pct_under_threshold": 0.9833151976786362,
    "gate_status": "PASS",
    "reason": "criteria_met",
    "threshold_bps": 15.0,
    "min_sample_size": 2000
  },
  "breakdown_metrics": {
    "asset_ETH-USD": {
      "total_fills": 874,
      "p95_slippage_bps": 8.705495527514564,
      "mean_slippage_bps": 3.961540271154802,
      "median_slippage_bps": 3.4295350606008252,
      "p99_slippage_bps": 17.3621209715133,
      "maker_ratio": 0.7,
      "fills_under_threshold": 857,
      "pct_under_threshold": 0.9805491990846682,
      "gate_status": "INSUFFICIENT_DATA",
      "reason": "need_2000_fills_have_874",
      "threshold_bps": 15.0,
      "min_sample_size": 2000
    },
    "asset_NVDA": {
      "total_fills": 922,
      "p95_slippage_bps": 9.610362371625047,
      "mean_slippage_bps": 4.061186593823637,
      "median_slippage_bps": 3.432641486347525,
      "p99_slippage_bps": 17.911948447547225,
      "maker_ratio": 0.7,
      "fills_under_threshold": 904,
      "pct_under_threshold": 0.9804772234273319,
      "gate_status": "INSUFFICIENT_DATA",
      "reason": "need_2000_fills_have_922",
      "threshold_bps": 15.0,
      "min_sample_size": 2000
    },
    "asset_BTC-USD": {
      "total_fills": 961,
      "p95_slippage_bps": 8.395242660431604,
      "mean_slippage_bps": 3.8408510803621434,
      "median_slippage_bps": 3.2753883148701415,
      "p99_slippage_bps": 15.388765878801662,
      "maker_ratio": 0.7,
      "fills_under_threshold": 950,
      "pct_under_threshold": 0.9885535900104059,
      "gate_status": "INSUFFICIENT_DATA",
      "reason": "need_2000_fills_have_961",
      "threshold_bps": 15.0,
      "min_sample_size": 2000
    },
    "venue_coinbase": {
      "total_fills": 900,
      "p95_slippage_bps": 9.099545893801247,
      "mean_slippage_bps": 3.9634257785244515,
      "median_slippage_bps": 3.3832486588281503,
      "p99_slippage_bps": 17.322116778696923,
      "maker_ratio": 0.7,
      "fills_under_threshold": 886,
      "pct_under_threshold": 0.9844444444444445,
      "gate_status": "INSUFFICIENT_DATA",
      "reason": "need_2000_fills_have_900",
      "threshold_bps": 15.0,
      "min_sample_size": 2000
    },
    "venue_binance": {
      "total_fills": 937,
      "p95_slippage_bps": 8.969323635618569,
      "mean_slippage_bps": 3.9659633271324206,
      "median_slippage_bps": 3.4308971404276454,
      "p99_slippage_bps": 17.88145637100745,
      "maker_ratio": 0.7,
      "fills_under_threshold": 918,
      "pct_under_threshold": 0.9797225186766275,
      "gate_status": "INSUFFICIENT_DATA",
      "reason": "need_2000_fills_have_937",
      "threshold_bps": 15.0,
      "min_sample_size": 2000
    },
    "venue_alpaca": {
      "total_fills": 920,
      "p95_slippage_bps": 8.781413803415372,
      "mean_slippage_bps": 3.928986181008287,
      "median_slippage_bps": 3.349994169780805,
      "p99_slippage_bps": 16.182801066743085,
      "maker_ratio": 0.7,
      "fills_under_threshold": 907,
      "pct_under_threshold": 0.9858695652173913,
      "gate_status": "INSUFFICIENT_DATA",
      "reason": "need_2000_fills_have_920",
      "threshold_bps": 15.0,
      "min_sample_size": 2000
    },
    "BTC-USD_alpaca": {
      "total_fills": 323,
      "p95_slippage_bps": 8.03365306114617,
      "mean_slippage_bps": 3.7384926931248086,
      "median_slippage_bps": 3.267602703971639,
      "p99_slippage_bps": 14.090860254843399,
      "maker_ratio": 0.7,
      "fills_under_threshold": 320,
      "pct_under_threshold": 0.9907120743034056,
      "gate_status": "INSUFFICIENT_DATA",
      "reason": "need_2000_fills_have_323",
      "threshold_bps": 15.0,
      "min_sample_size": 2000
    },
    "BTC-USD_binance": {
      "total_fills": 327,
      "p95_slippage_bps": 7.402299217249528,
      "mean_slippage_bps": 3.712651112661501,
      "median_slippage_bps": 3.16780958218162,
      "p99_slippage_bps": 17.50435116314054,
      "maker_ratio": 0.7,
      "fills_under_threshold": 323,
      "pct_under_threshold": 0.9877675840978594,
      "gate_status": "INSUFFICIENT_DATA",
      "reason": "need_2000_fills_have_327",
      "threshold_bps": 15.0,
      "min_sample_size": 2000
    },
    "BTC-USD_coinbase": {
      "total_fills": 311,
      "p95_slippage_bps": 9.4302571490941,
      "mean_slippage_bps": 4.081954451795483,
      "median_slippage_bps": 3.3647477744266294,
      "p99_slippage_bps": 15.625757276000238,
      "maker_ratio": 0.7,
      "fills_under_threshold": 307,
      "pct_under_threshold": 0.9871382636655949,
      "gate_status": "INSUFFICIENT_DATA",
      "reason": "need_2000_fills_have_311",
      "threshold_bps": 15.0,
      "min_sample_size": 2000
    },
    "ETH-USD_alpaca": {
      "total_fills": 295,
      "p95_slippage_bps": 8.526633120982586,
      "mean_slippage_bps": 3.922988598752383,
      "median_slippage_bps": 3.3960164554164303,
      "p99_slippage_bps": 17.28754573882008,
      "maker_ratio": 0.7,
      "fills_under_threshold": 289,
      "pct_under_threshold": 0.9796610169491525,
      "gate_status": "INSUFFICIENT_DATA",
      "reason": "need_2000_fills_have_295",
      "threshold_bps": 15.0,
      "min_sample_size": 2000
    },
    "ETH-USD_binance": {
      "total_fills": 296,
      "p95_slippage_bps": 7.738403179622848,
      "mean_slippage_bps": 3.8864522201487133,
      "median_slippage_bps": 3.5500601855329963,
      "p99_slippage_bps": 14.17595844695875,
      "maker_ratio": 0.7,
      "fills_under_threshold": 293,
      "pct_under_threshold": 0.9898648648648649,
      "gate_status": "INSUFFICIENT_DATA",
      "reason": "need_2000_fills_have_296",
      "threshold_bps": 15.0,
      "min_sample_size": 2000
    },
    "ETH-USD_coinbase": {
      "total_fills": 283,
      "p95_slippage_bps": 10.1176570894104,
      "mean_slippage_bps": 4.080263968881005,
      "median_slippage_bps": 3.416669815570324,
      "p99_slippage_bps": 18.017943762370102,
      "maker_ratio": 0.7,
      "fills_under_threshold": 275,
      "pct_under_threshold": 0.9717314487632509,
      "gate_status": "INSUFFICIENT_DATA",
      "reason": "need_2000_fills_have_283",
      "threshold_bps": 15.0,
      "min_sample_size": 2000
    },
    "NVDA_alpaca": {
      "total_fills": 302,
      "p95_slippage_bps": 9.79679640516576,
      "mean_slippage_bps": 4.13858447025284,
      "median_slippage_bps": 3.418931191781852,
      "p99_slippage_bps": 15.430829561191786,
      "maker_ratio": 0.7,
      "fills_under_threshold": 298,
      "pct_under_threshold": 0.9867549668874173,
      "gate_status": "INSUFFICIENT_DATA",
      "reason": "need_2000_fills_have_302",
      "threshold_bps": 15.0,
      "min_sample_size": 2000
    },
    "NVDA_binance": {
      "total_fills": 314,
      "p95_slippage_bps": 11.148553834595027,
      "mean_slippage_bps": 4.304716135410025,
      "median_slippage_bps": 3.579605004592609,
      "p99_slippage_bps": 18.049918116866714,
      "maker_ratio": 0.7,
      "fills_under_threshold": 302,
      "pct_under_threshold": 0.9617834394904459,
      "gate_status": "INSUFFICIENT_DATA",
      "reason": "need_2000_fills_have_314",
      "threshold_bps": 15.0,
      "min_sample_size": 2000
    },
    "NVDA_coinbase": {
      "total_fills": 306,
      "p95_slippage_bps": 8.255154713552722,
      "mean_slippage_bps": 3.7349041273538783,
      "median_slippage_bps": 3.364031312280061,
      "p99_slippage_bps": 11.517107287442812,
      "maker_ratio": 0.7,
      "fills_under_threshold": 304,
      "pct_under_threshold": 0.9934640522875817,
      "gate_status": "INSUFFICIENT_DATA",
      "reason": "need_2000_fills_have_306",