{
  "timestamp": "2025-08-16T07:45:30.909962+00:00",
  "window_hours": 48,
  "threshold_bps": 15.0,
  "min_sample_size": 2000,
  "overall_metrics": {
    "total_fills": 2605,
    "p95_slippage_bps": 8.834030067956771,
    "mean_slippage_bps": 3.944495238421128,
    "median_slippage_bps": 3.3925227650563103,
    "p99_slippage_bps": 18.975706971375303,
    "maker_ratio": 0.7,
    "fills_under_threshold": 2558,
    "pct_under_threshold": 0.981957773512476,
    "gate_status": "PASS",
    "reason": "criteria_met",
    "threshold_bps": 15.0,
    "min_sample_size": 2000
  },
  "breakdown_metrics": {
    "asset_ETH-USD": {
      "total_fills": 830,
      "p95_slippage_bps": 8.846469510976185,
      "mean_slippage_bps": 4.018974717911652,
      "median_slippage_bps": 3.4855723346895315,
      "p99_slippage_bps": 19.55603845317739,
      "maker_ratio": 0.7,
      "fills_under_threshold": 814,
      "pct_under_threshold": 0.980722891566265,
      "gate_status": "INSUFFICIENT_DATA",
      "reason": "need_2000_fills_have_830",
      "threshold_bps": 15.0,
      "min_sample_size": 2000
    },
    "asset_BTC-USD": {
      "total_fills": 871,
      "p95_slippage_bps": 9.114384928849574,
      "mean_slippage_bps": 3.9160185888332837,
      "median_slippage_bps": 3.3095629609587247,
      "p99_slippage_bps": 17.52048438336966,
      "maker_ratio": 0.7,
      "fills_under_threshold": 853,
      "pct_under_threshold": 0.9793340987370838,
      "gate_status": "INSUFFICIENT_DATA",
      "reason": "need_2000_fills_have_871",
      "threshold_bps": 15.0,
      "min_sample_size": 2000
    },
    "asset_NVDA": {
      "total_fills": 904,
      "p95_slippage_bps": 8.654284910963804,
      "mean_slippage_bps": 3.9035496563568315,
      "median_slippage_bps": 3.3982508770193443,
      "p99_slippage_bps": 17.15265921383723,
      "maker_ratio": 0.7,
      "fills_under_threshold": 891,
      "pct_under_threshold": 0.9856194690265486,
      "gate_status": "INSUFFICIENT_DATA",
      "reason": "need_2000_fills_have_904",
      "threshold_bps": 15.0,
      "min_sample_size": 2000
    },
    "venue_binance": {
      "total_fills": 884,
      "p95_slippage_bps": 8.803218529986028,
      "mean_slippage_bps": 3.8941811871758407,
      "median_slippage_bps": 3.4160499888096822,
      "p99_slippage_bps": 16.94143266841459,
      "maker_ratio": 0.7,
      "fills_under_threshold": 871,
      "pct_under_threshold": 0.9852941176470589,
      "gate_status": "INSUFFICIENT_DATA",
      "reason": "need_2000_fills_have_884",
      "threshold_bps": 15.0,
      "min_sample_size": 2000
    },
    "venue_alpaca": {
      "total_fills": 879,
      "p95_slippage_bps": 8.900262481869305,
      "mean_slippage_bps": 3.915315701886825,
      "median_slippage_bps": 3.316676448235529,
      "p99_slippage_bps": 19.65612175247998,
      "maker_ratio": 0.7,
      "fills_under_threshold": 863,
      "pct_under_threshold": 0.981797497155859,
      "gate_status": "INSUFFICIENT_DATA",
      "reason": "need_2000_fills_have_879",
      "threshold_bps": 15.0,
      "min_sample_size": 2000
    },
    "venue_coinbase": {
      "total_fills": 842,
      "p95_slippage_bps": 8.900709409179727,
      "mean_slippage_bps": 4.02778078938845,
      "median_slippage_bps": 3.429964769330158,
      "p99_slippage_bps": 18.746738015398346,
      "maker_ratio": 0.7,
      "fills_under_threshold": 824,
      "pct_under_threshold": 0.9786223277909739,
      "gate_status": "INSUFFICIENT_DATA",
      "reason": "need_2000_fills_have_842",
      "threshold_bps": 15.0,
      "min_sample_size": 2000
    },
    "BTC-USD_alpaca": {
      "total_fills": 295,
      "p95_slippage_bps": 8.638397887329186,
      "mean_slippage_bps": 3.7040189714524283,
      "median_slippage_bps": 3.208682080403172,
      "p99_slippage_bps": 16.25594015430062,
      "maker_ratio": 0.7,
      "fills_under_threshold": 291,
      "pct_under_threshold": 0.9864406779661017,
      "gate_status": "INSUFFICIENT_DATA",
      "reason": "need_2000_fills_have_295",
      "threshold_bps": 15.0,
      "min_sample_size": 2000
    },
    "BTC-USD_binance": {
      "total_fills": 301,
      "p95_slippage_bps": 9.594523109592078,
      "mean_slippage_bps": 4.043936769838772,
      "median_slippage_bps": 3.492356933386575,
      "p99_slippage_bps": 19.86602203337426,
      "maker_ratio": 0.7,
      "fills_under_threshold": 293,
      "pct_under_threshold": 0.973421926910299,
      "gate_status": "INSUFFICIENT_DATA",
      "reason": "need_2000_fills_have_301",
      "threshold_bps": 15.0,
      "min_sample_size": 2000
    },
    "BTC-USD_coinbase": {
      "total_fills": 275,
      "p95_slippage_bps": 9.137709044003682,
      "mean_slippage_bps": 4.003424096632195,
      "median_slippage_bps": 3.274533950078396,
      "p99_slippage_bps": 17.017203919887432,
      "maker_ratio": 0.7,
      "fills_under_threshold": 269,
      "pct_under_threshold": 0.9781818181818182,
      "gate_status": "INSUFFICIENT_DATA",
      "reason": "need_2000_fills_have_275",
      "threshold_bps": 15.0,
      "min_sample_size": 2000
    },
    "ETH-USD_alpaca": {
      "total_fills": 278,
      "p95_slippage_bps": 9.38044989280185,
      "mean_slippage_bps": 4.163073792783831,
      "median_slippage_bps": 3.3964004629559614,
      "p99_slippage_bps": 22.679765112670307,
      "maker_ratio": 0.7,
      "fills_under_threshold": 270,
      "pct_under_threshold": 0.9712230215827338,
      "gate_status": "INSUFFICIENT_DATA",
      "reason": "need_2000_fills_have_278",
      "threshold_bps": 15.0,
      "min_sample_size": 2000
    },
    "ETH-USD_binance": {
      "total_fills": 292,
      "p95_slippage_bps": 8.13318033138122,
      "mean_slippage_bps": 3.8225894988241986,
      "median_slippage_bps": 3.427372906724332,
      "p99_slippage_bps": 12.484436760537454,
      "maker_ratio": 0.7,
      "fills_under_threshold": 289,
      "pct_under_threshold": 0.9897260273972602,
      "gate_status": "INSUFFICIENT_DATA",
      "reason": "need_2000_fills_have_292",
      "threshold_bps": 15.0,
      "min_sample_size": 2000
    },
    "ETH-USD_coinbase": {
      "total_fills": 260,
      "p95_slippage_bps": 8.60795364270877,
      "mean_slippage_bps": 4.085455260831157,
      "median_slippage_bps": 3.6305832336109938,
      "p99_slippage_bps": 19.060885335658476,
      "maker_ratio": 0.7,
      "fills_under_threshold": 255,
      "pct_under_threshold": 0.9807692307692307,
      "gate_status": "INSUFFICIENT_DATA",
      "reason": "need_2000_fills_have_260",
      "threshold_bps": 15.0,
      "min_sample_size": 2000
    },
    "NVDA_alpaca": {
      "total_fills": 306,
      "p95_slippage_bps": 8.480749004175479,
      "mean_slippage_bps": 3.8939293823076735,
      "median_slippage_bps": 3.404535925869145,
      "p99_slippage_bps": 19.372000838451882,
      "maker_ratio": 0.7,
      "fills_under_threshold": 302,
      "pct_under_threshold": 0.9869281045751634,
      "gate_status": "INSUFFICIENT_DATA",
      "reason": "need_2000_fills_have_306",
      "threshold_bps": 15.0,
      "min_sample_size": 2000
    },
    "NVDA_binance": {
      "total_fills": 291,
      "p95_slippage_bps": 8.735999097119159,
      "mean_slippage_bps": 3.8111170724580985,
      "median_slippage_bps": 3.3384515953828635,
      "p99_slippage_bps": 12.690504113117967,
      "maker_ratio": 0.7,
      "fills_under_threshold": 289,
      "pct_under_threshold": 0.993127147766323,
      "gate_status": "INSUFFICIENT_DATA",
      "reason": "need_2000_fills_have_291",
      "threshold_bps": 15.0,
      "min_sample_size": 2000
    },
    "NVDA_coinbase": {
      "total_fills": 307,
      "p95_slippage_bps": 8.501102516852757,
      "mean_slippage_bps": 4.0007538445443664,
      "median_slippage_bps": 3.4363721460627525,
      "p99_slippage_bps": 17.40702333181931,
      "maker_ratio": 0.7,
      "fills_under_threshold": 300,
      "pct_under_threshold": 0.9771986970684039,
      "gate_status": "INSUFFICIENT_DATA",
      "reason": "need_2000_fills_have_307",