{
  "timestamp": "2025-08-16T06:06:56.954146+00:00",
  "window_hours": 48,
  "threshold_bps": 15.0,
  "min_sample_size": 2000,
  "overall_metrics": {
    "total_fills": 2581,
    "p95_slippage_bps": 9.167464592505084,
    "mean_slippage_bps": 4.009959324929455,
    "median_slippage_bps": 3.399844035716039,
    "p99_slippage_bps": 18.736242916574582,
    "maker_ratio": 0.7,
    "fills_under_threshold": 2533,
    "pct_under_threshold": 0.9814025571483921,
    "gate_status": "PASS",
    "reason": "criteria_met",
    "threshold_bps": 15.0,
    "min_sample_size": 2000
  },
  "breakdown_metrics": {
    "asset_NVDA": {
      "total_fills": 894,
      "p95_slippage_bps": 9.205823207594086,
      "mean_slippage_bps": 3.97093453189989,
      "median_slippage_bps": 3.329263188081871,
      "p99_slippage_bps": 18.749165265599867,
      "maker_ratio": 0.7,
      "fills_under_threshold": 877,
      "pct_under_threshold": 0.9809843400447428,
      "gate_status": "INSUFFICIENT_DATA",
      "reason": "need_2000_fills_have_894",
      "threshold_bps": 15.0,
      "min_sample_size": 2000
    },
    "asset_BTC-USD": {
      "total_fills": 832,
      "p95_slippage_bps": 8.539743898872834,
      "mean_slippage_bps": 3.9566062280518253,
      "median_slippage_bps": 3.471466502159313,
      "p99_slippage_bps": 16.810177761531218,
      "maker_ratio": 0.7,
      "fills_under_threshold": 820,
      "pct_under_threshold": 0.9855769230769231,
      "gate_status": "INSUFFICIENT_DATA",
      "reason": "need_2000_fills_have_832",
      "threshold_bps": 15.0,
      "min_sample_size": 2000
    },
    "asset_ETH-USD": {
      "total_fills": 855,
      "p95_slippage_bps": 9.795597583393652,
      "mean_slippage_bps": 4.102682063608541,
      "median_slippage_bps": 3.396526806871556,
      "p99_slippage_bps": 19.937990449199628,
      "maker_ratio": 0.7,
      "fills_under_threshold": 836,
      "pct_under_threshold": 0.9777777777777777,
      "gate_status": "INSUFFICIENT_DATA",
      "reason": "need_2000_fills_have_855",
      "threshold_bps": 15.0,
      "min_sample_size": 2000
    },
    "venue_binance": {
      "total_fills": 836,
      "p95_slippage_bps": 8.726335228933012,
      "mean_slippage_bps": 3.924685159329606,
      "median_slippage_bps": 3.397312634605531,
      "p99_slippage_bps": 17.086587097867103,
      "maker_ratio": 0.7,
      "fills_under_threshold": 824,
      "pct_under_threshold": 0.9856459330143541,
      "gate_status": "INSUFFICIENT_DATA",
      "reason": "need_2000_fills_have_836",
      "threshold_bps": 15.0,
      "min_sample_size": 2000
    },
    "venue_alpaca": {
      "total_fills": 855,
      "p95_slippage_bps": 9.527081045328574,
      "mean_slippage_bps": 4.000578054143605,
      "median_slippage_bps": 3.348309122757879,
      "p99_slippage_bps": 18.74577391926382,
      "maker_ratio": 0.7,
      "fills_under_threshold": 839,
      "pct_under_threshold": 0.9812865497076023,
      "gate_status": "INSUFFICIENT_DATA",
      "reason": "need_2000_fills_have_855",
      "threshold_bps": 15.0,
      "min_sample_size": 2000
    },
    "venue_coinbase": {
      "total_fills": 890,
      "p95_slippage_bps": 9.195012570117488,
      "mean_slippage_bps": 4.099071896798415,
      "median_slippage_bps": 3.432203741065054,
      "p99_slippage_bps": 19.521921996458474,
      "maker_ratio": 0.7,
      "fills_under_threshold": 870,
      "pct_under_threshold": 0.9775280898876404,
      "gate_status": "INSUFFICIENT_DATA",
      "reason": "need_2000_fills_have_890",
      "threshold_bps": 15.0,
      "min_sample_size": 2000
    },
    "BTC-USD_alpaca": {
      "total_fills": 273,
      "p95_slippage_bps": 8.170665030054264,
      "mean_slippage_bps": 3.868461426802763,
      "median_slippage_bps": 3.4720434149128936,
      "p99_slippage_bps": 18.673973737887625,
      "maker_ratio": 0.7,
      "fills_under_threshold": 268,
      "pct_under_threshold": 0.9816849816849816,
      "gate_status": "INSUFFICIENT_DATA",
      "reason": "need_2000_fills_have_273",
      "threshold_bps": 15.0,
      "min_sample_size": 2000
    },
    "BTC-USD_binance": {
      "total_fills": 272,
      "p95_slippage_bps": 8.077381859250373,
      "mean_slippage_bps": 3.7079076136154128,
      "median_slippage_bps": 3.2784673262486104,
      "p99_slippage_bps": 13.445854789654355,
      "maker_ratio": 0.7,
      "fills_under_threshold": 270,
      "pct_under_threshold": 0.9926470588235294,
      "gate_status": "INSUFFICIENT_DATA",
      "reason": "need_2000_fills_have_272",
      "threshold_bps": 15.0,
      "min_sample_size": 2000
    },
    "BTC-USD_coinbase": {
      "total_fills": 287,
      "p95_slippage_bps": 9.429265628310311,
      "mean_slippage_bps": 4.276151711911399,
      "median_slippage_bps": 3.645448899226924,
      "p99_slippage_bps": 16.982965715358414,
      "maker_ratio": 0.7,
      "fills_under_threshold": 282,
      "pct_under_threshold": 0.9825783972125436,
      "gate_status": "INSUFFICIENT_DATA",
      "reason": "need_2000_fills_have_287",
      "threshold_bps": 15.0,
      "min_sample_size": 2000
    },
    "ETH-USD_alpaca": {
      "total_fills": 282,
      "p95_slippage_bps": 10.521261013790339,
      "mean_slippage_bps": 4.17360868257673,
      "median_slippage_bps": 3.3100853849814262,
      "p99_slippage_bps": 18.951662522501064,
      "maker_ratio": 0.7,
      "fills_under_threshold": 277,
      "pct_under_threshold": 0.9822695035460993,
      "gate_status": "INSUFFICIENT_DATA",
      "reason": "need_2000_fills_have_282",
      "threshold_bps": 15.0,
      "min_sample_size": 2000
    },
    "ETH-USD_binance": {
      "total_fills": 280,
      "p95_slippage_bps": 8.858355923892464,
      "mean_slippage_bps": 3.963652136540455,
      "median_slippage_bps": 3.515352959753312,
      "p99_slippage_bps": 12.547361032673875,
      "maker_ratio": 0.7,
      "fills_under_threshold": 277,
      "pct_under_threshold": 0.9892857142857143,
      "gate_status": "INSUFFICIENT_DATA",
      "reason": "need_2000_fills_have_280",
      "threshold_bps": 15.0,
      "min_sample_size": 2000
    },
    "ETH-USD_coinbase": {
      "total_fills": 293,
      "p95_slippage_bps": 10.82759149812405,
      "mean_slippage_bps": 4.167279582482383,
      "median_slippage_bps": 3.3076356183390585,
      "p99_slippage_bps": 21.247071766454624,
      "maker_ratio": 0.7,
      "fills_under_threshold": 282,
      "pct_under_threshold": 0.962457337883959,
      "gate_status": "INSUFFICIENT_DATA",
      "reason": "need_2000_fills_have_293",
      "threshold_bps": 15.0,
      "min_sample_size": 2000
    },
    "NVDA_alpaca": {
      "total_fills": 300,
      "p95_slippage_bps": 9.790860692800521,
      "mean_slippage_bps": 3.958155394296635,
      "median_slippage_bps": 3.285310762186108,
      "p99_slippage_bps": 17.82180034974596,
      "maker_ratio": 0.7,
      "fills_under_threshold": 294,
      "pct_under_threshold": 0.98,
      "gate_status": "INSUFFICIENT_DATA",
      "reason": "need_2000_fills_have_300",
      "threshold_bps": 15.0,
      "min_sample_size": 2000
    },
    "NVDA_binance": {
      "total_fills": 284,
      "p95_slippage_bps": 9.505702845840869,
      "mean_slippage_bps": 4.0938849438902505,
      "median_slippage_bps": 3.3449032029687915,
      "p99_slippage_bps": 20.744464892953314,
      "maker_ratio": 0.7,
      "fills_under_threshold": 277,
      "pct_under_threshold": 0.9753521126760564,
      "gate_status": "INSUFFICIENT_DATA",
      "reason": "need_2000_fills_have_284",
      "threshold_bps": 15.0,
      "min_sample_size": 2000
    },
    "NVDA_coinbase": {
      "total_fills": 310,
      "p95_slippage_bps": 8.339408384996096,
      "mean_slippage_bps": 3.8706629973054203,
      "median_slippage_bps": 3.361591344926179,
      "p99_slippage_bps": 15.94072552568224,
      "maker_ratio": 0.7,
      "fills_under_threshold": 306,
      "pct_under_threshold": 0.9870967741935484,
      "gate_status": "INSUFFICIENT_DATA",
      "reason": "need_2000_fills_have_310",