{
  "timestamp": "2025-08-15T22:28:03.882020+00:00",
  "window_hours": 48,
  "threshold_bps": 15.0,
  "min_sample_size": 2000,
  "overall_metrics": {
    "total_fills": 2602,
    "p95_slippage_bps": 8.908005933265928,
    "mean_slippage_bps": 4.004341722231611,
    "median_slippage_bps": 3.3907078566827087,
    "p99_slippage_bps": 17.669937579265515,
    "maker_ratio": 0.7,
    "fills_under_threshold": 2550,
    "pct_under_threshold": 0.9800153727901614,
    "gate_status": "PASS",
    "reason": "criteria_met",
    "threshold_bps": 15.0,
    "min_sample_size": 2000
  },
  "breakdown_metrics": {
    "asset_ETH-USD": {
      "total_fills": 876,
      "p95_slippage_bps": 9.429063438207594,
      "mean_slippage_bps": 4.130703632704852,
      "median_slippage_bps": 3.3933738788295464,
      "p99_slippage_bps": 18.444688427956418,
      "maker_ratio": 0.7,
      "fills_under_threshold": 858,
      "pct_under_threshold": 0.9794520547945206,
      "gate_status": "INSUFFICIENT_DATA",
      "reason": "need_2000_fills_have_876",
      "threshold_bps": 15.0,
      "min_sample_size": 2000
    },
    "asset_NVDA": {
      "total_fills": 844,
      "p95_slippage_bps": 8.848965869842255,
      "mean_slippage_bps": 4.066193472658197,
      "median_slippage_bps": 3.4259930496428477,
      "p99_slippage_bps": 18.0090042316298,
      "maker_ratio": 0.7,
      "fills_under_threshold": 823,
      "pct_under_threshold": 0.9751184834123223,
      "gate_status": "INSUFFICIENT_DATA",
      "reason": "need_2000_fills_have_844",
      "threshold_bps": 15.0,
      "min_sample_size": 2000
    },
    "asset_BTC-USD": {
      "total_fills": 882,
      "p95_slippage_bps": 8.39528451546842,
      "mean_slippage_bps": 3.8196524808091614,
      "median_slippage_bps": 3.380489393287953,
      "p99_slippage_bps": 16.42118932592152,
      "maker_ratio": 0.7,
      "fills_under_threshold": 869,
      "pct_under_threshold": 0.9852607709750567,
      "gate_status": "INSUFFICIENT_DATA",
      "reason": "need_2000_fills_have_882",
      "threshold_bps": 15.0,
      "min_sample_size": 2000
    },
    "venue_coinbase": {
      "total_fills": 897,
      "p95_slippage_bps": 8.651975774213831,
      "mean_slippage_bps": 3.972528286089178,
      "median_slippage_bps": 3.3695946666265946,
      "p99_slippage_bps": 17.545954223074254,
      "maker_ratio": 0.7,
      "fills_under_threshold": 882,
      "pct_under_threshold": 0.9832775919732442,
      "gate_status": "INSUFFICIENT_DATA",
      "reason": "need_2000_fills_have_897",
      "threshold_bps": 15.0,
      "min_sample_size": 2000
    },
    "venue_alpaca": {
      "total_fills": 895,
      "p95_slippage_bps": 8.951740402399869,
      "mean_slippage_bps": 4.068548077198643,
      "median_slippage_bps": 3.5244639886151647,
      "p99_slippage_bps": 16.928428544324852,
      "maker_ratio": 0.7,
      "fills_under_threshold": 877,
      "pct_under_threshold": 0.9798882681564246,
      "gate_status": "INSUFFICIENT_DATA",
      "reason": "need_2000_fills_have_895",
      "threshold_bps": 15.0,
      "min_sample_size": 2000
    },
    "venue_binance": {
      "total_fills": 810,
      "p95_slippage_bps": 9.071864818527196,
      "mean_slippage_bps": 3.968628098187495,
      "median_slippage_bps": 3.2607465149635346,
      "p99_slippage_bps": 18.06626104717079,
      "maker_ratio": 0.7,
      "fills_under_threshold": 791,
      "pct_under_threshold": 0.9765432098765432,
      "gate_status": "INSUFFICIENT_DATA",
      "reason": "need_2000_fills_have_810",
      "threshold_bps": 15.0,
      "min_sample_size": 2000
    },
    "BTC-USD_alpaca": {
      "total_fills": 314,
      "p95_slippage_bps": 8.438571128172269,
      "mean_slippage_bps": 3.935700448005326,
      "median_slippage_bps": 3.688641517254644,
      "p99_slippage_bps": 16.971399738488945,
      "maker_ratio": 0.7,
      "fills_under_threshold": 309,
      "pct_under_threshold": 0.9840764331210191,
      "gate_status": "INSUFFICIENT_DATA",
      "reason": "need_2000_fills_have_314",
      "threshold_bps": 15.0,
      "min_sample_size": 2000
    },
    "BTC-USD_binance": {
      "total_fills": 256,
      "p95_slippage_bps": 7.806711011114375,
      "mean_slippage_bps": 3.6641059254600847,
      "median_slippage_bps": 3.088770107357258,
      "p99_slippage_bps": 12.979529270423427,
      "maker_ratio": 0.7,
      "fills_under_threshold": 253,
      "pct_under_threshold": 0.98828125,
      "gate_status": "INSUFFICIENT_DATA",
      "reason": "need_2000_fills_have_256",
      "threshold_bps": 15.0,
      "min_sample_size": 2000
    },
    "BTC-USD_coinbase": {
      "total_fills": 312,
      "p95_slippage_bps": 8.262980376343307,
      "mean_slippage_bps": 3.830488559237906,
      "median_slippage_bps": 3.2568309421393944,
      "p99_slippage_bps": 16.292009933450785,
      "maker_ratio": 0.7,
      "fills_under_threshold": 307,
      "pct_under_threshold": 0.9839743589743589,
      "gate_status": "INSUFFICIENT_DATA",
      "reason": "need_2000_fills_have_312",
      "threshold_bps": 15.0,
      "min_sample_size": 2000
    },
    "ETH-USD_alpaca": {
      "total_fills": 295,
      "p95_slippage_bps": 9.009602984130026,
      "mean_slippage_bps": 4.027830181656192,
      "median_slippage_bps": 3.450980373177867,
      "p99_slippage_bps": 13.619488590492875,
      "maker_ratio": 0.7,
      "fills_under_threshold": 292,
      "pct_under_threshold": 0.9898305084745763,
      "gate_status": "INSUFFICIENT_DATA",
      "reason": "need_2000_fills_have_295",
      "threshold_bps": 15.0,
      "min_sample_size": 2000
    },
    "ETH-USD_binance": {
      "total_fills": 298,
      "p95_slippage_bps": 10.568917954333132,
      "mean_slippage_bps": 4.286817509691788,
      "median_slippage_bps": 3.4547837515936664,
      "p99_slippage_bps": 19.47979401729122,
      "maker_ratio": 0.7,
      "fills_under_threshold": 288,
      "pct_under_threshold": 0.9664429530201343,
      "gate_status": "INSUFFICIENT_DATA",
      "reason": "need_2000_fills_have_298",
      "threshold_bps": 15.0,
      "min_sample_size": 2000
    },
    "ETH-USD_coinbase": {
      "total_fills": 283,
      "p95_slippage_bps": 9.082181304885886,
      "mean_slippage_bps": 4.07355074477993,
      "median_slippage_bps": 3.33586562268826,
      "p99_slippage_bps": 16.956577849783656,
      "maker_ratio": 0.7,
      "fills_under_threshold": 278,
      "pct_under_threshold": 0.9823321554770318,
      "gate_status": "INSUFFICIENT_DATA",
      "reason": "need_2000_fills_have_283",
      "threshold_bps": 15.0,
      "min_sample_size": 2000
    },
    "NVDA_alpaca": {
      "total_fills": 286,
      "p95_slippage_bps": 10.449278909172804,
      "mean_slippage_bps": 4.256400995910966,
      "median_slippage_bps": 3.466828237212277,
      "p99_slippage_bps": 17.419745592095936,
      "maker_ratio": 0.7,
      "fills_under_threshold": 276,
      "pct_under_threshold": 0.965034965034965,
      "gate_status": "INSUFFICIENT_DATA",
      "reason": "need_2000_fills_have_286",
      "threshold_bps": 15.0,
      "min_sample_size": 2000
    },
    "NVDA_binance": {
      "total_fills": 256,
      "p95_slippage_bps": 9.045761445683075,
      "mean_slippage_bps": 3.9027579090856896,
      "median_slippage_bps": 3.2209958004986357,
      "p99_slippage_bps": 18.084220721154164,
      "maker_ratio": 0.7,
      "fills_under_threshold": 250,
      "pct_under_threshold": 0.9765625,
      "gate_status": "INSUFFICIENT_DATA",
      "reason": "need_2000_fills_have_256",
      "threshold_bps": 15.0,
      "min_sample_size": 2000
    },
    "NVDA_coinbase": {
      "total_fills": 302,
      "p95_slippage_bps": 8.158394064706762,
      "mean_slippage_bps": 4.024604574063066,
      "median_slippage_bps": 3.4644638376760364,
      "p99_slippage_bps": 17.52035767683934,
      "maker_ratio": 0.7,
      "fills_under_threshold": 297,
      "pct_under_threshold": 0.9834437086092715,
      "gate_status": "INSUFFICIENT_DATA",
      "reason": "need_2000_fills_have_302",