{
  "timestamp": "2025-08-16T08:16:39.011073+00:00",
  "window_hours": 48,
  "threshold_bps": 15.0,
  "min_sample_size": 2000,
  "overall_metrics": {
    "total_fills": 2587,
    "p95_slippage_bps": 8.88561596095742,
    "mean_slippage_bps": 3.9342088280389773,
    "median_slippage_bps": 3.3762622991232263,
    "p99_slippage_bps": 16.741142762855148,
    "maker_ratio": 0.7,
    "fills_under_threshold": 2549,
    "pct_under_threshold": 0.9853111712408195,
    "gate_status": "PASS",
    "reason": "criteria_met",
    "threshold_bps": 15.0,
    "min_sample_size": 2000
  },
  "breakdown_metrics": {
    "asset_NVDA": {
      "total_fills": 867,
      "p95_slippage_bps": 8.885615960957425,
      "mean_slippage_bps": 3.8589157402598895,
      "median_slippage_bps": 3.2200820013380955,
      "p99_slippage_bps": 15.96375646343658,
      "maker_ratio": 0.7,
      "fills_under_threshold": 856,
      "pct_under_threshold": 0.9873125720876585,
      "gate_status": "INSUFFICIENT_DATA",
      "reason": "need_2000_fills_have_867",
      "threshold_bps": 15.0,
      "min_sample_size": 2000
    },
    "asset_BTC-USD": {
      "total_fills": 844,
      "p95_slippage_bps": 9.185184301416758,
      "mean_slippage_bps": 4.030209665753359,
      "median_slippage_bps": 3.4663471560130574,
      "p99_slippage_bps": 18.380468925679434,
      "maker_ratio": 0.7,
      "fills_under_threshold": 828,
      "pct_under_threshold": 0.981042654028436,
      "gate_status": "INSUFFICIENT_DATA",
      "reason": "need_2000_fills_have_844",
      "threshold_bps": 15.0,
      "min_sample_size": 2000
    },
    "asset_ETH-USD": {
      "total_fills": 876,
      "p95_slippage_bps": 8.264433957303968,
      "mean_slippage_bps": 3.916234398899174,
      "median_slippage_bps": 3.4768499877256236,
      "p99_slippage_bps": 16.049022353472942,
      "maker_ratio": 0.7,
      "fills_under_threshold": 865,
      "pct_under_threshold": 0.9874429223744292,
      "gate_status": "INSUFFICIENT_DATA",
      "reason": "need_2000_fills_have_876",
      "threshold_bps": 15.0,
      "min_sample_size": 2000
    },
    "venue_alpaca": {
      "total_fills": 873,
      "p95_slippage_bps": 9.229035487380909,
      "mean_slippage_bps": 3.887403870408295,
      "median_slippage_bps": 3.3005371666669707,
      "p99_slippage_bps": 16.056194464883877,
      "maker_ratio": 0.7,
      "fills_under_threshold": 861,
      "pct_under_threshold": 0.9862542955326461,
      "gate_status": "INSUFFICIENT_DATA",
      "reason": "need_2000_fills_have_873",
      "threshold_bps": 15.0,
      "min_sample_size": 2000
    },
    "venue_coinbase": {
      "total_fills": 863,
      "p95_slippage_bps": 8.639742057633647,
      "mean_slippage_bps": 3.9669392064104914,
      "median_slippage_bps": 3.4784926603331434,
      "p99_slippage_bps": 16.67221182919258,
      "maker_ratio": 0.7,
      "fills_under_threshold": 851,
      "pct_under_threshold": 0.9860950173812283,
      "gate_status": "INSUFFICIENT_DATA",
      "reason": "need_2000_fills_have_863",
      "threshold_bps": 15.0,
      "min_sample_size": 2000
    },
    "venue_binance": {
      "total_fills": 851,
      "p95_slippage_bps": 8.504387636024244,
      "mean_slippage_bps": 3.949031873252809,
      "median_slippage_bps": 3.3360350853810017,
      "p99_slippage_bps": 18.437309608037218,
      "maker_ratio": 0.7,
      "fills_under_threshold": 837,
      "pct_under_threshold": 0.9835487661574618,
      "gate_status": "INSUFFICIENT_DATA",
      "reason": "need_2000_fills_have_851",
      "threshold_bps": 15.0,
      "min_sample_size": 2000
    },
    "BTC-USD_alpaca": {
      "total_fills": 299,
      "p95_slippage_bps": 10.19450163700902,
      "mean_slippage_bps": 4.16369652074734,
      "median_slippage_bps": 3.527049586063839,
      "p99_slippage_bps": 17.974009816971005,
      "maker_ratio": 0.7,
      "fills_under_threshold": 294,
      "pct_under_threshold": 0.9832775919732442,
      "gate_status": "INSUFFICIENT_DATA",
      "reason": "need_2000_fills_have_299",
      "threshold_bps": 15.0,
      "min_sample_size": 2000
    },
    "BTC-USD_binance": {
      "total_fills": 281,
      "p95_slippage_bps": 9.182697597406495,
      "mean_slippage_bps": 3.9346123566667197,
      "median_slippage_bps": 3.3158103501971072,
      "p99_slippage_bps": 18.547057800318033,
      "maker_ratio": 0.7,
      "fills_under_threshold": 274,
      "pct_under_threshold": 0.9750889679715302,
      "gate_status": "INSUFFICIENT_DATA",
      "reason": "need_2000_fills_have_281",
      "threshold_bps": 15.0,
      "min_sample_size": 2000
    },
    "BTC-USD_coinbase": {
      "total_fills": 264,
      "p95_slippage_bps": 8.458811090147364,
      "mean_slippage_bps": 3.9807788862463345,
      "median_slippage_bps": 3.4860126641610445,
      "p99_slippage_bps": 16.4761838538626,
      "maker_ratio": 0.7,
      "fills_under_threshold": 260,
      "pct_under_threshold": 0.9848484848484849,
      "gate_status": "INSUFFICIENT_DATA",
      "reason": "need_2000_fills_have_264",
      "threshold_bps": 15.0,
      "min_sample_size": 2000
    },
    "ETH-USD_alpaca": {
      "total_fills": 303,
      "p95_slippage_bps": 8.503565125279227,
      "mean_slippage_bps": 3.730995395522849,
      "median_slippage_bps": 3.193259661628053,
      "p99_slippage_bps": 15.956213787965872,
      "maker_ratio": 0.7,
      "fills_under_threshold": 299,
      "pct_under_threshold": 0.9867986798679867,
      "gate_status": "INSUFFICIENT_DATA",
      "reason": "need_2000_fills_have_303",
      "threshold_bps": 15.0,
      "min_sample_size": 2000
    },
    "ETH-USD_binance": {
      "total_fills": 285,
      "p95_slippage_bps": 7.968634496246226,
      "mean_slippage_bps": 3.9521978140545366,
      "median_slippage_bps": 3.561463167799852,
      "p99_slippage_bps": 13.643873967813862,
      "maker_ratio": 0.7,
      "fills_under_threshold": 283,
      "pct_under_threshold": 0.9929824561403509,
      "gate_status": "INSUFFICIENT_DATA",
      "reason": "need_2000_fills_have_285",
      "threshold_bps": 15.0,
      "min_sample_size": 2000
    },
    "ETH-USD_coinbase": {
      "total_fills": 288,
      "p95_slippage_bps": 8.18562810808074,
      "mean_slippage_bps": 4.075532470787187,
      "median_slippage_bps": 3.6124417629840857,
      "p99_slippage_bps": 18.401060267861,
      "maker_ratio": 0.7,
      "fills_under_threshold": 283,
      "pct_under_threshold": 0.9826388888888888,
      "gate_status": "INSUFFICIENT_DATA",
      "reason": "need_2000_fills_have_288",
      "threshold_bps": 15.0,
      "min_sample_size": 2000
    },
    "NVDA_alpaca": {
      "total_fills": 271,
      "p95_slippage_bps": 9.086863199383103,
      "mean_slippage_bps": 3.757441750256693,
      "median_slippage_bps": 3.1436271789956383,
      "p99_slippage_bps": 14.336817063910324,
      "maker_ratio": 0.7,
      "fills_under_threshold": 268,
      "pct_under_threshold": 0.988929889298893,
      "gate_status": "INSUFFICIENT_DATA",
      "reason": "need_2000_fills_have_271",
      "threshold_bps": 15.0,
      "min_sample_size": 2000
    },
    "NVDA_binance": {
      "total_fills": 285,
      "p95_slippage_bps": 8.535023043899763,
      "mean_slippage_bps": 3.9600830698570144,
      "median_slippage_bps": 3.1946171635783935,
      "p99_slippage_bps": 18.79497759369452,
      "maker_ratio": 0.7,
      "fills_under_threshold": 280,
      "pct_under_threshold": 0.9824561403508771,
      "gate_status": "INSUFFICIENT_DATA",
      "reason": "need_2000_fills_have_285",
      "threshold_bps": 15.0,
      "min_sample_size": 2000
    },
    "NVDA_coinbase": {
      "total_fills": 311,
      "p95_slippage_bps": 8.831476891922696,
      "mean_slippage_bps": 3.8546288024968227,
      "median_slippage_bps": 3.3275460040185516,
      "p99_slippage_bps": 14.30986895922783,
      "maker_ratio": 0.7,
      "fills_under_threshold": 308,
      "pct_under_threshold": 0.9903536977491961,
      "gate_status": "INSUFFICIENT_DATA",