{
  "timestamp": "2025-08-16T14:35:22.554968+00:00",
  "window_hours": 48,
  "threshold_bps": 15.0,
  "min_sample_size": 2000,
  "overall_metrics": {
    "total_fills": 2742,
    "p95_slippage_bps": 8.799684521848947,
    "mean_slippage_bps": 3.945566142167214,
    "median_slippage_bps": 3.420470544421079,
    "p99_slippage_bps": 18.10297879795744,
    "maker_ratio": 0.7,
    "fills_under_threshold": 2694,
    "pct_under_threshold": 0.9824945295404814,
    "gate_status": "PASS",
    "reason": "criteria_met",
    "threshold_bps": 15.0,
    "min_sample_size": 2000
  },
  "breakdown_metrics": {
    "asset_ETH-USD": {
      "total_fills": 905,
      "p95_slippage_bps": 8.945054156627965,
      "mean_slippage_bps": 3.9152995439889215,
      "median_slippage_bps": 3.4221569337235653,
      "p99_slippage_bps": 17.37366022736973,
      "maker_ratio": 0.7,
      "fills_under_threshold": 893,
      "pct_under_threshold": 0.9867403314917127,
      "gate_status": "INSUFFICIENT_DATA",
      "reason": "need_2000_fills_have_905",
      "threshold_bps": 15.0,
      "min_sample_size": 2000
    },
    "asset_NVDA": {
      "total_fills": 915,
      "p95_slippage_bps": 8.604271859200804,
      "mean_slippage_bps": 3.9608069332938363,
      "median_slippage_bps": 3.4029376581704103,
      "p99_slippage_bps": 16.931493132399748,
      "maker_ratio": 0.7,
      "fills_under_threshold": 899,
      "pct_under_threshold": 0.9825136612021858,
      "gate_status": "INSUFFICIENT_DATA",
      "reason": "need_2000_fills_have_915",
      "threshold_bps": 15.0,
      "min_sample_size": 2000
    },
    "asset_BTC-USD": {
      "total_fills": 922,
      "p95_slippage_bps": 8.799183728836443,
      "mean_slippage_bps": 3.960149599293564,
      "median_slippage_bps": 3.430876047843178,
      "p99_slippage_bps": 19.242752605770598,
      "maker_ratio": 0.7,
      "fills_under_threshold": 902,
      "pct_under_threshold": 0.9783080260303688,
      "gate_status": "INSUFFICIENT_DATA",
      "reason": "need_2000_fills_have_922",
      "threshold_bps": 15.0,
      "min_sample_size": 2000
    },
    "venue_binance": {
      "total_fills": 937,
      "p95_slippage_bps": 9.77388751661687,
      "mean_slippage_bps": 4.02230492010555,
      "median_slippage_bps": 3.464558049938634,
      "p99_slippage_bps": 18.081304159074243,
      "maker_ratio": 0.7,
      "fills_under_threshold": 918,
      "pct_under_threshold": 0.9797225186766275,
      "gate_status": "INSUFFICIENT_DATA",
      "reason": "need_2000_fills_have_937",
      "threshold_bps": 15.0,
      "min_sample_size": 2000
    },
    "venue_alpaca": {
      "total_fills": 945,
      "p95_slippage_bps": 8.68631158477198,
      "mean_slippage_bps": 3.908687099805424,
      "median_slippage_bps": 3.3962845749356436,
      "p99_slippage_bps": 19.497885526178905,
      "maker_ratio": 0.7,
      "fills_under_threshold": 925,
      "pct_under_threshold": 0.9788359788359788,
      "gate_status": "INSUFFICIENT_DATA",
      "reason": "need_2000_fills_have_945",
      "threshold_bps": 15.0,
      "min_sample_size": 2000
    },
    "venue_coinbase": {
      "total_fills": 860,
      "p95_slippage_bps": 8.533480158128173,
      "mean_slippage_bps": 3.9024806306598543,
      "median_slippage_bps": 3.363998796349413,
      "p99_slippage_bps": 15.18822865497187,
      "maker_ratio": 0.7,
      "fills_under_threshold": 851,
      "pct_under_threshold": 0.9895348837209302,
      "gate_status": "INSUFFICIENT_DATA",
      "reason": "need_2000_fills_have_860",
      "threshold_bps": 15.0,
      "min_sample_size": 2000
    },
    "BTC-USD_alpaca": {
      "total_fills": 315,
      "p95_slippage_bps": 9.120899655178322,
      "mean_slippage_bps": 4.076889080040727,
      "median_slippage_bps": 3.4882948677869687,
      "p99_slippage_bps": 20.19893198191458,
      "maker_ratio": 0.7,
      "fills_under_threshold": 304,
      "pct_under_threshold": 0.9650793650793651,
      "gate_status": "INSUFFICIENT_DATA",
      "reason": "need_2000_fills_have_315",
      "threshold_bps": 15.0,
      "min_sample_size": 2000
    },
    "BTC-USD_binance": {
      "total_fills": 307,
      "p95_slippage_bps": 10.413458333214285,
      "mean_slippage_bps": 4.061446423396352,
      "median_slippage_bps": 3.460764919054797,
      "p99_slippage_bps": 15.56654938554531,
      "maker_ratio": 0.7,
      "fills_under_threshold": 302,
      "pct_under_threshold": 0.9837133550488599,
      "gate_status": "INSUFFICIENT_DATA",
      "reason": "need_2000_fills_have_307",
      "threshold_bps": 15.0,
      "min_sample_size": 2000
    },
    "BTC-USD_coinbase": {
      "total_fills": 300,
      "p95_slippage_bps": 7.903641329730814,
      "mean_slippage_bps": 3.733912727843858,
      "median_slippage_bps": 3.3268681347035423,
      "p99_slippage_bps": 15.513353510082808,
      "maker_ratio": 0.7,
      "fills_under_threshold": 296,
      "pct_under_threshold": 0.9866666666666667,
      "gate_status": "INSUFFICIENT_DATA",
      "reason": "need_2000_fills_have_300",
      "threshold_bps": 15.0,
      "min_sample_size": 2000
    },
    "ETH-USD_alpaca": {
      "total_fills": 307,
      "p95_slippage_bps": 7.534029440525549,
      "mean_slippage_bps": 3.6858706080006858,
      "median_slippage_bps": 3.2235957731196034,
      "p99_slippage_bps": 14.665980748123626,
      "maker_ratio": 0.7,
      "fills_under_threshold": 304,
      "pct_under_threshold": 0.990228013029316,
      "gate_status": "INSUFFICIENT_DATA",
      "reason": "need_2000_fills_have_307",
      "threshold_bps": 15.0,
      "min_sample_size": 2000
    },
    "ETH-USD_binance": {
      "total_fills": 328,
      "p95_slippage_bps": 9.937179913065743,
      "mean_slippage_bps": 4.073804471786574,
      "median_slippage_bps": 3.497770665810523,
      "p99_slippage_bps": 17.658774593288946,
      "maker_ratio": 0.7,
      "fills_under_threshold": 322,
      "pct_under_threshold": 0.9817073170731707,
      "gate_status": "INSUFFICIENT_DATA",
      "reason": "need_2000_fills_have_328",
      "threshold_bps": 15.0,
      "min_sample_size": 2000
    },
    "ETH-USD_coinbase": {
      "total_fills": 270,
      "p95_slippage_bps": 8.874652591712051,
      "mean_slippage_bps": 3.9836146070658027,
      "median_slippage_bps": 3.4414102563080684,
      "p99_slippage_bps": 14.801773352501678,
      "maker_ratio": 0.7,
      "fills_under_threshold": 267,
      "pct_under_threshold": 0.9888888888888889,
      "gate_status": "INSUFFICIENT_DATA",
      "reason": "need_2000_fills_have_270",
      "threshold_bps": 15.0,
      "min_sample_size": 2000
    },
    "NVDA_alpaca": {
      "total_fills": 323,
      "p95_slippage_bps": 9.31176708593384,
      "mean_slippage_bps": 3.956430255254136,
      "median_slippage_bps": 3.4061237292775863,
      "p99_slippage_bps": 16.347053390150272,
      "maker_ratio": 0.7,
      "fills_under_threshold": 317,
      "pct_under_threshold": 0.9814241486068112,
      "gate_status": "INSUFFICIENT_DATA",
      "reason": "need_2000_fills_have_323",
      "threshold_bps": 15.0,
      "min_sample_size": 2000
    },
    "NVDA_binance": {
      "total_fills": 302,
      "p95_slippage_bps": 8.094561372002342,
      "mean_slippage_bps": 3.9265820907623317,
      "median_slippage_bps": 3.378438517103872,
      "p99_slippage_bps": 19.13228766902823,
      "maker_ratio": 0.7,
      "fills_under_threshold": 294,
      "pct_under_threshold": 0.9735099337748344,
      "gate_status": "INSUFFICIENT_DATA",
      "reason": "need_2000_fills_have_302",
      "threshold_bps": 15.0,
      "min_sample_size": 2000
    },
    "NVDA_coinbase": {
      "total_fills": 290,
      "p95_slippage_bps": 8.45766937687166,
      "mean_slippage_bps": 4.001322690022588,
      "median_slippage_bps": 3.39147676072571,
      "p99_slippage_bps": 13.581317160404542,
      "maker_ratio": 0.7,
      "fills_under_threshold": 288,
      "pct_under_threshold": 0.993103448275862,
      "gate_status": "INSUFFICIENT_DATA",
      "reason": "need_2000_fills_have_290",