{
  "timestamp": "2025-08-16T18:59:54.824172+00:00",
  "window_hours": 48,
  "threshold_bps": 15.0,
  "min_sample_size": 2000,
  "overall_metrics": {
    "total_fills": 2748,
    "p95_slippage_bps": 8.778546030078477,
    "mean_slippage_bps": 3.9220842184428593,
    "median_slippage_bps": 3.3398251911074244,
    "p99_slippage_bps": 17.963638184565728,
    "maker_ratio": 0.7,
    "fills_under_threshold": 2700,
    "pct_under_threshold": 0.982532751091703,
    "gate_status": "PASS",
    "reason": "criteria_met",
    "threshold_bps": 15.0,
    "min_sample_size": 2000
  },
  "breakdown_metrics": {
    "asset_NVDA": {
      "total_fills": 911,
      "p95_slippage_bps": 8.88569286328406,
      "mean_slippage_bps": 3.9363777959217403,
      "median_slippage_bps": 3.3753003933822128,
      "p99_slippage_bps": 17.79314384599692,
      "maker_ratio": 0.7,
      "fills_under_threshold": 897,
      "pct_under_threshold": 0.9846322722283205,
      "gate_status": "INSUFFICIENT_DATA",
      "reason": "need_2000_fills_have_911",
      "threshold_bps": 15.0,
      "min_sample_size": 2000
    },
    "asset_BTC-USD": {
      "total_fills": 925,
      "p95_slippage_bps": 8.725116788921776,
      "mean_slippage_bps": 3.9381193290079946,
      "median_slippage_bps": 3.3250640788763635,
      "p99_slippage_bps": 18.505199466694435,
      "maker_ratio": 0.7,
      "fills_under_threshold": 907,
      "pct_under_threshold": 0.9805405405405405,
      "gate_status": "INSUFFICIENT_DATA",
      "reason": "need_2000_fills_have_925",
      "threshold_bps": 15.0,
      "min_sample_size": 2000
    },
    "asset_ETH-USD": {
      "total_fills": 912,
      "p95_slippage_bps": 8.68110083919292,
      "mean_slippage_bps": 3.89154263252618,
      "median_slippage_bps": 3.323543061534556,
      "p99_slippage_bps": 17.402448204662175,
      "maker_ratio": 0.7,
      "fills_under_threshold": 896,
      "pct_under_threshold": 0.9824561403508771,
      "gate_status": "INSUFFICIENT_DATA",
      "reason": "need_2000_fills_have_912",
      "threshold_bps": 15.0,
      "min_sample_size": 2000
    },
    "venue_coinbase": {
      "total_fills": 921,
      "p95_slippage_bps": 8.725152887821823,
      "mean_slippage_bps": 3.903673339466739,
      "median_slippage_bps": 3.3206509011456014,
      "p99_slippage_bps": 17.45373599106255,
      "maker_ratio": 0.7,
      "fills_under_threshold": 908,
      "pct_under_threshold": 0.9858849077090119,
      "gate_status": "INSUFFICIENT_DATA",
      "reason": "need_2000_fills_have_921",
      "threshold_bps": 15.0,
      "min_sample_size": 2000
    },
    "venue_binance": {
      "total_fills": 926,
      "p95_slippage_bps": 9.089256066243983,
      "mean_slippage_bps": 3.907661978298991,
      "median_slippage_bps": 3.251365603531763,
      "p99_slippage_bps": 18.064816340970243,
      "maker_ratio": 0.7,
      "fills_under_threshold": 907,
      "pct_under_threshold": 0.9794816414686826,
      "gate_status": "INSUFFICIENT_DATA",
      "reason": "need_2000_fills_have_926",
      "threshold_bps": 15.0,
      "min_sample_size": 2000
    },
    "venue_alpaca": {
      "total_fills": 901,
      "p95_slippage_bps": 8.705671436192183,
      "mean_slippage_bps": 3.955726187266642,
      "median_slippage_bps": 3.429727812703914,
      "p99_slippage_bps": 17.404403845890737,
      "maker_ratio": 0.7,
      "fills_under_threshold": 885,
      "pct_under_threshold": 0.9822419533851277,
      "gate_status": "INSUFFICIENT_DATA",
      "reason": "need_2000_fills_have_901",
      "threshold_bps": 15.0,
      "min_sample_size": 2000
    },
    "BTC-USD_alpaca": {
      "total_fills": 306,
      "p95_slippage_bps": 10.010331669020928,
      "mean_slippage_bps": 4.00783636107391,
      "median_slippage_bps": 3.356755790784929,
      "p99_slippage_bps": 17.046653670781073,
      "maker_ratio": 0.7,
      "fills_under_threshold": 300,
      "pct_under_threshold": 0.9803921568627451,
      "gate_status": "INSUFFICIENT_DATA",
      "reason": "need_2000_fills_have_306",
      "threshold_bps": 15.0,
      "min_sample_size": 2000
    },
    "BTC-USD_binance": {
      "total_fills": 306,
      "p95_slippage_bps": 8.106345760943526,
      "mean_slippage_bps": 3.8502095362571627,
      "median_slippage_bps": 3.3893640169901733,
      "p99_slippage_bps": 16.781045640501272,
      "maker_ratio": 0.7,
      "fills_under_threshold": 300,
      "pct_under_threshold": 0.9803921568627451,
      "gate_status": "INSUFFICIENT_DATA",
      "reason": "need_2000_fills_have_306",
      "threshold_bps": 15.0,
      "min_sample_size": 2000
    },
    "BTC-USD_coinbase": {
      "total_fills": 313,
      "p95_slippage_bps": 8.272339846451828,
      "mean_slippage_bps": 3.9559052228405336,
      "median_slippage_bps": 3.1923371965974185,
      "p99_slippage_bps": 18.922884997790653,
      "maker_ratio": 0.7,
      "fills_under_threshold": 307,
      "pct_under_threshold": 0.9808306709265175,
      "gate_status": "INSUFFICIENT_DATA",
      "reason": "need_2000_fills_have_313",
      "threshold_bps": 15.0,
      "min_sample_size": 2000
    },
    "ETH-USD_alpaca": {
      "total_fills": 294,
      "p95_slippage_bps": 8.353578191117636,
      "mean_slippage_bps": 3.976790083024858,
      "median_slippage_bps": 3.412144240306247,
      "p99_slippage_bps": 17.456990280938285,
      "maker_ratio": 0.7,
      "fills_under_threshold": 287,
      "pct_under_threshold": 0.9761904761904762,
      "gate_status": "INSUFFICIENT_DATA",
      "reason": "need_2000_fills_have_294",
      "threshold_bps": 15.0,
      "min_sample_size": 2000
    },
    "ETH-USD_binance": {
      "total_fills": 315,
      "p95_slippage_bps": 8.645683737659777,
      "mean_slippage_bps": 3.7734821540462633,
      "median_slippage_bps": 3.1426967801997963,
      "p99_slippage_bps": 17.8616114563469,
      "maker_ratio": 0.7,
      "fills_under_threshold": 309,
      "pct_under_threshold": 0.9809523809523809,
      "gate_status": "INSUFFICIENT_DATA",
      "reason": "need_2000_fills_have_315",
      "threshold_bps": 15.0,
      "min_sample_size": 2000
    },
    "ETH-USD_coinbase": {
      "total_fills": 303,
      "p95_slippage_bps": 8.926453664826974,
      "mean_slippage_bps": 3.9315634255115346,
      "median_slippage_bps": 3.4623037236096867,
      "p99_slippage_bps": 12.525350344170098,
      "maker_ratio": 0.7,
      "fills_under_threshold": 300,
      "pct_under_threshold": 0.9900990099009901,
      "gate_status": "INSUFFICIENT_DATA",
      "reason": "need_2000_fills_have_303",
      "threshold_bps": 15.0,
      "min_sample_size": 2000
    },
    "NVDA_alpaca": {
      "total_fills": 301,
      "p95_slippage_bps": 8.506313242387254,
      "mean_slippage_bps": 3.8821763582369426,
      "median_slippage_bps": 3.513994528797957,
      "p99_slippage_bps": 11.409220310941944,
      "maker_ratio": 0.7,
      "fills_under_threshold": 298,
      "pct_under_threshold": 0.9900332225913622,
      "gate_status": "INSUFFICIENT_DATA",
      "reason": "need_2000_fills_have_301",
      "threshold_bps": 15.0,
      "min_sample_size": 2000
    },
    "NVDA_binance": {
      "total_fills": 305,
      "p95_slippage_bps": 10.513163109986422,
      "mean_slippage_bps": 4.103881951756071,
      "median_slippage_bps": 3.3035864825834276,
      "p99_slippage_bps": 18.094441778813195,
      "maker_ratio": 0.7,
      "fills_under_threshold": 298,
      "pct_under_threshold": 0.9770491803278688,
      "gate_status": "INSUFFICIENT_DATA",
      "reason": "need_2000_fills_have_305",
      "threshold_bps": 15.0,
      "min_sample_size": 2000
    },
    "NVDA_coinbase": {
      "total_fills": 305,
      "p95_slippage_bps": 8.76852446566186,
      "mean_slippage_bps": 3.822364239245193,
      "median_slippage_bps": 3.3130307605647475,
      "p99_slippage_bps": 16.21097461174385,
      "maker_ratio": 0.7,
      "fills_under_threshold": 301,
      "pct_under_threshold": 0.9868852459016394,
      "gate_status": "INSUFFICIENT_DATA",