{
  "timestamp": "2025-08-16T17:26:33.096795+00:00",
  "window_hours": 48,
  "threshold_bps": 15.0,
  "min_sample_size": 2000,
  "overall_metrics": {
    "total_fills": 2741,
    "p95_slippage_bps": 8.974938985317658,
    "mean_slippage_bps": 3.999888336224204,
    "median_slippage_bps": 3.4231191378952097,
    "p99_slippage_bps": 18.691520728698983,
    "maker_ratio": 0.7,
    "fills_under_threshold": 2679,
    "pct_under_threshold": 0.9773805180591025,
    "gate_status": "PASS",
    "reason": "criteria_met",
    "threshold_bps": 15.0,
    "min_sample_size": 2000
  },
  "breakdown_metrics": {
    "asset_BTC-USD": {
      "total_fills": 893,
      "p95_slippage_bps": 9.323461258306633,
      "mean_slippage_bps": 4.082982548640306,
      "median_slippage_bps": 3.495487293607244,
      "p99_slippage_bps": 18.820117317560815,
      "maker_ratio": 0.7,
      "fills_under_threshold": 871,
      "pct_under_threshold": 0.975363941769317,
      "gate_status": "INSUFFICIENT_DATA",
      "reason": "need_2000_fills_have_893",
      "threshold_bps": 15.0,
      "min_sample_size": 2000
    },
    "asset_NVDA": {
      "total_fills": 932,
      "p95_slippage_bps": 9.29624895371792,
      "mean_slippage_bps": 4.01829641349326,
      "median_slippage_bps": 3.4133732325112636,
      "p99_slippage_bps": 19.32409897991933,
      "maker_ratio": 0.7,
      "fills_under_threshold": 910,
      "pct_under_threshold": 0.9763948497854077,
      "gate_status": "INSUFFICIENT_DATA",
      "reason": "need_2000_fills_have_932",
      "threshold_bps": 15.0,
      "min_sample_size": 2000
    },
    "asset_ETH-USD": {
      "total_fills": 916,
      "p95_slippage_bps": 8.474445575526756,
      "mean_slippage_bps": 3.9001509348024364,
      "median_slippage_bps": 3.333211772309192,
      "p99_slippage_bps": 17.54241115831473,
      "maker_ratio": 0.7,
      "fills_under_threshold": 898,
      "pct_under_threshold": 0.980349344978166,
      "gate_status": "INSUFFICIENT_DATA",
      "reason": "need_2000_fills_have_916",
      "threshold_bps": 15.0,
      "min_sample_size": 2000
    },
    "venue_coinbase": {
      "total_fills": 919,
      "p95_slippage_bps": 8.958527936052342,
      "mean_slippage_bps": 3.8895699174319884,
      "median_slippage_bps": 3.3535685097765984,
      "p99_slippage_bps": 16.440864324165556,
      "maker_ratio": 0.7,
      "fills_under_threshold": 903,
      "pct_under_threshold": 0.9825897714907508,
      "gate_status": "INSUFFICIENT_DATA",
      "reason": "need_2000_fills_have_919",
      "threshold_bps": 15.0,
      "min_sample_size": 2000
    },
    "venue_alpaca": {
      "total_fills": 905,
      "p95_slippage_bps": 8.961057027095348,
      "mean_slippage_bps": 4.09079625461533,
      "median_slippage_bps": 3.4920133597167666,
      "p99_slippage_bps": 19.82414322936349,
      "maker_ratio": 0.7,
      "fills_under_threshold": 883,
      "pct_under_threshold": 0.9756906077348066,
      "gate_status": "INSUFFICIENT_DATA",
      "reason": "need_2000_fills_have_905",
      "threshold_bps": 15.0,
      "min_sample_size": 2000
    },
    "venue_binance": {
      "total_fills": 917,
      "p95_slippage_bps": 8.919597082556459,
      "mean_slippage_bps": 4.020729078564529,
      "median_slippage_bps": 3.3902477419754495,
      "p99_slippage_bps": 18.870834188996174,
      "maker_ratio": 0.7,
      "fills_under_threshold": 893,
      "pct_under_threshold": 0.9738276990185387,
      "gate_status": "INSUFFICIENT_DATA",
      "reason": "need_2000_fills_have_917",
      "threshold_bps": 15.0,
      "min_sample_size": 2000
    },
    "BTC-USD_alpaca": {
      "total_fills": 288,
      "p95_slippage_bps": 10.493819503382186,
      "mean_slippage_bps": 4.253879764830296,
      "median_slippage_bps": 3.573377972766999,
      "p99_slippage_bps": 19.849413768476094,
      "maker_ratio": 0.7,
      "fills_under_threshold": 280,
      "pct_under_threshold": 0.9722222222222222,
      "gate_status": "INSUFFICIENT_DATA",
      "reason": "need_2000_fills_have_288",
      "threshold_bps": 15.0,
      "min_sample_size": 2000
    },
    "BTC-USD_binance": {
      "total_fills": 306,
      "p95_slippage_bps": 8.727213163199693,
      "mean_slippage_bps": 4.050498265504898,
      "median_slippage_bps": 3.4511067760868706,
      "p99_slippage_bps": 18.794137998246587,
      "maker_ratio": 0.7,
      "fills_under_threshold": 296,
      "pct_under_threshold": 0.9673202614379085,
      "gate_status": "INSUFFICIENT_DATA",
      "reason": "need_2000_fills_have_306",
      "threshold_bps": 15.0,
      "min_sample_size": 2000
    },
    "BTC-USD_coinbase": {
      "total_fills": 299,
      "p95_slippage_bps": 9.475321769087408,
      "mean_slippage_bps": 3.9516173057530737,
      "median_slippage_bps": 3.470075018143194,
      "p99_slippage_bps": 15.114080463114284,
      "maker_ratio": 0.7,
      "fills_under_threshold": 295,
      "pct_under_threshold": 0.9866220735785953,
      "gate_status": "INSUFFICIENT_DATA",
      "reason": "need_2000_fills_have_299",
      "threshold_bps": 15.0,
      "min_sample_size": 2000
    },
    "ETH-USD_alpaca": {
      "total_fills": 315,
      "p95_slippage_bps": 8.55164786735514,
      "mean_slippage_bps": 3.917870691837572,
      "median_slippage_bps": 3.2961757378563004,
      "p99_slippage_bps": 17.615045796447006,
      "maker_ratio": 0.7,
      "fills_under_threshold": 310,
      "pct_under_threshold": 0.9841269841269841,
      "gate_status": "INSUFFICIENT_DATA",
      "reason": "need_2000_fills_have_315",
      "threshold_bps": 15.0,
      "min_sample_size": 2000
    },
    "ETH-USD_binance": {
      "total_fills": 281,
      "p95_slippage_bps": 8.407986501465821,
      "mean_slippage_bps": 3.8688202868426065,
      "median_slippage_bps": 3.296307968157356,
      "p99_slippage_bps": 17.613856857303016,
      "maker_ratio": 0.7,
      "fills_under_threshold": 275,
      "pct_under_threshold": 0.9786476868327402,
      "gate_status": "INSUFFICIENT_DATA",
      "reason": "need_2000_fills_have_281",
      "threshold_bps": 15.0,
      "min_sample_size": 2000
    },
    "ETH-USD_coinbase": {
      "total_fills": 320,
      "p95_slippage_bps": 8.452911799350504,
      "mean_slippage_bps": 3.910220274210702,
      "median_slippage_bps": 3.3957200402121246,
      "p99_slippage_bps": 16.43829056309122,
      "maker_ratio": 0.7,
      "fills_under_threshold": 313,
      "pct_under_threshold": 0.978125,
      "gate_status": "INSUFFICIENT_DATA",
      "reason": "need_2000_fills_have_320",
      "threshold_bps": 15.0,
      "min_sample_size": 2000
    },
    "NVDA_alpaca": {
      "total_fills": 302,
      "p95_slippage_bps": 8.570115975714149,
      "mean_slippage_bps": 4.115642285519581,
      "median_slippage_bps": 3.5957744493440487,
      "p99_slippage_bps": 19.9367634719445,
      "maker_ratio": 0.7,
      "fills_under_threshold": 293,
      "pct_under_threshold": 0.9701986754966887,
      "gate_status": "INSUFFICIENT_DATA",
      "reason": "need_2000_fills_have_302",
      "threshold_bps": 15.0,
      "min_sample_size": 2000
    },
    "NVDA_binance": {
      "total_fills": 330,
      "p95_slippage_bps": 10.195224979700784,
      "mean_slippage_bps": 4.122477561201217,
      "median_slippage_bps": 3.4474116197108216,
      "p99_slippage_bps": 19.552427111400164,
      "maker_ratio": 0.7,
      "fills_under_threshold": 322,
      "pct_under_threshold": 0.9757575757575757,
      "gate_status": "INSUFFICIENT_DATA",
      "reason": "need_2000_fills_have_330",
      "threshold_bps": 15.0,
      "min_sample_size": 2000
    },
    "NVDA_coinbase": {
      "total_fills": 300,
      "p95_slippage_bps": 7.9860258018044625,
      "mean_slippage_bps": 3.8057023065080124,
      "median_slippage_bps": 3.234701774596191,
      "p99_slippage_bps": 17.777934913713725,
      "maker_ratio": 0.7,
      "fills_under_threshold": 295,
      "pct_under_threshold": 0.9833333333333333,
      "gate_status": "INSUFFICIENT_DATA",
      "reason": "need_2000_fills_have_300",