{
  "timestamp": "2025-08-16T11:02:41.872646+00:00",
  "window_hours": 48,
  "threshold_bps": 15.0,
  "min_sample_size": 2000,
  "overall_metrics": {
    "total_fills": 2752,
    "p95_slippage_bps": 9.068965118703664,
    "mean_slippage_bps": 4.002340913934603,
    "median_slippage_bps": 3.362591137176231,
    "p99_slippage_bps": 19.87077273187646,
    "maker_ratio": 0.7,
    "fills_under_threshold": 2694,
    "pct_under_threshold": 0.9789244186046512,
    "gate_status": "PASS",
    "reason": "criteria_met",
    "threshold_bps": 15.0,
    "min_sample_size": 2000
  },
  "breakdown_metrics": {
    "asset_ETH-USD": {
      "total_fills": 899,
      "p95_slippage_bps": 9.197710284946977,
      "mean_slippage_bps": 3.957316865670313,
      "median_slippage_bps": 3.3292831298257672,
      "p99_slippage_bps": 20.658873834236882,
      "maker_ratio": 0.7,
      "fills_under_threshold": 879,
      "pct_under_threshold": 0.9777530589543938,
      "gate_status": "INSUFFICIENT_DATA",
      "reason": "need_2000_fills_have_899",
      "threshold_bps": 15.0,
      "min_sample_size": 2000
    },
    "asset_NVDA": {
      "total_fills": 897,
      "p95_slippage_bps": 9.371496592741545,
      "mean_slippage_bps": 4.097869868193101,
      "median_slippage_bps": 3.4473775449628907,
      "p99_slippage_bps": 19.6588074921414,
      "maker_ratio": 0.7,
      "fills_under_threshold": 877,
      "pct_under_threshold": 0.9777034559643255,
      "gate_status": "INSUFFICIENT_DATA",
      "reason": "need_2000_fills_have_897",
      "threshold_bps": 15.0,
      "min_sample_size": 2000
    },
    "asset_BTC-USD": {
      "total_fills": 956,
      "p95_slippage_bps": 8.488551674415929,
      "mean_slippage_bps": 3.9550471350849423,
      "median_slippage_bps": 3.361657318483574,
      "p99_slippage_bps": 19.603373106859806,
      "maker_ratio": 0.7,
      "fills_under_threshold": 938,
      "pct_under_threshold": 0.9811715481171548,
      "gate_status": "INSUFFICIENT_DATA",
      "reason": "need_2000_fills_have_956",
      "threshold_bps": 15.0,
      "min_sample_size": 2000
    },
    "venue_alpaca": {
      "total_fills": 883,
      "p95_slippage_bps": 9.475209669310486,
      "mean_slippage_bps": 3.9780060166316757,
      "median_slippage_bps": 3.3298690926106485,
      "p99_slippage_bps": 19.738481979776637,
      "maker_ratio": 0.7,
      "fills_under_threshold": 863,
      "pct_under_threshold": 0.9773499433748585,
      "gate_status": "INSUFFICIENT_DATA",
      "reason": "need_2000_fills_have_883",
      "threshold_bps": 15.0,
      "min_sample_size": 2000
    },
    "venue_coinbase": {
      "total_fills": 903,
      "p95_slippage_bps": 8.946390748291039,
      "mean_slippage_bps": 3.9827111862248574,
      "median_slippage_bps": 3.3316884906446487,
      "p99_slippage_bps": 20.604710229113675,
      "maker_ratio": 0.7,
      "fills_under_threshold": 883,
      "pct_under_threshold": 0.9778516057585825,
      "gate_status": "INSUFFICIENT_DATA",
      "reason": "need_2000_fills_have_903",
      "threshold_bps": 15.0,
      "min_sample_size": 2000
    },
    "venue_binance": {
      "total_fills": 966,
      "p95_slippage_bps": 8.813329318784678,
      "mean_slippage_bps": 4.042934452692765,
      "median_slippage_bps": 3.418626903646321,
      "p99_slippage_bps": 19.4314400041173,
      "maker_ratio": 0.7,
      "fills_under_threshold": 948,
      "pct_under_threshold": 0.9813664596273292,
      "gate_status": "INSUFFICIENT_DATA",
      "reason": "need_2000_fills_have_966",
      "threshold_bps": 15.0,
      "min_sample_size": 2000
    },
    "BTC-USD_alpaca": {
      "total_fills": 286,
      "p95_slippage_bps": 10.365647719431204,
      "mean_slippage_bps": 4.140639971917778,
      "median_slippage_bps": 3.3208927528764223,
      "p99_slippage_bps": 20.373481539384215,
      "maker_ratio": 0.7,
      "fills_under_threshold": 277,
      "pct_under_threshold": 0.9685314685314685,
      "gate_status": "INSUFFICIENT_DATA",
      "reason": "need_2000_fills_have_286",
      "threshold_bps": 15.0,
      "min_sample_size": 2000
    },
    "BTC-USD_binance": {
      "total_fills": 357,
      "p95_slippage_bps": 8.182467942274378,
      "mean_slippage_bps": 3.93049693522438,
      "median_slippage_bps": 3.3914938447994682,
      "p99_slippage_bps": 19.110613203414268,
      "maker_ratio": 0.7,
      "fills_under_threshold": 351,
      "pct_under_threshold": 0.9831932773109243,
      "gate_status": "INSUFFICIENT_DATA",
      "reason": "need_2000_fills_have_357",
      "threshold_bps": 15.0,
      "min_sample_size": 2000
    },
    "BTC-USD_coinbase": {
      "total_fills": 313,
      "p95_slippage_bps": 8.42877448819673,
      "mean_slippage_bps": 3.8134652501521296,
      "median_slippage_bps": 3.3616715472557703,
      "p99_slippage_bps": 13.951811411358081,
      "maker_ratio": 0.7,
      "fills_under_threshold": 310,
      "pct_under_threshold": 0.9904153354632588,
      "gate_status": "INSUFFICIENT_DATA",
      "reason": "need_2000_fills_have_313",
      "threshold_bps": 15.0,
      "min_sample_size": 2000
    },
    "ETH-USD_alpaca": {
      "total_fills": 303,
      "p95_slippage_bps": 9.30799611108012,
      "mean_slippage_bps": 3.9378441484282445,
      "median_slippage_bps": 3.320313620116038,
      "p99_slippage_bps": 19.831621603514694,
      "maker_ratio": 0.7,
      "fills_under_threshold": 297,
      "pct_under_threshold": 0.9801980198019802,
      "gate_status": "INSUFFICIENT_DATA",
      "reason": "need_2000_fills_have_303",
      "threshold_bps": 15.0,
      "min_sample_size": 2000
    },
    "ETH-USD_binance": {
      "total_fills": 301,
      "p95_slippage_bps": 9.070352013845286,
      "mean_slippage_bps": 3.8830745051172766,
      "median_slippage_bps": 3.4010715587163576,
      "p99_slippage_bps": 16.89803310363929,
      "maker_ratio": 0.7,
      "fills_under_threshold": 296,
      "pct_under_threshold": 0.9833887043189369,
      "gate_status": "INSUFFICIENT_DATA",
      "reason": "need_2000_fills_have_301",
      "threshold_bps": 15.0,
      "min_sample_size": 2000
    },
    "ETH-USD_coinbase": {
      "total_fills": 295,
      "p95_slippage_bps": 9.65272282774441,
      "mean_slippage_bps": 4.053070031266281,
      "median_slippage_bps": 3.2577107054265393,
      "p99_slippage_bps": 21.530715901481752,
      "maker_ratio": 0.7,
      "fills_under_threshold": 286,
      "pct_under_threshold": 0.9694915254237289,
      "gate_status": "INSUFFICIENT_DATA",
      "reason": "need_2000_fills_have_295",
      "threshold_bps": 15.0,
      "min_sample_size": 2000
    },
    "NVDA_alpaca": {
      "total_fills": 294,
      "p95_slippage_bps": 9.063912816287178,
      "mean_slippage_bps": 3.861188788243289,
      "median_slippage_bps": 3.3543042682303916,
      "p99_slippage_bps": 15.614954170366985,
      "maker_ratio": 0.7,
      "fills_under_threshold": 289,
      "pct_under_threshold": 0.9829931972789115,
      "gate_status": "INSUFFICIENT_DATA",
      "reason": "need_2000_fills_have_294",
      "threshold_bps": 15.0,
      "min_sample_size": 2000
    },
    "NVDA_binance": {
      "total_fills": 308,
      "p95_slippage_bps": 9.516615642112754,
      "mean_slippage_bps": 4.3294865239798925,
      "median_slippage_bps": 3.517243822159662,
      "p99_slippage_bps": 19.64599383417119,
      "maker_ratio": 0.7,
      "fills_under_threshold": 301,
      "pct_under_threshold": 0.9772727272727273,
      "gate_status": "INSUFFICIENT_DATA",
      "reason": "need_2000_fills_have_308",
      "threshold_bps": 15.0,
      "min_sample_size": 2000
    },
    "NVDA_coinbase": {
      "total_fills": 295,
      "p95_slippage_bps": 9.270617599247602,
      "mean_slippage_bps": 4.0919251479317875,
      "median_slippage_bps": 3.4062154404685203,
      "p99_slippage_bps": 20.743475465236116,
      "maker_ratio": 0.7,
      "fills_under_threshold": 287,
      "pct_under_threshold": 0.9728813559322034,
      "gate_status": "INSUFFICIENT_DATA",