{
  "timestamp": "2025-08-16T17:36:55.655090+00:00",
  "window_hours": 48,
  "threshold_bps": 15.0,
  "min_sample_size": 2000,
  "overall_metrics": {
    "total_fills": 2743,
    "p95_slippage_bps": 8.921422267182662,
    "mean_slippage_bps": 3.9721250712957334,
    "median_slippage_bps": 3.366985703181148,
    "p99_slippage_bps": 18.911534664238335,
    "maker_ratio": 0.7,
    "fills_under_threshold": 2690,
    "pct_under_threshold": 0.980678089682829,
    "gate_status": "PASS",
    "reason": "criteria_met",
    "threshold_bps": 15.0,
    "min_sample_size": 2000
  },
  "breakdown_metrics": {
    "asset_BTC-USD": {
      "total_fills": 890,
      "p95_slippage_bps": 9.170229773042339,
      "mean_slippage_bps": 4.038955361915359,
      "median_slippage_bps": 3.2970811926301575,
      "p99_slippage_bps": 19.775553964626592,
      "maker_ratio": 0.7,
      "fills_under_threshold": 865,
      "pct_under_threshold": 0.9719101123595506,
      "gate_status": "INSUFFICIENT_DATA",
      "reason": "need_2000_fills_have_890",
      "threshold_bps": 15.0,
      "min_sample_size": 2000
    },
    "asset_ETH-USD": {
      "total_fills": 927,
      "p95_slippage_bps": 8.970895638853953,
      "mean_slippage_bps": 4.002285459580549,
      "median_slippage_bps": 3.420774272479797,
      "p99_slippage_bps": 17.753372927969206,
      "maker_ratio": 0.7,
      "fills_under_threshold": 911,
      "pct_under_threshold": 0.982740021574973,
      "gate_status": "INSUFFICIENT_DATA",
      "reason": "need_2000_fills_have_927",
      "threshold_bps": 15.0,
      "min_sample_size": 2000
    },
    "asset_NVDA": {
      "total_fills": 926,
      "p95_slippage_bps": 8.546570694924704,
      "mean_slippage_bps": 3.877699975624577,
      "median_slippage_bps": 3.362798787459276,
      "p99_slippage_bps": 17.1188828362497,
      "maker_ratio": 0.7,
      "fills_under_threshold": 914,
      "pct_under_threshold": 0.9870410367170627,
      "gate_status": "INSUFFICIENT_DATA",
      "reason": "need_2000_fills_have_926",
      "threshold_bps": 15.0,
      "min_sample_size": 2000
    },
    "venue_binance": {
      "total_fills": 889,
      "p95_slippage_bps": 9.685870347818245,
      "mean_slippage_bps": 4.178044746860115,
      "median_slippage_bps": 3.392866714075154,
      "p99_slippage_bps": 20.527997331781076,
      "maker_ratio": 0.7,
      "fills_under_threshold": 865,
      "pct_under_threshold": 0.9730033745781778,
      "gate_status": "INSUFFICIENT_DATA",
      "reason": "need_2000_fills_have_889",
      "threshold_bps": 15.0,
      "min_sample_size": 2000
    },
    "venue_coinbase": {
      "total_fills": 945,
      "p95_slippage_bps": 8.235585043974769,
      "mean_slippage_bps": 3.851729517795096,
      "median_slippage_bps": 3.2922780298746726,
      "p99_slippage_bps": 16.862342313327222,
      "maker_ratio": 0.7,
      "fills_under_threshold": 932,
      "pct_under_threshold": 0.9862433862433863,
      "gate_status": "INSUFFICIENT_DATA",
      "reason": "need_2000_fills_have_945",
      "threshold_bps": 15.0,
      "min_sample_size": 2000
    },
    "venue_alpaca": {
      "total_fills": 909,
      "p95_slippage_bps": 8.932067378048043,
      "mean_slippage_bps": 3.8958997758956975,
      "median_slippage_bps": 3.3971244506114315,
      "p99_slippage_bps": 17.25153372633799,
      "maker_ratio": 0.7,
      "fills_under_threshold": 893,
      "pct_under_threshold": 0.9823982398239824,
      "gate_status": "INSUFFICIENT_DATA",
      "reason": "need_2000_fills_have_909",
      "threshold_bps": 15.0,
      "min_sample_size": 2000
    },
    "BTC-USD_alpaca": {
      "total_fills": 294,
      "p95_slippage_bps": 8.814083466733935,
      "mean_slippage_bps": 3.941806949772658,
      "median_slippage_bps": 3.2735337460485425,
      "p99_slippage_bps": 17.611011400064115,
      "maker_ratio": 0.7,
      "fills_under_threshold": 286,
      "pct_under_threshold": 0.9727891156462585,
      "gate_status": "INSUFFICIENT_DATA",
      "reason": "need_2000_fills_have_294",
      "threshold_bps": 15.0,
      "min_sample_size": 2000
    },
    "BTC-USD_binance": {
      "total_fills": 302,
      "p95_slippage_bps": 10.52710502813202,
      "mean_slippage_bps": 4.50231046769233,
      "median_slippage_bps": 3.4702830939837366,
      "p99_slippage_bps": 19.76128035507093,
      "maker_ratio": 0.7,
      "fills_under_threshold": 290,
      "pct_under_threshold": 0.9602649006622517,
      "gate_status": "INSUFFICIENT_DATA",
      "reason": "need_2000_fills_have_302",
      "threshold_bps": 15.0,
      "min_sample_size": 2000
    },
    "BTC-USD_coinbase": {
      "total_fills": 294,
      "p95_slippage_bps": 8.15060850141479,
      "mean_slippage_bps": 3.6601403660830765,
      "median_slippage_bps": 3.1577671259356794,
      "p99_slippage_bps": 19.618419729595374,
      "maker_ratio": 0.7,
      "fills_under_threshold": 289,
      "pct_under_threshold": 0.9829931972789115,
      "gate_status": "INSUFFICIENT_DATA",
      "reason": "need_2000_fills_have_294",
      "threshold_bps": 15.0,
      "min_sample_size": 2000
    },
    "ETH-USD_alpaca": {
      "total_fills": 323,
      "p95_slippage_bps": 9.08238482356572,
      "mean_slippage_bps": 3.9807641163812058,
      "median_slippage_bps": 3.5333881275616763,
      "p99_slippage_bps": 16.409375793541656,
      "maker_ratio": 0.7,
      "fills_under_threshold": 318,
      "pct_under_threshold": 0.9845201238390093,
      "gate_status": "INSUFFICIENT_DATA",
      "reason": "need_2000_fills_have_323",
      "threshold_bps": 15.0,
      "min_sample_size": 2000
    },
    "ETH-USD_binance": {
      "total_fills": 275,
      "p95_slippage_bps": 9.309321145258014,
      "mean_slippage_bps": 3.9715149721083187,
      "median_slippage_bps": 3.3643452393301234,
      "p99_slippage_bps": 20.66675176532279,
      "maker_ratio": 0.7,
      "fills_under_threshold": 270,
      "pct_under_threshold": 0.9818181818181818,
      "gate_status": "INSUFFICIENT_DATA",
      "reason": "need_2000_fills_have_275",
      "threshold_bps": 15.0,
      "min_sample_size": 2000
    },
    "ETH-USD_coinbase": {
      "total_fills": 329,
      "p95_slippage_bps": 8.81696530986255,
      "mean_slippage_bps": 4.049134328602591,
      "median_slippage_bps": 3.2943010718414314,
      "p99_slippage_bps": 16.88537236046982,
      "maker_ratio": 0.7,
      "fills_under_threshold": 323,
      "pct_under_threshold": 0.9817629179331308,
      "gate_status": "INSUFFICIENT_DATA",
      "reason": "need_2000_fills_have_329",
      "threshold_bps": 15.0,
      "min_sample_size": 2000
    },
    "NVDA_alpaca": {
      "total_fills": 292,
      "p95_slippage_bps": 8.811600338609255,
      "mean_slippage_bps": 3.7558042584414313,
      "median_slippage_bps": 3.2537980230929575,
      "p99_slippage_bps": 13.434149929463485,
      "maker_ratio": 0.7,
      "fills_under_threshold": 289,
      "pct_under_threshold": 0.9897260273972602,
      "gate_status": "INSUFFICIENT_DATA",
      "reason": "need_2000_fills_have_292",
      "threshold_bps": 15.0,
      "min_sample_size": 2000
    },
    "NVDA_binance": {
      "total_fills": 312,
      "p95_slippage_bps": 8.659482568172091,
      "mean_slippage_bps": 4.046209619826188,
      "median_slippage_bps": 3.382199586876769,
      "p99_slippage_bps": 21.677661362167743,
      "maker_ratio": 0.7,
      "fills_under_threshold": 305,
      "pct_under_threshold": 0.9775641025641025,
      "gate_status": "INSUFFICIENT_DATA",
      "reason": "need_2000_fills_have_312",
      "threshold_bps": 15.0,
      "min_sample_size": 2000
    },
    "NVDA_coinbase": {
      "total_fills": 322,
      "p95_slippage_bps": 7.938065340817315,
      "mean_slippage_bps": 3.8249625235331957,
      "median_slippage_bps": 3.4191202666407263,
      "p99_slippage_bps": 14.017774410855742,
      "maker_ratio": 0.7,
      "fills_under_threshold": 320,
      "pct_under_threshold": 0.9937888198757764,
      "gate_status": "INSUFFICIENT_DATA",
      "reason": "need_2000_fills_have_322",