{
  "timestamp": "2025-08-16T12:51:36.557234+00:00",
  "window_hours": 48,
  "threshold_bps": 15.0,
  "min_sample_size": 2000,
  "overall_metrics": {
    "total_fills": 2765,
    "p95_slippage_bps": 9.25766225882062,
    "mean_slippage_bps": 4.0597648759809974,
    "median_slippage_bps": 3.4907357408677253,
    "p99_slippage_bps": 18.087867676918258,
    "maker_ratio": 0.7,
    "fills_under_threshold": 2709,
    "pct_under_threshold": 0.979746835443038,
    "gate_status": "PASS",
    "reason": "criteria_met",
    "threshold_bps": 15.0,
    "min_sample_size": 2000
  },
  "breakdown_metrics": {
    "asset_NVDA": {
      "total_fills": 886,
      "p95_slippage_bps": 8.408731895792158,
      "mean_slippage_bps": 3.919815460071363,
      "median_slippage_bps": 3.4138420067223203,
      "p99_slippage_bps": 17.180088782291275,
      "maker_ratio": 0.7,
      "fills_under_threshold": 874,
      "pct_under_threshold": 0.9864559819413092,
      "gate_status": "INSUFFICIENT_DATA",
      "reason": "need_2000_fills_have_886",
      "threshold_bps": 15.0,
      "min_sample_size": 2000
    },
    "asset_ETH-USD": {
      "total_fills": 929,
      "p95_slippage_bps": 9.83507860460473,
      "mean_slippage_bps": 4.181770914107697,
      "median_slippage_bps": 3.5675331311765155,
      "p99_slippage_bps": 18.394965951506435,
      "maker_ratio": 0.7,
      "fills_under_threshold": 906,
      "pct_under_threshold": 0.9752421959095802,
      "gate_status": "INSUFFICIENT_DATA",
      "reason": "need_2000_fills_have_929",
      "threshold_bps": 15.0,
      "min_sample_size": 2000
    },
    "asset_BTC-USD": {
      "total_fills": 950,
      "p95_slippage_bps": 9.293785425268052,
      "mean_slippage_bps": 4.070977058166505,
      "median_slippage_bps": 3.4969438948481564,
      "p99_slippage_bps": 17.55396189951844,
      "maker_ratio": 0.7,
      "fills_under_threshold": 929,
      "pct_under_threshold": 0.9778947368421053,
      "gate_status": "INSUFFICIENT_DATA",
      "reason": "need_2000_fills_have_950",
      "threshold_bps": 15.0,
      "min_sample_size": 2000
    },
    "venue_alpaca": {
      "total_fills": 968,
      "p95_slippage_bps": 8.925052001668234,
      "mean_slippage_bps": 4.075675362252049,
      "median_slippage_bps": 3.5653130254737873,
      "p99_slippage_bps": 17.04827687698469,
      "maker_ratio": 0.7,
      "fills_under_threshold": 951,
      "pct_under_threshold": 0.9824380165289256,
      "gate_status": "INSUFFICIENT_DATA",
      "reason": "need_2000_fills_have_968",
      "threshold_bps": 15.0,
      "min_sample_size": 2000
    },
    "venue_binance": {
      "total_fills": 878,
      "p95_slippage_bps": 9.414371870953893,
      "mean_slippage_bps": 4.140314888810432,
      "median_slippage_bps": 3.55874457891493,
      "p99_slippage_bps": 18.58809526777336,
      "maker_ratio": 0.7,
      "fills_under_threshold": 861,
      "pct_under_threshold": 0.9806378132118451,
      "gate_status": "INSUFFICIENT_DATA",
      "reason": "need_2000_fills_have_878",
      "threshold_bps": 15.0,
      "min_sample_size": 2000
    },
    "venue_coinbase": {
      "total_fills": 919,
      "p95_slippage_bps": 9.508093685899633,
      "mean_slippage_bps": 3.966049683407958,
      "median_slippage_bps": 3.323492759814708,
      "p99_slippage_bps": 18.736269469352862,
      "maker_ratio": 0.7,
      "fills_under_threshold": 897,
      "pct_under_threshold": 0.9760609357997824,
      "gate_status": "INSUFFICIENT_DATA",
      "reason": "need_2000_fills_have_919",
      "threshold_bps": 15.0,
      "min_sample_size": 2000
    },
    "BTC-USD_alpaca": {
      "total_fills": 326,
      "p95_slippage_bps": 8.479055091688478,
      "mean_slippage_bps": 4.068672528841423,
      "median_slippage_bps": 3.6340910084860525,
      "p99_slippage_bps": 16.595199461027015,
      "maker_ratio": 0.7,
      "fills_under_threshold": 319,
      "pct_under_threshold": 0.9785276073619632,
      "gate_status": "INSUFFICIENT_DATA",
      "reason": "need_2000_fills_have_326",
      "threshold_bps": 15.0,
      "min_sample_size": 2000
    },
    "BTC-USD_binance": {
      "total_fills": 299,
      "p95_slippage_bps": 9.46303370954157,
      "mean_slippage_bps": 4.1926118769524185,
      "median_slippage_bps": 3.5879093611851856,
      "p99_slippage_bps": 18.120521171633534,
      "maker_ratio": 0.7,
      "fills_under_threshold": 293,
      "pct_under_threshold": 0.979933110367893,
      "gate_status": "INSUFFICIENT_DATA",
      "reason": "need_2000_fills_have_299",
      "threshold_bps": 15.0,
      "min_sample_size": 2000
    },
    "BTC-USD_coinbase": {
      "total_fills": 325,
      "p95_slippage_bps": 9.382549502674797,
      "mean_slippage_bps": 3.961384645068007,
      "median_slippage_bps": 3.3627622029098823,
      "p99_slippage_bps": 18.679129412852724,
      "maker_ratio": 0.7,
      "fills_under_threshold": 317,
      "pct_under_threshold": 0.9753846153846154,
      "gate_status": "INSUFFICIENT_DATA",
      "reason": "need_2000_fills_have_325",
      "threshold_bps": 15.0,
      "min_sample_size": 2000
    },
    "ETH-USD_alpaca": {
      "total_fills": 330,
      "p95_slippage_bps": 9.369372798315757,
      "mean_slippage_bps": 4.3204351224187585,
      "median_slippage_bps": 3.6307420962452204,
      "p99_slippage_bps": 18.23776676984606,
      "maker_ratio": 0.7,
      "fills_under_threshold": 322,
      "pct_under_threshold": 0.9757575757575757,
      "gate_status": "INSUFFICIENT_DATA",
      "reason": "need_2000_fills_have_330",
      "threshold_bps": 15.0,
      "min_sample_size": 2000
    },
    "ETH-USD_binance": {
      "total_fills": 315,
      "p95_slippage_bps": 10.443742515154977,
      "mean_slippage_bps": 4.266404871335536,
      "median_slippage_bps": 3.6383759235018225,
      "p99_slippage_bps": 18.325364824945947,
      "maker_ratio": 0.7,
      "fills_under_threshold": 308,
      "pct_under_threshold": 0.9777777777777777,
      "gate_status": "INSUFFICIENT_DATA",
      "reason": "need_2000_fills_have_315",
      "threshold_bps": 15.0,
      "min_sample_size": 2000
    },
    "ETH-USD_coinbase": {
      "total_fills": 284,
      "p95_slippage_bps": 9.624367403994823,
      "mean_slippage_bps": 3.926774839215376,
      "median_slippage_bps": 3.2001450787813805,
      "p99_slippage_bps": 17.232774769323754,
      "maker_ratio": 0.7,
      "fills_under_threshold": 276,
      "pct_under_threshold": 0.971830985915493,
      "gate_status": "INSUFFICIENT_DATA",
      "reason": "need_2000_fills_have_284",
      "threshold_bps": 15.0,
      "min_sample_size": 2000
    },
    "NVDA_alpaca": {
      "total_fills": 312,
      "p95_slippage_bps": 8.095079915386151,
      "mean_slippage_bps": 3.8241119098060565,
      "median_slippage_bps": 3.437879184558956,
      "p99_slippage_bps": 12.891617073235198,
      "maker_ratio": 0.7,
      "fills_under_threshold": 310,
      "pct_under_threshold": 0.9935897435897436,
      "gate_status": "INSUFFICIENT_DATA",
      "reason": "need_2000_fills_have_312",
      "threshold_bps": 15.0,
      "min_sample_size": 2000
    },
    "NVDA_binance": {
      "total_fills": 264,
      "p95_slippage_bps": 8.16456807123363,
      "mean_slippage_bps": 3.9306363132427777,
      "median_slippage_bps": 3.3753808928502487,
      "p99_slippage_bps": 18.14635181109567,
      "maker_ratio": 0.7,
      "fills_under_threshold": 260,
      "pct_under_threshold": 0.9848484848484849,
      "gate_status": "INSUFFICIENT_DATA",
      "reason": "need_2000_fills_have_264",
      "threshold_bps": 15.0,
      "min_sample_size": 2000
    },
    "NVDA_coinbase": {
      "total_fills": 310,
      "p95_slippage_bps": 9.006378025413206,
      "mean_slippage_bps": 4.006921274411757,
      "median_slippage_bps": 3.415878158184304,
      "p99_slippage_bps": 18.13001295908164,
      "maker_ratio": 0.7,
      "fills_under_threshold": 304,
      "pct_under_threshold": 0.9806451612903225,
      "gate_status": "INSUFFICIENT_DATA",
      "reason": "need_2000_fills_have_310",