{
  "timestamp": "2025-08-16T12:20:29.775578+00:00",
  "window_hours": 48,
  "threshold_bps": 15.0,
  "min_sample_size": 2000,
  "overall_metrics": {
    "total_fills": 2760,
    "p95_slippage_bps": 8.939642552798444,
    "mean_slippage_bps": 3.9696173950214515,
    "median_slippage_bps": 3.3994387420882366,
    "p99_slippage_bps": 17.863564058375797,
    "maker_ratio": 0.7,
    "fills_under_threshold": 2710,
    "pct_under_threshold": 0.9818840579710145,
    "gate_status": "PASS",
    "reason": "criteria_met",
    "threshold_bps": 15.0,
    "min_sample_size": 2000
  },
  "breakdown_metrics": {
    "asset_ETH-USD": {
      "total_fills": 958,
      "p95_slippage_bps": 8.820867263722848,
      "mean_slippage_bps": 3.9141308594166246,
      "median_slippage_bps": 3.3501707774670746,
      "p99_slippage_bps": 16.83987956082066,
      "maker_ratio": 0.7,
      "fills_under_threshold": 942,
      "pct_under_threshold": 0.9832985386221295,
      "gate_status": "INSUFFICIENT_DATA",
      "reason": "need_2000_fills_have_958",
      "threshold_bps": 15.0,
      "min_sample_size": 2000
    },
    "asset_NVDA": {
      "total_fills": 920,
      "p95_slippage_bps": 9.146215447772859,
      "mean_slippage_bps": 4.0139875766756585,
      "median_slippage_bps": 3.385771955214574,
      "p99_slippage_bps": 19.306665724398957,
      "maker_ratio": 0.7,
      "fills_under_threshold": 901,
      "pct_under_threshold": 0.9793478260869565,
      "gate_status": "INSUFFICIENT_DATA",
      "reason": "need_2000_fills_have_920",
      "threshold_bps": 15.0,
      "min_sample_size": 2000
    },
    "asset_BTC-USD": {
      "total_fills": 882,
      "p95_slippage_bps": 8.603007709077696,
      "mean_slippage_bps": 3.983603261220492,
      "median_slippage_bps": 3.44973678146727,
      "p99_slippage_bps": 17.519154777713492,
      "maker_ratio": 0.7,
      "fills_under_threshold": 867,
      "pct_under_threshold": 0.9829931972789115,
      "gate_status": "INSUFFICIENT_DATA",
      "reason": "need_2000_fills_have_882",
      "threshold_bps": 15.0,
      "min_sample_size": 2000
    },
    "venue_binance": {
      "total_fills": 914,
      "p95_slippage_bps": 9.102473827905586,
      "mean_slippage_bps": 4.022114962411709,
      "median_slippage_bps": 3.4752652783759297,
      "p99_slippage_bps": 17.46963653698884,
      "maker_ratio": 0.7,
      "fills_under_threshold": 898,
      "pct_under_threshold": 0.9824945295404814,
      "gate_status": "INSUFFICIENT_DATA",
      "reason": "need_2000_fills_have_914",
      "threshold_bps": 15.0,
      "min_sample_size": 2000
    },
    "venue_coinbase": {
      "total_fills": 931,
      "p95_slippage_bps": 8.746851278654777,
      "mean_slippage_bps": 3.877399302907914,
      "median_slippage_bps": 3.294796493667145,
      "p99_slippage_bps": 17.938724704424676,
      "maker_ratio": 0.7,
      "fills_under_threshold": 912,
      "pct_under_threshold": 0.9795918367346939,
      "gate_status": "INSUFFICIENT_DATA",
      "reason": "need_2000_fills_have_931",
      "threshold_bps": 15.0,
      "min_sample_size": 2000
    },
    "venue_alpaca": {
      "total_fills": 915,
      "p95_slippage_bps": 8.829802126770582,
      "mean_slippage_bps": 4.0110078509373075,
      "median_slippage_bps": 3.4497020099059297,
      "p99_slippage_bps": 18.027528053405156,
      "maker_ratio": 0.7,
      "fills_under_threshold": 900,
      "pct_under_threshold": 0.9836065573770492,
      "gate_status": "INSUFFICIENT_DATA",
      "reason": "need_2000_fills_have_915",
      "threshold_bps": 15.0,
      "min_sample_size": 2000
    },
    "BTC-USD_alpaca": {
      "total_fills": 298,
      "p95_slippage_bps": 7.65447792920823,
      "mean_slippage_bps": 3.730148220401712,
      "median_slippage_bps": 3.3826278360319133,
      "p99_slippage_bps": 10.98181866825653,
      "maker_ratio": 0.7,
      "fills_under_threshold": 296,
      "pct_under_threshold": 0.9932885906040269,
      "gate_status": "INSUFFICIENT_DATA",
      "reason": "need_2000_fills_have_298",
      "threshold_bps": 15.0,
      "min_sample_size": 2000
    },
    "BTC-USD_binance": {
      "total_fills": 303,
      "p95_slippage_bps": 9.535926126619904,
      "mean_slippage_bps": 4.166996529638914,
      "median_slippage_bps": 3.5796562908263017,
      "p99_slippage_bps": 17.21583275329561,
      "maker_ratio": 0.7,
      "fills_under_threshold": 297,
      "pct_under_threshold": 0.9801980198019802,
      "gate_status": "INSUFFICIENT_DATA",
      "reason": "need_2000_fills_have_303",
      "threshold_bps": 15.0,
      "min_sample_size": 2000
    },
    "BTC-USD_coinbase": {
      "total_fills": 281,
      "p95_slippage_bps": 9.075624425176894,
      "mean_slippage_bps": 4.054640420769298,
      "median_slippage_bps": 3.3654844888214868,
      "p99_slippage_bps": 18.18653885958024,
      "maker_ratio": 0.7,
      "fills_under_threshold": 274,
      "pct_under_threshold": 0.9750889679715302,
      "gate_status": "INSUFFICIENT_DATA",
      "reason": "need_2000_fills_have_281",
      "threshold_bps": 15.0,
      "min_sample_size": 2000
    },
    "ETH-USD_alpaca": {
      "total_fills": 321,
      "p95_slippage_bps": 9.35635821702786,
      "mean_slippage_bps": 4.2097874209151485,
      "median_slippage_bps": 3.658436599721039,
      "p99_slippage_bps": 19.23657400434207,
      "maker_ratio": 0.7,
      "fills_under_threshold": 314,
      "pct_under_threshold": 0.9781931464174455,
      "gate_status": "INSUFFICIENT_DATA",
      "reason": "need_2000_fills_have_321",
      "threshold_bps": 15.0,
      "min_sample_size": 2000
    },
    "ETH-USD_binance": {
      "total_fills": 328,
      "p95_slippage_bps": 9.05387788758663,
      "mean_slippage_bps": 3.8999455742994904,
      "median_slippage_bps": 3.267003582630487,
      "p99_slippage_bps": 16.96857341600354,
      "maker_ratio": 0.7,
      "fills_under_threshold": 323,
      "pct_under_threshold": 0.9847560975609756,
      "gate_status": "INSUFFICIENT_DATA",
      "reason": "need_2000_fills_have_328",
      "threshold_bps": 15.0,
      "min_sample_size": 2000
    },
    "ETH-USD_coinbase": {
      "total_fills": 309,
      "p95_slippage_bps": 7.599776935630964,
      "mean_slippage_bps": 3.622050009181652,
      "median_slippage_bps": 3.2523328305915844,
      "p99_slippage_bps": 15.43119272711022,
      "maker_ratio": 0.7,
      "fills_under_threshold": 305,
      "pct_under_threshold": 0.9870550161812298,
      "gate_status": "INSUFFICIENT_DATA",
      "reason": "need_2000_fills_have_309",
      "threshold_bps": 15.0,
      "min_sample_size": 2000
    },
    "NVDA_alpaca": {
      "total_fills": 296,
      "p95_slippage_bps": 9.54159793105791,
      "mean_slippage_bps": 4.078196796669469,
      "median_slippage_bps": 3.387520761863879,
      "p99_slippage_bps": 18.21248030866419,
      "maker_ratio": 0.7,
      "fills_under_threshold": 290,
      "pct_under_threshold": 0.9797297297297297,
      "gate_status": "INSUFFICIENT_DATA",
      "reason": "need_2000_fills_have_296",
      "threshold_bps": 15.0,
      "min_sample_size": 2000
    },
    "NVDA_binance": {
      "total_fills": 283,
      "p95_slippage_bps": 8.29173718399958,
      "mean_slippage_bps": 4.008590031072361,
      "median_slippage_bps": 3.5129652184790654,
      "p99_slippage_bps": 19.07563560989143,
      "maker_ratio": 0.7,
      "fills_under_threshold": 278,
      "pct_under_threshold": 0.9823321554770318,
      "gate_status": "INSUFFICIENT_DATA",
      "reason": "need_2000_fills_have_283",
      "threshold_bps": 15.0,
      "min_sample_size": 2000
    },
    "NVDA_coinbase": {
      "total_fills": 341,
      "p95_slippage_bps": 9.724363341450909,
      "mean_slippage_bps": 3.962731202152389,
      "median_slippage_bps": 3.285894071462261,
      "p99_slippage_bps": 20.278458608404957,
      "maker_ratio": 0.7,
      "fills_under_threshold": 333,
      "pct_under_threshold": 0.9765395894428153,
      "gate_status": "INSUFFICIENT_DATA",
      "reason": "need_2000_fills_have_341",