{
  "timestamp": "2025-08-16T09:44:51.371791+00:00",
  "window_hours": 48,
  "threshold_bps": 15.0,
  "min_sample_size": 2000,
  "overall_metrics": {
    "total_fills": 2741,
    "p95_slippage_bps": 8.93217361811974,
    "mean_slippage_bps": 4.003899617113955,
    "median_slippage_bps": 3.41839236254706,
    "p99_slippage_bps": 19.512582845274185,
    "maker_ratio": 0.7,
    "fills_under_threshold": 2675,
    "pct_under_threshold": 0.9759211966435607,
    "gate_status": "PASS",
    "reason": "criteria_met",
    "threshold_bps": 15.0,
    "min_sample_size": 2000
  },
  "breakdown_metrics": {
    "asset_NVDA": {
      "total_fills": 888,
      "p95_slippage_bps": 8.6507540530326,
      "mean_slippage_bps": 3.922273488429432,
      "median_slippage_bps": 3.383249769820714,
      "p99_slippage_bps": 20.397363225485815,
      "maker_ratio": 0.7,
      "fills_under_threshold": 868,
      "pct_under_threshold": 0.9774774774774775,
      "gate_status": "INSUFFICIENT_DATA",
      "reason": "need_2000_fills_have_888",
      "threshold_bps": 15.0,
      "min_sample_size": 2000
    },
    "asset_BTC-USD": {
      "total_fills": 914,
      "p95_slippage_bps": 9.762087189016396,
      "mean_slippage_bps": 4.1615095956780275,
      "median_slippage_bps": 3.4605707293123347,
      "p99_slippage_bps": 19.471154731906246,
      "maker_ratio": 0.7,
      "fills_under_threshold": 884,
      "pct_under_threshold": 0.9671772428884027,
      "gate_status": "INSUFFICIENT_DATA",
      "reason": "need_2000_fills_have_914",
      "threshold_bps": 15.0,
      "min_sample_size": 2000
    },
    "asset_ETH-USD": {
      "total_fills": 939,
      "p95_slippage_bps": 8.419642665637026,
      "mean_slippage_bps": 3.927678618034397,
      "median_slippage_bps": 3.4187290215280175,
      "p99_slippage_bps": 18.015793394768185,
      "maker_ratio": 0.7,
      "fills_under_threshold": 923,
      "pct_under_threshold": 0.9829605963791267,
      "gate_status": "INSUFFICIENT_DATA",
      "reason": "need_2000_fills_have_939",
      "threshold_bps": 15.0,
      "min_sample_size": 2000
    },
    "venue_alpaca": {
      "total_fills": 873,
      "p95_slippage_bps": 9.97562529508008,
      "mean_slippage_bps": 4.245163643174323,
      "median_slippage_bps": 3.4620325106143257,
      "p99_slippage_bps": 20.509757383736243,
      "maker_ratio": 0.7,
      "fills_under_threshold": 841,
      "pct_under_threshold": 0.9633447880870561,
      "gate_status": "INSUFFICIENT_DATA",
      "reason": "need_2000_fills_have_873",
      "threshold_bps": 15.0,
      "min_sample_size": 2000
    },
    "venue_binance": {
      "total_fills": 952,
      "p95_slippage_bps": 8.695520240190271,
      "mean_slippage_bps": 3.9556617813507526,
      "median_slippage_bps": 3.424544968308587,
      "p99_slippage_bps": 18.116102568601654,
      "maker_ratio": 0.7,
      "fills_under_threshold": 931,
      "pct_under_threshold": 0.9779411764705882,
      "gate_status": "INSUFFICIENT_DATA",
      "reason": "need_2000_fills_have_952",
      "threshold_bps": 15.0,
      "min_sample_size": 2000
    },
    "venue_coinbase": {
      "total_fills": 916,
      "p95_slippage_bps": 8.139524712631749,
      "mean_slippage_bps": 3.824094949969706,
      "median_slippage_bps": 3.3419653478221565,
      "p99_slippage_bps": 17.836870505153286,
      "maker_ratio": 0.7,
      "fills_under_threshold": 903,
      "pct_under_threshold": 0.9858078602620087,
      "gate_status": "INSUFFICIENT_DATA",
      "reason": "need_2000_fills_have_916",
      "threshold_bps": 15.0,
      "min_sample_size": 2000
    },
    "BTC-USD_alpaca": {
      "total_fills": 293,
      "p95_slippage_bps": 12.727780375076033,
      "mean_slippage_bps": 4.492956053908641,
      "median_slippage_bps": 3.5425311215883273,
      "p99_slippage_bps": 19.596742616037666,
      "maker_ratio": 0.7,
      "fills_under_threshold": 279,
      "pct_under_threshold": 0.9522184300341296,
      "gate_status": "INSUFFICIENT_DATA",
      "reason": "need_2000_fills_have_293",
      "threshold_bps": 15.0,
      "min_sample_size": 2000
    },
    "BTC-USD_binance": {
      "total_fills": 321,
      "p95_slippage_bps": 9.314768910034442,
      "mean_slippage_bps": 4.12803741181709,
      "median_slippage_bps": 3.4300783117675797,
      "p99_slippage_bps": 21.598937396876977,
      "maker_ratio": 0.7,
      "fills_under_threshold": 310,
      "pct_under_threshold": 0.9657320872274143,
      "gate_status": "INSUFFICIENT_DATA",
      "reason": "need_2000_fills_have_321",
      "threshold_bps": 15.0,
      "min_sample_size": 2000
    },
    "BTC-USD_coinbase": {
      "total_fills": 300,
      "p95_slippage_bps": 8.118360840448528,
      "mean_slippage_bps": 3.8736121248706636,
      "median_slippage_bps": 3.4000528856351666,
      "p99_slippage_bps": 17.874753727651765,
      "maker_ratio": 0.7,
      "fills_under_threshold": 295,
      "pct_under_threshold": 0.9833333333333333,
      "gate_status": "INSUFFICIENT_DATA",
      "reason": "need_2000_fills_have_300",
      "threshold_bps": 15.0,
      "min_sample_size": 2000
    },
    "ETH-USD_alpaca": {
      "total_fills": 303,
      "p95_slippage_bps": 8.309062615229296,
      "mean_slippage_bps": 3.948023355760649,
      "median_slippage_bps": 3.3955084594642084,
      "p99_slippage_bps": 19.43323904252222,
      "maker_ratio": 0.7,
      "fills_under_threshold": 297,
      "pct_under_threshold": 0.9801980198019802,
      "gate_status": "INSUFFICIENT_DATA",
      "reason": "need_2000_fills_have_303",
      "threshold_bps": 15.0,
      "min_sample_size": 2000
    },
    "ETH-USD_binance": {
      "total_fills": 325,
      "p95_slippage_bps": 8.08305220754301,
      "mean_slippage_bps": 3.8098042212877186,
      "median_slippage_bps": 3.4075432641117427,
      "p99_slippage_bps": 16.34249476331935,
      "maker_ratio": 0.7,
      "fills_under_threshold": 320,
      "pct_under_threshold": 0.9846153846153847,
      "gate_status": "INSUFFICIENT_DATA",
      "reason": "need_2000_fills_have_325",
      "threshold_bps": 15.0,
      "min_sample_size": 2000
    },
    "ETH-USD_coinbase": {
      "total_fills": 311,
      "p95_slippage_bps": 9.265115480256945,
      "mean_slippage_bps": 4.031037857300046,
      "median_slippage_bps": 3.475365862606929,
      "p99_slippage_bps": 17.79317586357853,
      "maker_ratio": 0.7,
      "fills_under_threshold": 306,
      "pct_under_threshold": 0.9839228295819936,
      "gate_status": "INSUFFICIENT_DATA",
      "reason": "need_2000_fills_have_311",
      "threshold_bps": 15.0,
      "min_sample_size": 2000
    },
    "NVDA_alpaca": {
      "total_fills": 277,
      "p95_slippage_bps": 11.08562348073335,
      "mean_slippage_bps": 4.308089024911468,
      "median_slippage_bps": 3.4315613062141312,
      "p99_slippage_bps": 21.259240557669656,
      "maker_ratio": 0.7,
      "fills_under_threshold": 265,
      "pct_under_threshold": 0.9566787003610109,
      "gate_status": "INSUFFICIENT_DATA",
      "reason": "need_2000_fills_have_277",
      "threshold_bps": 15.0,
      "min_sample_size": 2000
    },
    "NVDA_binance": {
      "total_fills": 306,
      "p95_slippage_bps": 9.047167537694428,
      "mean_slippage_bps": 3.929750440307589,
      "median_slippage_bps": 3.42939985023967,
      "p99_slippage_bps": 17.381642254916684,
      "maker_ratio": 0.7,
      "fills_under_threshold": 301,
      "pct_under_threshold": 0.9836601307189542,
      "gate_status": "INSUFFICIENT_DATA",
      "reason": "need_2000_fills_have_306",
      "threshold_bps": 15.0,
      "min_sample_size": 2000
    },
    "NVDA_coinbase": {
      "total_fills": 305,
      "p95_slippage_bps": 7.336709409101264,
      "mean_slippage_bps": 3.5643756166909415,
      "median_slippage_bps": 3.191425838749475,
      "p99_slippage_bps": 11.921718037831631,
      "maker_ratio": 0.7,
      "fills_under_threshold": 302,
      "pct_under_threshold": 0.9901639344262295,
      "gate_status": "INSUFFICIENT_DATA",
      "reason": "need_2000_fills_have_305",