{
  "timestamp": "2025-08-16T07:04:00.316799+00:00",
  "window_hours": 48,
  "threshold_bps": 15.0,
  "min_sample_size": 2000,
  "overall_metrics": {
    "total_fills": 2614,
    "p95_slippage_bps": 9.533228928691779,
    "mean_slippage_bps": 4.080743376447705,
    "median_slippage_bps": 3.4195508721975063,
    "p99_slippage_bps": 19.930707113923376,
    "maker_ratio": 0.7,
    "fills_under_threshold": 2551,
    "pct_under_threshold": 0.9758990053557766,
    "gate_status": "PASS",
    "reason": "criteria_met",
    "threshold_bps": 15.0,
    "min_sample_size": 2000
  },
  "breakdown_metrics": {
    "asset_ETH-USD": {
      "total_fills": 937,
      "p95_slippage_bps": 9.626611522264325,
      "mean_slippage_bps": 4.148199819171439,
      "median_slippage_bps": 3.512791354236756,
      "p99_slippage_bps": 20.254303624902878,
      "maker_ratio": 0.7,
      "fills_under_threshold": 912,
      "pct_under_threshold": 0.9733191035218783,
      "gate_status": "INSUFFICIENT_DATA",
      "reason": "need_2000_fills_have_937",
      "threshold_bps": 15.0,
      "min_sample_size": 2000
    },
    "asset_BTC-USD": {
      "total_fills": 853,
      "p95_slippage_bps": 10.556657376901587,
      "mean_slippage_bps": 4.130648088670585,
      "median_slippage_bps": 3.3082272353159348,
      "p99_slippage_bps": 20.80160498013742,
      "maker_ratio": 0.7,
      "fills_under_threshold": 829,
      "pct_under_threshold": 0.9718640093786636,
      "gate_status": "INSUFFICIENT_DATA",
      "reason": "need_2000_fills_have_853",
      "threshold_bps": 15.0,
      "min_sample_size": 2000
    },
    "asset_NVDA": {
      "total_fills": 824,
      "p95_slippage_bps": 8.6392932965004,
      "mean_slippage_bps": 3.9523751648478824,
      "median_slippage_bps": 3.4641156917459988,
      "p99_slippage_bps": 18.003587773838003,
      "maker_ratio": 0.7,
      "fills_under_threshold": 810,
      "pct_under_threshold": 0.9830097087378641,
      "gate_status": "INSUFFICIENT_DATA",
      "reason": "need_2000_fills_have_824",
      "threshold_bps": 15.0,
      "min_sample_size": 2000
    },
    "venue_alpaca": {
      "total_fills": 847,
      "p95_slippage_bps": 9.573463221932276,
      "mean_slippage_bps": 4.029369415584337,
      "median_slippage_bps": 3.3887874510810896,
      "p99_slippage_bps": 19.61018742089339,
      "maker_ratio": 0.7,
      "fills_under_threshold": 827,
      "pct_under_threshold": 0.9763872491145218,
      "gate_status": "INSUFFICIENT_DATA",
      "reason": "need_2000_fills_have_847",
      "threshold_bps": 15.0,
      "min_sample_size": 2000
    },
    "venue_coinbase": {
      "total_fills": 908,
      "p95_slippage_bps": 10.432957023947914,
      "mean_slippage_bps": 4.227449081749958,
      "median_slippage_bps": 3.458074780571314,
      "p99_slippage_bps": 20.22342731395917,
      "maker_ratio": 0.7,
      "fills_under_threshold": 883,
      "pct_under_threshold": 0.9724669603524229,
      "gate_status": "INSUFFICIENT_DATA",
      "reason": "need_2000_fills_have_908",
      "threshold_bps": 15.0,
      "min_sample_size": 2000
    },
    "venue_binance": {
      "total_fills": 859,
      "p95_slippage_bps": 8.703237073234803,
      "mean_slippage_bps": 3.9763254072239906,
      "median_slippage_bps": 3.4065439713987957,
      "p99_slippage_bps": 19.481070551004915,
      "maker_ratio": 0.7,
      "fills_under_threshold": 841,
      "pct_under_threshold": 0.9790454016298021,
      "gate_status": "INSUFFICIENT_DATA",
      "reason": "need_2000_fills_have_859",
      "threshold_bps": 15.0,
      "min_sample_size": 2000
    },
    "BTC-USD_alpaca": {
      "total_fills": 301,
      "p95_slippage_bps": 11.891933851409304,
      "mean_slippage_bps": 4.231420411758606,
      "median_slippage_bps": 3.340702704743046,
      "p99_slippage_bps": 21.02567608922238,
      "maker_ratio": 0.7,
      "fills_under_threshold": 289,
      "pct_under_threshold": 0.9601328903654485,
      "gate_status": "INSUFFICIENT_DATA",
      "reason": "need_2000_fills_have_301",
      "threshold_bps": 15.0,
      "min_sample_size": 2000
    },
    "BTC-USD_binance": {
      "total_fills": 272,
      "p95_slippage_bps": 8.55679536683802,
      "mean_slippage_bps": 3.9388086408641345,
      "median_slippage_bps": 3.3366207048795005,
      "p99_slippage_bps": 16.63212388161173,
      "maker_ratio": 0.7,
      "fills_under_threshold": 268,
      "pct_under_threshold": 0.9852941176470589,
      "gate_status": "INSUFFICIENT_DATA",
      "reason": "need_2000_fills_have_272",
      "threshold_bps": 15.0,
      "min_sample_size": 2000
    },
    "BTC-USD_coinbase": {
      "total_fills": 280,
      "p95_slippage_bps": 10.697284354764223,
      "mean_slippage_bps": 4.208676162077229,
      "median_slippage_bps": 3.284636739901895,
      "p99_slippage_bps": 20.22312523914167,
      "maker_ratio": 0.7,
      "fills_under_threshold": 272,
      "pct_under_threshold": 0.9714285714285714,
      "gate_status": "INSUFFICIENT_DATA",
      "reason": "need_2000_fills_have_280",
      "threshold_bps": 15.0,
      "min_sample_size": 2000
    },
    "ETH-USD_alpaca": {
      "total_fills": 273,
      "p95_slippage_bps": 9.375171747408311,
      "mean_slippage_bps": 4.107848707761007,
      "median_slippage_bps": 3.5785421678940867,
      "p99_slippage_bps": 18.240343180471577,
      "maker_ratio": 0.7,
      "fills_under_threshold": 268,
      "pct_under_threshold": 0.9816849816849816,
      "gate_status": "INSUFFICIENT_DATA",
      "reason": "need_2000_fills_have_273",
      "threshold_bps": 15.0,
      "min_sample_size": 2000
    },
    "ETH-USD_binance": {
      "total_fills": 329,
      "p95_slippage_bps": 9.358654928343242,
      "mean_slippage_bps": 4.056303391554917,
      "median_slippage_bps": 3.3905914252700566,
      "p99_slippage_bps": 20.124622062557872,
      "maker_ratio": 0.7,
      "fills_under_threshold": 320,
      "pct_under_threshold": 0.9726443768996961,
      "gate_status": "INSUFFICIENT_DATA",
      "reason": "need_2000_fills_have_329",
      "threshold_bps": 15.0,
      "min_sample_size": 2000
    },
    "ETH-USD_coinbase": {
      "total_fills": 335,
      "p95_slippage_bps": 9.980836285601978,
      "mean_slippage_bps": 4.271333485144227,
      "median_slippage_bps": 3.474348780459074,
      "p99_slippage_bps": 20.849209842116963,
      "maker_ratio": 0.7,
      "fills_under_threshold": 324,
      "pct_under_threshold": 0.9671641791044776,
      "gate_status": "INSUFFICIENT_DATA",
      "reason": "need_2000_fills_have_335",
      "threshold_bps": 15.0,
      "min_sample_size": 2000
    },
    "NVDA_alpaca": {
      "total_fills": 273,
      "p95_slippage_bps": 8.150389800808124,
      "mean_slippage_bps": 3.7281159481386,
      "median_slippage_bps": 3.205629926604723,
      "p99_slippage_bps": 14.524348331052186,
      "maker_ratio": 0.7,
      "fills_under_threshold": 270,
      "pct_under_threshold": 0.989010989010989,
      "gate_status": "INSUFFICIENT_DATA",
      "reason": "need_2000_fills_have_273",
      "threshold_bps": 15.0,
      "min_sample_size": 2000
    },
    "NVDA_binance": {
      "total_fills": 258,
      "p95_slippage_bps": 7.927013520217206,
      "mean_slippage_bps": 3.913890537475951,
      "median_slippage_bps": 3.492325357053681,
      "p99_slippage_bps": 18.833339609507664,
      "maker_ratio": 0.7,
      "fills_under_threshold": 253,
      "pct_under_threshold": 0.9806201550387597,
      "gate_status": "INSUFFICIENT_DATA",
      "reason": "need_2000_fills_have_258",
      "threshold_bps": 15.0,
      "min_sample_size": 2000
    },
    "NVDA_coinbase": {
      "total_fills": 293,
      "p95_slippage_bps": 9.546673750538536,
      "mean_slippage_bps": 4.195214072778231,
      "median_slippage_bps": 3.5851704701810445,
      "p99_slippage_bps": 17.704238399081465,
      "maker_ratio": 0.7,
      "fills_under_threshold": 287,
      "pct_under_threshold": 0.9795221843003413,
      "gate_status": "INSUFFICIENT_DATA",
      "reason": "need_2000_fills_have_293",