{
  "timestamp": "2025-08-16T22:48:11.356769+00:00",
  "window_hours": 48,
  "threshold_bps": 15.0,
  "min_sample_size": 2000,
  "overall_metrics": {
    "total_fills": 2755,
    "p95_slippage_bps": 8.816710653333109,
    "mean_slippage_bps": 3.9453947964830838,
    "median_slippage_bps": 3.3509442487510093,
    "p99_slippage_bps": 18.62584850396002,
    "maker_ratio": 0.7,
    "fills_under_threshold": 2703,
    "pct_under_threshold": 0.981125226860254,
    "gate_status": "PASS",
    "reason": "criteria_met",
    "threshold_bps": 15.0,
    "min_sample_size": 2000
  },
  "breakdown_metrics": {
    "asset_BTC-USD": {
      "total_fills": 945,
      "p95_slippage_bps": 8.990456429642679,
      "mean_slippage_bps": 3.987417722433015,
      "median_slippage_bps": 3.3509442487510093,
      "p99_slippage_bps": 20.013545841403023,
      "maker_ratio": 0.7,
      "fills_under_threshold": 924,
      "pct_under_threshold": 0.9777777777777777,
      "gate_status": "INSUFFICIENT_DATA",
      "reason": "need_2000_fills_have_945",
      "threshold_bps": 15.0,
      "min_sample_size": 2000
    },
    "asset_NVDA": {
      "total_fills": 950,
      "p95_slippage_bps": 9.366253482293759,
      "mean_slippage_bps": 4.0115685849807265,
      "median_slippage_bps": 3.3762335413612123,
      "p99_slippage_bps": 18.51352910419428,
      "maker_ratio": 0.7,
      "fills_under_threshold": 931,
      "pct_under_threshold": 0.98,
      "gate_status": "INSUFFICIENT_DATA",
      "reason": "need_2000_fills_have_950",
      "threshold_bps": 15.0,
      "min_sample_size": 2000
    },
    "asset_ETH-USD": {
      "total_fills": 860,
      "p95_slippage_bps": 8.07641502703224,
      "mean_slippage_bps": 3.8261194893953565,
      "median_slippage_bps": 3.338054932230369,
      "p99_slippage_bps": 15.95742950345576,
      "maker_ratio": 0.7,
      "fills_under_threshold": 848,
      "pct_under_threshold": 0.986046511627907,
      "gate_status": "INSUFFICIENT_DATA",
      "reason": "need_2000_fills_have_860",
      "threshold_bps": 15.0,
      "min_sample_size": 2000
    },
    "venue_binance": {
      "total_fills": 930,
      "p95_slippage_bps": 8.450251865120926,
      "mean_slippage_bps": 3.820407076128708,
      "median_slippage_bps": 3.2379826089008255,
      "p99_slippage_bps": 19.49222077994452,
      "maker_ratio": 0.7,
      "fills_under_threshold": 913,
      "pct_under_threshold": 0.9817204301075269,
      "gate_status": "INSUFFICIENT_DATA",
      "reason": "need_2000_fills_have_930",
      "threshold_bps": 15.0,
      "min_sample_size": 2000
    },
    "venue_alpaca": {
      "total_fills": 944,
      "p95_slippage_bps": 8.922385497146804,
      "mean_slippage_bps": 3.9464219005808845,
      "median_slippage_bps": 3.3555584119681425,
      "p99_slippage_bps": 17.931008494005507,
      "maker_ratio": 0.7,
      "fills_under_threshold": 927,
      "pct_under_threshold": 0.9819915254237288,
      "gate_status": "INSUFFICIENT_DATA",
      "reason": "need_2000_fills_have_944",
      "threshold_bps": 15.0,
      "min_sample_size": 2000
    },
    "venue_coinbase": {
      "total_fills": 881,
      "p95_slippage_bps": 9.163088888067495,
      "mean_slippage_bps": 4.076233608811398,
      "median_slippage_bps": 3.465167597754726,
      "p99_slippage_bps": 18.116281288203318,
      "maker_ratio": 0.7,
      "fills_under_threshold": 863,
      "pct_under_threshold": 0.9795686719636776,
      "gate_status": "INSUFFICIENT_DATA",
      "reason": "need_2000_fills_have_881",
      "threshold_bps": 15.0,
      "min_sample_size": 2000
    },
    "BTC-USD_alpaca": {
      "total_fills": 339,
      "p95_slippage_bps": 9.001224972899628,
      "mean_slippage_bps": 3.884179794956724,
      "median_slippage_bps": 3.2230544743508567,
      "p99_slippage_bps": 17.526243441398556,
      "maker_ratio": 0.7,
      "fills_under_threshold": 333,
      "pct_under_threshold": 0.9823008849557522,
      "gate_status": "INSUFFICIENT_DATA",
      "reason": "need_2000_fills_have_339",
      "threshold_bps": 15.0,
      "min_sample_size": 2000
    },
    "BTC-USD_binance": {
      "total_fills": 313,
      "p95_slippage_bps": 8.13711114240956,
      "mean_slippage_bps": 3.8866014759674754,
      "median_slippage_bps": 3.261807603536356,
      "p99_slippage_bps": 20.169511594821543,
      "maker_ratio": 0.7,
      "fills_under_threshold": 306,
      "pct_under_threshold": 0.9776357827476039,
      "gate_status": "INSUFFICIENT_DATA",
      "reason": "need_2000_fills_have_313",
      "threshold_bps": 15.0,
      "min_sample_size": 2000
    },
    "BTC-USD_coinbase": {
      "total_fills": 293,
      "p95_slippage_bps": 10.431778179551902,
      "mean_slippage_bps": 4.21456155368959,
      "median_slippage_bps": 3.5212553091222887,
      "p99_slippage_bps": 20.541016388482703,
      "maker_ratio": 0.7,
      "fills_under_threshold": 285,
      "pct_under_threshold": 0.9726962457337884,
      "gate_status": "INSUFFICIENT_DATA",
      "reason": "need_2000_fills_have_293",
      "threshold_bps": 15.0,
      "min_sample_size": 2000
    },
    "ETH-USD_alpaca": {
      "total_fills": 279,
      "p95_slippage_bps": 8.00245159958378,
      "mean_slippage_bps": 3.9982374453529017,
      "median_slippage_bps": 3.515583448220314,
      "p99_slippage_bps": 17.495221907441813,
      "maker_ratio": 0.7,
      "fills_under_threshold": 274,
      "pct_under_threshold": 0.982078853046595,
      "gate_status": "INSUFFICIENT_DATA",
      "reason": "need_2000_fills_have_279",
      "threshold_bps": 15.0,
      "min_sample_size": 2000
    },
    "ETH-USD_binance": {
      "total_fills": 294,
      "p95_slippage_bps": 8.112979729474942,
      "mean_slippage_bps": 3.616563795584695,
      "median_slippage_bps": 3.122887529346588,
      "p99_slippage_bps": 15.596358467565993,
      "maker_ratio": 0.7,
      "fills_under_threshold": 290,
      "pct_under_threshold": 0.9863945578231292,
      "gate_status": "INSUFFICIENT_DATA",
      "reason": "need_2000_fills_have_294",
      "threshold_bps": 15.0,
      "min_sample_size": 2000
    },
    "ETH-USD_coinbase": {
      "total_fills": 287,
      "p95_slippage_bps": 8.030546204336016,
      "mean_slippage_bps": 3.873466054789709,
      "median_slippage_bps": 3.609932889048721,
      "p99_slippage_bps": 15.009138442925439,
      "maker_ratio": 0.7,
      "fills_under_threshold": 284,
      "pct_under_threshold": 0.9895470383275261,
      "gate_status": "INSUFFICIENT_DATA",
      "reason": "need_2000_fills_have_287",
      "threshold_bps": 15.0,
      "min_sample_size": 2000
    },
    "NVDA_alpaca": {
      "total_fills": 326,
      "p95_slippage_bps": 8.968733320888045,
      "mean_slippage_bps": 3.966800847866767,
      "median_slippage_bps": 3.3547181353321243,
      "p99_slippage_bps": 18.49514118499166,
      "maker_ratio": 0.7,
      "fills_under_threshold": 320,
      "pct_under_threshold": 0.9815950920245399,
      "gate_status": "INSUFFICIENT_DATA",
      "reason": "need_2000_fills_have_326",
      "threshold_bps": 15.0,
      "min_sample_size": 2000
    },
    "NVDA_binance": {
      "total_fills": 323,
      "p95_slippage_bps": 9.448685383787844,
      "mean_slippage_bps": 3.9418036003714514,
      "median_slippage_bps": 3.3911476900208286,
      "p99_slippage_bps": 19.376164087880586,
      "maker_ratio": 0.7,
      "fills_under_threshold": 317,
      "pct_under_threshold": 0.9814241486068112,
      "gate_status": "INSUFFICIENT_DATA",
      "reason": "need_2000_fills_have_323",
      "threshold_bps": 15.0,
      "min_sample_size": 2000
    },
    "NVDA_coinbase": {
      "total_fills": 301,
      "p95_slippage_bps": 9.324372612114836,
      "mean_slippage_bps": 4.134918659159951,
      "median_slippage_bps": 3.399525185555658,
      "p99_slippage_bps": 18.049466567303767,
      "maker_ratio": 0.7,
      "fills_under_threshold": 294,
      "pct_under_threshold": 0.9767441860465116,
      "gate_status": "INSUFFICIENT_DATA",
      "reason": "need_2000_fills_have_301",