{
  "timestamp": "2025-08-16T05:41:00.659357+00:00",
  "window_hours": 48,
  "threshold_bps": 15.0,
  "min_sample_size": 2000,
  "overall_metrics": {
    "total_fills": 2572,
    "p95_slippage_bps": 9.014388550573253,
    "mean_slippage_bps": 4.022628244590698,
    "median_slippage_bps": 3.3637462821974666,
    "p99_slippage_bps": 18.68142252926669,
    "maker_ratio": 0.7,
    "fills_under_threshold": 2517,
    "pct_under_threshold": 0.9786158631415242,
    "gate_status": "PASS",
    "reason": "criteria_met",
    "threshold_bps": 15.0,
    "min_sample_size": 2000
  },
  "breakdown_metrics": {
    "asset_ETH-USD": {
      "total_fills": 892,
      "p95_slippage_bps": 8.67904389538767,
      "mean_slippage_bps": 4.022427943597136,
      "median_slippage_bps": 3.4564744611390577,
      "p99_slippage_bps": 16.398056961283178,
      "maker_ratio": 0.7,
      "fills_under_threshold": 877,
      "pct_under_threshold": 0.9831838565022422,
      "gate_status": "INSUFFICIENT_DATA",
      "reason": "need_2000_fills_have_892",
      "threshold_bps": 15.0,
      "min_sample_size": 2000
    },
    "asset_BTC-USD": {
      "total_fills": 827,
      "p95_slippage_bps": 9.110814640132007,
      "mean_slippage_bps": 4.01540791908354,
      "median_slippage_bps": 3.3395793916265104,
      "p99_slippage_bps": 19.237170685040745,
      "maker_ratio": 0.7,
      "fills_under_threshold": 808,
      "pct_under_threshold": 0.9770253929866989,
      "gate_status": "INSUFFICIENT_DATA",
      "reason": "need_2000_fills_have_827",
      "threshold_bps": 15.0,
      "min_sample_size": 2000
    },
    "asset_NVDA": {
      "total_fills": 853,
      "p95_slippage_bps": 9.044300124946178,
      "mean_slippage_bps": 4.029837948788443,
      "median_slippage_bps": 3.296907326295279,
      "p99_slippage_bps": 21.673353478094253,
      "maker_ratio": 0.7,
      "fills_under_threshold": 832,
      "pct_under_threshold": 0.9753810082063306,
      "gate_status": "INSUFFICIENT_DATA",
      "reason": "need_2000_fills_have_853",
      "threshold_bps": 15.0,
      "min_sample_size": 2000
    },
    "venue_alpaca": {
      "total_fills": 837,
      "p95_slippage_bps": 8.727692230404692,
      "mean_slippage_bps": 3.921530088699171,
      "median_slippage_bps": 3.3200231676357532,
      "p99_slippage_bps": 17.311203984091673,
      "maker_ratio": 0.7,
      "fills_under_threshold": 822,
      "pct_under_threshold": 0.982078853046595,
      "gate_status": "INSUFFICIENT_DATA",
      "reason": "need_2000_fills_have_837",
      "threshold_bps": 15.0,
      "min_sample_size": 2000
    },
    "venue_binance": {
      "total_fills": 864,
      "p95_slippage_bps": 8.762649509462511,
      "mean_slippage_bps": 3.9890608765337365,
      "median_slippage_bps": 3.3511088110712066,
      "p99_slippage_bps": 17.211254325069234,
      "maker_ratio": 0.7,
      "fills_under_threshold": 850,
      "pct_under_threshold": 0.9837962962962963,
      "gate_status": "INSUFFICIENT_DATA",
      "reason": "need_2000_fills_have_864",
      "threshold_bps": 15.0,
      "min_sample_size": 2000
    },
    "venue_coinbase": {
      "total_fills": 871,
      "p95_slippage_bps": 9.206762412520213,
      "mean_slippage_bps": 4.153077570058461,
      "median_slippage_bps": 3.416882344317812,
      "p99_slippage_bps": 19.612316422250448,
      "maker_ratio": 0.7,
      "fills_under_threshold": 845,
      "pct_under_threshold": 0.9701492537313433,
      "gate_status": "INSUFFICIENT_DATA",
      "reason": "need_2000_fills_have_871",
      "threshold_bps": 15.0,
      "min_sample_size": 2000
    },
    "BTC-USD_alpaca": {
      "total_fills": 266,
      "p95_slippage_bps": 8.921836341133856,
      "mean_slippage_bps": 4.021149711688286,
      "median_slippage_bps": 3.368622326795636,
      "p99_slippage_bps": 18.442042743714104,
      "maker_ratio": 0.7,
      "fills_under_threshold": 261,
      "pct_under_threshold": 0.981203007518797,
      "gate_status": "INSUFFICIENT_DATA",
      "reason": "need_2000_fills_have_266",
      "threshold_bps": 15.0,
      "min_sample_size": 2000
    },
    "BTC-USD_binance": {
      "total_fills": 267,
      "p95_slippage_bps": 8.291413521091084,
      "mean_slippage_bps": 3.8144635939377527,
      "median_slippage_bps": 3.347353092630011,
      "p99_slippage_bps": 15.83050374937846,
      "maker_ratio": 0.7,
      "fills_under_threshold": 263,
      "pct_under_threshold": 0.9850187265917603,
      "gate_status": "INSUFFICIENT_DATA",
      "reason": "need_2000_fills_have_267",
      "threshold_bps": 15.0,
      "min_sample_size": 2000
    },
    "BTC-USD_coinbase": {
      "total_fills": 294,
      "p95_slippage_bps": 10.308636984685013,
      "mean_slippage_bps": 4.192703218338853,
      "median_slippage_bps": 3.3078057261620026,
      "p99_slippage_bps": 20.32620682971671,
      "maker_ratio": 0.7,
      "fills_under_threshold": 284,
      "pct_under_threshold": 0.9659863945578231,
      "gate_status": "INSUFFICIENT_DATA",
      "reason": "need_2000_fills_have_294",
      "threshold_bps": 15.0,
      "min_sample_size": 2000
    },
    "ETH-USD_alpaca": {
      "total_fills": 291,
      "p95_slippage_bps": 8.698564136692301,
      "mean_slippage_bps": 4.039369188866724,
      "median_slippage_bps": 3.36468592857819,
      "p99_slippage_bps": 16.45853404645339,
      "maker_ratio": 0.7,
      "fills_under_threshold": 285,
      "pct_under_threshold": 0.979381443298969,
      "gate_status": "INSUFFICIENT_DATA",
      "reason": "need_2000_fills_have_291",
      "threshold_bps": 15.0,
      "min_sample_size": 2000
    },
    "ETH-USD_binance": {
      "total_fills": 300,
      "p95_slippage_bps": 8.563889758963938,
      "mean_slippage_bps": 4.0559067145975,
      "median_slippage_bps": 3.517760524577784,
      "p99_slippage_bps": 15.140125944512548,
      "maker_ratio": 0.7,
      "fills_under_threshold": 296,
      "pct_under_threshold": 0.9866666666666667,
      "gate_status": "INSUFFICIENT_DATA",
      "reason": "need_2000_fills_have_300",
      "threshold_bps": 15.0,
      "min_sample_size": 2000
    },
    "ETH-USD_coinbase": {
      "total_fills": 301,
      "p95_slippage_bps": 8.686627980580438,
      "mean_slippage_bps": 3.9726819845487684,
      "median_slippage_bps": 3.495614877365035,
      "p99_slippage_bps": 16.503283852729542,
      "maker_ratio": 0.7,
      "fills_under_threshold": 296,
      "pct_under_threshold": 0.9833887043189369,
      "gate_status": "INSUFFICIENT_DATA",
      "reason": "need_2000_fills_have_301",
      "threshold_bps": 15.0,
      "min_sample_size": 2000
    },
    "NVDA_alpaca": {
      "total_fills": 280,
      "p95_slippage_bps": 8.562707798783762,
      "mean_slippage_bps": 3.704422953471091,
      "median_slippage_bps": 3.2348279625685485,
      "p99_slippage_bps": 15.553631510397137,
      "maker_ratio": 0.7,
      "fills_under_threshold": 276,
      "pct_under_threshold": 0.9857142857142858,
      "gate_status": "INSUFFICIENT_DATA",
      "reason": "need_2000_fills_have_280",
      "threshold_bps": 15.0,
      "min_sample_size": 2000
    },
    "NVDA_binance": {
      "total_fills": 297,
      "p95_slippage_bps": 9.125190099872045,
      "mean_slippage_bps": 4.078501021429356,
      "median_slippage_bps": 3.1950376126687896,
      "p99_slippage_bps": 21.708138752682817,
      "maker_ratio": 0.7,
      "fills_under_threshold": 291,
      "pct_under_threshold": 0.9797979797979798,
      "gate_status": "INSUFFICIENT_DATA",
      "reason": "need_2000_fills_have_297",
      "threshold_bps": 15.0,
      "min_sample_size": 2000
    },
    "NVDA_coinbase": {
      "total_fills": 276,
      "p95_slippage_bps": 9.443305549200979,
      "mean_slippage_bps": 4.307603405725063,
      "median_slippage_bps": 3.541126652662502,
      "p99_slippage_bps": 21.749088445059222,
      "maker_ratio": 0.7,
      "fills_under_threshold": 265,
      "pct_under_threshold": 0.9601449275362319,
      "gate_status": "INSUFFICIENT_DATA",
      "reason": "need_2000_fills_have_276",