{
  "timestamp": "2025-08-16T15:06:29.966364+00:00",
  "window_hours": 48,
  "threshold_bps": 15.0,
  "min_sample_size": 2000,
  "overall_metrics": {
    "total_fills": 2767,
    "p95_slippage_bps": 9.321606418864343,
    "mean_slippage_bps": 4.083640891100928,
    "median_slippage_bps": 3.5015248485387285,
    "p99_slippage_bps": 18.179169821277902,
    "maker_ratio": 0.7,
    "fills_under_threshold": 2706,
    "pct_under_threshold": 0.9779544633176726,
    "gate_status": "PASS",
    "reason": "criteria_met",
    "threshold_bps": 15.0,
    "min_sample_size": 2000
  },
  "breakdown_metrics": {
    "asset_BTC-USD": {
      "total_fills": 908,
      "p95_slippage_bps": 8.98515971959288,
      "mean_slippage_bps": 3.965376334992958,
      "median_slippage_bps": 3.4608368689984923,
      "p99_slippage_bps": 17.53640739094835,
      "maker_ratio": 0.7,
      "fills_under_threshold": 892,
      "pct_under_threshold": 0.9823788546255506,
      "gate_status": "INSUFFICIENT_DATA",
      "reason": "need_2000_fills_have_908",
      "threshold_bps": 15.0,
      "min_sample_size": 2000
    },
    "asset_NVDA": {
      "total_fills": 922,
      "p95_slippage_bps": 9.172363934120774,
      "mean_slippage_bps": 4.0430695489192425,
      "median_slippage_bps": 3.504151109352433,
      "p99_slippage_bps": 17.622313432107834,
      "maker_ratio": 0.7,
      "fills_under_threshold": 904,
      "pct_under_threshold": 0.9804772234273319,
      "gate_status": "INSUFFICIENT_DATA",
      "reason": "need_2000_fills_have_922",
      "threshold_bps": 15.0,
      "min_sample_size": 2000
    },
    "asset_ETH-USD": {
      "total_fills": 937,
      "p95_slippage_bps": 9.65902442712551,
      "mean_slippage_bps": 4.238167032443033,
      "median_slippage_bps": 3.595051862747909,
      "p99_slippage_bps": 20.096867455466654,
      "maker_ratio": 0.7,
      "fills_under_threshold": 910,
      "pct_under_threshold": 0.9711846318036286,
      "gate_status": "INSUFFICIENT_DATA",
      "reason": "need_2000_fills_have_937",
      "threshold_bps": 15.0,
      "min_sample_size": 2000
    },
    "venue_binance": {
      "total_fills": 916,
      "p95_slippage_bps": 10.441551921932533,
      "mean_slippage_bps": 4.235498978226072,
      "median_slippage_bps": 3.4706541437591625,
      "p99_slippage_bps": 20.742119067744593,
      "maker_ratio": 0.7,
      "fills_under_threshold": 892,
      "pct_under_threshold": 0.9737991266375546,
      "gate_status": "INSUFFICIENT_DATA",
      "reason": "need_2000_fills_have_916",
      "threshold_bps": 15.0,
      "min_sample_size": 2000
    },
    "venue_coinbase": {
      "total_fills": 951,
      "p95_slippage_bps": 8.96826049023009,
      "mean_slippage_bps": 4.039840551160054,
      "median_slippage_bps": 3.529587325469185,
      "p99_slippage_bps": 17.62602132334905,
      "maker_ratio": 0.7,
      "fills_under_threshold": 930,
      "pct_under_threshold": 0.9779179810725552,
      "gate_status": "INSUFFICIENT_DATA",
      "reason": "need_2000_fills_have_951",
      "threshold_bps": 15.0,
      "min_sample_size": 2000
    },
    "venue_alpaca": {
      "total_fills": 900,
      "p95_slippage_bps": 8.524730686795614,
      "mean_slippage_bps": 3.9753654638533056,
      "median_slippage_bps": 3.4843537792189223,
      "p99_slippage_bps": 17.654633331762966,
      "maker_ratio": 0.7,
      "fills_under_threshold": 884,
      "pct_under_threshold": 0.9822222222222222,
      "gate_status": "INSUFFICIENT_DATA",
      "reason": "need_2000_fills_have_900",
      "threshold_bps": 15.0,
      "min_sample_size": 2000
    },
    "BTC-USD_alpaca": {
      "total_fills": 315,
      "p95_slippage_bps": 8.527682382943242,
      "mean_slippage_bps": 3.7859911738087466,
      "median_slippage_bps": 3.4640519540198067,
      "p99_slippage_bps": 14.179984036959256,
      "maker_ratio": 0.7,
      "fills_under_threshold": 312,
      "pct_under_threshold": 0.9904761904761905,
      "gate_status": "INSUFFICIENT_DATA",
      "reason": "need_2000_fills_have_315",
      "threshold_bps": 15.0,
      "min_sample_size": 2000
    },
    "BTC-USD_binance": {
      "total_fills": 283,
      "p95_slippage_bps": 10.261931156990729,
      "mean_slippage_bps": 4.230395653318834,
      "median_slippage_bps": 3.4619283495748587,
      "p99_slippage_bps": 19.166666186660354,
      "maker_ratio": 0.7,
      "fills_under_threshold": 278,
      "pct_under_threshold": 0.9823321554770318,
      "gate_status": "INSUFFICIENT_DATA",
      "reason": "need_2000_fills_have_283",
      "threshold_bps": 15.0,
      "min_sample_size": 2000
    },
    "BTC-USD_coinbase": {
      "total_fills": 310,
      "p95_slippage_bps": 7.765645929574749,
      "mean_slippage_bps": 3.905717814627809,
      "median_slippage_bps": 3.452276151506376,
      "p99_slippage_bps": 17.76118055191525,
      "maker_ratio": 0.7,
      "fills_under_threshold": 302,
      "pct_under_threshold": 0.9741935483870968,
      "gate_status": "INSUFFICIENT_DATA",
      "reason": "need_2000_fills_have_310",
      "threshold_bps": 15.0,
      "min_sample_size": 2000
    },
    "ETH-USD_alpaca": {
      "total_fills": 298,
      "p95_slippage_bps": 8.989361483032866,
      "mean_slippage_bps": 4.244585235999265,
      "median_slippage_bps": 3.5665622698813904,
      "p99_slippage_bps": 20.35428874612755,
      "maker_ratio": 0.7,
      "fills_under_threshold": 288,
      "pct_under_threshold": 0.9664429530201343,
      "gate_status": "INSUFFICIENT_DATA",
      "reason": "need_2000_fills_have_298",
      "threshold_bps": 15.0,
      "min_sample_size": 2000
    },
    "ETH-USD_binance": {
      "total_fills": 315,
      "p95_slippage_bps": 10.966278411080078,
      "mean_slippage_bps": 4.364107969664922,
      "median_slippage_bps": 3.661064496160683,
      "p99_slippage_bps": 21.587742079377605,
      "maker_ratio": 0.7,
      "fills_under_threshold": 304,
      "pct_under_threshold": 0.9650793650793651,
      "gate_status": "INSUFFICIENT_DATA",
      "reason": "need_2000_fills_have_315",
      "threshold_bps": 15.0,
      "min_sample_size": 2000
    },
    "ETH-USD_coinbase": {
      "total_fills": 324,
      "p95_slippage_bps": 8.741532533793851,
      "mean_slippage_bps": 4.109821292058302,
      "median_slippage_bps": 3.5995363906531876,
      "p99_slippage_bps": 16.25771873079272,
      "maker_ratio": 0.7,
      "fills_under_threshold": 318,
      "pct_under_threshold": 0.9814814814814815,
      "gate_status": "INSUFFICIENT_DATA",
      "reason": "need_2000_fills_have_324",
      "threshold_bps": 15.0,
      "min_sample_size": 2000
    },
    "NVDA_alpaca": {
      "total_fills": 287,
      "p95_slippage_bps": 7.786490576453665,
      "mean_slippage_bps": 3.9036769943917724,
      "median_slippage_bps": 3.4264101033832532,
      "p99_slippage_bps": 15.337124841032944,
      "maker_ratio": 0.7,
      "fills_under_threshold": 284,
      "pct_under_threshold": 0.9895470383275261,
      "gate_status": "INSUFFICIENT_DATA",
      "reason": "need_2000_fills_have_287",
      "threshold_bps": 15.0,
      "min_sample_size": 2000
    },
    "NVDA_binance": {
      "total_fills": 318,
      "p95_slippage_bps": 9.958627523913318,
      "mean_slippage_bps": 4.112644917362898,
      "median_slippage_bps": 3.3405283640584864,
      "p99_slippage_bps": 19.231496188769125,
      "maker_ratio": 0.7,
      "fills_under_threshold": 310,
      "pct_under_threshold": 0.9748427672955975,
      "gate_status": "INSUFFICIENT_DATA",
      "reason": "need_2000_fills_have_318",
      "threshold_bps": 15.0,
      "min_sample_size": 2000
    },
    "NVDA_coinbase": {
      "total_fills": 317,
      "p95_slippage_bps": 9.42640156412471,
      "mean_slippage_bps": 4.099475529942275,
      "median_slippage_bps": 3.5747563501444,
      "p99_slippage_bps": 17.362269211263147,
      "maker_ratio": 0.7,
      "fills_under_threshold": 310,
      "pct_under_threshold": 0.9779179810725552,
      "gate_status": "INSUFFICIENT_DATA",
      "reason": "need_2000_fills_have_317",