{
  "timestamp": "2025-08-16T21:45:57.171697+00:00",
  "window_hours": 48,
  "threshold_bps": 15.0,
  "min_sample_size": 2000,
  "overall_metrics": {
    "total_fills": 2747,
    "p95_slippage_bps": 8.568419231362588,
    "mean_slippage_bps": 3.9123117263430767,
    "median_slippage_bps": 3.4153643546893973,
    "p99_slippage_bps": 17.227547948892937,
    "maker_ratio": 0.7,
    "fills_under_threshold": 2698,
    "pct_under_threshold": 0.9821623589370222,
    "gate_status": "PASS",
    "reason": "criteria_met",
    "threshold_bps": 15.0,
    "min_sample_size": 2000
  },
  "breakdown_metrics": {
    "asset_NVDA": {
      "total_fills": 921,
      "p95_slippage_bps": 8.56159247536505,
      "mean_slippage_bps": 3.93337886780508,
      "median_slippage_bps": 3.506688482171229,
      "p99_slippage_bps": 15.654292050017483,
      "maker_ratio": 0.7,
      "fills_under_threshold": 909,
      "pct_under_threshold": 0.9869706840390879,
      "gate_status": "INSUFFICIENT_DATA",
      "reason": "need_2000_fills_have_921",
      "threshold_bps": 15.0,
      "min_sample_size": 2000
    },
    "asset_BTC-USD": {
      "total_fills": 913,
      "p95_slippage_bps": 8.288677197206143,
      "mean_slippage_bps": 3.880550602070201,
      "median_slippage_bps": 3.3805579760148063,
      "p99_slippage_bps": 16.95805480472256,
      "maker_ratio": 0.7,
      "fills_under_threshold": 894,
      "pct_under_threshold": 0.9791894852135816,
      "gate_status": "INSUFFICIENT_DATA",
      "reason": "need_2000_fills_have_913",
      "threshold_bps": 15.0,
      "min_sample_size": 2000
    },
    "asset_ETH-USD": {
      "total_fills": 913,
      "p95_slippage_bps": 8.700006559918663,
      "mean_slippage_bps": 3.9228211120765146,
      "median_slippage_bps": 3.3474423449761312,
      "p99_slippage_bps": 18.400189206722818,
      "maker_ratio": 0.7,
      "fills_under_threshold": 895,
      "pct_under_threshold": 0.9802847754654983,
      "gate_status": "INSUFFICIENT_DATA",
      "reason": "need_2000_fills_have_913",
      "threshold_bps": 15.0,
      "min_sample_size": 2000
    },
    "venue_coinbase": {
      "total_fills": 930,
      "p95_slippage_bps": 8.440662853294935,
      "mean_slippage_bps": 3.8833401707590443,
      "median_slippage_bps": 3.368581763326602,
      "p99_slippage_bps": 17.523529108893214,
      "maker_ratio": 0.7,
      "fills_under_threshold": 911,
      "pct_under_threshold": 0.9795698924731183,
      "gate_status": "INSUFFICIENT_DATA",
      "reason": "need_2000_fills_have_930",
      "threshold_bps": 15.0,
      "min_sample_size": 2000
    },
    "venue_binance": {
      "total_fills": 905,
      "p95_slippage_bps": 8.783765016697995,
      "mean_slippage_bps": 3.954743598473993,
      "median_slippage_bps": 3.455531019361843,
      "p99_slippage_bps": 16.24018275814505,
      "maker_ratio": 0.7,
      "fills_under_threshold": 891,
      "pct_under_threshold": 0.9845303867403314,
      "gate_status": "INSUFFICIENT_DATA",
      "reason": "need_2000_fills_have_905",
      "threshold_bps": 15.0,
      "min_sample_size": 2000
    },
    "venue_alpaca": {
      "total_fills": 912,
      "p95_slippage_bps": 8.56598110422061,
      "mean_slippage_bps": 3.8997489000433725,
      "median_slippage_bps": 3.409791755227566,
      "p99_slippage_bps": 17.29085588878656,
      "maker_ratio": 0.7,
      "fills_under_threshold": 896,
      "pct_under_threshold": 0.9824561403508771,
      "gate_status": "INSUFFICIENT_DATA",
      "reason": "need_2000_fills_have_912",
      "threshold_bps": 15.0,
      "min_sample_size": 2000
    },
    "BTC-USD_alpaca": {
      "total_fills": 287,
      "p95_slippage_bps": 8.728050811444414,
      "mean_slippage_bps": 3.940294886190356,
      "median_slippage_bps": 3.39154039974854,
      "p99_slippage_bps": 17.6860847947854,
      "maker_ratio": 0.7,
      "fills_under_threshold": 282,
      "pct_under_threshold": 0.9825783972125436,
      "gate_status": "INSUFFICIENT_DATA",
      "reason": "need_2000_fills_have_287",
      "threshold_bps": 15.0,
      "min_sample_size": 2000
    },
    "BTC-USD_binance": {
      "total_fills": 316,
      "p95_slippage_bps": 7.573735003404235,
      "mean_slippage_bps": 3.780495261397108,
      "median_slippage_bps": 3.3755357418198884,
      "p99_slippage_bps": 16.00993271117928,
      "maker_ratio": 0.7,
      "fills_under_threshold": 311,
      "pct_under_threshold": 0.9841772151898734,
      "gate_status": "INSUFFICIENT_DATA",
      "reason": "need_2000_fills_have_316",
      "threshold_bps": 15.0,
      "min_sample_size": 2000
    },
    "BTC-USD_coinbase": {
      "total_fills": 310,
      "p95_slippage_bps": 8.520689269622933,
      "mean_slippage_bps": 3.927230854038629,
      "median_slippage_bps": 3.385572235660327,
      "p99_slippage_bps": 16.371452477859123,
      "maker_ratio": 0.7,
      "fills_under_threshold": 301,
      "pct_under_threshold": 0.9709677419354839,
      "gate_status": "INSUFFICIENT_DATA",
      "reason": "need_2000_fills_have_310",
      "threshold_bps": 15.0,
      "min_sample_size": 2000
    },
    "ETH-USD_alpaca": {
      "total_fills": 333,
      "p95_slippage_bps": 8.601485140772139,
      "mean_slippage_bps": 3.7284006962337415,
      "median_slippage_bps": 3.143933957826497,
      "p99_slippage_bps": 17.360569618538097,
      "maker_ratio": 0.7,
      "fills_under_threshold": 327,
      "pct_under_threshold": 0.9819819819819819,
      "gate_status": "INSUFFICIENT_DATA",
      "reason": "need_2000_fills_have_333",
      "threshold_bps": 15.0,
      "min_sample_size": 2000
    },
    "ETH-USD_binance": {
      "total_fills": 276,
      "p95_slippage_bps": 9.001978830578675,
      "mean_slippage_bps": 4.04319939755486,
      "median_slippage_bps": 3.4178944524033157,
      "p99_slippage_bps": 18.015430331864444,
      "maker_ratio": 0.7,
      "fills_under_threshold": 271,
      "pct_under_threshold": 0.9818840579710145,
      "gate_status": "INSUFFICIENT_DATA",
      "reason": "need_2000_fills_have_276",
      "threshold_bps": 15.0,
      "min_sample_size": 2000
    },
    "ETH-USD_coinbase": {
      "total_fills": 304,
      "p95_slippage_bps": 8.454933395101285,
      "mean_slippage_bps": 4.026497400509477,
      "median_slippage_bps": 3.374671112820372,
      "p99_slippage_bps": 20.630137769649597,
      "maker_ratio": 0.7,
      "fills_under_threshold": 297,
      "pct_under_threshold": 0.9769736842105263,
      "gate_status": "INSUFFICIENT_DATA",
      "reason": "need_2000_fills_have_304",
      "threshold_bps": 15.0,
      "min_sample_size": 2000
    },
    "NVDA_alpaca": {
      "total_fills": 292,
      "p95_slippage_bps": 8.23099923411035,
      "mean_slippage_bps": 4.055304563894136,
      "median_slippage_bps": 3.5881986731659508,
      "p99_slippage_bps": 16.624093668337267,
      "maker_ratio": 0.7,
      "fills_under_threshold": 287,
      "pct_under_threshold": 0.9828767123287672,
      "gate_status": "INSUFFICIENT_DATA",
      "reason": "need_2000_fills_have_292",
      "threshold_bps": 15.0,
      "min_sample_size": 2000
    },
    "NVDA_binance": {
      "total_fills": 313,
      "p95_slippage_bps": 9.15318260915417,
      "mean_slippage_bps": 4.052662684640052,
      "median_slippage_bps": 3.5975061553462373,
      "p99_slippage_bps": 14.914115397245002,
      "maker_ratio": 0.7,
      "fills_under_threshold": 309,
      "pct_under_threshold": 0.987220447284345,
      "gate_status": "INSUFFICIENT_DATA",
      "reason": "need_2000_fills_have_313",
      "threshold_bps": 15.0,
      "min_sample_size": 2000
    },
    "NVDA_coinbase": {
      "total_fills": 316,
      "p95_slippage_bps": 8.150776987582127,
      "mean_slippage_bps": 3.7025619756299206,
      "median_slippage_bps": 3.3245301557758546,
      "p99_slippage_bps": 13.652802881229226,
      "maker_ratio": 0.7,
      "fills_under_threshold": 313,
      "pct_under_threshold": 0.990506329113924,
      "gate_status": "INSUFFICIENT_DATA",
      "reason": "need_2000_fills_have_316",