{
  "timestamp": "2025-08-16T19:20:39.778350+00:00",
  "window_hours": 48,
  "threshold_bps": 15.0,
  "min_sample_size": 2000,
  "overall_metrics": {
    "total_fills": 2734,
    "p95_slippage_bps": 9.01843854521575,
    "mean_slippage_bps": 4.001778742268419,
    "median_slippage_bps": 3.477423327389025,
    "p99_slippage_bps": 18.656877246703115,
    "maker_ratio": 0.7,
    "fills_under_threshold": 2678,
    "pct_under_threshold": 0.9795171909290417,
    "gate_status": "PASS",
    "reason": "criteria_met",
    "threshold_bps": 15.0,
    "min_sample_size": 2000
  },
  "breakdown_metrics": {
    "asset_NVDA": {
      "total_fills": 920,
      "p95_slippage_bps": 8.999127457468942,
      "mean_slippage_bps": 4.013906466630699,
      "median_slippage_bps": 3.431559383600417,
      "p99_slippage_bps": 18.69068036623771,
      "maker_ratio": 0.7,
      "fills_under_threshold": 903,
      "pct_under_threshold": 0.9815217391304348,
      "gate_status": "INSUFFICIENT_DATA",
      "reason": "need_2000_fills_have_920",
      "threshold_bps": 15.0,
      "min_sample_size": 2000
    },
    "asset_BTC-USD": {
      "total_fills": 883,
      "p95_slippage_bps": 8.295656168340217,
      "mean_slippage_bps": 3.9105805941022473,
      "median_slippage_bps": 3.515084664673611,
      "p99_slippage_bps": 18.33709908838022,
      "maker_ratio": 0.7,
      "fills_under_threshold": 866,
      "pct_under_threshold": 0.9807474518686297,
      "gate_status": "INSUFFICIENT_DATA",
      "reason": "need_2000_fills_have_883",
      "threshold_bps": 15.0,
      "min_sample_size": 2000
    },
    "asset_ETH-USD": {
      "total_fills": 931,
      "p95_slippage_bps": 9.412815604253652,
      "mean_slippage_bps": 4.076290512856422,
      "median_slippage_bps": 3.4730002668031483,
      "p99_slippage_bps": 18.653331866707607,
      "maker_ratio": 0.7,
      "fills_under_threshold": 909,
      "pct_under_threshold": 0.9763694951664876,
      "gate_status": "INSUFFICIENT_DATA",
      "reason": "need_2000_fills_have_931",
      "threshold_bps": 15.0,
      "min_sample_size": 2000
    },
    "venue_binance": {
      "total_fills": 874,
      "p95_slippage_bps": 9.628199662003794,
      "mean_slippage_bps": 4.100013469594523,
      "median_slippage_bps": 3.5118936713240267,
      "p99_slippage_bps": 18.795380491676863,
      "maker_ratio": 0.7,
      "fills_under_threshold": 850,
      "pct_under_threshold": 0.9725400457665904,
      "gate_status": "INSUFFICIENT_DATA",
      "reason": "need_2000_fills_have_874",
      "threshold_bps": 15.0,
      "min_sample_size": 2000
    },
    "venue_coinbase": {
      "total_fills": 950,
      "p95_slippage_bps": 8.7591504516793,
      "mean_slippage_bps": 3.966856133079847,
      "median_slippage_bps": 3.4908017163682716,
      "p99_slippage_bps": 18.450558661994148,
      "maker_ratio": 0.7,
      "fills_under_threshold": 934,
      "pct_under_threshold": 0.9831578947368421,
      "gate_status": "INSUFFICIENT_DATA",
      "reason": "need_2000_fills_have_950",
      "threshold_bps": 15.0,
      "min_sample_size": 2000
    },
    "venue_alpaca": {
      "total_fills": 910,
      "p95_slippage_bps": 8.89665764572191,
      "mean_slippage_bps": 3.9438878928685597,
      "median_slippage_bps": 3.4114669456877027,
      "p99_slippage_bps": 18.703942321385174,
      "maker_ratio": 0.7,
      "fills_under_threshold": 894,
      "pct_under_threshold": 0.9824175824175824,
      "gate_status": "INSUFFICIENT_DATA",
      "reason": "need_2000_fills_have_910",
      "threshold_bps": 15.0,
      "min_sample_size": 2000
    },
    "BTC-USD_alpaca": {
      "total_fills": 315,
      "p95_slippage_bps": 8.486455225435332,
      "mean_slippage_bps": 3.9585172663831707,
      "median_slippage_bps": 3.588960168837459,
      "p99_slippage_bps": 20.43342579969647,
      "maker_ratio": 0.7,
      "fills_under_threshold": 308,
      "pct_under_threshold": 0.9777777777777777,
      "gate_status": "INSUFFICIENT_DATA",
      "reason": "need_2000_fills_have_315",
      "threshold_bps": 15.0,
      "min_sample_size": 2000
    },
    "BTC-USD_binance": {
      "total_fills": 261,
      "p95_slippage_bps": 7.381485556286809,
      "mean_slippage_bps": 3.755234196962508,
      "median_slippage_bps": 3.2843111852515223,
      "p99_slippage_bps": 15.075385887572379,
      "maker_ratio": 0.7,
      "fills_under_threshold": 258,
      "pct_under_threshold": 0.9885057471264368,
      "gate_status": "INSUFFICIENT_DATA",
      "reason": "need_2000_fills_have_261",
      "threshold_bps": 15.0,
      "min_sample_size": 2000
    },
    "BTC-USD_coinbase": {
      "total_fills": 307,
      "p95_slippage_bps": 8.3721926375538,
      "mean_slippage_bps": 3.993464496007724,
      "median_slippage_bps": 3.5849204566685913,
      "p99_slippage_bps": 18.320028167176574,
      "maker_ratio": 0.7,
      "fills_under_threshold": 300,
      "pct_under_threshold": 0.9771986970684039,
      "gate_status": "INSUFFICIENT_DATA",
      "reason": "need_2000_fills_have_307",
      "threshold_bps": 15.0,
      "min_sample_size": 2000
    },
    "ETH-USD_alpaca": {
      "total_fills": 298,
      "p95_slippage_bps": 10.032696499917206,
      "mean_slippage_bps": 3.9989934198997754,
      "median_slippage_bps": 3.3972185864932847,
      "p99_slippage_bps": 15.645814558302968,
      "maker_ratio": 0.7,
      "fills_under_threshold": 293,
      "pct_under_threshold": 0.9832214765100671,
      "gate_status": "INSUFFICIENT_DATA",
      "reason": "need_2000_fills_have_298",
      "threshold_bps": 15.0,
      "min_sample_size": 2000
    },
    "ETH-USD_binance": {
      "total_fills": 321,
      "p95_slippage_bps": 9.598364389903669,
      "mean_slippage_bps": 4.070767373957292,
      "median_slippage_bps": 3.4676788353092043,
      "p99_slippage_bps": 18.71663798170515,
      "maker_ratio": 0.7,
      "fills_under_threshold": 310,
      "pct_under_threshold": 0.9657320872274143,
      "gate_status": "INSUFFICIENT_DATA",
      "reason": "need_2000_fills_have_321",
      "threshold_bps": 15.0,
      "min_sample_size": 2000
    },
    "ETH-USD_coinbase": {
      "total_fills": 312,
      "p95_slippage_bps": 9.224484654210976,
      "mean_slippage_bps": 4.15580160672726,
      "median_slippage_bps": 3.616563738102416,
      "p99_slippage_bps": 19.188122191055044,
      "maker_ratio": 0.7,
      "fills_under_threshold": 306,
      "pct_under_threshold": 0.9807692307692307,
      "gate_status": "INSUFFICIENT_DATA",
      "reason": "need_2000_fills_have_312",
      "threshold_bps": 15.0,
      "min_sample_size": 2000
    },
    "NVDA_alpaca": {
      "total_fills": 297,
      "p95_slippage_bps": 8.912396146821564,
      "mean_slippage_bps": 3.873080823129823,
      "median_slippage_bps": 3.283238618923919,
      "p99_slippage_bps": 20.395812612793677,
      "maker_ratio": 0.7,
      "fills_under_threshold": 293,
      "pct_under_threshold": 0.9865319865319865,
      "gate_status": "INSUFFICIENT_DATA",
      "reason": "need_2000_fills_have_297",
      "threshold_bps": 15.0,
      "min_sample_size": 2000
    },
    "NVDA_binance": {
      "total_fills": 292,
      "p95_slippage_bps": 10.923889432288707,
      "mean_slippage_bps": 4.440340136911327,
      "median_slippage_bps": 3.60097717324098,
      "p99_slippage_bps": 21.784748821589485,
      "maker_ratio": 0.7,
      "fills_under_threshold": 282,
      "pct_under_threshold": 0.9657534246575342,
      "gate_status": "INSUFFICIENT_DATA",
      "reason": "need_2000_fills_have_292",
      "threshold_bps": 15.0,
      "min_sample_size": 2000
    },
    "NVDA_coinbase": {
      "total_fills": 331,
      "p95_slippage_bps": 7.963328123538705,
      "mean_slippage_bps": 3.7640774164730466,
      "median_slippage_bps": 3.3739120991864726,
      "p99_slippage_bps": 13.332891868167934,
      "maker_ratio": 0.7,
      "fills_under_threshold": 328,
      "pct_under_threshold": 0.9909365558912386,
      "gate_status": "INSUFFICIENT_DATA",
      "reason": "need_2000_fills_have_331",