{
  "timestamp": "2025-08-16T05:51:23.741117+00:00",
  "window_hours": 48,
  "threshold_bps": 15.0,
  "min_sample_size": 2000,
  "overall_metrics": {
    "total_fills": 2586,
    "p95_slippage_bps": 8.65222924401985,
    "mean_slippage_bps": 3.9978094180016064,
    "median_slippage_bps": 3.428713154897633,
    "p99_slippage_bps": 18.70368774477021,
    "maker_ratio": 0.7,
    "fills_under_threshold": 2536,
    "pct_under_threshold": 0.9806651198762568,
    "gate_status": "PASS",
    "reason": "criteria_met",
    "threshold_bps": 15.0,
    "min_sample_size": 2000
  },
  "breakdown_metrics": {
    "asset_BTC-USD": {
      "total_fills": 875,
      "p95_slippage_bps": 8.834671330996,
      "mean_slippage_bps": 3.961672371366314,
      "median_slippage_bps": 3.4292676199577805,
      "p99_slippage_bps": 16.675085178660897,
      "maker_ratio": 0.7,
      "fills_under_threshold": 860,
      "pct_under_threshold": 0.9828571428571429,
      "gate_status": "INSUFFICIENT_DATA",
      "reason": "need_2000_fills_have_875",
      "threshold_bps": 15.0,
      "min_sample_size": 2000
    },
    "asset_NVDA": {
      "total_fills": 838,
      "p95_slippage_bps": 9.088254200870866,
      "mean_slippage_bps": 4.0411902468203325,
      "median_slippage_bps": 3.3761052827430635,
      "p99_slippage_bps": 18.954020893214867,
      "maker_ratio": 0.7,
      "fills_under_threshold": 821,
      "pct_under_threshold": 0.9797136038186157,
      "gate_status": "INSUFFICIENT_DATA",
      "reason": "need_2000_fills_have_838",
      "threshold_bps": 15.0,
      "min_sample_size": 2000
    },
    "asset_ETH-USD": {
      "total_fills": 873,
      "p95_slippage_bps": 8.301062731791204,
      "mean_slippage_bps": 3.9923876324984993,
      "median_slippage_bps": 3.4747100802590998,
      "p99_slippage_bps": 20.25441125383356,
      "maker_ratio": 0.7,
      "fills_under_threshold": 855,
      "pct_under_threshold": 0.979381443298969,
      "gate_status": "INSUFFICIENT_DATA",
      "reason": "need_2000_fills_have_873",
      "threshold_bps": 15.0,
      "min_sample_size": 2000
    },
    "venue_alpaca": {
      "total_fills": 851,
      "p95_slippage_bps": 9.10997669459298,
      "mean_slippage_bps": 4.037287111928644,
      "median_slippage_bps": 3.3736226908626556,
      "p99_slippage_bps": 19.49824789378615,
      "maker_ratio": 0.7,
      "fills_under_threshold": 833,
      "pct_under_threshold": 0.9788484136310224,
      "gate_status": "INSUFFICIENT_DATA",
      "reason": "need_2000_fills_have_851",
      "threshold_bps": 15.0,
      "min_sample_size": 2000
    },
    "venue_coinbase": {
      "total_fills": 897,
      "p95_slippage_bps": 8.595355893589025,
      "mean_slippage_bps": 4.007572133517325,
      "median_slippage_bps": 3.4810376937839282,
      "p99_slippage_bps": 19.996463851643025,
      "maker_ratio": 0.7,
      "fills_under_threshold": 878,
      "pct_under_threshold": 0.9788182831661093,
      "gate_status": "INSUFFICIENT_DATA",
      "reason": "need_2000_fills_have_897",
      "threshold_bps": 15.0,
      "min_sample_size": 2000
    },
    "venue_binance": {
      "total_fills": 838,
      "p95_slippage_bps": 8.183021285566875,
      "mean_slippage_bps": 3.9472692350069645,
      "median_slippage_bps": 3.4166797031570075,
      "p99_slippage_bps": 16.508035941777976,
      "maker_ratio": 0.7,
      "fills_under_threshold": 825,
      "pct_under_threshold": 0.9844868735083532,
      "gate_status": "INSUFFICIENT_DATA",
      "reason": "need_2000_fills_have_838",
      "threshold_bps": 15.0,
      "min_sample_size": 2000
    },
    "BTC-USD_alpaca": {
      "total_fills": 294,
      "p95_slippage_bps": 9.191089429906572,
      "mean_slippage_bps": 4.139174211440903,
      "median_slippage_bps": 3.5362618722395274,
      "p99_slippage_bps": 19.34979029836961,
      "maker_ratio": 0.7,
      "fills_under_threshold": 286,
      "pct_under_threshold": 0.9727891156462585,
      "gate_status": "INSUFFICIENT_DATA",
      "reason": "need_2000_fills_have_294",
      "threshold_bps": 15.0,
      "min_sample_size": 2000
    },
    "BTC-USD_binance": {
      "total_fills": 284,
      "p95_slippage_bps": 8.888621528018787,
      "mean_slippage_bps": 3.973988999459294,
      "median_slippage_bps": 3.3475742945470253,
      "p99_slippage_bps": 15.85056380336756,
      "maker_ratio": 0.7,
      "fills_under_threshold": 280,
      "pct_under_threshold": 0.9859154929577465,
      "gate_status": "INSUFFICIENT_DATA",
      "reason": "need_2000_fills_have_284",
      "threshold_bps": 15.0,
      "min_sample_size": 2000
    },
    "BTC-USD_coinbase": {
      "total_fills": 297,
      "p95_slippage_bps": 8.231262905713788,
      "mean_slippage_bps": 3.774185962745655,
      "median_slippage_bps": 3.349231990559166,
      "p99_slippage_bps": 13.36639630299758,
      "maker_ratio": 0.7,
      "fills_under_threshold": 294,
      "pct_under_threshold": 0.98989898989899,
      "gate_status": "INSUFFICIENT_DATA",
      "reason": "need_2000_fills_have_297",
      "threshold_bps": 15.0,
      "min_sample_size": 2000
    },
    "ETH-USD_alpaca": {
      "total_fills": 278,
      "p95_slippage_bps": 8.127174000417023,
      "mean_slippage_bps": 3.7347575754827984,
      "median_slippage_bps": 3.21471470921216,
      "p99_slippage_bps": 14.985873380572597,
      "maker_ratio": 0.7,
      "fills_under_threshold": 275,
      "pct_under_threshold": 0.9892086330935251,
      "gate_status": "INSUFFICIENT_DATA",
      "reason": "need_2000_fills_have_278",
      "threshold_bps": 15.0,
      "min_sample_size": 2000
    },
    "ETH-USD_binance": {
      "total_fills": 279,
      "p95_slippage_bps": 7.717368537518767,
      "mean_slippage_bps": 4.024281368523154,
      "median_slippage_bps": 3.4747100802590998,
      "p99_slippage_bps": 19.192291328981746,
      "maker_ratio": 0.7,
      "fills_under_threshold": 274,
      "pct_under_threshold": 0.982078853046595,
      "gate_status": "INSUFFICIENT_DATA",
      "reason": "need_2000_fills_have_279",
      "threshold_bps": 15.0,
      "min_sample_size": 2000
    },
    "ETH-USD_coinbase": {
      "total_fills": 316,
      "p95_slippage_bps": 8.945314430245029,
      "mean_slippage_bps": 4.190877516990544,
      "median_slippage_bps": 3.6216773385519776,
      "p99_slippage_bps": 21.71805584965198,
      "maker_ratio": 0.7,
      "fills_under_threshold": 306,
      "pct_under_threshold": 0.9683544303797469,
      "gate_status": "INSUFFICIENT_DATA",
      "reason": "need_2000_fills_have_316",
      "threshold_bps": 15.0,
      "min_sample_size": 2000
    },
    "NVDA_alpaca": {
      "total_fills": 279,
      "p95_slippage_bps": 9.349682757020755,
      "mean_slippage_bps": 4.231367412557107,
      "median_slippage_bps": 3.3304713705912423,
      "p99_slippage_bps": 23.98645187521763,
      "maker_ratio": 0.7,
      "fills_under_threshold": 272,
      "pct_under_threshold": 0.974910394265233,
      "gate_status": "INSUFFICIENT_DATA",
      "reason": "need_2000_fills_have_279",
      "threshold_bps": 15.0,
      "min_sample_size": 2000
    },
    "NVDA_binance": {
      "total_fills": 275,
      "p95_slippage_bps": 7.772968554271688,
      "mean_slippage_bps": 3.8415426955324965,
      "median_slippage_bps": 3.406198322852863,
      "p99_slippage_bps": 15.588644521018503,
      "maker_ratio": 0.7,
      "fills_under_threshold": 271,
      "pct_under_threshold": 0.9854545454545455,
      "gate_status": "INSUFFICIENT_DATA",
      "reason": "need_2000_fills_have_275",
      "threshold_bps": 15.0,
      "min_sample_size": 2000
    },
    "NVDA_coinbase": {
      "total_fills": 284,
      "p95_slippage_bps": 8.35263931122771,
      "mean_slippage_bps": 4.047681962889326,
      "median_slippage_bps": 3.3948838010170634,
      "p99_slippage_bps": 19.430542907614033,
      "maker_ratio": 0.7,
      "fills_under_threshold": 278,
      "pct_under_threshold": 0.9788732394366197,
      "gate_status": "INSUFFICIENT_DATA",
      "reason": "need_2000_fills_have_284",