{
  "timestamp": "2025-08-16T11:23:26.764296+00:00",
  "window_hours": 48,
  "threshold_bps": 15.0,
  "min_sample_size": 2000,
  "overall_metrics": {
    "total_fills": 2767,
    "p95_slippage_bps": 9.410582839643101,
    "mean_slippage_bps": 4.068141002284036,
    "median_slippage_bps": 3.4196428305794044,
    "p99_slippage_bps": 19.31919645088371,
    "maker_ratio": 0.7,
    "fills_under_threshold": 2700,
    "pct_under_threshold": 0.9757860498735093,
    "gate_status": "PASS",
    "reason": "criteria_met",
    "threshold_bps": 15.0,
    "min_sample_size": 2000
  },
  "breakdown_metrics": {
    "asset_NVDA": {
      "total_fills": 879,
      "p95_slippage_bps": 9.448422016712225,
      "mean_slippage_bps": 4.060276369739836,
      "median_slippage_bps": 3.3677934200311004,
      "p99_slippage_bps": 18.847973274445103,
      "maker_ratio": 0.7,
      "fills_under_threshold": 858,
      "pct_under_threshold": 0.9761092150170648,
      "gate_status": "INSUFFICIENT_DATA",
      "reason": "need_2000_fills_have_879",
      "threshold_bps": 15.0,
      "min_sample_size": 2000
    },
    "asset_ETH-USD": {
      "total_fills": 944,
      "p95_slippage_bps": 9.222878147699335,
      "mean_slippage_bps": 4.083969783976405,
      "median_slippage_bps": 3.4917547671675235,
      "p99_slippage_bps": 19.20106096598896,
      "maker_ratio": 0.7,
      "fills_under_threshold": 923,
      "pct_under_threshold": 0.9777542372881356,
      "gate_status": "INSUFFICIENT_DATA",
      "reason": "need_2000_fills_have_944",
      "threshold_bps": 15.0,
      "min_sample_size": 2000
    },
    "asset_BTC-USD": {
      "total_fills": 944,
      "p95_slippage_bps": 9.406378224667048,
      "mean_slippage_bps": 4.059635326530598,
      "median_slippage_bps": 3.3970082585111716,
      "p99_slippage_bps": 19.196991982491458,
      "maker_ratio": 0.7,
      "fills_under_threshold": 919,
      "pct_under_threshold": 0.9735169491525424,
      "gate_status": "INSUFFICIENT_DATA",
      "reason": "need_2000_fills_have_944",
      "threshold_bps": 15.0,
      "min_sample_size": 2000
    },
    "venue_binance": {
      "total_fills": 944,
      "p95_slippage_bps": 9.585716389585448,
      "mean_slippage_bps": 4.116669679103894,
      "median_slippage_bps": 3.428061943453044,
      "p99_slippage_bps": 19.150072831879896,
      "maker_ratio": 0.7,
      "fills_under_threshold": 920,
      "pct_under_threshold": 0.9745762711864406,
      "gate_status": "INSUFFICIENT_DATA",
      "reason": "need_2000_fills_have_944",
      "threshold_bps": 15.0,
      "min_sample_size": 2000
    },
    "venue_alpaca": {
      "total_fills": 910,
      "p95_slippage_bps": 9.044502356600299,
      "mean_slippage_bps": 3.9616112347417243,
      "median_slippage_bps": 3.392128993668498,
      "p99_slippage_bps": 17.880744557248843,
      "maker_ratio": 0.7,
      "fills_under_threshold": 893,
      "pct_under_threshold": 0.9813186813186813,
      "gate_status": "INSUFFICIENT_DATA",
      "reason": "need_2000_fills_have_910",
      "threshold_bps": 15.0,
      "min_sample_size": 2000
    },
    "venue_coinbase": {
      "total_fills": 913,
      "p95_slippage_bps": 9.82584596242325,
      "mean_slippage_bps": 4.12414430737227,
      "median_slippage_bps": 3.4401302430342935,
      "p99_slippage_bps": 19.907957641728736,
      "maker_ratio": 0.7,
      "fills_under_threshold": 887,
      "pct_under_threshold": 0.9715224534501643,
      "gate_status": "INSUFFICIENT_DATA",
      "reason": "need_2000_fills_have_913",
      "threshold_bps": 15.0,
      "min_sample_size": 2000
    },
    "BTC-USD_alpaca": {
      "total_fills": 296,
      "p95_slippage_bps": 9.058376315225065,
      "mean_slippage_bps": 3.8462718336749773,
      "median_slippage_bps": 3.313393062165029,
      "p99_slippage_bps": 15.381109069524404,
      "maker_ratio": 0.7,
      "fills_under_threshold": 292,
      "pct_under_threshold": 0.9864864864864865,
      "gate_status": "INSUFFICIENT_DATA",
      "reason": "need_2000_fills_have_296",
      "threshold_bps": 15.0,
      "min_sample_size": 2000
    },
    "BTC-USD_binance": {
      "total_fills": 335,
      "p95_slippage_bps": 9.653442711474536,
      "mean_slippage_bps": 4.213525464673746,
      "median_slippage_bps": 3.4922517294817337,
      "p99_slippage_bps": 19.53162162255021,
      "maker_ratio": 0.7,
      "fills_under_threshold": 326,
      "pct_under_threshold": 0.9731343283582089,
      "gate_status": "INSUFFICIENT_DATA",
      "reason": "need_2000_fills_have_335",
      "threshold_bps": 15.0,
      "min_sample_size": 2000
    },
    "BTC-USD_coinbase": {
      "total_fills": 313,
      "p95_slippage_bps": 9.645430650896598,
      "mean_slippage_bps": 4.096703689493248,
      "median_slippage_bps": 3.3872535005327444,
      "p99_slippage_bps": 19.529818877325784,
      "maker_ratio": 0.7,
      "fills_under_threshold": 301,
      "pct_under_threshold": 0.9616613418530351,
      "gate_status": "INSUFFICIENT_DATA",
      "reason": "need_2000_fills_have_313",
      "threshold_bps": 15.0,
      "min_sample_size": 2000
    },
    "ETH-USD_alpaca": {
      "total_fills": 332,
      "p95_slippage_bps": 9.143826318874554,
      "mean_slippage_bps": 4.229706993865905,
      "median_slippage_bps": 3.585898134833517,
      "p99_slippage_bps": 19.743488040043204,
      "maker_ratio": 0.7,
      "fills_under_threshold": 323,
      "pct_under_threshold": 0.9728915662650602,
      "gate_status": "INSUFFICIENT_DATA",
      "reason": "need_2000_fills_have_332",
      "threshold_bps": 15.0,
      "min_sample_size": 2000
    },
    "ETH-USD_binance": {
      "total_fills": 314,
      "p95_slippage_bps": 10.335582897509308,
      "mean_slippage_bps": 4.237625981479186,
      "median_slippage_bps": 3.497885659604818,
      "p99_slippage_bps": 19.767077849668848,
      "maker_ratio": 0.7,
      "fills_under_threshold": 305,
      "pct_under_threshold": 0.9713375796178344,
      "gate_status": "INSUFFICIENT_DATA",
      "reason": "need_2000_fills_have_314",
      "threshold_bps": 15.0,
      "min_sample_size": 2000
    },
    "ETH-USD_coinbase": {
      "total_fills": 298,
      "p95_slippage_bps": 8.114611186606036,
      "mean_slippage_bps": 3.759698644046244,
      "median_slippage_bps": 3.4297204389889053,
      "p99_slippage_bps": 14.12333534819816,
      "maker_ratio": 0.7,
      "fills_under_threshold": 295,
      "pct_under_threshold": 0.9899328859060402,
      "gate_status": "INSUFFICIENT_DATA",
      "reason": "need_2000_fills_have_298",
      "threshold_bps": 15.0,
      "min_sample_size": 2000
    },
    "NVDA_alpaca": {
      "total_fills": 282,
      "p95_slippage_bps": 8.665618944413076,
      "mean_slippage_bps": 3.7670462371762232,
      "median_slippage_bps": 3.2489364654634674,
      "p99_slippage_bps": 15.942524773688973,
      "maker_ratio": 0.7,
      "fills_under_threshold": 278,
      "pct_under_threshold": 0.9858156028368794,
      "gate_status": "INSUFFICIENT_DATA",
      "reason": "need_2000_fills_have_282",
      "threshold_bps": 15.0,
      "min_sample_size": 2000
    },
    "NVDA_binance": {
      "total_fills": 295,
      "p95_slippage_bps": 8.779561296975396,
      "mean_slippage_bps": 3.8779341973691723,
      "median_slippage_bps": 3.3665521364422997,
      "p99_slippage_bps": 15.947595444949435,
      "maker_ratio": 0.7,
      "fills_under_threshold": 289,
      "pct_under_threshold": 0.9796610169491525,
      "gate_status": "INSUFFICIENT_DATA",
      "reason": "need_2000_fills_have_295",
      "threshold_bps": 15.0,
      "min_sample_size": 2000
    },
    "NVDA_coinbase": {
      "total_fills": 302,
      "p95_slippage_bps": 10.87525108148949,
      "mean_slippage_bps": 4.512202986403029,
      "median_slippage_bps": 3.5092605702568678,
      "p99_slippage_bps": 20.49401125916452,
      "maker_ratio": 0.7,
      "fills_under_threshold": 291,
      "pct_under_threshold": 0.9635761589403974,
      "gate_status": "INSUFFICIENT_DATA",