{
  "timestamp": "2025-08-16T06:48:25.978429+00:00",
  "window_hours": 48,
  "threshold_bps": 15.0,
  "min_sample_size": 2000,
  "overall_metrics": {
    "total_fills": 2592,
    "p95_slippage_bps": 8.816841258440126,
    "mean_slippage_bps": 3.9627231641477887,
    "median_slippage_bps": 3.360925503489104,
    "p99_slippage_bps": 18.2564107680811,
    "maker_ratio": 0.7,
    "fills_under_threshold": 2547,
    "pct_under_threshold": 0.9826388888888888,
    "gate_status": "PASS",
    "reason": "criteria_met",
    "threshold_bps": 15.0,
    "min_sample_size": 2000
  },
  "breakdown_metrics": {
    "asset_BTC-USD": {
      "total_fills": 880,
      "p95_slippage_bps": 8.959734881425312,
      "mean_slippage_bps": 3.9822190703125764,
      "median_slippage_bps": 3.3408095820321266,
      "p99_slippage_bps": 19.162745124866017,
      "maker_ratio": 0.7,
      "fills_under_threshold": 865,
      "pct_under_threshold": 0.9829545454545454,
      "gate_status": "INSUFFICIENT_DATA",
      "reason": "need_2000_fills_have_880",
      "threshold_bps": 15.0,
      "min_sample_size": 2000
    },
    "asset_NVDA": {
      "total_fills": 854,
      "p95_slippage_bps": 8.658339910058544,
      "mean_slippage_bps": 3.933399383005197,
      "median_slippage_bps": 3.3131414193975264,
      "p99_slippage_bps": 19.265827748864222,
      "maker_ratio": 0.7,
      "fills_under_threshold": 839,
      "pct_under_threshold": 0.9824355971896955,
      "gate_status": "INSUFFICIENT_DATA",
      "reason": "need_2000_fills_have_854",
      "threshold_bps": 15.0,
      "min_sample_size": 2000
    },
    "asset_ETH-USD": {
      "total_fills": 858,
      "p95_slippage_bps": 8.709498912579026,
      "mean_slippage_bps": 3.9719144364913337,
      "median_slippage_bps": 3.4093192306472213,
      "p99_slippage_bps": 17.009508243547295,
      "maker_ratio": 0.7,
      "fills_under_threshold": 843,
      "pct_under_threshold": 0.9825174825174825,
      "gate_status": "INSUFFICIENT_DATA",
      "reason": "need_2000_fills_have_858",
      "threshold_bps": 15.0,
      "min_sample_size": 2000
    },
    "venue_coinbase": {
      "total_fills": 872,
      "p95_slippage_bps": 8.805636226317414,
      "mean_slippage_bps": 3.91722813521646,
      "median_slippage_bps": 3.3502497805276956,
      "p99_slippage_bps": 16.26945764667886,
      "maker_ratio": 0.7,
      "fills_under_threshold": 860,
      "pct_under_threshold": 0.9862385321100917,
      "gate_status": "INSUFFICIENT_DATA",
      "reason": "need_2000_fills_have_872",
      "threshold_bps": 15.0,
      "min_sample_size": 2000
    },
    "venue_binance": {
      "total_fills": 833,
      "p95_slippage_bps": 8.52594071724061,
      "mean_slippage_bps": 3.9569657426558784,
      "median_slippage_bps": 3.3633115500066837,
      "p99_slippage_bps": 19.93033357825443,
      "maker_ratio": 0.7,
      "fills_under_threshold": 814,
      "pct_under_threshold": 0.9771908763505402,
      "gate_status": "INSUFFICIENT_DATA",
      "reason": "need_2000_fills_have_833",
      "threshold_bps": 15.0,
      "min_sample_size": 2000
    },
    "venue_alpaca": {
      "total_fills": 887,
      "p95_slippage_bps": 9.05185284798585,
      "mean_slippage_bps": 4.012855742874826,
      "median_slippage_bps": 3.37707332368374,
      "p99_slippage_bps": 17.970866003702703,
      "maker_ratio": 0.7,
      "fills_under_threshold": 873,
      "pct_under_threshold": 0.9842164599774521,
      "gate_status": "INSUFFICIENT_DATA",
      "reason": "need_2000_fills_have_887",
      "threshold_bps": 15.0,
      "min_sample_size": 2000
    },
    "BTC-USD_alpaca": {
      "total_fills": 304,
      "p95_slippage_bps": 9.395842328612027,
      "mean_slippage_bps": 3.991063221667577,
      "median_slippage_bps": 3.2908715541732225,
      "p99_slippage_bps": 17.921385562065332,
      "maker_ratio": 0.7,
      "fills_under_threshold": 298,
      "pct_under_threshold": 0.9802631578947368,
      "gate_status": "INSUFFICIENT_DATA",
      "reason": "need_2000_fills_have_304",
      "threshold_bps": 15.0,
      "min_sample_size": 2000
    },
    "BTC-USD_binance": {
      "total_fills": 289,
      "p95_slippage_bps": 8.946481616277467,
      "mean_slippage_bps": 4.158098160616126,
      "median_slippage_bps": 3.3306250240315793,
      "p99_slippage_bps": 20.226123875297382,
      "maker_ratio": 0.7,
      "fills_under_threshold": 281,
      "pct_under_threshold": 0.972318339100346,
      "gate_status": "INSUFFICIENT_DATA",
      "reason": "need_2000_fills_have_289",
      "threshold_bps": 15.0,
      "min_sample_size": 2000
    },
    "BTC-USD_coinbase": {
      "total_fills": 287,
      "p95_slippage_bps": 8.66285125430649,
      "mean_slippage_bps": 3.7957463208016127,
      "median_slippage_bps": 3.403315622074746,
      "p99_slippage_bps": 12.826281891913094,
      "maker_ratio": 0.7,
      "fills_under_threshold": 286,
      "pct_under_threshold": 0.9965156794425087,
      "gate_status": "INSUFFICIENT_DATA",
      "reason": "need_2000_fills_have_287",
      "threshold_bps": 15.0,
      "min_sample_size": 2000
    },
    "ETH-USD_alpaca": {
      "total_fills": 270,
      "p95_slippage_bps": 8.850431195383194,
      "mean_slippage_bps": 4.148825322411322,
      "median_slippage_bps": 3.5131020169220637,
      "p99_slippage_bps": 16.65665427977706,
      "maker_ratio": 0.7,
      "fills_under_threshold": 266,
      "pct_under_threshold": 0.9851851851851852,
      "gate_status": "INSUFFICIENT_DATA",
      "reason": "need_2000_fills_have_270",
      "threshold_bps": 15.0,
      "min_sample_size": 2000
    },
    "ETH-USD_binance": {
      "total_fills": 294,
      "p95_slippage_bps": 8.376763504503096,
      "mean_slippage_bps": 3.8052402278997013,
      "median_slippage_bps": 3.3964510418652405,
      "p99_slippage_bps": 16.599257300076037,
      "maker_ratio": 0.7,
      "fills_under_threshold": 289,
      "pct_under_threshold": 0.9829931972789115,
      "gate_status": "INSUFFICIENT_DATA",
      "reason": "need_2000_fills_have_294",
      "threshold_bps": 15.0,
      "min_sample_size": 2000
    },
    "ETH-USD_coinbase": {
      "total_fills": 294,
      "p95_slippage_bps": 9.179023681287429,
      "mean_slippage_bps": 3.976119464136037,
      "median_slippage_bps": 3.371281422353996,
      "p99_slippage_bps": 18.182740569643766,
      "maker_ratio": 0.7,
      "fills_under_threshold": 288,
      "pct_under_threshold": 0.9795918367346939,
      "gate_status": "INSUFFICIENT_DATA",
      "reason": "need_2000_fills_have_294",
      "threshold_bps": 15.0,
      "min_sample_size": 2000
    },
    "NVDA_alpaca": {
      "total_fills": 313,
      "p95_slippage_bps": 8.83133455910689,
      "mean_slippage_bps": 3.9167315894312122,
      "median_slippage_bps": 3.314521723677224,
      "p99_slippage_bps": 17.80604598036966,
      "maker_ratio": 0.7,
      "fills_under_threshold": 309,
      "pct_under_threshold": 0.987220447284345,
      "gate_status": "INSUFFICIENT_DATA",
      "reason": "need_2000_fills_have_313",
      "threshold_bps": 15.0,
      "min_sample_size": 2000
    },
    "NVDA_binance": {
      "total_fills": 250,
      "p95_slippage_bps": 8.206551837278603,
      "mean_slippage_bps": 3.902885872847096,
      "median_slippage_bps": 3.3414843100689717,
      "p99_slippage_bps": 20.036861502798132,
      "maker_ratio": 0.7,
      "fills_under_threshold": 244,
      "pct_under_threshold": 0.976,
      "gate_status": "INSUFFICIENT_DATA",
      "reason": "need_2000_fills_have_250",
      "threshold_bps": 15.0,
      "min_sample_size": 2000
    },
    "NVDA_coinbase": {
      "total_fills": 291,
      "p95_slippage_bps": 8.44785929074915,
      "mean_slippage_bps": 3.9775416404903625,
      "median_slippage_bps": 3.2434112519127507,
      "p99_slippage_bps": 16.19199471788632,
      "maker_ratio": 0.7,
      "fills_under_threshold": 286,
      "pct_under_threshold": 0.9828178694158075,
      "gate_status": "INSUFFICIENT_DATA",
      "reason": "need_2000_fills_have_291",