{
  "timestamp": "2025-08-16T08:58:08.726425+00:00",
  "window_hours": 48,
  "threshold_bps": 15.0,
  "min_sample_size": 2000,
  "overall_metrics": {
    "total_fills": 2740,
    "p95_slippage_bps": 9.019112508644051,
    "mean_slippage_bps": 4.014704992130589,
    "median_slippage_bps": 3.430287281084602,
    "p99_slippage_bps": 17.81338124025062,
    "maker_ratio": 0.7,
    "fills_under_threshold": 2688,
    "pct_under_threshold": 0.981021897810219,
    "gate_status": "PASS",
    "reason": "criteria_met",
    "threshold_bps": 15.0,
    "min_sample_size": 2000
  },
  "breakdown_metrics": {
    "asset_NVDA": {
      "total_fills": 878,
      "p95_slippage_bps": 9.896284236484487,
      "mean_slippage_bps": 4.205998410820703,
      "median_slippage_bps": 3.585647951492591,
      "p99_slippage_bps": 18.02649670637377,
      "maker_ratio": 0.7,
      "fills_under_threshold": 862,
      "pct_under_threshold": 0.9817767653758542,
      "gate_status": "INSUFFICIENT_DATA",
      "reason": "need_2000_fills_have_878",
      "threshold_bps": 15.0,
      "min_sample_size": 2000
    },
    "asset_BTC-USD": {
      "total_fills": 940,
      "p95_slippage_bps": 8.8636928147114,
      "mean_slippage_bps": 4.0063321299347825,
      "median_slippage_bps": 3.386318935949008,
      "p99_slippage_bps": 17.661199907626813,
      "maker_ratio": 0.7,
      "fills_under_threshold": 924,
      "pct_under_threshold": 0.9829787234042553,
      "gate_status": "INSUFFICIENT_DATA",
      "reason": "need_2000_fills_have_940",
      "threshold_bps": 15.0,
      "min_sample_size": 2000
    },
    "asset_ETH-USD": {
      "total_fills": 922,
      "p95_slippage_bps": 8.140389518229897,
      "mean_slippage_bps": 3.8410768672435367,
      "median_slippage_bps": 3.3538327278641495,
      "p99_slippage_bps": 17.874322885659915,
      "maker_ratio": 0.7,
      "fills_under_threshold": 902,
      "pct_under_threshold": 0.9783080260303688,
      "gate_status": "INSUFFICIENT_DATA",
      "reason": "need_2000_fills_have_922",
      "threshold_bps": 15.0,
      "min_sample_size": 2000
    },
    "venue_alpaca": {
      "total_fills": 953,
      "p95_slippage_bps": 8.905939666814135,
      "mean_slippage_bps": 4.0769508597583055,
      "median_slippage_bps": 3.4235123620600145,
      "p99_slippage_bps": 18.79230572625068,
      "maker_ratio": 0.7,
      "fills_under_threshold": 930,
      "pct_under_threshold": 0.9758656873032528,
      "gate_status": "INSUFFICIENT_DATA",
      "reason": "need_2000_fills_have_953",
      "threshold_bps": 15.0,
      "min_sample_size": 2000
    },
    "venue_coinbase": {
      "total_fills": 909,
      "p95_slippage_bps": 8.310576523021492,
      "mean_slippage_bps": 3.8778035899362546,
      "median_slippage_bps": 3.3662891748468753,
      "p99_slippage_bps": 17.28802039715325,
      "maker_ratio": 0.7,
      "fills_under_threshold": 894,
      "pct_under_threshold": 0.9834983498349835,
      "gate_status": "INSUFFICIENT_DATA",
      "reason": "need_2000_fills_have_909",
      "threshold_bps": 15.0,
      "min_sample_size": 2000
    },
    "venue_binance": {
      "total_fills": 878,
      "p95_slippage_bps": 9.721586851160982,
      "mean_slippage_bps": 4.0888770453714045,
      "median_slippage_bps": 3.5029386705428758,
      "p99_slippage_bps": 16.835275381041463,
      "maker_ratio": 0.7,
      "fills_under_threshold": 864,
      "pct_under_threshold": 0.9840546697038725,
      "gate_status": "INSUFFICIENT_DATA",
      "reason": "need_2000_fills_have_878",
      "threshold_bps": 15.0,
      "min_sample_size": 2000
    },
    "BTC-USD_alpaca": {
      "total_fills": 318,
      "p95_slippage_bps": 9.7204204184909,
      "mean_slippage_bps": 4.155369508642528,
      "median_slippage_bps": 3.400656484806574,
      "p99_slippage_bps": 17.693492414783208,
      "maker_ratio": 0.7,
      "fills_under_threshold": 310,
      "pct_under_threshold": 0.9748427672955975,
      "gate_status": "INSUFFICIENT_DATA",
      "reason": "need_2000_fills_have_318",
      "threshold_bps": 15.0,
      "min_sample_size": 2000
    },
    "BTC-USD_binance": {
      "total_fills": 281,
      "p95_slippage_bps": 9.287107789346145,
      "mean_slippage_bps": 4.066760749115796,
      "median_slippage_bps": 3.620243726864806,
      "p99_slippage_bps": 14.994812352536465,
      "maker_ratio": 0.7,
      "fills_under_threshold": 278,
      "pct_under_threshold": 0.9893238434163701,
      "gate_status": "INSUFFICIENT_DATA",
      "reason": "need_2000_fills_have_281",
      "threshold_bps": 15.0,
      "min_sample_size": 2000
    },
    "BTC-USD_coinbase": {
      "total_fills": 341,
      "p95_slippage_bps": 8.321062464074872,
      "mean_slippage_bps": 3.8175511081783946,
      "median_slippage_bps": 3.2189158177948456,
      "p99_slippage_bps": 16.231635097964197,
      "maker_ratio": 0.7,
      "fills_under_threshold": 336,
      "pct_under_threshold": 0.9853372434017595,
      "gate_status": "INSUFFICIENT_DATA",
      "reason": "need_2000_fills_have_341",
      "threshold_bps": 15.0,
      "min_sample_size": 2000
    },
    "ETH-USD_alpaca": {
      "total_fills": 335,
      "p95_slippage_bps": 7.852335378680002,
      "mean_slippage_bps": 3.8282979747751664,
      "median_slippage_bps": 3.301024109574622,
      "p99_slippage_bps": 18.06060240109393,
      "maker_ratio": 0.7,
      "fills_under_threshold": 327,
      "pct_under_threshold": 0.9761194029850746,
      "gate_status": "INSUFFICIENT_DATA",
      "reason": "need_2000_fills_have_335",
      "threshold_bps": 15.0,
      "min_sample_size": 2000
    },
    "ETH-USD_binance": {
      "total_fills": 297,
      "p95_slippage_bps": 9.042767173174415,
      "mean_slippage_bps": 3.8598584438971417,
      "median_slippage_bps": 3.3976428896250286,
      "p99_slippage_bps": 16.423772437146603,
      "maker_ratio": 0.7,
      "fills_under_threshold": 291,
      "pct_under_threshold": 0.9797979797979798,
      "gate_status": "INSUFFICIENT_DATA",
      "reason": "need_2000_fills_have_297",
      "threshold_bps": 15.0,
      "min_sample_size": 2000
    },
    "ETH-USD_coinbase": {
      "total_fills": 290,
      "p95_slippage_bps": 7.805321411420312,
      "mean_slippage_bps": 3.8366037662462382,
      "median_slippage_bps": 3.3919804107392473,
      "p99_slippage_bps": 17.896942366061193,
      "maker_ratio": 0.7,
      "fills_under_threshold": 284,
      "pct_under_threshold": 0.9793103448275862,
      "gate_status": "INSUFFICIENT_DATA",
      "reason": "need_2000_fills_have_290",
      "threshold_bps": 15.0,
      "min_sample_size": 2000
    },
    "NVDA_alpaca": {
      "total_fills": 300,
      "p95_slippage_bps": 9.21665240317717,
      "mean_slippage_bps": 4.2714894801722,
      "median_slippage_bps": 3.615538281131899,
      "p99_slippage_bps": 19.101510853638274,
      "maker_ratio": 0.7,
      "fills_under_threshold": 293,
      "pct_under_threshold": 0.9766666666666667,
      "gate_status": "INSUFFICIENT_DATA",
      "reason": "need_2000_fills_have_300",
      "threshold_bps": 15.0,
      "min_sample_size": 2000
    },
    "NVDA_binance": {
      "total_fills": 300,
      "p95_slippage_bps": 10.144326126221474,
      "mean_slippage_bps": 4.336321058323677,
      "median_slippage_bps": 3.614091114933092,
      "p99_slippage_bps": 17.337316491894985,
      "maker_ratio": 0.7,
      "fills_under_threshold": 295,
      "pct_under_threshold": 0.9833333333333333,
      "gate_status": "INSUFFICIENT_DATA",
      "reason": "need_2000_fills_have_300",
      "threshold_bps": 15.0,
      "min_sample_size": 2000
    },
    "NVDA_coinbase": {
      "total_fills": 278,
      "p95_slippage_bps": 9.166014975074441,
      "mean_slippage_bps": 3.994688644430985,
      "median_slippage_bps": 3.4947932140912132,
      "p99_slippage_bps": 16.13544456392802,
      "maker_ratio": 0.7,
      "fills_under_threshold": 274,
      "pct_under_threshold": 0.9856115107913669,
      "gate_status": "INSUFFICIENT_DATA",
      "reason": "need_2000_fills_have_278",