{
  "timestamp": "2025-08-16T07:14:23.122044+00:00",
  "window_hours": 48,
  "threshold_bps": 15.0,
  "min_sample_size": 2000,
  "overall_metrics": {
    "total_fills": 2607,
    "p95_slippage_bps": 9.484234429525092,
    "mean_slippage_bps": 4.085410538126228,
    "median_slippage_bps": 3.4037316347252244,
    "p99_slippage_bps": 18.951085344791196,
    "maker_ratio": 0.7,
    "fills_under_threshold": 2540,
    "pct_under_threshold": 0.9742999616417338,
    "gate_status": "PASS",
    "reason": "criteria_met",
    "threshold_bps": 15.0,
    "min_sample_size": 2000
  },
  "breakdown_metrics": {
    "asset_ETH-USD": {
      "total_fills": 854,
      "p95_slippage_bps": 9.370352188298833,
      "mean_slippage_bps": 4.054398348266694,
      "median_slippage_bps": 3.4273313397436422,
      "p99_slippage_bps": 18.38989127940006,
      "maker_ratio": 0.7,
      "fills_under_threshold": 833,
      "pct_under_threshold": 0.9754098360655737,
      "gate_status": "INSUFFICIENT_DATA",
      "reason": "need_2000_fills_have_854",
      "threshold_bps": 15.0,
      "min_sample_size": 2000
    },
    "asset_NVDA": {
      "total_fills": 917,
      "p95_slippage_bps": 9.56592534643776,
      "mean_slippage_bps": 4.104847686916235,
      "median_slippage_bps": 3.348613661940295,
      "p99_slippage_bps": 20.04129687547779,
      "maker_ratio": 0.7,
      "fills_under_threshold": 893,
      "pct_under_threshold": 0.9738276990185387,
      "gate_status": "INSUFFICIENT_DATA",
      "reason": "need_2000_fills_have_917",
      "threshold_bps": 15.0,
      "min_sample_size": 2000
    },
    "asset_BTC-USD": {
      "total_fills": 836,
      "p95_slippage_bps": 9.416430872401666,
      "mean_slippage_bps": 4.095770041355421,
      "median_slippage_bps": 3.4311594969849226,
      "p99_slippage_bps": 17.937190575423447,
      "maker_ratio": 0.7,
      "fills_under_threshold": 814,
      "pct_under_threshold": 0.9736842105263158,
      "gate_status": "INSUFFICIENT_DATA",
      "reason": "need_2000_fills_have_836",
      "threshold_bps": 15.0,
      "min_sample_size": 2000
    },
    "venue_alpaca": {
      "total_fills": 873,
      "p95_slippage_bps": 9.394639390162466,
      "mean_slippage_bps": 4.105453057007382,
      "median_slippage_bps": 3.458532579326184,
      "p99_slippage_bps": 19.54667333848083,
      "maker_ratio": 0.7,
      "fills_under_threshold": 849,
      "pct_under_threshold": 0.9725085910652921,
      "gate_status": "INSUFFICIENT_DATA",
      "reason": "need_2000_fills_have_873",
      "threshold_bps": 15.0,
      "min_sample_size": 2000
    },
    "venue_coinbase": {
      "total_fills": 828,
      "p95_slippage_bps": 9.061073674425527,
      "mean_slippage_bps": 4.019949940218746,
      "median_slippage_bps": 3.375680566924099,
      "p99_slippage_bps": 17.951061556490895,
      "maker_ratio": 0.7,
      "fills_under_threshold": 811,
      "pct_under_threshold": 0.9794685990338164,
      "gate_status": "INSUFFICIENT_DATA",
      "reason": "need_2000_fills_have_828",
      "threshold_bps": 15.0,
      "min_sample_size": 2000
    },
    "venue_binance": {
      "total_fills": 906,
      "p95_slippage_bps": 9.878477921232442,
      "mean_slippage_bps": 4.125922962060165,
      "median_slippage_bps": 3.419071151312693,
      "p99_slippage_bps": 17.993110793682852,
      "maker_ratio": 0.7,
      "fills_under_threshold": 880,
      "pct_under_threshold": 0.9713024282560706,
      "gate_status": "INSUFFICIENT_DATA",
      "reason": "need_2000_fills_have_906",
      "threshold_bps": 15.0,
      "min_sample_size": 2000
    },
    "BTC-USD_alpaca": {
      "total_fills": 288,
      "p95_slippage_bps": 8.412316473975006,
      "mean_slippage_bps": 3.8661009378874005,
      "median_slippage_bps": 3.329984864781818,
      "p99_slippage_bps": 18.96377245669029,
      "maker_ratio": 0.7,
      "fills_under_threshold": 281,
      "pct_under_threshold": 0.9756944444444444,
      "gate_status": "INSUFFICIENT_DATA",
      "reason": "need_2000_fills_have_288",
      "threshold_bps": 15.0,
      "min_sample_size": 2000
    },
    "BTC-USD_binance": {
      "total_fills": 283,
      "p95_slippage_bps": 10.512558304331904,
      "mean_slippage_bps": 4.338995470138042,
      "median_slippage_bps": 3.5664000635511295,
      "p99_slippage_bps": 17.96207650631421,
      "maker_ratio": 0.7,
      "fills_under_threshold": 272,
      "pct_under_threshold": 0.9611307420494699,
      "gate_status": "INSUFFICIENT_DATA",
      "reason": "need_2000_fills_have_283",
      "threshold_bps": 15.0,
      "min_sample_size": 2000
    },
    "BTC-USD_coinbase": {
      "total_fills": 265,
      "p95_slippage_bps": 9.133964837708355,
      "mean_slippage_bps": 4.085626288349038,
      "median_slippage_bps": 3.4414863807399425,
      "p99_slippage_bps": 15.720442875422021,
      "maker_ratio": 0.7,
      "fills_under_threshold": 261,
      "pct_under_threshold": 0.9849056603773585,
      "gate_status": "INSUFFICIENT_DATA",
      "reason": "need_2000_fills_have_265",
      "threshold_bps": 15.0,
      "min_sample_size": 2000
    },
    "ETH-USD_alpaca": {
      "total_fills": 299,
      "p95_slippage_bps": 10.15885590670283,
      "mean_slippage_bps": 4.181138457156212,
      "median_slippage_bps": 3.5037442985997442,
      "p99_slippage_bps": 19.71776508084932,
      "maker_ratio": 0.7,
      "fills_under_threshold": 290,
      "pct_under_threshold": 0.9698996655518395,
      "gate_status": "INSUFFICIENT_DATA",
      "reason": "need_2000_fills_have_299",
      "threshold_bps": 15.0,
      "min_sample_size": 2000
    },
    "ETH-USD_binance": {
      "total_fills": 287,
      "p95_slippage_bps": 7.659434325802132,
      "mean_slippage_bps": 3.9983238665132212,
      "median_slippage_bps": 3.423047474863117,
      "p99_slippage_bps": 18.046392954341975,
      "maker_ratio": 0.7,
      "fills_under_threshold": 279,
      "pct_under_threshold": 0.9721254355400697,
      "gate_status": "INSUFFICIENT_DATA",
      "reason": "need_2000_fills_have_287",
      "threshold_bps": 15.0,
      "min_sample_size": 2000
    },
    "ETH-USD_coinbase": {
      "total_fills": 268,
      "p95_slippage_bps": 9.199393597362539,
      "mean_slippage_bps": 3.9730479143311728,
      "median_slippage_bps": 3.3549743808746206,
      "p99_slippage_bps": 15.94526789928417,
      "maker_ratio": 0.7,
      "fills_under_threshold": 264,
      "pct_under_threshold": 0.9850746268656716,
      "gate_status": "INSUFFICIENT_DATA",
      "reason": "need_2000_fills_have_268",
      "threshold_bps": 15.0,
      "min_sample_size": 2000
    },
    "NVDA_alpaca": {
      "total_fills": 286,
      "p95_slippage_bps": 9.824534982237425,
      "mean_slippage_bps": 4.26735332156002,
      "median_slippage_bps": 3.5839244328393214,
      "p99_slippage_bps": 20.44919411539015,
      "maker_ratio": 0.7,
      "fills_under_threshold": 278,
      "pct_under_threshold": 0.972027972027972,
      "gate_status": "INSUFFICIENT_DATA",
      "reason": "need_2000_fills_have_286",
      "threshold_bps": 15.0,
      "min_sample_size": 2000
    },
    "NVDA_binance": {
      "total_fills": 336,
      "p95_slippage_bps": 9.840636918731052,
      "mean_slippage_bps": 4.0554509996671095,
      "median_slippage_bps": 3.2202301338970747,
      "p99_slippage_bps": 17.950552394179233,
      "maker_ratio": 0.7,
      "fills_under_threshold": 329,
      "pct_under_threshold": 0.9791666666666666,
      "gate_status": "INSUFFICIENT_DATA",
      "reason": "need_2000_fills_have_336",
      "threshold_bps": 15.0,
      "min_sample_size": 2000
    },
    "NVDA_coinbase": {
      "total_fills": 295,
      "p95_slippage_bps": 8.825831212709222,
      "mean_slippage_bps": 4.003561840840246,
      "median_slippage_bps": 3.3012421123032727,
      "p99_slippage_bps": 20.172273620177457,
      "maker_ratio": 0.7,
      "fills_under_threshold": 286,
      "pct_under_threshold": 0.9694915254237289,
      "gate_status": "INSUFFICIENT_DATA",
      "reason": "need_2000_fills_have_295",