{
  "timestamp": "2025-08-16T05:35:49.102283+00:00",
  "window_hours": 48,
  "threshold_bps": 15.0,
  "min_sample_size": 2000,
  "overall_metrics": {
    "total_fills": 2601,
    "p95_slippage_bps": 9.115857940797259,
    "mean_slippage_bps": 3.9940875671624156,
    "median_slippage_bps": 3.3916401491191444,
    "p99_slippage_bps": 18.57722340295517,
    "maker_ratio": 0.7,
    "fills_under_threshold": 2556,
    "pct_under_threshold": 0.9826989619377162,
    "gate_status": "PASS",
    "reason": "criteria_met",
    "threshold_bps": 15.0,
    "min_sample_size": 2000
  },
  "breakdown_metrics": {
    "asset_ETH-USD": {
      "total_fills": 862,
      "p95_slippage_bps": 8.783404167294158,
      "mean_slippage_bps": 3.9767850664306312,
      "median_slippage_bps": 3.3670728634925293,
      "p99_slippage_bps": 18.39693609506015,
      "maker_ratio": 0.7,
      "fills_under_threshold": 851,
      "pct_under_threshold": 0.9872389791183295,
      "gate_status": "INSUFFICIENT_DATA",
      "reason": "need_2000_fills_have_862",
      "threshold_bps": 15.0,
      "min_sample_size": 2000
    },
    "asset_NVDA": {
      "total_fills": 870,
      "p95_slippage_bps": 9.516559880894112,
      "mean_slippage_bps": 4.075415911734649,
      "median_slippage_bps": 3.4935662257482423,
      "p99_slippage_bps": 19.42361542644049,
      "maker_ratio": 0.7,
      "fills_under_threshold": 852,
      "pct_under_threshold": 0.9793103448275862,
      "gate_status": "INSUFFICIENT_DATA",
      "reason": "need_2000_fills_have_870",
      "threshold_bps": 15.0,
      "min_sample_size": 2000
    },
    "asset_BTC-USD": {
      "total_fills": 869,
      "p95_slippage_bps": 8.66732380725652,
      "mean_slippage_bps": 3.929828759168119,
      "median_slippage_bps": 3.3528459814705474,
      "p99_slippage_bps": 17.674723081388297,
      "maker_ratio": 0.7,
      "fills_under_threshold": 853,
      "pct_under_threshold": 0.9815880322209436,
      "gate_status": "INSUFFICIENT_DATA",
      "reason": "need_2000_fills_have_869",
      "threshold_bps": 15.0,
      "min_sample_size": 2000
    },
    "venue_coinbase": {
      "total_fills": 842,
      "p95_slippage_bps": 9.344979390492284,
      "mean_slippage_bps": 4.1527797864729115,
      "median_slippage_bps": 3.6071875015969845,
      "p99_slippage_bps": 17.76725849941086,
      "maker_ratio": 0.7,
      "fills_under_threshold": 829,
      "pct_under_threshold": 0.9845605700712589,
      "gate_status": "INSUFFICIENT_DATA",
      "reason": "need_2000_fills_have_842",
      "threshold_bps": 15.0,
      "min_sample_size": 2000
    },
    "venue_binance": {
      "total_fills": 900,
      "p95_slippage_bps": 8.804740100588754,
      "mean_slippage_bps": 3.9844353427990025,
      "median_slippage_bps": 3.3457298851720685,
      "p99_slippage_bps": 18.57902528149403,
      "maker_ratio": 0.7,
      "fills_under_threshold": 880,
      "pct_under_threshold": 0.9777777777777777,
      "gate_status": "INSUFFICIENT_DATA",
      "reason": "need_2000_fills_have_900",
      "threshold_bps": 15.0,
      "min_sample_size": 2000
    },
    "venue_alpaca": {
      "total_fills": 859,
      "p95_slippage_bps": 9.032276097215934,
      "mean_slippage_bps": 3.8486488631666473,
      "median_slippage_bps": 3.304566782858952,
      "p99_slippage_bps": 18.439388152583565,
      "maker_ratio": 0.7,
      "fills_under_threshold": 847,
      "pct_under_threshold": 0.9860302677532014,
      "gate_status": "INSUFFICIENT_DATA",
      "reason": "need_2000_fills_have_859",
      "threshold_bps": 15.0,
      "min_sample_size": 2000
    },
    "BTC-USD_alpaca": {
      "total_fills": 294,
      "p95_slippage_bps": 8.702879661063896,
      "mean_slippage_bps": 3.821202606177177,
      "median_slippage_bps": 3.315877805006549,
      "p99_slippage_bps": 16.974182884782408,
      "maker_ratio": 0.7,
      "fills_under_threshold": 289,
      "pct_under_threshold": 0.9829931972789115,
      "gate_status": "INSUFFICIENT_DATA",
      "reason": "need_2000_fills_have_294",
      "threshold_bps": 15.0,
      "min_sample_size": 2000
    },
    "BTC-USD_binance": {
      "total_fills": 293,
      "p95_slippage_bps": 7.5945167143798376,
      "mean_slippage_bps": 3.7419277027426143,
      "median_slippage_bps": 3.161124583621052,
      "p99_slippage_bps": 17.985423833050948,
      "maker_ratio": 0.7,
      "fills_under_threshold": 285,
      "pct_under_threshold": 0.9726962457337884,
      "gate_status": "INSUFFICIENT_DATA",
      "reason": "need_2000_fills_have_293",
      "threshold_bps": 15.0,
      "min_sample_size": 2000
    },
    "BTC-USD_coinbase": {
      "total_fills": 282,
      "p95_slippage_bps": 9.438042538033052,
      "mean_slippage_bps": 4.238307831905743,
      "median_slippage_bps": 3.6506755775352318,
      "p99_slippage_bps": 14.958806338473186,
      "maker_ratio": 0.7,
      "fills_under_threshold": 279,
      "pct_under_threshold": 0.9893617021276596,
      "gate_status": "INSUFFICIENT_DATA",
      "reason": "need_2000_fills_have_282",
      "threshold_bps": 15.0,
      "min_sample_size": 2000
    },
    "ETH-USD_alpaca": {
      "total_fills": 278,
      "p95_slippage_bps": 8.47979105488323,
      "mean_slippage_bps": 3.782924812232856,
      "median_slippage_bps": 3.2731297541635604,
      "p99_slippage_bps": 15.277658450797707,
      "maker_ratio": 0.7,
      "fills_under_threshold": 275,
      "pct_under_threshold": 0.9892086330935251,
      "gate_status": "INSUFFICIENT_DATA",
      "reason": "need_2000_fills_have_278",
      "threshold_bps": 15.0,
      "min_sample_size": 2000
    },
    "ETH-USD_binance": {
      "total_fills": 311,
      "p95_slippage_bps": 9.233398991857486,
      "mean_slippage_bps": 4.047309754650308,
      "median_slippage_bps": 3.357718287654925,
      "p99_slippage_bps": 18.216769962335572,
      "maker_ratio": 0.7,
      "fills_under_threshold": 307,
      "pct_under_threshold": 0.9871382636655949,
      "gate_status": "INSUFFICIENT_DATA",
      "reason": "need_2000_fills_have_311",
      "threshold_bps": 15.0,
      "min_sample_size": 2000
    },
    "ETH-USD_coinbase": {
      "total_fills": 273,
      "p95_slippage_bps": 8.228931683983898,
      "mean_slippage_bps": 4.093854563246242,
      "median_slippage_bps": 3.576375364388321,
      "p99_slippage_bps": 18.009903358978768,
      "maker_ratio": 0.7,
      "fills_under_threshold": 269,
      "pct_under_threshold": 0.9853479853479854,
      "gate_status": "INSUFFICIENT_DATA",
      "reason": "need_2000_fills_have_273",
      "threshold_bps": 15.0,
      "min_sample_size": 2000
    },
    "NVDA_alpaca": {
      "total_fills": 287,
      "p95_slippage_bps": 9.958138562858581,
      "mean_slippage_bps": 3.9404275590359794,
      "median_slippage_bps": 3.3652856063645835,
      "p99_slippage_bps": 19.420239083110957,
      "maker_ratio": 0.7,
      "fills_under_threshold": 283,
      "pct_under_threshold": 0.9860627177700348,
      "gate_status": "INSUFFICIENT_DATA",
      "reason": "need_2000_fills_have_287",
      "threshold_bps": 15.0,
      "min_sample_size": 2000
    },
    "NVDA_binance": {
      "total_fills": 296,
      "p95_slippage_bps": 9.019274028161448,
      "mean_slippage_bps": 4.158424519997536,
      "median_slippage_bps": 3.4986755253702526,
      "p99_slippage_bps": 18.65976532745503,
      "maker_ratio": 0.7,
      "fills_under_threshold": 288,
      "pct_under_threshold": 0.972972972972973,
      "gate_status": "INSUFFICIENT_DATA",
      "reason": "need_2000_fills_have_296",
      "threshold_bps": 15.0,
      "min_sample_size": 2000
    },
    "NVDA_coinbase": {
      "total_fills": 287,
      "p95_slippage_bps": 9.327954673487946,
      "mean_slippage_bps": 4.12479259876846,
      "median_slippage_bps": 3.556973096701943,
      "p99_slippage_bps": 18.145464053980625,
      "maker_ratio": 0.7,
      "fills_under_threshold": 281,
      "pct_under_threshold": 0.9790940766550522,
      "gate_status": "INSUFFICIENT_DATA",