{
  "timestamp": "2025-08-16T21:25:11.574119+00:00",
  "window_hours": 48,
  "threshold_bps": 15.0,
  "min_sample_size": 2000,
  "overall_metrics": {
    "total_fills": 2739,
    "p95_slippage_bps": 10.048355301796056,
    "mean_slippage_bps": 4.116675446533041,
    "median_slippage_bps": 3.445099284803812,
    "p99_slippage_bps": 18.788235815460016,
    "maker_ratio": 0.7,
    "fills_under_threshold": 2665,
    "pct_under_threshold": 0.97298284045272,
    "gate_status": "PASS",
    "reason": "criteria_met",
    "threshold_bps": 15.0,
    "min_sample_size": 2000
  },
  "breakdown_metrics": {
    "asset_NVDA": {
      "total_fills": 878,
      "p95_slippage_bps": 11.670325849852127,
      "mean_slippage_bps": 4.309508806018003,
      "median_slippage_bps": 3.5460869056193034,
      "p99_slippage_bps": 18.83114969160779,
      "maker_ratio": 0.7,
      "fills_under_threshold": 852,
      "pct_under_threshold": 0.9703872437357631,
      "gate_status": "INSUFFICIENT_DATA",
      "reason": "need_2000_fills_have_878",
      "threshold_bps": 15.0,
      "min_sample_size": 2000
    },
    "asset_ETH-USD": {
      "total_fills": 916,
      "p95_slippage_bps": 9.718542365055523,
      "mean_slippage_bps": 4.0910612810238165,
      "median_slippage_bps": 3.448636838979847,
      "p99_slippage_bps": 19.179689449792107,
      "maker_ratio": 0.7,
      "fills_under_threshold": 887,
      "pct_under_threshold": 0.9683406113537117,
      "gate_status": "INSUFFICIENT_DATA",
      "reason": "need_2000_fills_have_916",
      "threshold_bps": 15.0,
      "min_sample_size": 2000
    },
    "asset_BTC-USD": {
      "total_fills": 945,
      "p95_slippage_bps": 9.17870148642297,
      "mean_slippage_bps": 3.9623419925421985,
      "median_slippage_bps": 3.37703001402898,
      "p99_slippage_bps": 18.406874763702298,
      "maker_ratio": 0.7,
      "fills_under_threshold": 926,
      "pct_under_threshold": 0.9798941798941799,
      "gate_status": "INSUFFICIENT_DATA",
      "reason": "need_2000_fills_have_945",
      "threshold_bps": 15.0,
      "min_sample_size": 2000
    },
    "venue_coinbase": {
      "total_fills": 983,
      "p95_slippage_bps": 9.914736535978857,
      "mean_slippage_bps": 4.100856356432932,
      "median_slippage_bps": 3.376789818210611,
      "p99_slippage_bps": 19.04942382688498,
      "maker_ratio": 0.7,
      "fills_under_threshold": 955,
      "pct_under_threshold": 0.9715157680569685,
      "gate_status": "INSUFFICIENT_DATA",
      "reason": "need_2000_fills_have_983",
      "threshold_bps": 15.0,
      "min_sample_size": 2000
    },
    "venue_alpaca": {
      "total_fills": 878,
      "p95_slippage_bps": 10.008074939741764,
      "mean_slippage_bps": 4.118318130257768,
      "median_slippage_bps": 3.441196016418936,
      "p99_slippage_bps": 19.539393985870785,
      "maker_ratio": 0.7,
      "fills_under_threshold": 851,
      "pct_under_threshold": 0.969248291571754,
      "gate_status": "INSUFFICIENT_DATA",
      "reason": "need_2000_fills_have_878",
      "threshold_bps": 15.0,
      "min_sample_size": 2000
    },
    "venue_binance": {
      "total_fills": 878,
      "p95_slippage_bps": 10.075519670059714,
      "mean_slippage_bps": 4.13274365753315,
      "median_slippage_bps": 3.5202355918441386,
      "p99_slippage_bps": 17.690752818161684,
      "maker_ratio": 0.7,
      "fills_under_threshold": 859,
      "pct_under_threshold": 0.9783599088838268,
      "gate_status": "INSUFFICIENT_DATA",
      "reason": "need_2000_fills_have_878",
      "threshold_bps": 15.0,
      "min_sample_size": 2000
    },
    "BTC-USD_alpaca": {
      "total_fills": 282,
      "p95_slippage_bps": 9.421848450128099,
      "mean_slippage_bps": 3.9840269494344827,
      "median_slippage_bps": 3.3493152160448285,
      "p99_slippage_bps": 19.64764132878169,
      "maker_ratio": 0.7,
      "fills_under_threshold": 273,
      "pct_under_threshold": 0.9680851063829787,
      "gate_status": "INSUFFICIENT_DATA",
      "reason": "need_2000_fills_have_282",
      "threshold_bps": 15.0,
      "min_sample_size": 2000
    },
    "BTC-USD_binance": {
      "total_fills": 317,
      "p95_slippage_bps": 8.888938374917803,
      "mean_slippage_bps": 3.8263976527070613,
      "median_slippage_bps": 3.3733829584161183,
      "p99_slippage_bps": 15.996636330272006,
      "maker_ratio": 0.7,
      "fills_under_threshold": 313,
      "pct_under_threshold": 0.9873817034700315,
      "gate_status": "INSUFFICIENT_DATA",
      "reason": "need_2000_fills_have_317",
      "threshold_bps": 15.0,
      "min_sample_size": 2000
    },
    "BTC-USD_coinbase": {
      "total_fills": 346,
      "p95_slippage_bps": 8.6620631630013,
      "mean_slippage_bps": 4.069218287004955,
      "median_slippage_bps": 3.41698133994483,
      "p99_slippage_bps": 17.634611534071922,
      "maker_ratio": 0.7,
      "fills_under_threshold": 340,
      "pct_under_threshold": 0.9826589595375722,
      "gate_status": "INSUFFICIENT_DATA",
      "reason": "need_2000_fills_have_346",
      "threshold_bps": 15.0,
      "min_sample_size": 2000
    },
    "ETH-USD_alpaca": {
      "total_fills": 297,
      "p95_slippage_bps": 7.976714168951555,
      "mean_slippage_bps": 3.972697544633304,
      "median_slippage_bps": 3.459500119198301,
      "p99_slippage_bps": 19.265327093923666,
      "maker_ratio": 0.7,
      "fills_under_threshold": 289,
      "pct_under_threshold": 0.9730639730639731,
      "gate_status": "INSUFFICIENT_DATA",
      "reason": "need_2000_fills_have_297",
      "threshold_bps": 15.0,
      "min_sample_size": 2000
    },
    "ETH-USD_binance": {
      "total_fills": 289,
      "p95_slippage_bps": 9.756580000961137,
      "mean_slippage_bps": 4.192772318180473,
      "median_slippage_bps": 3.5844587954748013,
      "p99_slippage_bps": 17.889675367463173,
      "maker_ratio": 0.7,
      "fills_under_threshold": 281,
      "pct_under_threshold": 0.972318339100346,
      "gate_status": "INSUFFICIENT_DATA",
      "reason": "need_2000_fills_have_289",
      "threshold_bps": 15.0,
      "min_sample_size": 2000
    },
    "ETH-USD_coinbase": {
      "total_fills": 330,
      "p95_slippage_bps": 10.141120437320055,
      "mean_slippage_bps": 4.108514432447177,
      "median_slippage_bps": 3.247313315280863,
      "p99_slippage_bps": 20.204749105894614,
      "maker_ratio": 0.7,
      "fills_under_threshold": 317,
      "pct_under_threshold": 0.9606060606060606,
      "gate_status": "INSUFFICIENT_DATA",
      "reason": "need_2000_fills_have_330",
      "threshold_bps": 15.0,
      "min_sample_size": 2000
    },
    "NVDA_alpaca": {
      "total_fills": 299,
      "p95_slippage_bps": 12.554300721555261,
      "mean_slippage_bps": 4.389620561437141,
      "median_slippage_bps": 3.546401842195867,
      "p99_slippage_bps": 19.096130032511844,
      "maker_ratio": 0.7,
      "fills_under_threshold": 289,
      "pct_under_threshold": 0.9665551839464883,
      "gate_status": "INSUFFICIENT_DATA",
      "reason": "need_2000_fills_have_299",
      "threshold_bps": 15.0,
      "min_sample_size": 2000
    },
    "NVDA_binance": {
      "total_fills": 272,
      "p95_slippage_bps": 12.6576800364036,
      "mean_slippage_bps": 4.425991453866952,
      "median_slippage_bps": 3.5997863114987307,
      "p99_slippage_bps": 17.821300175413313,
      "maker_ratio": 0.7,
      "fills_under_threshold": 265,
      "pct_under_threshold": 0.9742647058823529,
      "gate_status": "INSUFFICIENT_DATA",
      "reason": "need_2000_fills_have_272",
      "threshold_bps": 15.0,
      "min_sample_size": 2000
    },
    "NVDA_coinbase": {
      "total_fills": 307,
      "p95_slippage_bps": 9.883541459115456,
      "mean_slippage_bps": 4.128281786196382,
      "median_slippage_bps": 3.4062559254000027,
      "p99_slippage_bps": 19.58165276819228,
      "maker_ratio": 0.7,
      "fills_under_threshold": 298,
      "pct_under_threshold": 0.9706840390879479,
      "gate_status": "INSUFFICIENT_DATA",
      "reason": "need_2000_fills_have_307",