{
  "timestamp": "2025-08-16T10:10:48.271979+00:00",
  "window_hours": 48,
  "threshold_bps": 15.0,
  "min_sample_size": 2000,
  "overall_metrics": {
    "total_fills": 2754,
    "p95_slippage_bps": 8.996189776969697,
    "mean_slippage_bps": 4.054046447892133,
    "median_slippage_bps": 3.4794872240026065,
    "p99_slippage_bps": 18.41430621917103,
    "maker_ratio": 0.7,
    "fills_under_threshold": 2697,
    "pct_under_threshold": 0.9793028322440087,
    "gate_status": "PASS",
    "reason": "criteria_met",
    "threshold_bps": 15.0,
    "min_sample_size": 2000
  },
  "breakdown_metrics": {
    "asset_BTC-USD": {
      "total_fills": 927,
      "p95_slippage_bps": 8.828111769835791,
      "mean_slippage_bps": 3.8772338815978813,
      "median_slippage_bps": 3.385300339542816,
      "p99_slippage_bps": 16.72350086940935,
      "maker_ratio": 0.7,
      "fills_under_threshold": 914,
      "pct_under_threshold": 0.9859762675296656,
      "gate_status": "INSUFFICIENT_DATA",
      "reason": "need_2000_fills_have_927",
      "threshold_bps": 15.0,
      "min_sample_size": 2000
    },
    "asset_ETH-USD": {
      "total_fills": 956,
      "p95_slippage_bps": 9.403594743305,
      "mean_slippage_bps": 4.190829402857387,
      "median_slippage_bps": 3.5354937220157856,
      "p99_slippage_bps": 19.635326742111364,
      "maker_ratio": 0.7,
      "fills_under_threshold": 930,
      "pct_under_threshold": 0.9728033472803347,
      "gate_status": "INSUFFICIENT_DATA",
      "reason": "need_2000_fills_have_956",
      "threshold_bps": 15.0,
      "min_sample_size": 2000
    },
    "asset_NVDA": {
      "total_fills": 871,
      "p95_slippage_bps": 8.981728707750344,
      "mean_slippage_bps": 4.092095522528171,
      "median_slippage_bps": 3.498629737402985,
      "p99_slippage_bps": 18.146951692055865,
      "maker_ratio": 0.7,
      "fills_under_threshold": 853,
      "pct_under_threshold": 0.9793340987370838,
      "gate_status": "INSUFFICIENT_DATA",
      "reason": "need_2000_fills_have_871",
      "threshold_bps": 15.0,
      "min_sample_size": 2000
    },
    "venue_coinbase": {
      "total_fills": 915,
      "p95_slippage_bps": 8.947530620743311,
      "mean_slippage_bps": 3.932333018595979,
      "median_slippage_bps": 3.4606712581353447,
      "p99_slippage_bps": 16.991854131262336,
      "maker_ratio": 0.7,
      "fills_under_threshold": 901,
      "pct_under_threshold": 0.9846994535519126,
      "gate_status": "INSUFFICIENT_DATA",
      "reason": "need_2000_fills_have_915",
      "threshold_bps": 15.0,
      "min_sample_size": 2000
    },
    "venue_alpaca": {
      "total_fills": 936,
      "p95_slippage_bps": 8.845168424342807,
      "mean_slippage_bps": 4.134489784479013,
      "median_slippage_bps": 3.524649666377722,
      "p99_slippage_bps": 18.241510013192578,
      "maker_ratio": 0.7,
      "fills_under_threshold": 917,
      "pct_under_threshold": 0.9797008547008547,
      "gate_status": "INSUFFICIENT_DATA",
      "reason": "need_2000_fills_have_936",
      "threshold_bps": 15.0,
      "min_sample_size": 2000
    },
    "venue_binance": {
      "total_fills": 903,
      "p95_slippage_bps": 9.251301833524535,
      "mean_slippage_bps": 4.093994205102169,
      "median_slippage_bps": 3.412013985740436,
      "p99_slippage_bps": 19.307797159212228,
      "maker_ratio": 0.7,
      "fills_under_threshold": 879,
      "pct_under_threshold": 0.973421926910299,
      "gate_status": "INSUFFICIENT_DATA",
      "reason": "need_2000_fills_have_903",
      "threshold_bps": 15.0,
      "min_sample_size": 2000
    },
    "BTC-USD_alpaca": {
      "total_fills": 319,
      "p95_slippage_bps": 8.839856654211566,
      "mean_slippage_bps": 4.063736591932223,
      "median_slippage_bps": 3.481393618649454,
      "p99_slippage_bps": 17.798523401805184,
      "maker_ratio": 0.7,
      "fills_under_threshold": 312,
      "pct_under_threshold": 0.9780564263322884,
      "gate_status": "INSUFFICIENT_DATA",
      "reason": "need_2000_fills_have_319",
      "threshold_bps": 15.0,
      "min_sample_size": 2000
    },
    "BTC-USD_binance": {
      "total_fills": 301,
      "p95_slippage_bps": 8.994917814940935,
      "mean_slippage_bps": 3.9140280279374675,
      "median_slippage_bps": 3.412013985740436,
      "p99_slippage_bps": 15.58732700089501,
      "maker_ratio": 0.7,
      "fills_under_threshold": 297,
      "pct_under_threshold": 0.9867109634551495,
      "gate_status": "INSUFFICIENT_DATA",
      "reason": "need_2000_fills_have_301",
      "threshold_bps": 15.0,
      "min_sample_size": 2000
    },
    "BTC-USD_coinbase": {
      "total_fills": 307,
      "p95_slippage_bps": 8.171429092328236,
      "mean_slippage_bps": 3.647366120539673,
      "median_slippage_bps": 3.2262290765856663,
      "p99_slippage_bps": 13.365147211036401,
      "maker_ratio": 0.7,
      "fills_under_threshold": 305,
      "pct_under_threshold": 0.993485342019544,
      "gate_status": "INSUFFICIENT_DATA",
      "reason": "need_2000_fills_have_307",
      "threshold_bps": 15.0,
      "min_sample_size": 2000
    },
    "ETH-USD_alpaca": {
      "total_fills": 325,
      "p95_slippage_bps": 10.19674146107046,
      "mean_slippage_bps": 4.316244688605114,
      "median_slippage_bps": 3.5248474590751635,
      "p99_slippage_bps": 19.811157768877777,
      "maker_ratio": 0.7,
      "fills_under_threshold": 316,
      "pct_under_threshold": 0.9723076923076923,
      "gate_status": "INSUFFICIENT_DATA",
      "reason": "need_2000_fills_have_325",
      "threshold_bps": 15.0,
      "min_sample_size": 2000
    },
    "ETH-USD_binance": {
      "total_fills": 314,
      "p95_slippage_bps": 9.373877820919006,
      "mean_slippage_bps": 4.117413226934655,
      "median_slippage_bps": 3.503258546056551,
      "p99_slippage_bps": 19.45714173239537,
      "maker_ratio": 0.7,
      "fills_under_threshold": 304,
      "pct_under_threshold": 0.9681528662420382,
      "gate_status": "INSUFFICIENT_DATA",
      "reason": "need_2000_fills_have_314",
      "threshold_bps": 15.0,
      "min_sample_size": 2000
    },
    "ETH-USD_coinbase": {
      "total_fills": 317,
      "p95_slippage_bps": 9.1264577874883,
      "mean_slippage_bps": 4.134970448194067,
      "median_slippage_bps": 3.5492749119403317,
      "p99_slippage_bps": 19.37819951884037,
      "maker_ratio": 0.7,
      "fills_under_threshold": 310,
      "pct_under_threshold": 0.9779179810725552,
      "gate_status": "INSUFFICIENT_DATA",
      "reason": "need_2000_fills_have_317",
      "threshold_bps": 15.0,
      "min_sample_size": 2000
    },
    "NVDA_alpaca": {
      "total_fills": 292,
      "p95_slippage_bps": 8.373567296724696,
      "mean_slippage_bps": 4.009489526196284,
      "median_slippage_bps": 3.573144283388049,
      "p99_slippage_bps": 13.327240825058336,
      "maker_ratio": 0.7,
      "fills_under_threshold": 289,
      "pct_under_threshold": 0.9897260273972602,
      "gate_status": "INSUFFICIENT_DATA",
      "reason": "need_2000_fills_have_292",
      "threshold_bps": 15.0,
      "min_sample_size": 2000
    },
    "NVDA_binance": {
      "total_fills": 288,
      "p95_slippage_bps": 9.738989000900034,
      "mean_slippage_bps": 4.256550616460418,
      "median_slippage_bps": 3.3411733242995445,
      "p99_slippage_bps": 19.950335997698193,
      "maker_ratio": 0.7,
      "fills_under_threshold": 278,
      "pct_under_threshold": 0.9652777777777778,
      "gate_status": "INSUFFICIENT_DATA",
      "reason": "need_2000_fills_have_288",
      "threshold_bps": 15.0,
      "min_sample_size": 2000
    },
    "NVDA_coinbase": {
      "total_fills": 291,
      "p95_slippage_bps": 8.959829247741872,
      "mean_slippage_bps": 4.012225707670522,
      "median_slippage_bps": 3.4896350946396186,
      "p99_slippage_bps": 15.678315124419703,
      "maker_ratio": 0.7,
      "fills_under_threshold": 286,
      "pct_under_threshold": 0.9828178694158075,
      "gate_status": "INSUFFICIENT_DATA",
      "reason": "need_2000_fills_have_291",