{
  "timestamp": "2025-08-16T15:48:00.216696+00:00",
  "window_hours": 48,
  "threshold_bps": 15.0,
  "min_sample_size": 2000,
  "overall_metrics": {
    "total_fills": 2747,
    "p95_slippage_bps": 9.164894787127576,
    "mean_slippage_bps": 4.068189138498221,
    "median_slippage_bps": 3.4609242949861208,
    "p99_slippage_bps": 18.80749084370447,
    "maker_ratio": 0.7,
    "fills_under_threshold": 2684,
    "pct_under_threshold": 0.9770658900618857,
    "gate_status": "PASS",
    "reason": "criteria_met",
    "threshold_bps": 15.0,
    "min_sample_size": 2000
  },
  "breakdown_metrics": {
    "asset_ETH-USD": {
      "total_fills": 912,
      "p95_slippage_bps": 9.158518914502023,
      "mean_slippage_bps": 4.116763746355842,
      "median_slippage_bps": 3.436145681968326,
      "p99_slippage_bps": 20.100669831488016,
      "maker_ratio": 0.7,
      "fills_under_threshold": 888,
      "pct_under_threshold": 0.9736842105263158,
      "gate_status": "INSUFFICIENT_DATA",
      "reason": "need_2000_fills_have_912",
      "threshold_bps": 15.0,
      "min_sample_size": 2000
    },
    "asset_NVDA": {
      "total_fills": 938,
      "p95_slippage_bps": 9.412000584732425,
      "mean_slippage_bps": 4.098791667573713,
      "median_slippage_bps": 3.477531230916255,
      "p99_slippage_bps": 18.00660678116711,
      "maker_ratio": 0.7,
      "fills_under_threshold": 913,
      "pct_under_threshold": 0.9733475479744137,
      "gate_status": "INSUFFICIENT_DATA",
      "reason": "need_2000_fills_have_938",
      "threshold_bps": 15.0,
      "min_sample_size": 2000
    },
    "asset_BTC-USD": {
      "total_fills": 897,
      "p95_slippage_bps": 9.053145189257096,
      "mean_slippage_bps": 3.986800939346646,
      "median_slippage_bps": 3.4731715950181172,
      "p99_slippage_bps": 17.968511067664007,
      "maker_ratio": 0.7,
      "fills_under_threshold": 883,
      "pct_under_threshold": 0.9843924191750278,
      "gate_status": "INSUFFICIENT_DATA",
      "reason": "need_2000_fills_have_897",
      "threshold_bps": 15.0,
      "min_sample_size": 2000
    },
    "venue_alpaca": {
      "total_fills": 907,
      "p95_slippage_bps": 7.8207719163619,
      "mean_slippage_bps": 3.8343347872617723,
      "median_slippage_bps": 3.388094611371516,
      "p99_slippage_bps": 17.196555243017166,
      "maker_ratio": 0.7,
      "fills_under_threshold": 892,
      "pct_under_threshold": 0.9834619625137817,
      "gate_status": "INSUFFICIENT_DATA",
      "reason": "need_2000_fills_have_907",
      "threshold_bps": 15.0,
      "min_sample_size": 2000
    },
    "venue_binance": {
      "total_fills": 936,
      "p95_slippage_bps": 9.415110458064568,
      "mean_slippage_bps": 4.130654133577994,
      "median_slippage_bps": 3.479649673252387,
      "p99_slippage_bps": 18.096831199145008,
      "maker_ratio": 0.7,
      "fills_under_threshold": 915,
      "pct_under_threshold": 0.9775641025641025,
      "gate_status": "INSUFFICIENT_DATA",
      "reason": "need_2000_fills_have_936",
      "threshold_bps": 15.0,
      "min_sample_size": 2000
    },
    "venue_coinbase": {
      "total_fills": 904,
      "p95_slippage_bps": 9.89353948818022,
      "mean_slippage_bps": 4.238143409711486,
      "median_slippage_bps": 3.487046673111454,
      "p99_slippage_bps": 20.15223465344843,
      "maker_ratio": 0.7,
      "fills_under_threshold": 877,
      "pct_under_threshold": 0.9701327433628318,
      "gate_status": "INSUFFICIENT_DATA",
      "reason": "need_2000_fills_have_904",
      "threshold_bps": 15.0,
      "min_sample_size": 2000
    },
    "BTC-USD_alpaca": {
      "total_fills": 297,
      "p95_slippage_bps": 7.8513501603063505,
      "mean_slippage_bps": 3.7901961584061694,
      "median_slippage_bps": 3.40872597929538,
      "p99_slippage_bps": 13.12562380802279,
      "maker_ratio": 0.7,
      "fills_under_threshold": 295,
      "pct_under_threshold": 0.9932659932659933,
      "gate_status": "INSUFFICIENT_DATA",
      "reason": "need_2000_fills_have_297",
      "threshold_bps": 15.0,
      "min_sample_size": 2000
    },
    "BTC-USD_binance": {
      "total_fills": 315,
      "p95_slippage_bps": 9.039689988687902,
      "mean_slippage_bps": 4.151951558041091,
      "median_slippage_bps": 3.5624388990851346,
      "p99_slippage_bps": 14.11472280231776,
      "maker_ratio": 0.7,
      "fills_under_threshold": 312,
      "pct_under_threshold": 0.9904761904761905,
      "gate_status": "INSUFFICIENT_DATA",
      "reason": "need_2000_fills_have_315",
      "threshold_bps": 15.0,
      "min_sample_size": 2000
    },
    "BTC-USD_coinbase": {
      "total_fills": 285,
      "p95_slippage_bps": 9.599535858109183,
      "mean_slippage_bps": 4.009148921980229,
      "median_slippage_bps": 3.336909541504786,
      "p99_slippage_bps": 18.770105024268464,
      "maker_ratio": 0.7,
      "fills_under_threshold": 276,
      "pct_under_threshold": 0.968421052631579,
      "gate_status": "INSUFFICIENT_DATA",
      "reason": "need_2000_fills_have_285",
      "threshold_bps": 15.0,
      "min_sample_size": 2000
    },
    "ETH-USD_alpaca": {
      "total_fills": 318,
      "p95_slippage_bps": 8.056975560936294,
      "mean_slippage_bps": 3.845668348358702,
      "median_slippage_bps": 3.3586834294485906,
      "p99_slippage_bps": 18.642603361761132,
      "maker_ratio": 0.7,
      "fills_under_threshold": 311,
      "pct_under_threshold": 0.9779874213836478,
      "gate_status": "INSUFFICIENT_DATA",
      "reason": "need_2000_fills_have_318",
      "threshold_bps": 15.0,
      "min_sample_size": 2000
    },
    "ETH-USD_binance": {
      "total_fills": 298,
      "p95_slippage_bps": 9.554319645265066,
      "mean_slippage_bps": 3.993555499830545,
      "median_slippage_bps": 3.3606609543017996,
      "p99_slippage_bps": 18.138617004047386,
      "maker_ratio": 0.7,
      "fills_under_threshold": 290,
      "pct_under_threshold": 0.9731543624161074,
      "gate_status": "INSUFFICIENT_DATA",
      "reason": "need_2000_fills_have_298",
      "threshold_bps": 15.0,
      "min_sample_size": 2000
    },
    "ETH-USD_coinbase": {
      "total_fills": 296,
      "p95_slippage_bps": 10.620534984909447,
      "mean_slippage_bps": 4.532048861314048,
      "median_slippage_bps": 3.586178494004353,
      "p99_slippage_bps": 21.5351391694033,
      "maker_ratio": 0.7,
      "fills_under_threshold": 287,
      "pct_under_threshold": 0.9695945945945946,
      "gate_status": "INSUFFICIENT_DATA",
      "reason": "need_2000_fills_have_296",
      "threshold_bps": 15.0,
      "min_sample_size": 2000
    },
    "NVDA_alpaca": {
      "total_fills": 292,
      "p95_slippage_bps": 7.4633312085917485,
      "mean_slippage_bps": 3.8668865007593425,
      "median_slippage_bps": 3.4519244491401184,
      "p99_slippage_bps": 17.055129068602994,
      "maker_ratio": 0.7,
      "fills_under_threshold": 286,
      "pct_under_threshold": 0.9794520547945206,
      "gate_status": "INSUFFICIENT_DATA",
      "reason": "need_2000_fills_have_292",
      "threshold_bps": 15.0,
      "min_sample_size": 2000
    },
    "NVDA_binance": {
      "total_fills": 323,
      "p95_slippage_bps": 9.722689212519665,
      "mean_slippage_bps": 4.236371483890266,
      "median_slippage_bps": 3.487801070250287,
      "p99_slippage_bps": 18.828012315886486,
      "maker_ratio": 0.7,
      "fills_under_threshold": 313,
      "pct_under_threshold": 0.9690402476780186,
      "gate_status": "INSUFFICIENT_DATA",
      "reason": "need_2000_fills_have_323",
      "threshold_bps": 15.0,
      "min_sample_size": 2000
    },
    "NVDA_coinbase": {
      "total_fills": 323,
      "p95_slippage_bps": 9.859858732529778,
      "mean_slippage_bps": 4.170859865838576,
      "median_slippage_bps": 3.4737437230073707,
      "p99_slippage_bps": 17.76703764113667,
      "maker_ratio": 0.7,
      "fills_under_threshold": 314,
      "pct_under_threshold": 0.9721362229102167,
      "gate_status": "INSUFFICIENT_DATA",
      "reason": "need_2000_fills_have_323",