{
  "timestamp": "2025-08-16T12:36:03.529457+00:00",
  "window_hours": 48,
  "threshold_bps": 15.0,
  "min_sample_size": 2000,
  "overall_metrics": {
    "total_fills": 2754,
    "p95_slippage_bps": 8.765015626735021,
    "mean_slippage_bps": 3.8985744739410064,
    "median_slippage_bps": 3.3530188847787654,
    "p99_slippage_bps": 18.103067001960714,
    "maker_ratio": 0.7,
    "fills_under_threshold": 2703,
    "pct_under_threshold": 0.9814814814814815,
    "gate_status": "PASS",
    "reason": "criteria_met",
    "threshold_bps": 15.0,
    "min_sample_size": 2000
  },
  "breakdown_metrics": {
    "asset_NVDA": {
      "total_fills": 944,
      "p95_slippage_bps": 8.70650085110102,
      "mean_slippage_bps": 3.860341500066253,
      "median_slippage_bps": 3.3323510628444475,
      "p99_slippage_bps": 17.422524554804642,
      "maker_ratio": 0.7,
      "fills_under_threshold": 928,
      "pct_under_threshold": 0.9830508474576272,
      "gate_status": "INSUFFICIENT_DATA",
      "reason": "need_2000_fills_have_944",
      "threshold_bps": 15.0,
      "min_sample_size": 2000
    },
    "asset_BTC-USD": {
      "total_fills": 893,
      "p95_slippage_bps": 8.603363748497578,
      "mean_slippage_bps": 3.95782155185234,
      "median_slippage_bps": 3.31989744841377,
      "p99_slippage_bps": 19.90242536263404,
      "maker_ratio": 0.7,
      "fills_under_threshold": 872,
      "pct_under_threshold": 0.9764837625979843,
      "gate_status": "INSUFFICIENT_DATA",
      "reason": "need_2000_fills_have_893",
      "threshold_bps": 15.0,
      "min_sample_size": 2000
    },
    "asset_ETH-USD": {
      "total_fills": 917,
      "p95_slippage_bps": 8.767064631609589,
      "mean_slippage_bps": 3.8802367277719183,
      "median_slippage_bps": 3.394389183171055,
      "p99_slippage_bps": 15.738651085889783,
      "maker_ratio": 0.7,
      "fills_under_threshold": 903,
      "pct_under_threshold": 0.9847328244274809,
      "gate_status": "INSUFFICIENT_DATA",
      "reason": "need_2000_fills_have_917",
      "threshold_bps": 15.0,
      "min_sample_size": 2000
    },
    "venue_alpaca": {
      "total_fills": 903,
      "p95_slippage_bps": 8.949424668392673,
      "mean_slippage_bps": 3.9934975138115805,
      "median_slippage_bps": 3.378742983098636,
      "p99_slippage_bps": 17.68577807064272,
      "maker_ratio": 0.7,
      "fills_under_threshold": 879,
      "pct_under_threshold": 0.973421926910299,
      "gate_status": "INSUFFICIENT_DATA",
      "reason": "need_2000_fills_have_903",
      "threshold_bps": 15.0,
      "min_sample_size": 2000
    },
    "venue_coinbase": {
      "total_fills": 898,
      "p95_slippage_bps": 8.430677744163757,
      "mean_slippage_bps": 3.8473296200627614,
      "median_slippage_bps": 3.2913141164062543,
      "p99_slippage_bps": 18.46651493010185,
      "maker_ratio": 0.7,
      "fills_under_threshold": 882,
      "pct_under_threshold": 0.9821826280623608,
      "gate_status": "INSUFFICIENT_DATA",
      "reason": "need_2000_fills_have_898",
      "threshold_bps": 15.0,
      "min_sample_size": 2000
    },
    "venue_binance": {
      "total_fills": 953,
      "p95_slippage_bps": 8.769051964601209,
      "mean_slippage_bps": 3.856919042439994,
      "median_slippage_bps": 3.38179035034293,
      "p99_slippage_bps": 16.983789086109958,
      "maker_ratio": 0.7,
      "fills_under_threshold": 942,
      "pct_under_threshold": 0.9884575026232949,
      "gate_status": "INSUFFICIENT_DATA",
      "reason": "need_2000_fills_have_953",
      "threshold_bps": 15.0,
      "min_sample_size": 2000
    },
    "BTC-USD_alpaca": {
      "total_fills": 309,
      "p95_slippage_bps": 8.611594214799155,
      "mean_slippage_bps": 3.9817375038876555,
      "median_slippage_bps": 3.2093800840705775,
      "p99_slippage_bps": 19.85971354508989,
      "maker_ratio": 0.7,
      "fills_under_threshold": 299,
      "pct_under_threshold": 0.9676375404530745,
      "gate_status": "INSUFFICIENT_DATA",
      "reason": "need_2000_fills_have_309",
      "threshold_bps": 15.0,
      "min_sample_size": 2000
    },
    "BTC-USD_binance": {
      "total_fills": 303,
      "p95_slippage_bps": 9.131334315935476,
      "mean_slippage_bps": 3.9877647713874933,
      "median_slippage_bps": 3.3567193239617343,
      "p99_slippage_bps": 18.851638066886345,
      "maker_ratio": 0.7,
      "fills_under_threshold": 298,
      "pct_under_threshold": 0.9834983498349835,
      "gate_status": "INSUFFICIENT_DATA",
      "reason": "need_2000_fills_have_303",
      "threshold_bps": 15.0,
      "min_sample_size": 2000
    },
    "BTC-USD_coinbase": {
      "total_fills": 281,
      "p95_slippage_bps": 8.43020223169184,
      "mean_slippage_bps": 3.899234987090548,
      "median_slippage_bps": 3.379079200781747,
      "p99_slippage_bps": 19.22068621448642,
      "maker_ratio": 0.7,
      "fills_under_threshold": 275,
      "pct_under_threshold": 0.9786476868327402,
      "gate_status": "INSUFFICIENT_DATA",
      "reason": "need_2000_fills_have_281",
      "threshold_bps": 15.0,
      "min_sample_size": 2000
    },
    "ETH-USD_alpaca": {
      "total_fills": 288,
      "p95_slippage_bps": 8.763572418375317,
      "mean_slippage_bps": 3.9850614971815506,
      "median_slippage_bps": 3.4007114273003425,
      "p99_slippage_bps": 15.80771351912922,
      "maker_ratio": 0.7,
      "fills_under_threshold": 283,
      "pct_under_threshold": 0.9826388888888888,
      "gate_status": "INSUFFICIENT_DATA",
      "reason": "need_2000_fills_have_288",
      "threshold_bps": 15.0,
      "min_sample_size": 2000
    },
    "ETH-USD_binance": {
      "total_fills": 315,
      "p95_slippage_bps": 8.752609754517419,
      "mean_slippage_bps": 3.8253874934961027,
      "median_slippage_bps": 3.4085026712726845,
      "p99_slippage_bps": 13.104666119209154,
      "maker_ratio": 0.7,
      "fills_under_threshold": 313,
      "pct_under_threshold": 0.9936507936507937,
      "gate_status": "INSUFFICIENT_DATA",
      "reason": "need_2000_fills_have_315",
      "threshold_bps": 15.0,
      "min_sample_size": 2000
    },
    "ETH-USD_coinbase": {
      "total_fills": 314,
      "p95_slippage_bps": 8.786425816035571,
      "mean_slippage_bps": 3.8391156297047466,
      "median_slippage_bps": 3.311951105919455,
      "p99_slippage_bps": 17.878649123309785,
      "maker_ratio": 0.7,
      "fills_under_threshold": 307,
      "pct_under_threshold": 0.9777070063694268,
      "gate_status": "INSUFFICIENT_DATA",
      "reason": "need_2000_fills_have_314",
      "threshold_bps": 15.0,
      "min_sample_size": 2000
    },
    "NVDA_alpaca": {
      "total_fills": 306,
      "p95_slippage_bps": 9.171437698352376,
      "mean_slippage_bps": 4.01331259830812,
      "median_slippage_bps": 3.4151090297568785,
      "p99_slippage_bps": 17.249270839721287,
      "maker_ratio": 0.7,
      "fills_under_threshold": 297,
      "pct_under_threshold": 0.9705882352941176,
      "gate_status": "INSUFFICIENT_DATA",
      "reason": "need_2000_fills_have_306",
      "threshold_bps": 15.0,
      "min_sample_size": 2000
    },
    "NVDA_binance": {
      "total_fills": 335,
      "p95_slippage_bps": 8.54021967182897,
      "mean_slippage_bps": 3.7682210783989016,
      "median_slippage_bps": 3.349373009061943,
      "p99_slippage_bps": 16.59677458928754,
      "maker_ratio": 0.7,
      "fills_under_threshold": 331,
      "pct_under_threshold": 0.9880597014925373,
      "gate_status": "INSUFFICIENT_DATA",
      "reason": "need_2000_fills_have_335",
      "threshold_bps": 15.0,
      "min_sample_size": 2000
    },
    "NVDA_coinbase": {
      "total_fills": 303,
      "p95_slippage_bps": 8.023853867181314,
      "mean_slippage_bps": 3.8077051475796218,
      "median_slippage_bps": 3.242521046656783,
      "p99_slippage_bps": 13.67651214089877,
      "maker_ratio": 0.7,
      "fills_under_threshold": 300,
      "pct_under_threshold": 0.9900990099009901,
      "gate_status": "INSUFFICIENT_DATA",
      "reason": "need_2000_fills_have_303",