{
  "timestamp": "2025-08-16T18:13:13.651297+00:00",
  "window_hours": 48,
  "threshold_bps": 15.0,
  "min_sample_size": 2000,
  "overall_metrics": {
    "total_fills": 2751,
    "p95_slippage_bps": 9.430681728426407,
    "mean_slippage_bps": 4.121113230953059,
    "median_slippage_bps": 3.483295067963165,
    "p99_slippage_bps": 19.719291324910316,
    "maker_ratio": 0.7,
    "fills_under_threshold": 2684,
    "pct_under_threshold": 0.9756452199200291,
    "gate_status": "PASS",
    "reason": "criteria_met",
    "threshold_bps": 15.0,
    "min_sample_size": 2000
  },
  "breakdown_metrics": {
    "asset_NVDA": {
      "total_fills": 909,
      "p95_slippage_bps": 9.552712531823726,
      "mean_slippage_bps": 4.186305139817774,
      "median_slippage_bps": 3.509657156907166,
      "p99_slippage_bps": 20.597467545418752,
      "maker_ratio": 0.7,
      "fills_under_threshold": 879,
      "pct_under_threshold": 0.966996699669967,
      "gate_status": "INSUFFICIENT_DATA",
      "reason": "need_2000_fills_have_909",
      "threshold_bps": 15.0,
      "min_sample_size": 2000
    },
    "asset_ETH-USD": {
      "total_fills": 897,
      "p95_slippage_bps": 9.028302907542455,
      "mean_slippage_bps": 3.9809719904577157,
      "median_slippage_bps": 3.4222063688430993,
      "p99_slippage_bps": 18.207976317431545,
      "maker_ratio": 0.7,
      "fills_under_threshold": 881,
      "pct_under_threshold": 0.9821627647714605,
      "gate_status": "INSUFFICIENT_DATA",
      "reason": "need_2000_fills_have_897",
      "threshold_bps": 15.0,
      "min_sample_size": 2000
    },
    "asset_BTC-USD": {
      "total_fills": 945,
      "p95_slippage_bps": 9.714634708704036,
      "mean_slippage_bps": 4.191427778642261,
      "median_slippage_bps": 3.5074346111616235,
      "p99_slippage_bps": 19.603297769848595,
      "maker_ratio": 0.7,
      "fills_under_threshold": 924,
      "pct_under_threshold": 0.9777777777777777,
      "gate_status": "INSUFFICIENT_DATA",
      "reason": "need_2000_fills_have_945",
      "threshold_bps": 15.0,
      "min_sample_size": 2000
    },
    "venue_alpaca": {
      "total_fills": 914,
      "p95_slippage_bps": 8.782348602689005,
      "mean_slippage_bps": 4.014187831076498,
      "median_slippage_bps": 3.4438220946202733,
      "p99_slippage_bps": 18.55399720502367,
      "maker_ratio": 0.7,
      "fills_under_threshold": 896,
      "pct_under_threshold": 0.9803063457330415,
      "gate_status": "INSUFFICIENT_DATA",
      "reason": "need_2000_fills_have_914",
      "threshold_bps": 15.0,
      "min_sample_size": 2000
    },
    "venue_coinbase": {
      "total_fills": 900,
      "p95_slippage_bps": 9.771406160960863,
      "mean_slippage_bps": 4.1876141353188965,
      "median_slippage_bps": 3.516660406272824,
      "p99_slippage_bps": 19.70290470109096,
      "maker_ratio": 0.7,
      "fills_under_threshold": 875,
      "pct_under_threshold": 0.9722222222222222,
      "gate_status": "INSUFFICIENT_DATA",
      "reason": "need_2000_fills_have_900",
      "threshold_bps": 15.0,
      "min_sample_size": 2000
    },
    "venue_binance": {
      "total_fills": 937,
      "p95_slippage_bps": 9.501839435403998,
      "mean_slippage_bps": 4.16153905972352,
      "median_slippage_bps": 3.4695446053588648,
      "p99_slippage_bps": 19.775585718302793,
      "maker_ratio": 0.7,
      "fills_under_threshold": 913,
      "pct_under_threshold": 0.9743863393810032,
      "gate_status": "INSUFFICIENT_DATA",
      "reason": "need_2000_fills_have_937",
      "threshold_bps": 15.0,
      "min_sample_size": 2000
    },
    "BTC-USD_alpaca": {
      "total_fills": 301,
      "p95_slippage_bps": 8.570847958139177,
      "mean_slippage_bps": 3.772678721426192,
      "median_slippage_bps": 3.5058503458080805,
      "p99_slippage_bps": 13.332877358801248,
      "maker_ratio": 0.7,
      "fills_under_threshold": 299,
      "pct_under_threshold": 0.9933554817275747,
      "gate_status": "INSUFFICIENT_DATA",
      "reason": "need_2000_fills_have_301",
      "threshold_bps": 15.0,
      "min_sample_size": 2000
    },
    "BTC-USD_binance": {
      "total_fills": 329,
      "p95_slippage_bps": 12.50341359361823,
      "mean_slippage_bps": 4.465489505743943,
      "median_slippage_bps": 3.494370871932868,
      "p99_slippage_bps": 20.326763266169444,
      "maker_ratio": 0.7,
      "fills_under_threshold": 317,
      "pct_under_threshold": 0.9635258358662614,
      "gate_status": "INSUFFICIENT_DATA",
      "reason": "need_2000_fills_have_329",
      "threshold_bps": 15.0,
      "min_sample_size": 2000
    },
    "BTC-USD_coinbase": {
      "total_fills": 315,
      "p95_slippage_bps": 9.513663060329801,
      "mean_slippage_bps": 4.305323518342526,
      "median_slippage_bps": 3.5422146552348734,
      "p99_slippage_bps": 17.89188293825109,
      "maker_ratio": 0.7,
      "fills_under_threshold": 308,
      "pct_under_threshold": 0.9777777777777777,
      "gate_status": "INSUFFICIENT_DATA",
      "reason": "need_2000_fills_have_315",
      "threshold_bps": 15.0,
      "min_sample_size": 2000
    },
    "ETH-USD_alpaca": {
      "total_fills": 327,
      "p95_slippage_bps": 8.41150427782607,
      "mean_slippage_bps": 3.9136648089136847,
      "median_slippage_bps": 3.285756721253235,
      "p99_slippage_bps": 18.171225066774532,
      "maker_ratio": 0.7,
      "fills_under_threshold": 321,
      "pct_under_threshold": 0.981651376146789,
      "gate_status": "INSUFFICIENT_DATA",
      "reason": "need_2000_fills_have_327",
      "threshold_bps": 15.0,
      "min_sample_size": 2000
    },
    "ETH-USD_binance": {
      "total_fills": 289,
      "p95_slippage_bps": 8.996766996012644,
      "mean_slippage_bps": 3.9920085904352964,
      "median_slippage_bps": 3.483295067963165,
      "p99_slippage_bps": 16.053115380176376,
      "maker_ratio": 0.7,
      "fills_under_threshold": 285,
      "pct_under_threshold": 0.986159169550173,
      "gate_status": "INSUFFICIENT_DATA",
      "reason": "need_2000_fills_have_289",
      "threshold_bps": 15.0,
      "min_sample_size": 2000
    },
    "ETH-USD_coinbase": {
      "total_fills": 281,
      "p95_slippage_bps": 9.694096867333975,
      "mean_slippage_bps": 4.047946620249094,
      "median_slippage_bps": 3.5197707251524726,
      "p99_slippage_bps": 16.582267481933254,
      "maker_ratio": 0.7,
      "fills_under_threshold": 275,
      "pct_under_threshold": 0.9786476868327402,
      "gate_status": "INSUFFICIENT_DATA",
      "reason": "need_2000_fills_have_281",
      "threshold_bps": 15.0,
      "min_sample_size": 2000
    },
    "NVDA_alpaca": {
      "total_fills": 286,
      "p95_slippage_bps": 10.319397914055529,
      "mean_slippage_bps": 4.383297167621889,
      "median_slippage_bps": 3.5958219612222475,
      "p99_slippage_bps": 21.102314649580055,
      "maker_ratio": 0.7,
      "fills_under_threshold": 276,
      "pct_under_threshold": 0.965034965034965,
      "gate_status": "INSUFFICIENT_DATA",
      "reason": "need_2000_fills_have_286",
      "threshold_bps": 15.0,
      "min_sample_size": 2000
    },
    "NVDA_binance": {
      "total_fills": 319,
      "p95_slippage_bps": 8.6529974384176,
      "mean_slippage_bps": 4.001647551521568,
      "median_slippage_bps": 3.46373237002138,
      "p99_slippage_bps": 18.5556551969962,
      "maker_ratio": 0.7,
      "fills_under_threshold": 311,
      "pct_under_threshold": 0.9749216300940439,
      "gate_status": "INSUFFICIENT_DATA",
      "reason": "need_2000_fills_have_319",
      "threshold_bps": 15.0,
      "min_sample_size": 2000
    },
    "NVDA_coinbase": {
      "total_fills": 304,
      "p95_slippage_bps": 9.965050642170795,
      "mean_slippage_bps": 4.194746096115512,
      "median_slippage_bps": 3.4885142133809337,
      "p99_slippage_bps": 20.588355507125986,
      "maker_ratio": 0.7,
      "fills_under_threshold": 292,
      "pct_under_threshold": 0.9605263157894737,
      "gate_status": "INSUFFICIENT_DATA",
      "reason": "need_2000_fills_have_304",