{
  "timestamp": "2025-08-16T14:09:26.600446+00:00",
  "window_hours": 48,
  "threshold_bps": 15.0,
  "min_sample_size": 2000,
  "overall_metrics": {
    "total_fills": 2732,
    "p95_slippage_bps": 9.044181199047005,
    "mean_slippage_bps": 3.979659736818885,
    "median_slippage_bps": 3.450526260176673,
    "p99_slippage_bps": 18.142595926870456,
    "maker_ratio": 0.7,
    "fills_under_threshold": 2684,
    "pct_under_threshold": 0.9824304538799414,
    "gate_status": "PASS",
    "reason": "criteria_met",
    "threshold_bps": 15.0,
    "min_sample_size": 2000
  },
  "breakdown_metrics": {
    "asset_BTC-USD": {
      "total_fills": 934,
      "p95_slippage_bps": 8.946804121579312,
      "mean_slippage_bps": 4.009533116858304,
      "median_slippage_bps": 3.4727356130184197,
      "p99_slippage_bps": 17.34818609656274,
      "maker_ratio": 0.7,
      "fills_under_threshold": 917,
      "pct_under_threshold": 0.9817987152034261,
      "gate_status": "INSUFFICIENT_DATA",
      "reason": "need_2000_fills_have_934",
      "threshold_bps": 15.0,
      "min_sample_size": 2000
    },
    "asset_ETH-USD": {
      "total_fills": 881,
      "p95_slippage_bps": 8.606432255389892,
      "mean_slippage_bps": 3.9579357194719567,
      "median_slippage_bps": 3.4076717325939785,
      "p99_slippage_bps": 18.455971285161038,
      "maker_ratio": 0.7,
      "fills_under_threshold": 863,
      "pct_under_threshold": 0.9795686719636776,
      "gate_status": "INSUFFICIENT_DATA",
      "reason": "need_2000_fills_have_881",
      "threshold_bps": 15.0,
      "min_sample_size": 2000
    },
    "asset_NVDA": {
      "total_fills": 917,
      "p95_slippage_bps": 9.261555423953029,
      "mean_slippage_bps": 3.970103708820875,
      "median_slippage_bps": 3.470065230373125,
      "p99_slippage_bps": 17.372035830460945,
      "maker_ratio": 0.7,
      "fills_under_threshold": 904,
      "pct_under_threshold": 0.9858233369683751,
      "gate_status": "INSUFFICIENT_DATA",
      "reason": "need_2000_fills_have_917",
      "threshold_bps": 15.0,
      "min_sample_size": 2000
    },
    "venue_coinbase": {
      "total_fills": 903,
      "p95_slippage_bps": 9.284976720524,
      "mean_slippage_bps": 3.9705114739786045,
      "median_slippage_bps": 3.483353229147869,
      "p99_slippage_bps": 17.97978838085637,
      "maker_ratio": 0.7,
      "fills_under_threshold": 890,
      "pct_under_threshold": 0.9856035437430787,
      "gate_status": "INSUFFICIENT_DATA",
      "reason": "need_2000_fills_have_903",
      "threshold_bps": 15.0,
      "min_sample_size": 2000
    },
    "venue_binance": {
      "total_fills": 876,
      "p95_slippage_bps": 8.991971393706622,
      "mean_slippage_bps": 3.9410853331194544,
      "median_slippage_bps": 3.308438503727592,
      "p99_slippage_bps": 18.041087173796228,
      "maker_ratio": 0.7,
      "fills_under_threshold": 858,
      "pct_under_threshold": 0.9794520547945206,
      "gate_status": "INSUFFICIENT_DATA",
      "reason": "need_2000_fills_have_876",
      "threshold_bps": 15.0,
      "min_sample_size": 2000
    },
    "venue_alpaca": {
      "total_fills": 953,
      "p95_slippage_bps": 8.857675154234439,
      "mean_slippage_bps": 4.0237857168666,
      "median_slippage_bps": 3.5026081100109105,
      "p99_slippage_bps": 18.127809751187126,
      "maker_ratio": 0.7,
      "fills_under_threshold": 936,
      "pct_under_threshold": 0.9821615949632738,
      "gate_status": "INSUFFICIENT_DATA",
      "reason": "need_2000_fills_have_953",
      "threshold_bps": 15.0,
      "min_sample_size": 2000
    },
    "BTC-USD_alpaca": {
      "total_fills": 310,
      "p95_slippage_bps": 10.464114037873875,
      "mean_slippage_bps": 4.271777434637558,
      "median_slippage_bps": 3.6788953402694675,
      "p99_slippage_bps": 18.705781223160567,
      "maker_ratio": 0.7,
      "fills_under_threshold": 302,
      "pct_under_threshold": 0.9741935483870968,
      "gate_status": "INSUFFICIENT_DATA",
      "reason": "need_2000_fills_have_310",
      "threshold_bps": 15.0,
      "min_sample_size": 2000
    },
    "BTC-USD_binance": {
      "total_fills": 307,
      "p95_slippage_bps": 8.08024224210238,
      "mean_slippage_bps": 3.8317286312103933,
      "median_slippage_bps": 3.332785516506484,
      "p99_slippage_bps": 15.31264812094299,
      "maker_ratio": 0.7,
      "fills_under_threshold": 302,
      "pct_under_threshold": 0.9837133550488599,
      "gate_status": "INSUFFICIENT_DATA",
      "reason": "need_2000_fills_have_307",
      "threshold_bps": 15.0,
      "min_sample_size": 2000
    },
    "BTC-USD_coinbase": {
      "total_fills": 317,
      "p95_slippage_bps": 8.897983673934831,
      "mean_slippage_bps": 3.925275194405116,
      "median_slippage_bps": 3.332456568755004,
      "p99_slippage_bps": 15.24675645175574,
      "maker_ratio": 0.7,
      "fills_under_threshold": 313,
      "pct_under_threshold": 0.9873817034700315,
      "gate_status": "INSUFFICIENT_DATA",
      "reason": "need_2000_fills_have_317",
      "threshold_bps": 15.0,
      "min_sample_size": 2000
    },
    "ETH-USD_alpaca": {
      "total_fills": 329,
      "p95_slippage_bps": 8.64355583114881,
      "mean_slippage_bps": 3.9492002319858486,
      "median_slippage_bps": 3.351226696349032,
      "p99_slippage_bps": 18.31125007696986,
      "maker_ratio": 0.7,
      "fills_under_threshold": 322,
      "pct_under_threshold": 0.9787234042553191,
      "gate_status": "INSUFFICIENT_DATA",
      "reason": "need_2000_fills_have_329",
      "threshold_bps": 15.0,
      "min_sample_size": 2000
    },
    "ETH-USD_binance": {
      "total_fills": 279,
      "p95_slippage_bps": 9.124727588140622,
      "mean_slippage_bps": 3.914977413016327,
      "median_slippage_bps": 3.2604220839062372,
      "p99_slippage_bps": 17.97535962571188,
      "maker_ratio": 0.7,
      "fills_under_threshold": 273,
      "pct_under_threshold": 0.978494623655914,
      "gate_status": "INSUFFICIENT_DATA",
      "reason": "need_2000_fills_have_279",
      "threshold_bps": 15.0,
      "min_sample_size": 2000
    },
    "ETH-USD_coinbase": {
      "total_fills": 273,
      "p95_slippage_bps": 7.83847984772853,
      "mean_slippage_bps": 4.0123655468860635,
      "median_slippage_bps": 3.575145898475631,
      "p99_slippage_bps": 18.221353794017265,
      "maker_ratio": 0.7,
      "fills_under_threshold": 268,
      "pct_under_threshold": 0.9816849816849816,
      "gate_status": "INSUFFICIENT_DATA",
      "reason": "need_2000_fills_have_273",
      "threshold_bps": 15.0,
      "min_sample_size": 2000
    },
    "NVDA_alpaca": {
      "total_fills": 314,
      "p95_slippage_bps": 8.023933100410911,
      "mean_slippage_bps": 3.8571016150091824,
      "median_slippage_bps": 3.4971383644338907,
      "p99_slippage_bps": 14.03824846769836,
      "maker_ratio": 0.7,
      "fills_under_threshold": 312,
      "pct_under_threshold": 0.9936305732484076,
      "gate_status": "INSUFFICIENT_DATA",
      "reason": "need_2000_fills_have_314",
      "threshold_bps": 15.0,
      "min_sample_size": 2000
    },
    "NVDA_binance": {
      "total_fills": 290,
      "p95_slippage_bps": 9.624743778047176,
      "mean_slippage_bps": 4.081970219998262,
      "median_slippage_bps": 3.3839274737848832,
      "p99_slippage_bps": 20.236328632024918,
      "maker_ratio": 0.7,
      "fills_under_threshold": 283,
      "pct_under_threshold": 0.9758620689655172,
      "gate_status": "INSUFFICIENT_DATA",
      "reason": "need_2000_fills_have_290",
      "threshold_bps": 15.0,
      "min_sample_size": 2000
    },
    "NVDA_coinbase": {
      "total_fills": 313,
      "p95_slippage_bps": 9.863026129858808,
      "mean_slippage_bps": 3.9798205433749616,
      "median_slippage_bps": 3.498545659070492,
      "p99_slippage_bps": 16.005878544755685,
      "maker_ratio": 0.7,
      "fills_under_threshold": 309,
      "pct_under_threshold": 0.987220447284345,
      "gate_status": "INSUFFICIENT_DATA",
      "reason": "need_2000_fills_have_313",