{
  "timestamp": "2025-08-16T15:37:37.463183+00:00",
  "window_hours": 48,
  "threshold_bps": 15.0,
  "min_sample_size": 2000,
  "overall_metrics": {
    "total_fills": 2756,
    "p95_slippage_bps": 9.057034980889739,
    "mean_slippage_bps": 3.9587707423797878,
    "median_slippage_bps": 3.4165968884493645,
    "p99_slippage_bps": 18.40290971864518,
    "maker_ratio": 0.7,
    "fills_under_threshold": 2699,
    "pct_under_threshold": 0.9793178519593614,
    "gate_status": "PASS",
    "reason": "criteria_met",
    "threshold_bps": 15.0,
    "min_sample_size": 2000
  },
  "breakdown_metrics": {
    "asset_NVDA": {
      "total_fills": 946,
      "p95_slippage_bps": 9.016708844277339,
      "mean_slippage_bps": 3.8840446186627346,
      "median_slippage_bps": 3.298783114082849,
      "p99_slippage_bps": 18.360504202102394,
      "maker_ratio": 0.7,
      "fills_under_threshold": 927,
      "pct_under_threshold": 0.9799154334038055,
      "gate_status": "INSUFFICIENT_DATA",
      "reason": "need_2000_fills_have_946",
      "threshold_bps": 15.0,
      "min_sample_size": 2000
    },
    "asset_BTC-USD": {
      "total_fills": 920,
      "p95_slippage_bps": 8.724228448531765,
      "mean_slippage_bps": 3.9315079035092393,
      "median_slippage_bps": 3.4027269008062717,
      "p99_slippage_bps": 18.19239529846569,
      "maker_ratio": 0.7,
      "fills_under_threshold": 900,
      "pct_under_threshold": 0.9782608695652174,
      "gate_status": "INSUFFICIENT_DATA",
      "reason": "need_2000_fills_have_920",
      "threshold_bps": 15.0,
      "min_sample_size": 2000
    },
    "asset_ETH-USD": {
      "total_fills": 890,
      "p95_slippage_bps": 9.197276495358604,
      "mean_slippage_bps": 4.06638054552275,
      "median_slippage_bps": 3.4992446263157406,
      "p99_slippage_bps": 18.465075395632976,
      "maker_ratio": 0.7,
      "fills_under_threshold": 872,
      "pct_under_threshold": 0.9797752808988764,
      "gate_status": "INSUFFICIENT_DATA",
      "reason": "need_2000_fills_have_890",
      "threshold_bps": 15.0,
      "min_sample_size": 2000
    },
    "venue_binance": {
      "total_fills": 926,
      "p95_slippage_bps": 9.384795604089039,
      "mean_slippage_bps": 4.143406859054014,
      "median_slippage_bps": 3.5454447388754016,
      "p99_slippage_bps": 19.309382352784418,
      "maker_ratio": 0.7,
      "fills_under_threshold": 901,
      "pct_under_threshold": 0.9730021598272138,
      "gate_status": "INSUFFICIENT_DATA",
      "reason": "need_2000_fills_have_926",
      "threshold_bps": 15.0,
      "min_sample_size": 2000
    },
    "venue_coinbase": {
      "total_fills": 936,
      "p95_slippage_bps": 9.223514520062713,
      "mean_slippage_bps": 3.9310025140656,
      "median_slippage_bps": 3.3644005695050136,
      "p99_slippage_bps": 18.166972176248485,
      "maker_ratio": 0.7,
      "fills_under_threshold": 916,
      "pct_under_threshold": 0.9786324786324786,
      "gate_status": "INSUFFICIENT_DATA",
      "reason": "need_2000_fills_have_936",
      "threshold_bps": 15.0,
      "min_sample_size": 2000
    },
    "venue_alpaca": {
      "total_fills": 894,
      "p95_slippage_bps": 8.372931728112192,
      "mean_slippage_bps": 3.796598502627826,
      "median_slippage_bps": 3.312912588813403,
      "p99_slippage_bps": 16.63097567288072,
      "maker_ratio": 0.7,
      "fills_under_threshold": 882,
      "pct_under_threshold": 0.9865771812080537,
      "gate_status": "INSUFFICIENT_DATA",
      "reason": "need_2000_fills_have_894",
      "threshold_bps": 15.0,
      "min_sample_size": 2000
    },
    "BTC-USD_alpaca": {
      "total_fills": 312,
      "p95_slippage_bps": 9.907270760472834,
      "mean_slippage_bps": 3.9636156105155944,
      "median_slippage_bps": 3.269908829372997,
      "p99_slippage_bps": 18.870679305773916,
      "maker_ratio": 0.7,
      "fills_under_threshold": 304,
      "pct_under_threshold": 0.9743589743589743,
      "gate_status": "INSUFFICIENT_DATA",
      "reason": "need_2000_fills_have_312",
      "threshold_bps": 15.0,
      "min_sample_size": 2000
    },
    "BTC-USD_binance": {
      "total_fills": 297,
      "p95_slippage_bps": 8.308427270439973,
      "mean_slippage_bps": 4.111336263244516,
      "median_slippage_bps": 3.5860000910221848,
      "p99_slippage_bps": 18.298397346758723,
      "maker_ratio": 0.7,
      "fills_under_threshold": 288,
      "pct_under_threshold": 0.9696969696969697,
      "gate_status": "INSUFFICIENT_DATA",
      "reason": "need_2000_fills_have_297",
      "threshold_bps": 15.0,
      "min_sample_size": 2000
    },
    "BTC-USD_coinbase": {
      "total_fills": 311,
      "p95_slippage_bps": 7.746162876607707,
      "mean_slippage_bps": 3.7275637638714256,
      "median_slippage_bps": 3.293287817703791,
      "p99_slippage_bps": 12.701576245913852,
      "maker_ratio": 0.7,
      "fills_under_threshold": 308,
      "pct_under_threshold": 0.9903536977491961,
      "gate_status": "INSUFFICIENT_DATA",
      "reason": "need_2000_fills_have_311",
      "threshold_bps": 15.0,
      "min_sample_size": 2000
    },
    "ETH-USD_alpaca": {
      "total_fills": 290,
      "p95_slippage_bps": 7.613988442880014,
      "mean_slippage_bps": 3.8306985404772775,
      "median_slippage_bps": 3.461484964497484,
      "p99_slippage_bps": 11.121676590649145,
      "maker_ratio": 0.7,
      "fills_under_threshold": 288,
      "pct_under_threshold": 0.993103448275862,
      "gate_status": "INSUFFICIENT_DATA",
      "reason": "need_2000_fills_have_290",
      "threshold_bps": 15.0,
      "min_sample_size": 2000
    },
    "ETH-USD_binance": {
      "total_fills": 313,
      "p95_slippage_bps": 9.645846300607678,
      "mean_slippage_bps": 4.273563812159706,
      "median_slippage_bps": 3.590135177070639,
      "p99_slippage_bps": 19.271428180780653,
      "maker_ratio": 0.7,
      "fills_under_threshold": 306,
      "pct_under_threshold": 0.9776357827476039,
      "gate_status": "INSUFFICIENT_DATA",
      "reason": "need_2000_fills_have_313",
      "threshold_bps": 15.0,
      "min_sample_size": 2000
    },
    "ETH-USD_coinbase": {
      "total_fills": 287,
      "p95_slippage_bps": 9.520786337333432,
      "mean_slippage_bps": 4.078573643104002,
      "median_slippage_bps": 3.4067549669341073,
      "p99_slippage_bps": 18.479760426526898,
      "maker_ratio": 0.7,
      "fills_under_threshold": 278,
      "pct_under_threshold": 0.9686411149825784,
      "gate_status": "INSUFFICIENT_DATA",
      "reason": "need_2000_fills_have_287",
      "threshold_bps": 15.0,
      "min_sample_size": 2000
    },
    "NVDA_alpaca": {
      "total_fills": 292,
      "p95_slippage_bps": 7.17751182378975,
      "mean_slippage_bps": 3.5842753908561638,
      "median_slippage_bps": 3.1496073441312347,
      "p99_slippage_bps": 11.6572204478585,
      "maker_ratio": 0.7,
      "fills_under_threshold": 290,
      "pct_under_threshold": 0.9931506849315068,
      "gate_status": "INSUFFICIENT_DATA",
      "reason": "need_2000_fills_have_292",
      "threshold_bps": 15.0,
      "min_sample_size": 2000
    },
    "NVDA_binance": {
      "total_fills": 316,
      "p95_slippage_bps": 8.764086934035987,
      "mean_slippage_bps": 4.044627873716481,
      "median_slippage_bps": 3.395574741955749,
      "p99_slippage_bps": 19.489605927313107,
      "maker_ratio": 0.7,
      "fills_under_threshold": 307,
      "pct_under_threshold": 0.9715189873417721,
      "gate_status": "INSUFFICIENT_DATA",
      "reason": "need_2000_fills_have_316",
      "threshold_bps": 15.0,
      "min_sample_size": 2000
    },
    "NVDA_coinbase": {
      "total_fills": 338,
      "p95_slippage_bps": 9.768489154778482,
      "mean_slippage_bps": 3.9928857604453825,
      "median_slippage_bps": 3.3644005695050136,
      "p99_slippage_bps": 18.019134290736435,
      "maker_ratio": 0.7,
      "fills_under_threshold": 330,
      "pct_under_threshold": 0.9763313609467456,
      "gate_status": "INSUFFICIENT_DATA",