{
  "timestamp": "2025-08-16T22:01:29.682465+00:00",
  "window_hours": 48,
  "threshold_bps": 15.0,
  "min_sample_size": 2000,
  "overall_metrics": {
    "total_fills": 2761,
    "p95_slippage_bps": 9.013229930659893,
    "mean_slippage_bps": 3.982404048297163,
    "median_slippage_bps": 3.407506192455073,
    "p99_slippage_bps": 19.573592351959576,
    "maker_ratio": 0.7,
    "fills_under_threshold": 2704,
    "pct_under_threshold": 0.9793553060485332,
    "gate_status": "PASS",
    "reason": "criteria_met",
    "threshold_bps": 15.0,
    "min_sample_size": 2000
  },
  "breakdown_metrics": {
    "asset_ETH-USD": {
      "total_fills": 927,
      "p95_slippage_bps": 8.898169093791928,
      "mean_slippage_bps": 4.07592426976898,
      "median_slippage_bps": 3.392101961463863,
      "p99_slippage_bps": 19.78306742853773,
      "maker_ratio": 0.7,
      "fills_under_threshold": 904,
      "pct_under_threshold": 0.9751887810140237,
      "gate_status": "INSUFFICIENT_DATA",
      "reason": "need_2000_fills_have_927",
      "threshold_bps": 15.0,
      "min_sample_size": 2000
    },
    "asset_BTC-USD": {
      "total_fills": 913,
      "p95_slippage_bps": 8.696436218210778,
      "mean_slippage_bps": 3.823196180025802,
      "median_slippage_bps": 3.345335062625376,
      "p99_slippage_bps": 18.696356297457296,
      "maker_ratio": 0.7,
      "fills_under_threshold": 896,
      "pct_under_threshold": 0.9813800657174151,
      "gate_status": "INSUFFICIENT_DATA",
      "reason": "need_2000_fills_have_913",
      "threshold_bps": 15.0,
      "min_sample_size": 2000
    },
    "asset_NVDA": {
      "total_fills": 921,
      "p95_slippage_bps": 9.36392816329357,
      "mean_slippage_bps": 4.046099529760114,
      "median_slippage_bps": 3.5041088452362437,
      "p99_slippage_bps": 19.697020632494258,
      "maker_ratio": 0.7,
      "fills_under_threshold": 904,
      "pct_under_threshold": 0.9815418023887079,
      "gate_status": "INSUFFICIENT_DATA",
      "reason": "need_2000_fills_have_921",
      "threshold_bps": 15.0,
      "min_sample_size": 2000
    },
    "venue_coinbase": {
      "total_fills": 938,
      "p95_slippage_bps": 8.808770007604728,
      "mean_slippage_bps": 4.007279821975289,
      "median_slippage_bps": 3.442239656760692,
      "p99_slippage_bps": 19.42837595396832,
      "maker_ratio": 0.7,
      "fills_under_threshold": 919,
      "pct_under_threshold": 0.9797441364605544,
      "gate_status": "INSUFFICIENT_DATA",
      "reason": "need_2000_fills_have_938",
      "threshold_bps": 15.0,
      "min_sample_size": 2000
    },
    "venue_binance": {
      "total_fills": 880,
      "p95_slippage_bps": 9.241202586279384,
      "mean_slippage_bps": 3.9981905976989465,
      "median_slippage_bps": 3.4093524214839204,
      "p99_slippage_bps": 20.45569996256716,
      "maker_ratio": 0.7,
      "fills_under_threshold": 860,
      "pct_under_threshold": 0.9772727272727273,
      "gate_status": "INSUFFICIENT_DATA",
      "reason": "need_2000_fills_have_880",
      "threshold_bps": 15.0,
      "min_sample_size": 2000
    },
    "venue_alpaca": {
      "total_fills": 943,
      "p95_slippage_bps": 9.01467490035772,
      "mean_slippage_bps": 3.9429282909444052,
      "median_slippage_bps": 3.384544479380097,
      "p99_slippage_bps": 18.080107848861445,
      "maker_ratio": 0.7,
      "fills_under_threshold": 925,
      "pct_under_threshold": 0.9809119830328739,
      "gate_status": "INSUFFICIENT_DATA",
      "reason": "need_2000_fills_have_943",
      "threshold_bps": 15.0,
      "min_sample_size": 2000
    },
    "BTC-USD_alpaca": {
      "total_fills": 319,
      "p95_slippage_bps": 8.685557134274962,
      "mean_slippage_bps": 3.7283191213780404,
      "median_slippage_bps": 3.150490687545979,
      "p99_slippage_bps": 18.182900452288937,
      "maker_ratio": 0.7,
      "fills_under_threshold": 312,
      "pct_under_threshold": 0.9780564263322884,
      "gate_status": "INSUFFICIENT_DATA",
      "reason": "need_2000_fills_have_319",
      "threshold_bps": 15.0,
      "min_sample_size": 2000
    },
    "BTC-USD_binance": {
      "total_fills": 275,
      "p95_slippage_bps": 9.217764034458755,
      "mean_slippage_bps": 3.876651372479354,
      "median_slippage_bps": 3.202503993573357,
      "p99_slippage_bps": 20.077923144189974,
      "maker_ratio": 0.7,
      "fills_under_threshold": 268,
      "pct_under_threshold": 0.9745454545454545,
      "gate_status": "INSUFFICIENT_DATA",
      "reason": "need_2000_fills_have_275",
      "threshold_bps": 15.0,
      "min_sample_size": 2000
    },
    "BTC-USD_coinbase": {
      "total_fills": 319,
      "p95_slippage_bps": 8.134179012364738,
      "mean_slippage_bps": 3.871991176213605,
      "median_slippage_bps": 3.490580168748338,
      "p99_slippage_bps": 13.673401998723593,
      "maker_ratio": 0.7,
      "fills_under_threshold": 316,
      "pct_under_threshold": 0.9905956112852664,
      "gate_status": "INSUFFICIENT_DATA",
      "reason": "need_2000_fills_have_319",
      "threshold_bps": 15.0,
      "min_sample_size": 2000
    },
    "ETH-USD_alpaca": {
      "total_fills": 311,
      "p95_slippage_bps": 8.733937065204142,
      "mean_slippage_bps": 3.9824934737008078,
      "median_slippage_bps": 3.387900158430211,
      "p99_slippage_bps": 16.254265870782334,
      "maker_ratio": 0.7,
      "fills_under_threshold": 307,
      "pct_under_threshold": 0.9871382636655949,
      "gate_status": "INSUFFICIENT_DATA",
      "reason": "need_2000_fills_have_311",
      "threshold_bps": 15.0,
      "min_sample_size": 2000
    },
    "ETH-USD_binance": {
      "total_fills": 314,
      "p95_slippage_bps": 9.824814679034972,
      "mean_slippage_bps": 4.206162988342133,
      "median_slippage_bps": 3.433803777542121,
      "p99_slippage_bps": 21.869046046628757,
      "maker_ratio": 0.7,
      "fills_under_threshold": 304,
      "pct_under_threshold": 0.9681528662420382,
      "gate_status": "INSUFFICIENT_DATA",
      "reason": "need_2000_fills_have_314",
      "threshold_bps": 15.0,
      "min_sample_size": 2000
    },
    "ETH-USD_coinbase": {
      "total_fills": 302,
      "p95_slippage_bps": 8.744928074953354,
      "mean_slippage_bps": 4.036725660316107,
      "median_slippage_bps": 3.373023993497262,
      "p99_slippage_bps": 19.597613743162608,
      "maker_ratio": 0.7,
      "fills_under_threshold": 293,
      "pct_under_threshold": 0.9701986754966887,
      "gate_status": "INSUFFICIENT_DATA",
      "reason": "need_2000_fills_have_302",
      "threshold_bps": 15.0,
      "min_sample_size": 2000
    },
    "NVDA_alpaca": {
      "total_fills": 313,
      "p95_slippage_bps": 9.558444691797567,
      "mean_slippage_bps": 4.122339004217341,
      "median_slippage_bps": 3.5408441270914826,
      "p99_slippage_bps": 18.30463679464614,
      "maker_ratio": 0.7,
      "fills_under_threshold": 306,
      "pct_under_threshold": 0.9776357827476039,
      "gate_status": "INSUFFICIENT_DATA",
      "reason": "need_2000_fills_have_313",
      "threshold_bps": 15.0,
      "min_sample_size": 2000
    },
    "NVDA_binance": {
      "total_fills": 291,
      "p95_slippage_bps": 8.525826308367495,
      "mean_slippage_bps": 3.888637182830999,
      "median_slippage_bps": 3.5148644665345867,
      "p99_slippage_bps": 15.030630129407351,
      "maker_ratio": 0.7,
      "fills_under_threshold": 288,
      "pct_under_threshold": 0.9896907216494846,
      "gate_status": "INSUFFICIENT_DATA",
      "reason": "need_2000_fills_have_291",
      "threshold_bps": 15.0,
      "min_sample_size": 2000
    },
    "NVDA_coinbase": {
      "total_fills": 317,
      "p95_slippage_bps": 9.41130774525828,
      "mean_slippage_bps": 4.115369521719927,
      "median_slippage_bps": 3.469268197903104,
      "p99_slippage_bps": 20.97783504512586,
      "maker_ratio": 0.7,
      "fills_under_threshold": 310,
      "pct_under_threshold": 0.9779179810725552,
      "gate_status": "INSUFFICIENT_DATA",
      "reason": "need_2000_fills_have_317",