{
  "timestamp": "2025-08-16T14:24:59.929679+00:00",
  "window_hours": 48,
  "threshold_bps": 15.0,
  "min_sample_size": 2000,
  "overall_metrics": {
    "total_fills": 2778,
    "p95_slippage_bps": 9.202126996823592,
    "mean_slippage_bps": 4.091152631917862,
    "median_slippage_bps": 3.4474408484128234,
    "p99_slippage_bps": 18.97369522073288,
    "maker_ratio": 0.7,
    "fills_under_threshold": 2714,
    "pct_under_threshold": 0.9769618430525558,
    "gate_status": "PASS",
    "reason": "criteria_met",
    "threshold_bps": 15.0,
    "min_sample_size": 2000
  },
  "breakdown_metrics": {
    "asset_ETH-USD": {
      "total_fills": 868,
      "p95_slippage_bps": 9.652689493219102,
      "mean_slippage_bps": 4.193826013273757,
      "median_slippage_bps": 3.49765123584862,
      "p99_slippage_bps": 18.432274560055586,
      "maker_ratio": 0.7,
      "fills_under_threshold": 846,
      "pct_under_threshold": 0.9746543778801844,
      "gate_status": "INSUFFICIENT_DATA",
      "reason": "need_2000_fills_have_868",
      "threshold_bps": 15.0,
      "min_sample_size": 2000
    },
    "asset_NVDA": {
      "total_fills": 965,
      "p95_slippage_bps": 8.409719844101074,
      "mean_slippage_bps": 3.885103515296902,
      "median_slippage_bps": 3.4051484135920256,
      "p99_slippage_bps": 19.323036024939732,
      "maker_ratio": 0.7,
      "fills_under_threshold": 949,
      "pct_under_threshold": 0.983419689119171,
      "gate_status": "INSUFFICIENT_DATA",
      "reason": "need_2000_fills_have_965",
      "threshold_bps": 15.0,
      "min_sample_size": 2000
    },
    "asset_BTC-USD": {
      "total_fills": 945,
      "p95_slippage_bps": 10.012977107896038,
      "mean_slippage_bps": 4.207255174269513,
      "median_slippage_bps": 3.442678825662741,
      "p99_slippage_bps": 18.813176303825163,
      "maker_ratio": 0.7,
      "fills_under_threshold": 919,
      "pct_under_threshold": 0.9724867724867725,
      "gate_status": "INSUFFICIENT_DATA",
      "reason": "need_2000_fills_have_945",
      "threshold_bps": 15.0,
      "min_sample_size": 2000
    },
    "venue_alpaca": {
      "total_fills": 915,
      "p95_slippage_bps": 9.002808677924603,
      "mean_slippage_bps": 3.995831676659994,
      "median_slippage_bps": 3.373963441457296,
      "p99_slippage_bps": 17.92090719174516,
      "maker_ratio": 0.7,
      "fills_under_threshold": 897,
      "pct_under_threshold": 0.980327868852459,
      "gate_status": "INSUFFICIENT_DATA",
      "reason": "need_2000_fills_have_915",
      "threshold_bps": 15.0,
      "min_sample_size": 2000
    },
    "venue_binance": {
      "total_fills": 968,
      "p95_slippage_bps": 9.427038308544898,
      "mean_slippage_bps": 4.152235188127255,
      "median_slippage_bps": 3.3860665779825885,
      "p99_slippage_bps": 20.37927110532916,
      "maker_ratio": 0.7,
      "fills_under_threshold": 942,
      "pct_under_threshold": 0.9731404958677686,
      "gate_status": "INSUFFICIENT_DATA",
      "reason": "need_2000_fills_have_968",
      "threshold_bps": 15.0,
      "min_sample_size": 2000
    },
    "venue_coinbase": {
      "total_fills": 895,
      "p95_slippage_bps": 9.332666478511614,
      "mean_slippage_bps": 4.122538955549435,
      "median_slippage_bps": 3.602088122278543,
      "p99_slippage_bps": 17.36211323280374,
      "maker_ratio": 0.7,
      "fills_under_threshold": 875,
      "pct_under_threshold": 0.9776536312849162,
      "gate_status": "INSUFFICIENT_DATA",
      "reason": "need_2000_fills_have_895",
      "threshold_bps": 15.0,
      "min_sample_size": 2000
    },
    "BTC-USD_alpaca": {
      "total_fills": 312,
      "p95_slippage_bps": 9.46241784974256,
      "mean_slippage_bps": 4.186654342552419,
      "median_slippage_bps": 3.385046897320053,
      "p99_slippage_bps": 17.904706479833195,
      "maker_ratio": 0.7,
      "fills_under_threshold": 304,
      "pct_under_threshold": 0.9743589743589743,
      "gate_status": "INSUFFICIENT_DATA",
      "reason": "need_2000_fills_have_312",
      "threshold_bps": 15.0,
      "min_sample_size": 2000
    },
    "BTC-USD_binance": {
      "total_fills": 331,
      "p95_slippage_bps": 9.555466365130698,
      "mean_slippage_bps": 4.128213765453714,
      "median_slippage_bps": 3.3166672587687502,
      "p99_slippage_bps": 21.128513050445815,
      "maker_ratio": 0.7,
      "fills_under_threshold": 322,
      "pct_under_threshold": 0.972809667673716,
      "gate_status": "INSUFFICIENT_DATA",
      "reason": "need_2000_fills_have_331",
      "threshold_bps": 15.0,
      "min_sample_size": 2000
    },
    "BTC-USD_coinbase": {
      "total_fills": 302,
      "p95_slippage_bps": 10.114977240121757,
      "mean_slippage_bps": 4.315169630606473,
      "median_slippage_bps": 3.680618616781277,
      "p99_slippage_bps": 17.30625113454076,
      "maker_ratio": 0.7,
      "fills_under_threshold": 293,
      "pct_under_threshold": 0.9701986754966887,
      "gate_status": "INSUFFICIENT_DATA",
      "reason": "need_2000_fills_have_302",
      "threshold_bps": 15.0,
      "min_sample_size": 2000
    },
    "ETH-USD_alpaca": {
      "total_fills": 276,
      "p95_slippage_bps": 9.157304209136244,
      "mean_slippage_bps": 4.079264792882159,
      "median_slippage_bps": 3.503039038769378,
      "p99_slippage_bps": 18.60071381570429,
      "maker_ratio": 0.7,
      "fills_under_threshold": 270,
      "pct_under_threshold": 0.9782608695652174,
      "gate_status": "INSUFFICIENT_DATA",
      "reason": "need_2000_fills_have_276",
      "threshold_bps": 15.0,
      "min_sample_size": 2000
    },
    "ETH-USD_binance": {
      "total_fills": 296,
      "p95_slippage_bps": 10.087487766072837,
      "mean_slippage_bps": 4.295817382705786,
      "median_slippage_bps": 3.434884765061958,
      "p99_slippage_bps": 19.288708390797737,
      "maker_ratio": 0.7,
      "fills_under_threshold": 287,
      "pct_under_threshold": 0.9695945945945946,
      "gate_status": "INSUFFICIENT_DATA",
      "reason": "need_2000_fills_have_296",
      "threshold_bps": 15.0,
      "min_sample_size": 2000
    },
    "ETH-USD_coinbase": {
      "total_fills": 296,
      "p95_slippage_bps": 9.706183494986693,
      "mean_slippage_bps": 4.1986552412338956,
      "median_slippage_bps": 3.5215951151297755,
      "p99_slippage_bps": 17.140918977068463,
      "maker_ratio": 0.7,
      "fills_under_threshold": 289,
      "pct_under_threshold": 0.9763513513513513,
      "gate_status": "INSUFFICIENT_DATA",
      "reason": "need_2000_fills_have_296",
      "threshold_bps": 15.0,
      "min_sample_size": 2000
    },
    "NVDA_alpaca": {
      "total_fills": 327,
      "p95_slippage_bps": 7.465370421402286,
      "mean_slippage_bps": 3.7433417322081466,
      "median_slippage_bps": 3.3059465018926124,
      "p99_slippage_bps": 15.132339441451487,
      "maker_ratio": 0.7,
      "fills_under_threshold": 323,
      "pct_under_threshold": 0.9877675840978594,
      "gate_status": "INSUFFICIENT_DATA",
      "reason": "need_2000_fills_have_327",
      "threshold_bps": 15.0,
      "min_sample_size": 2000
    },
    "NVDA_binance": {
      "total_fills": 341,
      "p95_slippage_bps": 9.044626818955065,
      "mean_slippage_bps": 4.050917772613169,
      "median_slippage_bps": 3.4530141408966992,
      "p99_slippage_bps": 20.116188217772557,
      "maker_ratio": 0.7,
      "fills_under_threshold": 333,
      "pct_under_threshold": 0.9765395894428153,
      "gate_status": "INSUFFICIENT_DATA",
      "reason": "need_2000_fills_have_341",
      "threshold_bps": 15.0,
      "min_sample_size": 2000
    },
    "NVDA_coinbase": {
      "total_fills": 297,
      "p95_slippage_bps": 8.085769720825795,
      "mean_slippage_bps": 3.8508053379405927,
      "median_slippage_bps": 3.526352673736894,
      "p99_slippage_bps": 15.299938499202037,
      "maker_ratio": 0.7,
      "fills_under_threshold": 293,
      "pct_under_threshold": 0.9865319865319865,
      "gate_status": "INSUFFICIENT_DATA",
      "reason": "need_2000_fills_have_297",