{
  "timestamp": "2025-08-16T09:18:54.154354+00:00",
  "window_hours": 48,
  "threshold_bps": 15.0,
  "min_sample_size": 2000,
  "overall_metrics": {
    "total_fills": 2762,
    "p95_slippage_bps": 8.86821087445942,
    "mean_slippage_bps": 4.015051603114088,
    "median_slippage_bps": 3.412652005894947,
    "p99_slippage_bps": 19.66783514107629,
    "maker_ratio": 0.7,
    "fills_under_threshold": 2696,
    "pct_under_threshold": 0.9761042722664736,
    "gate_status": "PASS",
    "reason": "criteria_met",
    "threshold_bps": 15.0,
    "min_sample_size": 2000
  },
  "breakdown_metrics": {
    "asset_ETH-USD": {
      "total_fills": 971,
      "p95_slippage_bps": 8.84579817621279,
      "mean_slippage_bps": 4.020295603968496,
      "median_slippage_bps": 3.3033909756342377,
      "p99_slippage_bps": 20.51280770184776,
      "maker_ratio": 0.7,
      "fills_under_threshold": 947,
      "pct_under_threshold": 0.9752832131822863,
      "gate_status": "INSUFFICIENT_DATA",
      "reason": "need_2000_fills_have_971",
      "threshold_bps": 15.0,
      "min_sample_size": 2000
    },
    "asset_NVDA": {
      "total_fills": 918,
      "p95_slippage_bps": 8.638972551891998,
      "mean_slippage_bps": 3.9090795073297384,
      "median_slippage_bps": 3.40197496522661,
      "p99_slippage_bps": 19.363716424708493,
      "maker_ratio": 0.7,
      "fills_under_threshold": 896,
      "pct_under_threshold": 0.9760348583877996,
      "gate_status": "INSUFFICIENT_DATA",
      "reason": "need_2000_fills_have_918",
      "threshold_bps": 15.0,
      "min_sample_size": 2000
    },
    "asset_BTC-USD": {
      "total_fills": 873,
      "p95_slippage_bps": 9.315512973659887,
      "mean_slippage_bps": 4.120653503572741,
      "median_slippage_bps": 3.5439463079625657,
      "p99_slippage_bps": 18.853558663408386,
      "maker_ratio": 0.7,
      "fills_under_threshold": 853,
      "pct_under_threshold": 0.97709049255441,
      "gate_status": "INSUFFICIENT_DATA",
      "reason": "need_2000_fills_have_873",
      "threshold_bps": 15.0,
      "min_sample_size": 2000
    },
    "venue_coinbase": {
      "total_fills": 893,
      "p95_slippage_bps": 9.16856231173762,
      "mean_slippage_bps": 4.0900719856369365,
      "median_slippage_bps": 3.4937181162416597,
      "p99_slippage_bps": 21.24814527242477,
      "maker_ratio": 0.7,
      "fills_under_threshold": 868,
      "pct_under_threshold": 0.9720044792833147,
      "gate_status": "INSUFFICIENT_DATA",
      "reason": "need_2000_fills_have_893",
      "threshold_bps": 15.0,
      "min_sample_size": 2000
    },
    "venue_binance": {
      "total_fills": 929,
      "p95_slippage_bps": 8.978067623458001,
      "mean_slippage_bps": 4.053422742850463,
      "median_slippage_bps": 3.323134174835334,
      "p99_slippage_bps": 18.862473481163192,
      "maker_ratio": 0.7,
      "fills_under_threshold": 907,
      "pct_under_threshold": 0.976318622174381,
      "gate_status": "INSUFFICIENT_DATA",
      "reason": "need_2000_fills_have_929",
      "threshold_bps": 15.0,
      "min_sample_size": 2000
    },
    "venue_alpaca": {
      "total_fills": 940,
      "p95_slippage_bps": 8.581932761481083,
      "mean_slippage_bps": 3.9058601239566455,
      "median_slippage_bps": 3.423591333983536,
      "p99_slippage_bps": 18.210582539776457,
      "maker_ratio": 0.7,
      "fills_under_threshold": 921,
      "pct_under_threshold": 0.9797872340425532,
      "gate_status": "INSUFFICIENT_DATA",
      "reason": "need_2000_fills_have_940",
      "threshold_bps": 15.0,
      "min_sample_size": 2000
    },
    "BTC-USD_alpaca": {
      "total_fills": 294,
      "p95_slippage_bps": 9.4836808354205,
      "mean_slippage_bps": 4.100872031970841,
      "median_slippage_bps": 3.5880887053108648,
      "p99_slippage_bps": 19.67233734612007,
      "maker_ratio": 0.7,
      "fills_under_threshold": 285,
      "pct_under_threshold": 0.9693877551020408,
      "gate_status": "INSUFFICIENT_DATA",
      "reason": "need_2000_fills_have_294",
      "threshold_bps": 15.0,
      "min_sample_size": 2000
    },
    "BTC-USD_binance": {
      "total_fills": 302,
      "p95_slippage_bps": 8.662930665088503,
      "mean_slippage_bps": 4.102207522922575,
      "median_slippage_bps": 3.4147043971369833,
      "p99_slippage_bps": 17.588872206714882,
      "maker_ratio": 0.7,
      "fills_under_threshold": 298,
      "pct_under_threshold": 0.9867549668874173,
      "gate_status": "INSUFFICIENT_DATA",
      "reason": "need_2000_fills_have_302",
      "threshold_bps": 15.0,
      "min_sample_size": 2000
    },
    "BTC-USD_coinbase": {
      "total_fills": 277,
      "p95_slippage_bps": 9.682134914789904,
      "mean_slippage_bps": 4.161759780855443,
      "median_slippage_bps": 3.601088602610842,
      "p99_slippage_bps": 17.889931218482484,
      "maker_ratio": 0.7,
      "fills_under_threshold": 270,
      "pct_under_threshold": 0.9747292418772563,
      "gate_status": "INSUFFICIENT_DATA",
      "reason": "need_2000_fills_have_277",
      "threshold_bps": 15.0,
      "min_sample_size": 2000
    },
    "ETH-USD_alpaca": {
      "total_fills": 337,
      "p95_slippage_bps": 8.079344901360214,
      "mean_slippage_bps": 3.7637305678563138,
      "median_slippage_bps": 3.209618113308021,
      "p99_slippage_bps": 14.860624907714167,
      "maker_ratio": 0.7,
      "fills_under_threshold": 334,
      "pct_under_threshold": 0.9910979228486647,
      "gate_status": "INSUFFICIENT_DATA",
      "reason": "need_2000_fills_have_337",
      "threshold_bps": 15.0,
      "min_sample_size": 2000
    },
    "ETH-USD_binance": {
      "total_fills": 313,
      "p95_slippage_bps": 9.980133804841302,
      "mean_slippage_bps": 4.006950968253366,
      "median_slippage_bps": 3.26862550499753,
      "p99_slippage_bps": 17.389191977793477,
      "maker_ratio": 0.7,
      "fills_under_threshold": 304,
      "pct_under_threshold": 0.9712460063897763,
      "gate_status": "INSUFFICIENT_DATA",
      "reason": "need_2000_fills_have_313",
      "threshold_bps": 15.0,
      "min_sample_size": 2000
    },
    "ETH-USD_coinbase": {
      "total_fills": 321,
      "p95_slippage_bps": 9.745653850695872,
      "mean_slippage_bps": 4.302660987609123,
      "median_slippage_bps": 3.4442007603438483,
      "p99_slippage_bps": 22.714037547361748,
      "maker_ratio": 0.7,
      "fills_under_threshold": 309,
      "pct_under_threshold": 0.9626168224299065,
      "gate_status": "INSUFFICIENT_DATA",
      "reason": "need_2000_fills_have_321",
      "threshold_bps": 15.0,
      "min_sample_size": 2000
    },
    "NVDA_alpaca": {
      "total_fills": 309,
      "p95_slippage_bps": 8.705666987081612,
      "mean_slippage_bps": 3.8753234231464155,
      "median_slippage_bps": 3.4117059211586938,
      "p99_slippage_bps": 18.40883328217967,
      "maker_ratio": 0.7,
      "fills_under_threshold": 302,
      "pct_under_threshold": 0.9773462783171522,
      "gate_status": "INSUFFICIENT_DATA",
      "reason": "need_2000_fills_have_309",
      "threshold_bps": 15.0,
      "min_sample_size": 2000
    },
    "NVDA_binance": {
      "total_fills": 314,
      "p95_slippage_bps": 9.724883101290551,
      "mean_slippage_bps": 4.052826124592864,
      "median_slippage_bps": 3.2962861446467078,
      "p99_slippage_bps": 19.382149181257468,
      "maker_ratio": 0.7,
      "fills_under_threshold": 305,
      "pct_under_threshold": 0.9713375796178344,
      "gate_status": "INSUFFICIENT_DATA",
      "reason": "need_2000_fills_have_314",
      "threshold_bps": 15.0,
      "min_sample_size": 2000
    },
    "NVDA_coinbase": {
      "total_fills": 295,
      "p95_slippage_bps": 7.602314728268013,
      "mean_slippage_bps": 3.7914327012010105,
      "median_slippage_bps": 3.4731617975329514,
      "p99_slippage_bps": 18.595440694644765,
      "maker_ratio": 0.7,
      "fills_under_threshold": 289,
      "pct_under_threshold": 0.9796610169491525,
      "gate_status": "INSUFFICIENT_DATA",
      "reason": "need_2000_fills_have_295",