{
  "timestamp": "2025-08-15T08:22:14.380051+00:00",
  "window_hours": 48,
  "threshold_bps": 15.0,
  "min_sample_size": 2000,
  "overall_metrics": {
    "total_fills": 3000,
    "p95_slippage_bps": 36.992757588232074,
    "mean_slippage_bps": 16.235494260356305,
    "median_slippage_bps": 13.663180125488621,
    "p99_slippage_bps": 59.955604844232575,
    "maker_ratio": 0.7056666666666667,
    "fills_under_threshold": 1645,
    "pct_under_threshold": 0.5483333333333333,
    "gate_status": "FAIL",
    "reason": "p95_37.0bp_exceeds_15.0bp",
    "threshold_bps": 15.0,
    "min_sample_size": 2000
  },
  "breakdown_metrics": {
    "asset_SOL-USD": {
      "total_fills": 757,
      "p95_slippage_bps": 33.71544453119775,
      "mean_slippage_bps": 15.473721392298035,
      "median_slippage_bps": 13.014095488362319,
      "p99_slippage_bps": 52.68185131188757,
      "maker_ratio": 0.726552179656539,
      "fills_under_threshold": 435,
      "pct_under_threshold": 0.5746367239101717,
      "gate_status": "INSUFFICIENT_DATA",
      "reason": "need_2000_fills_have_757",
      "threshold_bps": 15.0,
      "min_sample_size": 2000
    },
    "asset_ETH-USD": {
      "total_fills": 744,
      "p95_slippage_bps": 33.68916296704091,
      "mean_slippage_bps": 16.075085332150824,
      "median_slippage_bps": 13.935643510264583,
      "p99_slippage_bps": 53.83595211947652,
      "maker_ratio": 0.678763440860215,
      "fills_under_threshold": 400,
      "pct_under_threshold": 0.5376344086021505,
      "gate_status": "INSUFFICIENT_DATA",
      "reason": "need_2000_fills_have_744",
      "threshold_bps": 15.0,
      "min_sample_size": 2000
    },
    "asset_BTC-USD": {
      "total_fills": 766,
      "p95_slippage_bps": 42.41649258290698,
      "mean_slippage_bps": 17.039509394979728,
      "median_slippage_bps": 13.957332403817922,
      "p99_slippage_bps": 68.8803050476217,
      "maker_ratio": 0.7140992167101827,
      "fills_under_threshold": 412,
      "pct_under_threshold": 0.5378590078328982,
      "gate_status": "INSUFFICIENT_DATA",
      "reason": "need_2000_fills_have_766",
      "threshold_bps": 15.0,
      "min_sample_size": 2000
    },
    "asset_NVDA": {
      "total_fills": 733,
      "p95_slippage_bps": 38.225373228435906,
      "mean_slippage_bps": 16.344813101534264,
      "median_slippage_bps": 13.770019495541806,
      "p99_slippage_bps": 60.3012310963516,
      "maker_ratio": 0.7025920873124147,
      "fills_under_threshold": 398,
      "pct_under_threshold": 0.5429740791268759,
      "gate_status": "INSUFFICIENT_DATA",
      "reason": "need_2000_fills_have_733",
      "threshold_bps": 15.0,
      "min_sample_size": 2000
    },
    "venue_coinbase": {
      "total_fills": 1129,
      "p95_slippage_bps": 38.565837489347594,
      "mean_slippage_bps": 16.434005302504175,
      "median_slippage_bps": 13.721752637478984,
      "p99_slippage_bps": 62.64884784591542,
      "maker_ratio": 0.7103631532329495,
      "fills_under_threshold": 612,
      "pct_under_threshold": 0.54207263064659,
      "gate_status": "INSUFFICIENT_DATA",
      "reason": "need_2000_fills_have_1129",
      "threshold_bps": 15.0,
      "min_sample_size": 2000
    },
    "venue_alpaca": {
      "total_fills": 1125,
      "p95_slippage_bps": 36.891154823379324,
      "mean_slippage_bps": 16.228031566799554,
      "median_slippage_bps": 13.799000510874329,
      "p99_slippage_bps": 60.64280176809451,
      "maker_ratio": 0.7137777777777777,
      "fills_under_threshold": 623,
      "pct_under_threshold": 0.5537777777777778,
      "gate_status": "INSUFFICIENT_DATA",
      "reason": "need_2000_fills_have_1125",
      "threshold_bps": 15.0,
      "min_sample_size": 2000
    },
    "venue_binance": {
      "total_fills": 746,
      "p95_slippage_bps": 34.99940863740723,
      "mean_slippage_bps": 15.946320753206706,
      "median_slippage_bps": 13.325818345379233,
      "p99_slippage_bps": 53.35930955789253,
      "maker_ratio": 0.6863270777479893,
      "fills_under_threshold": 410,
      "pct_under_threshold": 0.5495978552278821,
      "gate_status": "INSUFFICIENT_DATA",
      "reason": "need_2000_fills_have_746",
      "threshold_bps": 15.0,
      "min_sample_size": 2000
    },
    "BTC-USD_alpaca": {
      "total_fills": 261,
      "p95_slippage_bps": 36.97341365112833,
      "mean_slippage_bps": 16.496354352718324,
      "median_slippage_bps": 13.722367941694351,
      "p99_slippage_bps": 69.15081423500325,
      "maker_ratio": 0.7394636015325671,
      "fills_under_threshold": 150,
      "pct_under_threshold": 0.5747126436781609,
      "gate_status": "INSUFFICIENT_DATA",
      "reason": "need_2000_fills_have_261",
      "threshold_bps": 15.0,
      "min_sample_size": 2000
    },
    "BTC-USD_binance": {
      "total_fills": 246,
      "p95_slippage_bps": 40.56646068725784,
      "mean_slippage_bps": 17.34505003821786,
      "median_slippage_bps": 14.177879904332235,
      "p99_slippage_bps": 53.55375572108126,
      "maker_ratio": 0.6910569105691057,
      "fills_under_threshold": 125,
      "pct_under_threshold": 0.508130081300813,
      "gate_status": "INSUFFICIENT_DATA",
      "reason": "need_2000_fills_have_246",
      "threshold_bps": 15.0,
      "min_sample_size": 2000
    },
    "BTC-USD_coinbase": {
      "total_fills": 259,
      "p95_slippage_bps": 47.43271671658167,
      "mean_slippage_bps": 17.296654058275664,
      "median_slippage_bps": 13.978209186272355,
      "p99_slippage_bps": 73.1441530930625,
      "maker_ratio": 0.7104247104247104,
      "fills_under_threshold": 137,
      "pct_under_threshold": 0.528957528957529,
      "gate_status": "INSUFFICIENT_DATA",
      "reason": "need_2000_fills_have_259",
      "threshold_bps": 15.0,
      "min_sample_size": 2000
    },
    "ETH-USD_alpaca": {
      "total_fills": 250,
      "p95_slippage_bps": 33.12645515171772,
      "mean_slippage_bps": 15.48496376296992,
      "median_slippage_bps": 13.337013644024351,
      "p99_slippage_bps": 50.20226496921648,
      "maker_ratio": 0.672,
      "fills_under_threshold": 142,
      "pct_under_threshold": 0.568,
      "gate_status": "INSUFFICIENT_DATA",
      "reason": "need_2000_fills_have_250",
      "threshold_bps": 15.0,
      "min_sample_size": 2000
    },
    "ETH-USD_binance": {
      "total_fills": 245,
      "p95_slippage_bps": 32.612085320924706,
      "mean_slippage_bps": 15.990893172951687,
      "median_slippage_bps": 14.176337074694061,
      "p99_slippage_bps": 57.40007088128581,
      "maker_ratio": 0.6448979591836734,
      "fills_under_threshold": 129,
      "pct_under_threshold": 0.5265306122448979,
      "gate_status": "INSUFFICIENT_DATA",
      "reason": "need_2000_fills_have_245",
      "threshold_bps": 15.0,
      "min_sample_size": 2000
    },
    "ETH-USD_coinbase": {
      "total_fills": 249,
      "p95_slippage_bps": 37.02258279483609,
      "mean_slippage_bps": 16.75041654218703,
      "median_slippage_bps": 14.17970748249314,
      "p99_slippage_bps": 51.26894822220144,
      "maker_ratio": 0.7188755020080321,
      "fills_under_threshold": 129,
      "pct_under_threshold": 0.5180722891566265,
      "gate_status": "INSUFFICIENT_DATA",
      "reason": "need_2000_fills_have_249",
      "threshold_bps": 15.0,
      "min_sample_size": 2000
    },
    "NVDA_alpaca": {
      "total_fills": 378,
      "p95_slippage_bps": 39.0153066530169,
      "mean_slippage_bps": 16.628157010770437,
      "median_slippage_bps": 14.046088865103709,
      "p99_slippage_bps": 57.620697043217625,
      "maker_ratio": 0.7195767195767195,
      "fills_under_threshold": 202,
      "pct_under_threshold": 0.5343915343915344,
      "gate_status": "INSUFFICIENT_DATA",
      "reason": "need_2000_fills_have_378",
      "threshold_bps": 15.0,
      "min_sample_size": 2000
    },
    "NVDA_coinbase": {
      "total_fills": 355,
      "p95_slippage_bps": 35.966832390949506,
      "mean_slippage_bps": 16.043111699587012,
      "median_slippage_bps": 13.374838008477182,