{
  "timestamp": "2025-08-16T13:33:07.452391+00:00",
  "window_hours": 48,
  "threshold_bps": 15.0,
  "min_sample_size": 2000,
  "overall_metrics": {
    "total_fills": 2765,
    "p95_slippage_bps": 8.604137385981273,
    "mean_slippage_bps": 3.9770788749209682,
    "median_slippage_bps": 3.4495076273009517,
    "p99_slippage_bps": 18.11766222002782,
    "maker_ratio": 0.7,
    "fills_under_threshold": 2714,
    "pct_under_threshold": 0.9815551537070525,
    "gate_status": "PASS",
    "reason": "criteria_met",
    "threshold_bps": 15.0,
    "min_sample_size": 2000
  },
  "breakdown_metrics": {
    "asset_ETH-USD": {
      "total_fills": 911,
      "p95_slippage_bps": 9.072010067853604,
      "mean_slippage_bps": 4.0583693657109166,
      "median_slippage_bps": 3.3117775218762047,
      "p99_slippage_bps": 20.978104887940923,
      "maker_ratio": 0.7,
      "fills_under_threshold": 888,
      "pct_under_threshold": 0.9747530186608123,
      "gate_status": "INSUFFICIENT_DATA",
      "reason": "need_2000_fills_have_911",
      "threshold_bps": 15.0,
      "min_sample_size": 2000
    },
    "asset_NVDA": {
      "total_fills": 916,
      "p95_slippage_bps": 8.322049531663417,
      "mean_slippage_bps": 3.9304540564326107,
      "median_slippage_bps": 3.484052754118114,
      "p99_slippage_bps": 16.308590167937833,
      "maker_ratio": 0.7,
      "fills_under_threshold": 903,
      "pct_under_threshold": 0.9858078602620087,
      "gate_status": "INSUFFICIENT_DATA",
      "reason": "need_2000_fills_have_916",
      "threshold_bps": 15.0,
      "min_sample_size": 2000
    },
    "asset_BTC-USD": {
      "total_fills": 938,
      "p95_slippage_bps": 8.607748292200137,
      "mean_slippage_bps": 3.943659574948359,
      "median_slippage_bps": 3.519464625850587,
      "p99_slippage_bps": 16.90071764033187,
      "maker_ratio": 0.7,
      "fills_under_threshold": 923,
      "pct_under_threshold": 0.9840085287846482,
      "gate_status": "INSUFFICIENT_DATA",
      "reason": "need_2000_fills_have_938",
      "threshold_bps": 15.0,
      "min_sample_size": 2000
    },
    "venue_binance": {
      "total_fills": 934,
      "p95_slippage_bps": 8.448320350856052,
      "mean_slippage_bps": 3.901626246886622,
      "median_slippage_bps": 3.436116017019587,
      "p99_slippage_bps": 17.991609209436653,
      "maker_ratio": 0.7,
      "fills_under_threshold": 917,
      "pct_under_threshold": 0.9817987152034261,
      "gate_status": "INSUFFICIENT_DATA",
      "reason": "need_2000_fills_have_934",
      "threshold_bps": 15.0,
      "min_sample_size": 2000
    },
    "venue_coinbase": {
      "total_fills": 910,
      "p95_slippage_bps": 8.703787775321848,
      "mean_slippage_bps": 4.083600843855235,
      "median_slippage_bps": 3.5077137067798425,
      "p99_slippage_bps": 17.80021720123481,
      "maker_ratio": 0.7,
      "fills_under_threshold": 894,
      "pct_under_threshold": 0.9824175824175824,
      "gate_status": "INSUFFICIENT_DATA",
      "reason": "need_2000_fills_have_910",
      "threshold_bps": 15.0,
      "min_sample_size": 2000
    },
    "venue_alpaca": {
      "total_fills": 921,
      "p95_slippage_bps": 8.911975928917657,
      "mean_slippage_bps": 3.9483468041868712,
      "median_slippage_bps": 3.388517476860583,
      "p99_slippage_bps": 18.9390456018977,
      "maker_ratio": 0.7,
      "fills_under_threshold": 903,
      "pct_under_threshold": 0.9804560260586319,
      "gate_status": "INSUFFICIENT_DATA",
      "reason": "need_2000_fills_have_921",
      "threshold_bps": 15.0,
      "min_sample_size": 2000
    },
    "BTC-USD_alpaca": {
      "total_fills": 321,
      "p95_slippage_bps": 8.229832815747931,
      "mean_slippage_bps": 3.8915261627790314,
      "median_slippage_bps": 3.5146614197742907,
      "p99_slippage_bps": 16.330310681784944,
      "maker_ratio": 0.7,
      "fills_under_threshold": 316,
      "pct_under_threshold": 0.9844236760124611,
      "gate_status": "INSUFFICIENT_DATA",
      "reason": "need_2000_fills_have_321",
      "threshold_bps": 15.0,
      "min_sample_size": 2000
    },
    "BTC-USD_binance": {
      "total_fills": 313,
      "p95_slippage_bps": 8.78433037323897,
      "mean_slippage_bps": 3.940254894115397,
      "median_slippage_bps": 3.5188465061054623,
      "p99_slippage_bps": 15.793049656688918,
      "maker_ratio": 0.7,
      "fills_under_threshold": 308,
      "pct_under_threshold": 0.9840255591054313,
      "gate_status": "INSUFFICIENT_DATA",
      "reason": "need_2000_fills_have_313",
      "threshold_bps": 15.0,
      "min_sample_size": 2000
    },
    "BTC-USD_coinbase": {
      "total_fills": 304,
      "p95_slippage_bps": 9.264084916146764,
      "mean_slippage_bps": 4.0022138197084605,
      "median_slippage_bps": 3.5508389547102586,
      "p99_slippage_bps": 17.050381406155147,
      "maker_ratio": 0.7,
      "fills_under_threshold": 299,
      "pct_under_threshold": 0.9835526315789473,
      "gate_status": "INSUFFICIENT_DATA",
      "reason": "need_2000_fills_have_304",
      "threshold_bps": 15.0,
      "min_sample_size": 2000
    },
    "ETH-USD_alpaca": {
      "total_fills": 314,
      "p95_slippage_bps": 9.624211455029213,
      "mean_slippage_bps": 4.114748319539184,
      "median_slippage_bps": 3.264828528947281,
      "p99_slippage_bps": 20.972995183333335,
      "maker_ratio": 0.7,
      "fills_under_threshold": 306,
      "pct_under_threshold": 0.9745222929936306,
      "gate_status": "INSUFFICIENT_DATA",
      "reason": "need_2000_fills_have_314",
      "threshold_bps": 15.0,
      "min_sample_size": 2000
    },
    "ETH-USD_binance": {
      "total_fills": 307,
      "p95_slippage_bps": 8.205413115401013,
      "mean_slippage_bps": 3.937378091769589,
      "median_slippage_bps": 3.2626530505847318,
      "p99_slippage_bps": 22.333111575289422,
      "maker_ratio": 0.7,
      "fills_under_threshold": 298,
      "pct_under_threshold": 0.9706840390879479,
      "gate_status": "INSUFFICIENT_DATA",
      "reason": "need_2000_fills_have_307",
      "threshold_bps": 15.0,
      "min_sample_size": 2000
    },
    "ETH-USD_coinbase": {
      "total_fills": 290,
      "p95_slippage_bps": 8.974309620434992,
      "mean_slippage_bps": 4.125408433289921,
      "median_slippage_bps": 3.336436238954615,
      "p99_slippage_bps": 19.5906411914955,
      "maker_ratio": 0.7,
      "fills_under_threshold": 284,
      "pct_under_threshold": 0.9793103448275862,
      "gate_status": "INSUFFICIENT_DATA",
      "reason": "need_2000_fills_have_290",
      "threshold_bps": 15.0,
      "min_sample_size": 2000
    },
    "NVDA_alpaca": {
      "total_fills": 286,
      "p95_slippage_bps": 8.089866552479291,
      "mean_slippage_bps": 3.82942844779278,
      "median_slippage_bps": 3.356353943389556,
      "p99_slippage_bps": 16.716390120908176,
      "maker_ratio": 0.7,
      "fills_under_threshold": 281,
      "pct_under_threshold": 0.9825174825174825,
      "gate_status": "INSUFFICIENT_DATA",
      "reason": "need_2000_fills_have_286",
      "threshold_bps": 15.0,
      "min_sample_size": 2000
    },
    "NVDA_binance": {
      "total_fills": 314,
      "p95_slippage_bps": 8.231903127861111,
      "mean_slippage_bps": 3.828165791594655,
      "median_slippage_bps": 3.474109784854222,
      "p99_slippage_bps": 13.760839416149274,
      "maker_ratio": 0.7,
      "fills_under_threshold": 311,
      "pct_under_threshold": 0.9904458598726115,
      "gate_status": "INSUFFICIENT_DATA",
      "reason": "need_2000_fills_have_314",
      "threshold_bps": 15.0,
      "min_sample_size": 2000
    },
    "NVDA_coinbase": {
      "total_fills": 316,
      "p95_slippage_bps": 8.368968164863954,
      "mean_slippage_bps": 4.123529497034225,
      "median_slippage_bps": 3.6754867334009287,
      "p99_slippage_bps": 16.47194856753841,
      "maker_ratio": 0.7,
      "fills_under_threshold": 311,
      "pct_under_threshold": 0.9841772151898734,
      "gate_status": "INSUFFICIENT_DATA",
      "reason": "need_2000_fills_have_316",