{
  "timestamp": "2025-08-16T19:36:13.533052+00:00",
  "window_hours": 48,
  "threshold_bps": 15.0,
  "min_sample_size": 2000,
  "overall_metrics": {
    "total_fills": 2747,
    "p95_slippage_bps": 8.927504391042287,
    "mean_slippage_bps": 4.003161392970548,
    "median_slippage_bps": 3.3989325455922903,
    "p99_slippage_bps": 18.88033673673916,
    "maker_ratio": 0.7,
    "fills_under_threshold": 2686,
    "pct_under_threshold": 0.977793957044048,
    "gate_status": "PASS",
    "reason": "criteria_met",
    "threshold_bps": 15.0,
    "min_sample_size": 2000
  },
  "breakdown_metrics": {
    "asset_ETH-USD": {
      "total_fills": 926,
      "p95_slippage_bps": 8.97301611010938,
      "mean_slippage_bps": 4.04136878615866,
      "median_slippage_bps": 3.3471537327971523,
      "p99_slippage_bps": 19.60053081622295,
      "maker_ratio": 0.7,
      "fills_under_threshold": 904,
      "pct_under_threshold": 0.9762419006479481,
      "gate_status": "INSUFFICIENT_DATA",
      "reason": "need_2000_fills_have_926",
      "threshold_bps": 15.0,
      "min_sample_size": 2000
    },
    "asset_BTC-USD": {
      "total_fills": 913,
      "p95_slippage_bps": 8.754903216788227,
      "mean_slippage_bps": 3.9555562572708673,
      "median_slippage_bps": 3.424457834143541,
      "p99_slippage_bps": 17.56992819170218,
      "maker_ratio": 0.7,
      "fills_under_threshold": 894,
      "pct_under_threshold": 0.9791894852135816,
      "gate_status": "INSUFFICIENT_DATA",
      "reason": "need_2000_fills_have_913",
      "threshold_bps": 15.0,
      "min_sample_size": 2000
    },
    "asset_NVDA": {
      "total_fills": 908,
      "p95_slippage_bps": 8.98802160961278,
      "mean_slippage_bps": 4.012063863016383,
      "median_slippage_bps": 3.427547711657345,
      "p99_slippage_bps": 19.00933999290193,
      "maker_ratio": 0.7,
      "fills_under_threshold": 888,
      "pct_under_threshold": 0.9779735682819384,
      "gate_status": "INSUFFICIENT_DATA",
      "reason": "need_2000_fills_have_908",
      "threshold_bps": 15.0,
      "min_sample_size": 2000
    },
    "venue_binance": {
      "total_fills": 931,
      "p95_slippage_bps": 9.09863427290038,
      "mean_slippage_bps": 4.022313289467634,
      "median_slippage_bps": 3.482198450021923,
      "p99_slippage_bps": 18.664202115762578,
      "maker_ratio": 0.7,
      "fills_under_threshold": 912,
      "pct_under_threshold": 0.9795918367346939,
      "gate_status": "INSUFFICIENT_DATA",
      "reason": "need_2000_fills_have_931",
      "threshold_bps": 15.0,
      "min_sample_size": 2000
    },
    "venue_coinbase": {
      "total_fills": 921,
      "p95_slippage_bps": 8.692178400422003,
      "mean_slippage_bps": 3.989277740748549,
      "median_slippage_bps": 3.293143720712227,
      "p99_slippage_bps": 17.766648542799228,
      "maker_ratio": 0.7,
      "fills_under_threshold": 897,
      "pct_under_threshold": 0.9739413680781759,
      "gate_status": "INSUFFICIENT_DATA",
      "reason": "need_2000_fills_have_921",
      "threshold_bps": 15.0,
      "min_sample_size": 2000
    },
    "venue_alpaca": {
      "total_fills": 895,
      "p95_slippage_bps": 8.854828214307075,
      "mean_slippage_bps": 3.997526117057335,
      "median_slippage_bps": 3.4239199422621898,
      "p99_slippage_bps": 19.409785598017763,
      "maker_ratio": 0.7,
      "fills_under_threshold": 877,
      "pct_under_threshold": 0.9798882681564246,
      "gate_status": "INSUFFICIENT_DATA",
      "reason": "need_2000_fills_have_895",
      "threshold_bps": 15.0,
      "min_sample_size": 2000
    },
    "BTC-USD_alpaca": {
      "total_fills": 298,
      "p95_slippage_bps": 8.487231005426539,
      "mean_slippage_bps": 3.9826771580184666,
      "median_slippage_bps": 3.4805301421389285,
      "p99_slippage_bps": 19.40749324348334,
      "maker_ratio": 0.7,
      "fills_under_threshold": 292,
      "pct_under_threshold": 0.9798657718120806,
      "gate_status": "INSUFFICIENT_DATA",
      "reason": "need_2000_fills_have_298",
      "threshold_bps": 15.0,
      "min_sample_size": 2000
    },
    "BTC-USD_binance": {
      "total_fills": 311,
      "p95_slippage_bps": 8.73322830000333,
      "mean_slippage_bps": 3.875303384276348,
      "median_slippage_bps": 3.3682687581950175,
      "p99_slippage_bps": 16.4812926595512,
      "maker_ratio": 0.7,
      "fills_under_threshold": 304,
      "pct_under_threshold": 0.977491961414791,
      "gate_status": "INSUFFICIENT_DATA",
      "reason": "need_2000_fills_have_311",
      "threshold_bps": 15.0,
      "min_sample_size": 2000
    },
    "BTC-USD_coinbase": {
      "total_fills": 304,
      "p95_slippage_bps": 9.489774345940317,
      "mean_slippage_bps": 4.011071438450179,
      "median_slippage_bps": 3.3737922367123767,
      "p99_slippage_bps": 16.26873327955384,
      "maker_ratio": 0.7,
      "fills_under_threshold": 298,
      "pct_under_threshold": 0.9802631578947368,
      "gate_status": "INSUFFICIENT_DATA",
      "reason": "need_2000_fills_have_304",
      "threshold_bps": 15.0,
      "min_sample_size": 2000
    },
    "ETH-USD_alpaca": {
      "total_fills": 291,
      "p95_slippage_bps": 10.60958897169213,
      "mean_slippage_bps": 4.262852427722065,
      "median_slippage_bps": 3.4239199422621898,
      "p99_slippage_bps": 21.04886987909171,
      "maker_ratio": 0.7,
      "fills_under_threshold": 282,
      "pct_under_threshold": 0.9690721649484536,
      "gate_status": "INSUFFICIENT_DATA",
      "reason": "need_2000_fills_have_291",
      "threshold_bps": 15.0,
      "min_sample_size": 2000
    },
    "ETH-USD_binance": {
      "total_fills": 330,
      "p95_slippage_bps": 9.012866246701288,
      "mean_slippage_bps": 3.9914815779811326,
      "median_slippage_bps": 3.4406646141167663,
      "p99_slippage_bps": 18.09175211169739,
      "maker_ratio": 0.7,
      "fills_under_threshold": 324,
      "pct_under_threshold": 0.9818181818181818,
      "gate_status": "INSUFFICIENT_DATA",
      "reason": "need_2000_fills_have_330",
      "threshold_bps": 15.0,
      "min_sample_size": 2000
    },
    "ETH-USD_coinbase": {
      "total_fills": 305,
      "p95_slippage_bps": 8.108811170762069,
      "mean_slippage_bps": 3.884027930432867,
      "median_slippage_bps": 3.113691807981705,
      "p99_slippage_bps": 17.487042475788947,
      "maker_ratio": 0.7,
      "fills_under_threshold": 298,
      "pct_under_threshold": 0.9770491803278688,
      "gate_status": "INSUFFICIENT_DATA",
      "reason": "need_2000_fills_have_305",
      "threshold_bps": 15.0,
      "min_sample_size": 2000
    },
    "NVDA_alpaca": {
      "total_fills": 306,
      "p95_slippage_bps": 7.66139752016023,
      "mean_slippage_bps": 3.7596667490512767,
      "median_slippage_bps": 3.3195640797626953,
      "p99_slippage_bps": 14.450319109760242,
      "maker_ratio": 0.7,
      "fills_under_threshold": 303,
      "pct_under_threshold": 0.9901960784313726,
      "gate_status": "INSUFFICIENT_DATA",
      "reason": "need_2000_fills_have_306",
      "threshold_bps": 15.0,
      "min_sample_size": 2000
    },
    "NVDA_binance": {
      "total_fills": 290,
      "p95_slippage_bps": 9.527007640991858,
      "mean_slippage_bps": 4.215053100864311,
      "median_slippage_bps": 3.630006104695949,
      "p99_slippage_bps": 18.581433517162896,
      "maker_ratio": 0.7,
      "fills_under_threshold": 284,
      "pct_under_threshold": 0.9793103448275862,
      "gate_status": "INSUFFICIENT_DATA",
      "reason": "need_2000_fills_have_290",
      "threshold_bps": 15.0,
      "min_sample_size": 2000
    },
    "NVDA_coinbase": {
      "total_fills": 312,
      "p95_slippage_bps": 9.544077896005705,
      "mean_slippage_bps": 4.070931292174792,
      "median_slippage_bps": 3.36480448754844,
      "p99_slippage_bps": 19.56956687642823,
      "maker_ratio": 0.7,
      "fills_under_threshold": 301,
      "pct_under_threshold": 0.9647435897435898,
      "gate_status": "INSUFFICIENT_DATA",
      "reason": "need_2000_fills_have_312",