{
  "timestamp": "2025-08-17T00:07:26.589430+00:00",
  "window_hours": 48,
  "threshold_bps": 15.0,
  "min_sample_size": 2000,
  "overall_metrics": {
    "total_fills": 2745,
    "p95_slippage_bps": 9.08760513002386,
    "mean_slippage_bps": 4.029560538097467,
    "median_slippage_bps": 3.457037414513422,
    "p99_slippage_bps": 17.63308223044558,
    "maker_ratio": 0.7,
    "fills_under_threshold": 2698,
    "pct_under_threshold": 0.9828779599271402,
    "gate_status": "PASS",
    "reason": "criteria_met",
    "threshold_bps": 15.0,
    "min_sample_size": 2000
  },
  "breakdown_metrics": {
    "asset_NVDA": {
      "total_fills": 896,
      "p95_slippage_bps": 9.186642644425083,
      "mean_slippage_bps": 4.058469040117903,
      "median_slippage_bps": 3.469514940046719,
      "p99_slippage_bps": 17.80027603349265,
      "maker_ratio": 0.7,
      "fills_under_threshold": 883,
      "pct_under_threshold": 0.9854910714285714,
      "gate_status": "INSUFFICIENT_DATA",
      "reason": "need_2000_fills_have_896",
      "threshold_bps": 15.0,
      "min_sample_size": 2000
    },
    "asset_BTC-USD": {
      "total_fills": 959,
      "p95_slippage_bps": 8.97816640215613,
      "mean_slippage_bps": 4.04298972178343,
      "median_slippage_bps": 3.4778472401305454,
      "p99_slippage_bps": 18.992410343770466,
      "maker_ratio": 0.7,
      "fills_under_threshold": 938,
      "pct_under_threshold": 0.9781021897810219,
      "gate_status": "INSUFFICIENT_DATA",
      "reason": "need_2000_fills_have_959",
      "threshold_bps": 15.0,
      "min_sample_size": 2000
    },
    "asset_ETH-USD": {
      "total_fills": 890,
      "p95_slippage_bps": 9.02045282634724,
      "mean_slippage_bps": 3.9859868246534798,
      "median_slippage_bps": 3.4004813957373603,
      "p99_slippage_bps": 16.36873839422412,
      "maker_ratio": 0.7,
      "fills_under_threshold": 877,
      "pct_under_threshold": 0.9853932584269663,
      "gate_status": "INSUFFICIENT_DATA",
      "reason": "need_2000_fills_have_890",
      "threshold_bps": 15.0,
      "min_sample_size": 2000
    },
    "venue_binance": {
      "total_fills": 941,
      "p95_slippage_bps": 9.228604974680072,
      "mean_slippage_bps": 4.052570924498012,
      "median_slippage_bps": 3.474210742369093,
      "p99_slippage_bps": 17.651385172257875,
      "maker_ratio": 0.7,
      "fills_under_threshold": 926,
      "pct_under_threshold": 0.9840595111583422,
      "gate_status": "INSUFFICIENT_DATA",
      "reason": "need_2000_fills_have_941",
      "threshold_bps": 15.0,
      "min_sample_size": 2000
    },
    "venue_alpaca": {
      "total_fills": 911,
      "p95_slippage_bps": 8.884381218355635,
      "mean_slippage_bps": 4.0412062666607875,
      "median_slippage_bps": 3.4889770712653707,
      "p99_slippage_bps": 17.637862142215603,
      "maker_ratio": 0.7,
      "fills_under_threshold": 892,
      "pct_under_threshold": 0.9791437980241493,
      "gate_status": "INSUFFICIENT_DATA",
      "reason": "need_2000_fills_have_911",
      "threshold_bps": 15.0,
      "min_sample_size": 2000
    },
    "venue_coinbase": {
      "total_fills": 893,
      "p95_slippage_bps": 9.054260930102226,
      "mean_slippage_bps": 3.9934328423258014,
      "median_slippage_bps": 3.416206981175674,
      "p99_slippage_bps": 16.968980765455736,
      "maker_ratio": 0.7,
      "fills_under_threshold": 880,
      "pct_under_threshold": 0.9854423292273237,
      "gate_status": "INSUFFICIENT_DATA",
      "reason": "need_2000_fills_have_893",
      "threshold_bps": 15.0,
      "min_sample_size": 2000
    },
    "BTC-USD_alpaca": {
      "total_fills": 324,
      "p95_slippage_bps": 8.323104469965191,
      "mean_slippage_bps": 4.088143453947722,
      "median_slippage_bps": 3.4834557367444603,
      "p99_slippage_bps": 20.810616253741234,
      "maker_ratio": 0.7,
      "fills_under_threshold": 316,
      "pct_under_threshold": 0.9753086419753086,
      "gate_status": "INSUFFICIENT_DATA",
      "reason": "need_2000_fills_have_324",
      "threshold_bps": 15.0,
      "min_sample_size": 2000
    },
    "BTC-USD_binance": {
      "total_fills": 317,
      "p95_slippage_bps": 9.239249195506158,
      "mean_slippage_bps": 4.149313490998888,
      "median_slippage_bps": 3.5723512362124192,
      "p99_slippage_bps": 19.08211525304774,
      "maker_ratio": 0.7,
      "fills_under_threshold": 309,
      "pct_under_threshold": 0.9747634069400631,
      "gate_status": "INSUFFICIENT_DATA",
      "reason": "need_2000_fills_have_317",
      "threshold_bps": 15.0,
      "min_sample_size": 2000
    },
    "BTC-USD_coinbase": {
      "total_fills": 318,
      "p95_slippage_bps": 8.976675418300193,
      "mean_slippage_bps": 3.8909946146685535,
      "median_slippage_bps": 3.4098457397130213,
      "p99_slippage_bps": 16.78595197060717,
      "maker_ratio": 0.7,
      "fills_under_threshold": 313,
      "pct_under_threshold": 0.9842767295597484,
      "gate_status": "INSUFFICIENT_DATA",
      "reason": "need_2000_fills_have_318",
      "threshold_bps": 15.0,
      "min_sample_size": 2000
    },
    "ETH-USD_alpaca": {
      "total_fills": 291,
      "p95_slippage_bps": 8.881139349375253,
      "mean_slippage_bps": 4.069850805399249,
      "median_slippage_bps": 3.645878857232076,
      "p99_slippage_bps": 16.464907348146095,
      "maker_ratio": 0.7,
      "fills_under_threshold": 285,
      "pct_under_threshold": 0.979381443298969,
      "gate_status": "INSUFFICIENT_DATA",
      "reason": "need_2000_fills_have_291",
      "threshold_bps": 15.0,
      "min_sample_size": 2000
    },
    "ETH-USD_binance": {
      "total_fills": 303,
      "p95_slippage_bps": 8.544560416454999,
      "mean_slippage_bps": 3.8049586528145123,
      "median_slippage_bps": 3.270662558948679,
      "p99_slippage_bps": 14.39480797445375,
      "maker_ratio": 0.7,
      "fills_under_threshold": 300,
      "pct_under_threshold": 0.9900990099009901,
      "gate_status": "INSUFFICIENT_DATA",
      "reason": "need_2000_fills_have_303",
      "threshold_bps": 15.0,
      "min_sample_size": 2000
    },
    "ETH-USD_coinbase": {
      "total_fills": 296,
      "p95_slippage_bps": 9.147908127985103,
      "mean_slippage_bps": 4.088848708674386,
      "median_slippage_bps": 3.3878420854145217,
      "p99_slippage_bps": 15.361028019388032,
      "maker_ratio": 0.7,
      "fills_under_threshold": 292,
      "pct_under_threshold": 0.9864864864864865,
      "gate_status": "INSUFFICIENT_DATA",
      "reason": "need_2000_fills_have_296",
      "threshold_bps": 15.0,
      "min_sample_size": 2000
    },
    "NVDA_alpaca": {
      "total_fills": 296,
      "p95_slippage_bps": 9.353372838819364,
      "mean_slippage_bps": 3.961668396884237,
      "median_slippage_bps": 3.3921243190793873,
      "p99_slippage_bps": 17.511862237794762,
      "maker_ratio": 0.7,
      "fills_under_threshold": 291,
      "pct_under_threshold": 0.9831081081081081,
      "gate_status": "INSUFFICIENT_DATA",
      "reason": "need_2000_fills_have_296",
      "threshold_bps": 15.0,
      "min_sample_size": 2000
    },
    "NVDA_binance": {
      "total_fills": 321,
      "p95_slippage_bps": 9.21854680087136,
      "mean_slippage_bps": 4.19076134424668,
      "median_slippage_bps": 3.501023325815515,
      "p99_slippage_bps": 16.932643444415135,
      "maker_ratio": 0.7,
      "fills_under_threshold": 317,
      "pct_under_threshold": 0.9875389408099688,
      "gate_status": "INSUFFICIENT_DATA",
      "reason": "need_2000_fills_have_321",
      "threshold_bps": 15.0,
      "min_sample_size": 2000
    },
    "NVDA_coinbase": {
      "total_fills": 279,
      "p95_slippage_bps": 9.011204989276802,
      "mean_slippage_bps": 4.008960655787536,
      "median_slippage_bps": 3.4983154904817195,
      "p99_slippage_bps": 16.527900505464974,
      "maker_ratio": 0.7,
      "fills_under_threshold": 275,
      "pct_under_threshold": 0.985663082437276,
      "gate_status": "INSUFFICIENT_DATA",
      "reason": "need_2000_fills_have_279",