{
  "timestamp": "2025-08-16T05:46:12.325898+00:00",
  "window_hours": 48,
  "threshold_bps": 15.0,
  "min_sample_size": 2000,
  "overall_metrics": {
    "total_fills": 2597,
    "p95_slippage_bps": 9.761579425214938,
    "mean_slippage_bps": 4.137579379658931,
    "median_slippage_bps": 3.460145489885295,
    "p99_slippage_bps": 19.086071734117617,
    "maker_ratio": 0.7,
    "fills_under_threshold": 2525,
    "pct_under_threshold": 0.9722757027339237,
    "gate_status": "PASS",
    "reason": "criteria_met",
    "threshold_bps": 15.0,
    "min_sample_size": 2000
  },
  "breakdown_metrics": {
    "asset_NVDA": {
      "total_fills": 868,
      "p95_slippage_bps": 10.092483452093882,
      "mean_slippage_bps": 4.173127594274696,
      "median_slippage_bps": 3.449925734492521,
      "p99_slippage_bps": 18.205850306475906,
      "maker_ratio": 0.7,
      "fills_under_threshold": 839,
      "pct_under_threshold": 0.966589861751152,
      "gate_status": "INSUFFICIENT_DATA",
      "reason": "need_2000_fills_have_868",
      "threshold_bps": 15.0,
      "min_sample_size": 2000
    },
    "asset_BTC-USD": {
      "total_fills": 859,
      "p95_slippage_bps": 8.828873829845374,
      "mean_slippage_bps": 4.041542558474582,
      "median_slippage_bps": 3.403869869945898,
      "p99_slippage_bps": 18.77704964569993,
      "maker_ratio": 0.7,
      "fills_under_threshold": 838,
      "pct_under_threshold": 0.9755529685681025,
      "gate_status": "INSUFFICIENT_DATA",
      "reason": "need_2000_fills_have_859",
      "threshold_bps": 15.0,
      "min_sample_size": 2000
    },
    "asset_ETH-USD": {
      "total_fills": 870,
      "p95_slippage_bps": 9.840197851008108,
      "mean_slippage_bps": 4.196935447602459,
      "median_slippage_bps": 3.4993038721792136,
      "p99_slippage_bps": 19.87001957531581,
      "maker_ratio": 0.7,
      "fills_under_threshold": 848,
      "pct_under_threshold": 0.9747126436781609,
      "gate_status": "INSUFFICIENT_DATA",
      "reason": "need_2000_fills_have_870",
      "threshold_bps": 15.0,
      "min_sample_size": 2000
    },
    "venue_alpaca": {
      "total_fills": 898,
      "p95_slippage_bps": 11.005396132456566,
      "mean_slippage_bps": 4.37049523111348,
      "median_slippage_bps": 3.514355359787022,
      "p99_slippage_bps": 19.754271958755133,
      "maker_ratio": 0.7,
      "fills_under_threshold": 864,
      "pct_under_threshold": 0.9621380846325167,
      "gate_status": "INSUFFICIENT_DATA",
      "reason": "need_2000_fills_have_898",
      "threshold_bps": 15.0,
      "min_sample_size": 2000
    },
    "venue_binance": {
      "total_fills": 801,
      "p95_slippage_bps": 9.334209650237415,
      "mean_slippage_bps": 4.030045181034646,
      "median_slippage_bps": 3.3969899860105572,
      "p99_slippage_bps": 18.64030614471964,
      "maker_ratio": 0.7,
      "fills_under_threshold": 781,
      "pct_under_threshold": 0.9750312109862672,
      "gate_status": "INSUFFICIENT_DATA",
      "reason": "need_2000_fills_have_801",
      "threshold_bps": 15.0,
      "min_sample_size": 2000
    },
    "venue_coinbase": {
      "total_fills": 898,
      "p95_slippage_bps": 9.735773197591909,
      "mean_slippage_bps": 4.000582117400426,
      "median_slippage_bps": 3.4256463277352527,
      "p99_slippage_bps": 19.529236239040006,
      "maker_ratio": 0.7,
      "fills_under_threshold": 880,
      "pct_under_threshold": 0.9799554565701559,
      "gate_status": "INSUFFICIENT_DATA",
      "reason": "need_2000_fills_have_898",
      "threshold_bps": 15.0,
      "min_sample_size": 2000
    },
    "BTC-USD_alpaca": {
      "total_fills": 302,
      "p95_slippage_bps": 9.35899445140729,
      "mean_slippage_bps": 4.385926745936496,
      "median_slippage_bps": 3.621880595271889,
      "p99_slippage_bps": 19.95999858959696,
      "maker_ratio": 0.7,
      "fills_under_threshold": 291,
      "pct_under_threshold": 0.9635761589403974,
      "gate_status": "INSUFFICIENT_DATA",
      "reason": "need_2000_fills_have_302",
      "threshold_bps": 15.0,
      "min_sample_size": 2000
    },
    "BTC-USD_binance": {
      "total_fills": 255,
      "p95_slippage_bps": 8.012482883926609,
      "mean_slippage_bps": 3.973836199344268,
      "median_slippage_bps": 3.3969899860105572,
      "p99_slippage_bps": 18.572670314869995,
      "maker_ratio": 0.7,
      "fills_under_threshold": 249,
      "pct_under_threshold": 0.9764705882352941,
      "gate_status": "INSUFFICIENT_DATA",
      "reason": "need_2000_fills_have_255",
      "threshold_bps": 15.0,
      "min_sample_size": 2000
    },
    "BTC-USD_coinbase": {
      "total_fills": 302,
      "p95_slippage_bps": 8.621962897549881,
      "mean_slippage_bps": 3.754327647761773,
      "median_slippage_bps": 3.304198976334084,
      "p99_slippage_bps": 17.820788006457708,
      "maker_ratio": 0.7,
      "fills_under_threshold": 298,
      "pct_under_threshold": 0.9867549668874173,
      "gate_status": "INSUFFICIENT_DATA",
      "reason": "need_2000_fills_have_302",
      "threshold_bps": 15.0,
      "min_sample_size": 2000
    },
    "ETH-USD_alpaca": {
      "total_fills": 302,
      "p95_slippage_bps": 11.94930325982422,
      "mean_slippage_bps": 4.441432058222327,
      "median_slippage_bps": 3.534516862970113,
      "p99_slippage_bps": 19.732611341603185,
      "maker_ratio": 0.7,
      "fills_under_threshold": 290,
      "pct_under_threshold": 0.9602649006622517,
      "gate_status": "INSUFFICIENT_DATA",
      "reason": "need_2000_fills_have_302",
      "threshold_bps": 15.0,
      "min_sample_size": 2000
    },
    "ETH-USD_binance": {
      "total_fills": 264,
      "p95_slippage_bps": 9.033131765674948,
      "mean_slippage_bps": 3.9863229061707006,
      "median_slippage_bps": 3.3741071738401955,
      "p99_slippage_bps": 19.56807865532764,
      "maker_ratio": 0.7,
      "fills_under_threshold": 260,
      "pct_under_threshold": 0.9848484848484849,
      "gate_status": "INSUFFICIENT_DATA",
      "reason": "need_2000_fills_have_264",
      "threshold_bps": 15.0,
      "min_sample_size": 2000
    },
    "ETH-USD_coinbase": {
      "total_fills": 304,
      "p95_slippage_bps": 9.636025084239318,
      "mean_slippage_bps": 4.136947732243197,
      "median_slippage_bps": 3.614427497919663,
      "p99_slippage_bps": 19.386273919981768,
      "maker_ratio": 0.7,
      "fills_under_threshold": 298,
      "pct_under_threshold": 0.9802631578947368,
      "gate_status": "INSUFFICIENT_DATA",
      "reason": "need_2000_fills_have_304",
      "threshold_bps": 15.0,
      "min_sample_size": 2000
    },
    "NVDA_alpaca": {
      "total_fills": 294,
      "p95_slippage_bps": 11.029630679339164,
      "mean_slippage_bps": 4.281776730217487,
      "median_slippage_bps": 3.495288962047086,
      "p99_slippage_bps": 17.770897671987285,
      "maker_ratio": 0.7,
      "fills_under_threshold": 283,
      "pct_under_threshold": 0.9625850340136054,
      "gate_status": "INSUFFICIENT_DATA",
      "reason": "need_2000_fills_have_294",
      "threshold_bps": 15.0,
      "min_sample_size": 2000
    },
    "NVDA_binance": {
      "total_fills": 282,
      "p95_slippage_bps": 10.048792658253777,
      "mean_slippage_bps": 4.12180394307411,
      "median_slippage_bps": 3.4406632424515076,
      "p99_slippage_bps": 17.71819386741816,
      "maker_ratio": 0.7,
      "fills_under_threshold": 272,
      "pct_under_threshold": 0.9645390070921985,
      "gate_status": "INSUFFICIENT_DATA",
      "reason": "need_2000_fills_have_282",
      "threshold_bps": 15.0,
      "min_sample_size": 2000
    },
    "NVDA_coinbase": {
      "total_fills": 292,
      "p95_slippage_bps": 10.076702366436658,
      "mean_slippage_bps": 4.113300278080806,
      "median_slippage_bps": 3.3841391180372753,
      "p99_slippage_bps": 20.103157272926317,
      "maker_ratio": 0.7,
      "fills_under_threshold": 284,
      "pct_under_threshold": 0.9726027397260274,
      "gate_status": "INSUFFICIENT_DATA",
      "reason": "need_2000_fills_have_292",