{
  "timestamp": "2025-08-16T12:04:56.691567+00:00",
  "window_hours": 48,
  "threshold_bps": 15.0,
  "min_sample_size": 2000,
  "overall_metrics": {
    "total_fills": 2755,
    "p95_slippage_bps": 8.47292393453611,
    "mean_slippage_bps": 3.9464065626458935,
    "median_slippage_bps": 3.441902319747469,
    "p99_slippage_bps": 18.46305419877473,
    "maker_ratio": 0.7,
    "fills_under_threshold": 2706,
    "pct_under_threshold": 0.9822141560798548,
    "gate_status": "PASS",
    "reason": "criteria_met",
    "threshold_bps": 15.0,
    "min_sample_size": 2000
  },
  "breakdown_metrics": {
    "asset_ETH-USD": {
      "total_fills": 927,
      "p95_slippage_bps": 7.90899216542931,
      "mean_slippage_bps": 3.887947485792159,
      "median_slippage_bps": 3.465827795037048,
      "p99_slippage_bps": 16.96557416863377,
      "maker_ratio": 0.7,
      "fills_under_threshold": 913,
      "pct_under_threshold": 0.9848975188781014,
      "gate_status": "INSUFFICIENT_DATA",
      "reason": "need_2000_fills_have_927",
      "threshold_bps": 15.0,
      "min_sample_size": 2000
    },
    "asset_BTC-USD": {
      "total_fills": 907,
      "p95_slippage_bps": 8.690615709665526,
      "mean_slippage_bps": 3.98426120299888,
      "median_slippage_bps": 3.4578370091638484,
      "p99_slippage_bps": 18.51712705486767,
      "maker_ratio": 0.7,
      "fills_under_threshold": 888,
      "pct_under_threshold": 0.9790518191841234,
      "gate_status": "INSUFFICIENT_DATA",
      "reason": "need_2000_fills_have_907",
      "threshold_bps": 15.0,
      "min_sample_size": 2000
    },
    "asset_NVDA": {
      "total_fills": 921,
      "p95_slippage_bps": 8.859466856855999,
      "mean_slippage_bps": 3.967967263452899,
      "median_slippage_bps": 3.399638173286513,
      "p99_slippage_bps": 18.390047977977208,
      "maker_ratio": 0.7,
      "fills_under_threshold": 905,
      "pct_under_threshold": 0.9826275787187839,
      "gate_status": "INSUFFICIENT_DATA",
      "reason": "need_2000_fills_have_921",
      "threshold_bps": 15.0,
      "min_sample_size": 2000
    },
    "venue_binance": {
      "total_fills": 921,
      "p95_slippage_bps": 7.917394894798825,
      "mean_slippage_bps": 3.848245855603434,
      "median_slippage_bps": 3.441902319747469,
      "p99_slippage_bps": 15.86721257818996,
      "maker_ratio": 0.7,
      "fills_under_threshold": 909,
      "pct_under_threshold": 0.9869706840390879,
      "gate_status": "INSUFFICIENT_DATA",
      "reason": "need_2000_fills_have_921",
      "threshold_bps": 15.0,
      "min_sample_size": 2000
    },
    "venue_coinbase": {
      "total_fills": 926,
      "p95_slippage_bps": 9.271376869519727,
      "mean_slippage_bps": 3.9853352452654436,
      "median_slippage_bps": 3.3735242507637584,
      "p99_slippage_bps": 20.056020774674984,
      "maker_ratio": 0.7,
      "fills_under_threshold": 904,
      "pct_under_threshold": 0.9762419006479481,
      "gate_status": "INSUFFICIENT_DATA",
      "reason": "need_2000_fills_have_926",
      "threshold_bps": 15.0,
      "min_sample_size": 2000
    },
    "venue_alpaca": {
      "total_fills": 908,
      "p95_slippage_bps": 8.639888543029558,
      "mean_slippage_bps": 4.0062722576683605,
      "median_slippage_bps": 3.5205960273316705,
      "p99_slippage_bps": 17.718260030000096,
      "maker_ratio": 0.7,
      "fills_under_threshold": 893,
      "pct_under_threshold": 0.9834801762114538,
      "gate_status": "INSUFFICIENT_DATA",
      "reason": "need_2000_fills_have_908",
      "threshold_bps": 15.0,
      "min_sample_size": 2000
    },
    "BTC-USD_alpaca": {
      "total_fills": 324,
      "p95_slippage_bps": 8.695121438269279,
      "mean_slippage_bps": 4.080910285414781,
      "median_slippage_bps": 3.493251121760745,
      "p99_slippage_bps": 18.339946906929555,
      "maker_ratio": 0.7,
      "fills_under_threshold": 317,
      "pct_under_threshold": 0.9783950617283951,
      "gate_status": "INSUFFICIENT_DATA",
      "reason": "need_2000_fills_have_324",
      "threshold_bps": 15.0,
      "min_sample_size": 2000
    },
    "BTC-USD_binance": {
      "total_fills": 281,
      "p95_slippage_bps": 8.148336313129947,
      "mean_slippage_bps": 3.821048471138861,
      "median_slippage_bps": 3.43268934308476,
      "p99_slippage_bps": 15.947642161127169,
      "maker_ratio": 0.7,
      "fills_under_threshold": 277,
      "pct_under_threshold": 0.9857651245551602,
      "gate_status": "INSUFFICIENT_DATA",
      "reason": "need_2000_fills_have_281",
      "threshold_bps": 15.0,
      "min_sample_size": 2000
    },
    "BTC-USD_coinbase": {
      "total_fills": 302,
      "p95_slippage_bps": 8.826616313995217,
      "mean_slippage_bps": 4.032434961111176,
      "median_slippage_bps": 3.4706461435678495,
      "p99_slippage_bps": 19.807939524907038,
      "maker_ratio": 0.7,
      "fills_under_threshold": 294,
      "pct_under_threshold": 0.9735099337748344,
      "gate_status": "INSUFFICIENT_DATA",
      "reason": "need_2000_fills_have_302",
      "threshold_bps": 15.0,
      "min_sample_size": 2000
    },
    "ETH-USD_alpaca": {
      "total_fills": 280,
      "p95_slippage_bps": 7.891659454202488,
      "mean_slippage_bps": 3.9494939737438357,
      "median_slippage_bps": 3.394578738223685,
      "p99_slippage_bps": 18.745987815059483,
      "maker_ratio": 0.7,
      "fills_under_threshold": 275,
      "pct_under_threshold": 0.9821428571428571,
      "gate_status": "INSUFFICIENT_DATA",
      "reason": "need_2000_fills_have_280",
      "threshold_bps": 15.0,
      "min_sample_size": 2000
    },
    "ETH-USD_binance": {
      "total_fills": 321,
      "p95_slippage_bps": 7.658940466682715,
      "mean_slippage_bps": 3.863733858919647,
      "median_slippage_bps": 3.565152347669121,
      "p99_slippage_bps": 14.164254447796601,
      "maker_ratio": 0.7,
      "fills_under_threshold": 318,
      "pct_under_threshold": 0.9906542056074766,
      "gate_status": "INSUFFICIENT_DATA",
      "reason": "need_2000_fills_have_321",
      "threshold_bps": 15.0,
      "min_sample_size": 2000
    },
    "ETH-USD_coinbase": {
      "total_fills": 326,
      "p95_slippage_bps": 8.2484899872731,
      "mean_slippage_bps": 3.8589277238277617,
      "median_slippage_bps": 3.4287729959844633,
      "p99_slippage_bps": 16.983044080895176,
      "maker_ratio": 0.7,
      "fills_under_threshold": 320,
      "pct_under_threshold": 0.9815950920245399,
      "gate_status": "INSUFFICIENT_DATA",
      "reason": "need_2000_fills_have_326",
      "threshold_bps": 15.0,
      "min_sample_size": 2000
    },
    "NVDA_alpaca": {
      "total_fills": 304,
      "p95_slippage_bps": 8.787088165870522,
      "mean_slippage_bps": 3.979019621184897,
      "median_slippage_bps": 3.6046866112701617,
      "p99_slippage_bps": 14.936335922871287,
      "maker_ratio": 0.7,
      "fills_under_threshold": 301,
      "pct_under_threshold": 0.9901315789473685,
      "gate_status": "INSUFFICIENT_DATA",
      "reason": "need_2000_fills_have_304",
      "threshold_bps": 15.0,
      "min_sample_size": 2000
    },
    "NVDA_binance": {
      "total_fills": 319,
      "p95_slippage_bps": 8.02506095650194,
      "mean_slippage_bps": 3.8566183194593604,
      "median_slippage_bps": 3.383218083001802,
      "p99_slippage_bps": 17.310979585855478,
      "maker_ratio": 0.7,
      "fills_under_threshold": 314,
      "pct_under_threshold": 0.9843260188087775,
      "gate_status": "INSUFFICIENT_DATA",
      "reason": "need_2000_fills_have_319",
      "threshold_bps": 15.0,
      "min_sample_size": 2000
    },
    "NVDA_coinbase": {
      "total_fills": 298,
      "p95_slippage_bps": 10.40502092499079,
      "mean_slippage_bps": 4.075888056685824,
      "median_slippage_bps": 3.2433840538683363,
      "p99_slippage_bps": 21.627710300702756,
      "maker_ratio": 0.7,
      "fills_under_threshold": 290,
      "pct_under_threshold": 0.9731543624161074,
      "gate_status": "INSUFFICIENT_DATA",
      "reason": "need_2000_fills_have_298",