{
  "timestamp": "2025-08-16T18:28:47.606992+00:00",
  "window_hours": 48,
  "threshold_bps": 15.0,
  "min_sample_size": 2000,
  "overall_metrics": {
    "total_fills": 2791,
    "p95_slippage_bps": 9.128590207637746,
    "mean_slippage_bps": 4.0051640454014334,
    "median_slippage_bps": 3.3774426706846814,
    "p99_slippage_bps": 19.565249750895507,
    "maker_ratio": 0.7,
    "fills_under_threshold": 2723,
    "pct_under_threshold": 0.9756359727696167,
    "gate_status": "PASS",
    "reason": "criteria_met",
    "threshold_bps": 15.0,
    "min_sample_size": 2000
  },
  "breakdown_metrics": {
    "asset_BTC-USD": {
      "total_fills": 946,
      "p95_slippage_bps": 8.724885532601537,
      "mean_slippage_bps": 3.946479649725427,
      "median_slippage_bps": 3.3285329644248844,
      "p99_slippage_bps": 18.910476197094578,
      "maker_ratio": 0.7,
      "fills_under_threshold": 923,
      "pct_under_threshold": 0.9756871035940803,
      "gate_status": "INSUFFICIENT_DATA",
      "reason": "need_2000_fills_have_946",
      "threshold_bps": 15.0,
      "min_sample_size": 2000
    },
    "asset_ETH-USD": {
      "total_fills": 931,
      "p95_slippage_bps": 9.502774281545502,
      "mean_slippage_bps": 4.0345403314772845,
      "median_slippage_bps": 3.390166341947845,
      "p99_slippage_bps": 19.51922998430512,
      "maker_ratio": 0.7,
      "fills_under_threshold": 908,
      "pct_under_threshold": 0.9752953813104189,
      "gate_status": "INSUFFICIENT_DATA",
      "reason": "need_2000_fills_have_931",
      "threshold_bps": 15.0,
      "min_sample_size": 2000
    },
    "asset_NVDA": {
      "total_fills": 914,
      "p95_slippage_bps": 9.366870601237151,
      "mean_slippage_bps": 4.035980364846605,
      "median_slippage_bps": 3.414981530666295,
      "p99_slippage_bps": 19.98771739318313,
      "maker_ratio": 0.7,
      "fills_under_threshold": 892,
      "pct_under_threshold": 0.975929978118162,
      "gate_status": "INSUFFICIENT_DATA",
      "reason": "need_2000_fills_have_914",
      "threshold_bps": 15.0,
      "min_sample_size": 2000
    },
    "venue_binance": {
      "total_fills": 966,
      "p95_slippage_bps": 8.995198388002724,
      "mean_slippage_bps": 4.038522626633775,
      "median_slippage_bps": 3.4132654443887107,
      "p99_slippage_bps": 19.857852010135044,
      "maker_ratio": 0.7,
      "fills_under_threshold": 941,
      "pct_under_threshold": 0.974120082815735,
      "gate_status": "INSUFFICIENT_DATA",
      "reason": "need_2000_fills_have_966",
      "threshold_bps": 15.0,
      "min_sample_size": 2000
    },
    "venue_coinbase": {
      "total_fills": 910,
      "p95_slippage_bps": 9.304694274545495,
      "mean_slippage_bps": 4.086156434936832,
      "median_slippage_bps": 3.3796083981125076,
      "p99_slippage_bps": 20.757846300002665,
      "maker_ratio": 0.7,
      "fills_under_threshold": 884,
      "pct_under_threshold": 0.9714285714285714,
      "gate_status": "INSUFFICIENT_DATA",
      "reason": "need_2000_fills_have_910",
      "threshold_bps": 15.0,
      "min_sample_size": 2000
    },
    "venue_alpaca": {
      "total_fills": 915,
      "p95_slippage_bps": 9.01590128131952,
      "mean_slippage_bps": 3.8893963252400647,
      "median_slippage_bps": 3.2934803945685456,
      "p99_slippage_bps": 17.42028629190541,
      "maker_ratio": 0.7,
      "fills_under_threshold": 898,
      "pct_under_threshold": 0.9814207650273225,
      "gate_status": "INSUFFICIENT_DATA",
      "reason": "need_2000_fills_have_915",
      "threshold_bps": 15.0,
      "min_sample_size": 2000
    },
    "BTC-USD_alpaca": {
      "total_fills": 324,
      "p95_slippage_bps": 8.617128177177818,
      "mean_slippage_bps": 3.772396888054054,
      "median_slippage_bps": 3.3315563161986756,
      "p99_slippage_bps": 15.665103211017474,
      "maker_ratio": 0.7,
      "fills_under_threshold": 319,
      "pct_under_threshold": 0.9845679012345679,
      "gate_status": "INSUFFICIENT_DATA",
      "reason": "need_2000_fills_have_324",
      "threshold_bps": 15.0,
      "min_sample_size": 2000
    },
    "BTC-USD_binance": {
      "total_fills": 310,
      "p95_slippage_bps": 8.113252668392589,
      "mean_slippage_bps": 3.894813470392298,
      "median_slippage_bps": 3.3656628629269774,
      "p99_slippage_bps": 18.284863256429585,
      "maker_ratio": 0.7,
      "fills_under_threshold": 302,
      "pct_under_threshold": 0.9741935483870968,
      "gate_status": "INSUFFICIENT_DATA",
      "reason": "need_2000_fills_have_310",
      "threshold_bps": 15.0,
      "min_sample_size": 2000
    },
    "BTC-USD_coinbase": {
      "total_fills": 312,
      "p95_slippage_bps": 9.92632361143612,
      "mean_slippage_bps": 4.178592888106179,
      "median_slippage_bps": 3.3030822655398717,
      "p99_slippage_bps": 21.43718007977148,
      "maker_ratio": 0.7,
      "fills_under_threshold": 302,
      "pct_under_threshold": 0.967948717948718,
      "gate_status": "INSUFFICIENT_DATA",
      "reason": "need_2000_fills_have_312",
      "threshold_bps": 15.0,
      "min_sample_size": 2000
    },
    "ETH-USD_alpaca": {
      "total_fills": 308,
      "p95_slippage_bps": 8.413917024510988,
      "mean_slippage_bps": 3.7457621873392353,
      "median_slippage_bps": 3.2164245135609564,
      "p99_slippage_bps": 16.89609016753357,
      "maker_ratio": 0.7,
      "fills_under_threshold": 303,
      "pct_under_threshold": 0.9837662337662337,
      "gate_status": "INSUFFICIENT_DATA",
      "reason": "need_2000_fills_have_308",
      "threshold_bps": 15.0,
      "min_sample_size": 2000
    },
    "ETH-USD_binance": {
      "total_fills": 320,
      "p95_slippage_bps": 9.71315639147423,
      "mean_slippage_bps": 4.378114259747749,
      "median_slippage_bps": 3.518834695251801,
      "p99_slippage_bps": 20.121176198162992,
      "maker_ratio": 0.7,
      "fills_under_threshold": 310,
      "pct_under_threshold": 0.96875,
      "gate_status": "INSUFFICIENT_DATA",
      "reason": "need_2000_fills_have_320",
      "threshold_bps": 15.0,
      "min_sample_size": 2000
    },
    "ETH-USD_coinbase": {
      "total_fills": 303,
      "p95_slippage_bps": 8.509339974197513,
      "mean_slippage_bps": 3.965233438236264,
      "median_slippage_bps": 3.309364887341993,
      "p99_slippage_bps": 19.508338413381903,
      "maker_ratio": 0.7,
      "fills_under_threshold": 295,
      "pct_under_threshold": 0.9735973597359736,
      "gate_status": "INSUFFICIENT_DATA",
      "reason": "need_2000_fills_have_303",
      "threshold_bps": 15.0,
      "min_sample_size": 2000
    },
    "NVDA_alpaca": {
      "total_fills": 283,
      "p95_slippage_bps": 10.539595955563344,
      "mean_slippage_bps": 4.1796688769069315,
      "median_slippage_bps": 3.3117583330106815,
      "p99_slippage_bps": 18.583862474241943,
      "maker_ratio": 0.7,
      "fills_under_threshold": 276,
      "pct_under_threshold": 0.9752650176678446,
      "gate_status": "INSUFFICIENT_DATA",
      "reason": "need_2000_fills_have_283",
      "threshold_bps": 15.0,
      "min_sample_size": 2000
    },
    "NVDA_binance": {
      "total_fills": 336,
      "p95_slippage_bps": 8.517022199808746,
      "mean_slippage_bps": 3.847690828533733,
      "median_slippage_bps": 3.350147980082035,
      "p99_slippage_bps": 19.453041172610916,
      "maker_ratio": 0.7,
      "fills_under_threshold": 329,
      "pct_under_threshold": 0.9791666666666666,
      "gate_status": "INSUFFICIENT_DATA",
      "reason": "need_2000_fills_have_336",
      "threshold_bps": 15.0,
      "min_sample_size": 2000
    },
    "NVDA_coinbase": {
      "total_fills": 295,
      "p95_slippage_bps": 9.0834564731861,
      "mean_slippage_bps": 4.11259539972136,
      "median_slippage_bps": 3.714029002645913,
      "p99_slippage_bps": 20.055856412035492,
      "maker_ratio": 0.7,
      "fills_under_threshold": 287,
      "pct_under_threshold": 0.9728813559322034,
      "gate_status": "INSUFFICIENT_DATA",
      "reason": "need_2000_fills_have_295",