{
  "timestamp": "2025-08-16T12:46:25.164625+00:00",
  "window_hours": 48,
  "threshold_bps": 15.0,
  "min_sample_size": 2000,
  "overall_metrics": {
    "total_fills": 2747,
    "p95_slippage_bps": 8.99729427564358,
    "mean_slippage_bps": 4.01532328196958,
    "median_slippage_bps": 3.412296024349779,
    "p99_slippage_bps": 19.00013221278781,
    "maker_ratio": 0.7,
    "fills_under_threshold": 2685,
    "pct_under_threshold": 0.9774299235529669,
    "gate_status": "PASS",
    "reason": "criteria_met",
    "threshold_bps": 15.0,
    "min_sample_size": 2000
  },
  "breakdown_metrics": {
    "asset_NVDA": {
      "total_fills": 916,
      "p95_slippage_bps": 8.943771369816476,
      "mean_slippage_bps": 3.936557005460779,
      "median_slippage_bps": 3.3129725866469077,
      "p99_slippage_bps": 19.407791787549183,
      "maker_ratio": 0.7,
      "fills_under_threshold": 899,
      "pct_under_threshold": 0.9814410480349345,
      "gate_status": "INSUFFICIENT_DATA",
      "reason": "need_2000_fills_have_916",
      "threshold_bps": 15.0,
      "min_sample_size": 2000
    },
    "asset_BTC-USD": {
      "total_fills": 899,
      "p95_slippage_bps": 8.932287959772646,
      "mean_slippage_bps": 4.021108409691012,
      "median_slippage_bps": 3.4283159155070075,
      "p99_slippage_bps": 17.81008050374912,
      "maker_ratio": 0.7,
      "fills_under_threshold": 878,
      "pct_under_threshold": 0.9766407119021134,
      "gate_status": "INSUFFICIENT_DATA",
      "reason": "need_2000_fills_have_899",
      "threshold_bps": 15.0,
      "min_sample_size": 2000
    },
    "asset_ETH-USD": {
      "total_fills": 932,
      "p95_slippage_bps": 9.049275502186015,
      "mean_slippage_bps": 4.087157058214746,
      "median_slippage_bps": 3.5169467024676297,
      "p99_slippage_bps": 19.267961509491556,
      "maker_ratio": 0.7,
      "fills_under_threshold": 908,
      "pct_under_threshold": 0.9742489270386266,
      "gate_status": "INSUFFICIENT_DATA",
      "reason": "need_2000_fills_have_932",
      "threshold_bps": 15.0,
      "min_sample_size": 2000
    },
    "venue_binance": {
      "total_fills": 852,
      "p95_slippage_bps": 9.468174088011901,
      "mean_slippage_bps": 4.031387912066673,
      "median_slippage_bps": 3.335263477420007,
      "p99_slippage_bps": 19.237329618390433,
      "maker_ratio": 0.7,
      "fills_under_threshold": 829,
      "pct_under_threshold": 0.9730046948356808,
      "gate_status": "INSUFFICIENT_DATA",
      "reason": "need_2000_fills_have_852",
      "threshold_bps": 15.0,
      "min_sample_size": 2000
    },
    "venue_coinbase": {
      "total_fills": 955,
      "p95_slippage_bps": 9.385109815893761,
      "mean_slippage_bps": 4.014524559949194,
      "median_slippage_bps": 3.3918270438482194,
      "p99_slippage_bps": 18.433411817821995,
      "maker_ratio": 0.7,
      "fills_under_threshold": 934,
      "pct_under_threshold": 0.9780104712041885,
      "gate_status": "INSUFFICIENT_DATA",
      "reason": "need_2000_fills_have_955",
      "threshold_bps": 15.0,
      "min_sample_size": 2000
    },
    "venue_alpaca": {
      "total_fills": 940,
      "p95_slippage_bps": 8.631750984628601,
      "mean_slippage_bps": 4.001574042274627,
      "median_slippage_bps": 3.4731653799555904,
      "p99_slippage_bps": 18.027663159791544,
      "maker_ratio": 0.7,
      "fills_under_threshold": 922,
      "pct_under_threshold": 0.9808510638297873,
      "gate_status": "INSUFFICIENT_DATA",
      "reason": "need_2000_fills_have_940",
      "threshold_bps": 15.0,
      "min_sample_size": 2000
    },
    "BTC-USD_alpaca": {
      "total_fills": 317,
      "p95_slippage_bps": 8.378310899822235,
      "mean_slippage_bps": 3.9661538832022756,
      "median_slippage_bps": 3.483109700669732,
      "p99_slippage_bps": 16.40976754883501,
      "maker_ratio": 0.7,
      "fills_under_threshold": 313,
      "pct_under_threshold": 0.9873817034700315,
      "gate_status": "INSUFFICIENT_DATA",
      "reason": "need_2000_fills_have_317",
      "threshold_bps": 15.0,
      "min_sample_size": 2000
    },
    "BTC-USD_binance": {
      "total_fills": 281,
      "p95_slippage_bps": 9.217083860164129,
      "mean_slippage_bps": 4.033588922594063,
      "median_slippage_bps": 3.412296024349779,
      "p99_slippage_bps": 17.247128546244483,
      "maker_ratio": 0.7,
      "fills_under_threshold": 273,
      "pct_under_threshold": 0.9715302491103203,
      "gate_status": "INSUFFICIENT_DATA",
      "reason": "need_2000_fills_have_281",
      "threshold_bps": 15.0,
      "min_sample_size": 2000
    },
    "BTC-USD_coinbase": {
      "total_fills": 301,
      "p95_slippage_bps": 9.484460364047997,
      "mean_slippage_bps": 4.067332864080285,
      "median_slippage_bps": 3.320445711290858,
      "p99_slippage_bps": 19.65266502371719,
      "maker_ratio": 0.7,
      "fills_under_threshold": 292,
      "pct_under_threshold": 0.9700996677740864,
      "gate_status": "INSUFFICIENT_DATA",
      "reason": "need_2000_fills_have_301",
      "threshold_bps": 15.0,
      "min_sample_size": 2000
    },
    "ETH-USD_alpaca": {
      "total_fills": 315,
      "p95_slippage_bps": 8.63901427513737,
      "mean_slippage_bps": 4.045674685118303,
      "median_slippage_bps": 3.5434447294505924,
      "p99_slippage_bps": 19.69585116625426,
      "maker_ratio": 0.7,
      "fills_under_threshold": 308,
      "pct_under_threshold": 0.9777777777777777,
      "gate_status": "INSUFFICIENT_DATA",
      "reason": "need_2000_fills_have_315",
      "threshold_bps": 15.0,
      "min_sample_size": 2000
    },
    "ETH-USD_binance": {
      "total_fills": 286,
      "p95_slippage_bps": 9.757252404893755,
      "mean_slippage_bps": 4.110694908584925,
      "median_slippage_bps": 3.3790793317949706,
      "p99_slippage_bps": 17.18532513135419,
      "maker_ratio": 0.7,
      "fills_under_threshold": 277,
      "pct_under_threshold": 0.9685314685314685,
      "gate_status": "INSUFFICIENT_DATA",
      "reason": "need_2000_fills_have_286",
      "threshold_bps": 15.0,
      "min_sample_size": 2000
    },
    "ETH-USD_coinbase": {
      "total_fills": 331,
      "p95_slippage_bps": 9.444008137247245,
      "mean_slippage_bps": 4.106296400569756,
      "median_slippage_bps": 3.461712267692802,
      "p99_slippage_bps": 16.972780808032883,
      "maker_ratio": 0.7,
      "fills_under_threshold": 323,
      "pct_under_threshold": 0.9758308157099698,
      "gate_status": "INSUFFICIENT_DATA",
      "reason": "need_2000_fills_have_331",
      "threshold_bps": 15.0,
      "min_sample_size": 2000
    },
    "NVDA_alpaca": {
      "total_fills": 308,
      "p95_slippage_bps": 8.96418538767261,
      "mean_slippage_bps": 3.9929262758141637,
      "median_slippage_bps": 3.3562673117478132,
      "p99_slippage_bps": 17.72319669856427,
      "maker_ratio": 0.7,
      "fills_under_threshold": 301,
      "pct_under_threshold": 0.9772727272727273,
      "gate_status": "INSUFFICIENT_DATA",
      "reason": "need_2000_fills_have_308",
      "threshold_bps": 15.0,
      "min_sample_size": 2000
    },
    "NVDA_binance": {
      "total_fills": 285,
      "p95_slippage_bps": 8.730427053306588,
      "mean_slippage_bps": 3.9496325262336343,
      "median_slippage_bps": 3.2664038896898457,
      "p99_slippage_bps": 19.715981480993616,
      "maker_ratio": 0.7,
      "fills_under_threshold": 279,
      "pct_under_threshold": 0.9789473684210527,
      "gate_status": "INSUFFICIENT_DATA",
      "reason": "need_2000_fills_have_285",
      "threshold_bps": 15.0,
      "min_sample_size": 2000
    },
    "NVDA_coinbase": {
      "total_fills": 323,
      "p95_slippage_bps": 8.785313248265089,
      "mean_slippage_bps": 3.87126827886912,
      "median_slippage_bps": 3.326519376949563,
      "p99_slippage_bps": 14.966005131665911,
      "maker_ratio": 0.7,
      "fills_under_threshold": 319,
      "pct_under_threshold": 0.9876160990712074,
      "gate_status": "INSUFFICIENT_DATA",
      "reason": "need_2000_fills_have_323",