{
  "timestamp": "2025-08-16T18:44:21.177138+00:00",
  "window_hours": 48,
  "threshold_bps": 15.0,
  "min_sample_size": 2000,
  "overall_metrics": {
    "total_fills": 2761,
    "p95_slippage_bps": 9.244048106385316,
    "mean_slippage_bps": 4.035239415084904,
    "median_slippage_bps": 3.431743672301758,
    "p99_slippage_bps": 18.262062764021493,
    "maker_ratio": 0.7,
    "fills_under_threshold": 2706,
    "pct_under_threshold": 0.9800796812749004,
    "gate_status": "PASS",
    "reason": "criteria_met",
    "threshold_bps": 15.0,
    "min_sample_size": 2000
  },
  "breakdown_metrics": {
    "asset_NVDA": {
      "total_fills": 942,
      "p95_slippage_bps": 9.037877035667751,
      "mean_slippage_bps": 3.9690262429812067,
      "median_slippage_bps": 3.414680823098127,
      "p99_slippage_bps": 17.750496509594733,
      "maker_ratio": 0.7,
      "fills_under_threshold": 926,
      "pct_under_threshold": 0.9830148619957537,
      "gate_status": "INSUFFICIENT_DATA",
      "reason": "need_2000_fills_have_942",
      "threshold_bps": 15.0,
      "min_sample_size": 2000
    },
    "asset_BTC-USD": {
      "total_fills": 905,
      "p95_slippage_bps": 9.36699788611392,
      "mean_slippage_bps": 4.0913822883338264,
      "median_slippage_bps": 3.449992058673271,
      "p99_slippage_bps": 18.320435095314902,
      "maker_ratio": 0.7,
      "fills_under_threshold": 886,
      "pct_under_threshold": 0.9790055248618784,
      "gate_status": "INSUFFICIENT_DATA",
      "reason": "need_2000_fills_have_905",
      "threshold_bps": 15.0,
      "min_sample_size": 2000
    },
    "asset_ETH-USD": {
      "total_fills": 914,
      "p95_slippage_bps": 9.26090923380341,
      "mean_slippage_bps": 4.04789095538185,
      "median_slippage_bps": 3.448241445068671,
      "p99_slippage_bps": 18.282330399535383,
      "maker_ratio": 0.7,
      "fills_under_threshold": 894,
      "pct_under_threshold": 0.9781181619256017,
      "gate_status": "INSUFFICIENT_DATA",
      "reason": "need_2000_fills_have_914",
      "threshold_bps": 15.0,
      "min_sample_size": 2000
    },
    "venue_binance": {
      "total_fills": 910,
      "p95_slippage_bps": 9.275362893922159,
      "mean_slippage_bps": 4.02470582113833,
      "median_slippage_bps": 3.3966095597393053,
      "p99_slippage_bps": 19.74655554219588,
      "maker_ratio": 0.7,
      "fills_under_threshold": 890,
      "pct_under_threshold": 0.978021978021978,
      "gate_status": "INSUFFICIENT_DATA",
      "reason": "need_2000_fills_have_910",
      "threshold_bps": 15.0,
      "min_sample_size": 2000
    },
    "venue_coinbase": {
      "total_fills": 955,
      "p95_slippage_bps": 9.452544979324623,
      "mean_slippage_bps": 4.0538983439114045,
      "median_slippage_bps": 3.3979979841161088,
      "p99_slippage_bps": 17.856773032885727,
      "maker_ratio": 0.7,
      "fills_under_threshold": 932,
      "pct_under_threshold": 0.9759162303664921,
      "gate_status": "INSUFFICIENT_DATA",
      "reason": "need_2000_fills_have_955",
      "threshold_bps": 15.0,
      "min_sample_size": 2000
    },
    "venue_alpaca": {
      "total_fills": 896,
      "p95_slippage_bps": 9.128446678820369,
      "mean_slippage_bps": 4.026050010466684,
      "median_slippage_bps": 3.4937548016584508,
      "p99_slippage_bps": 17.052182268611915,
      "maker_ratio": 0.7,
      "fills_under_threshold": 884,
      "pct_under_threshold": 0.9866071428571429,
      "gate_status": "INSUFFICIENT_DATA",
      "reason": "need_2000_fills_have_896",
      "threshold_bps": 15.0,
      "min_sample_size": 2000
    },
    "BTC-USD_alpaca": {
      "total_fills": 285,
      "p95_slippage_bps": 9.778073144903509,
      "mean_slippage_bps": 4.218713929879998,
      "median_slippage_bps": 3.550193891775275,
      "p99_slippage_bps": 18.172189865864155,
      "maker_ratio": 0.7,
      "fills_under_threshold": 280,
      "pct_under_threshold": 0.9824561403508771,
      "gate_status": "INSUFFICIENT_DATA",
      "reason": "need_2000_fills_have_285",
      "threshold_bps": 15.0,
      "min_sample_size": 2000
    },
    "BTC-USD_binance": {
      "total_fills": 305,
      "p95_slippage_bps": 8.870584364328435,
      "mean_slippage_bps": 4.131094493024426,
      "median_slippage_bps": 3.503274720581971,
      "p99_slippage_bps": 19.594753567260163,
      "maker_ratio": 0.7,
      "fills_under_threshold": 297,
      "pct_under_threshold": 0.9737704918032787,
      "gate_status": "INSUFFICIENT_DATA",
      "reason": "need_2000_fills_have_305",
      "threshold_bps": 15.0,
      "min_sample_size": 2000
    },
    "BTC-USD_coinbase": {
      "total_fills": 315,
      "p95_slippage_bps": 9.139436469243174,
      "mean_slippage_bps": 3.937725970012266,
      "median_slippage_bps": 3.298273988789247,
      "p99_slippage_bps": 17.132173339650326,
      "maker_ratio": 0.7,
      "fills_under_threshold": 309,
      "pct_under_threshold": 0.9809523809523809,
      "gate_status": "INSUFFICIENT_DATA",
      "reason": "need_2000_fills_have_315",
      "threshold_bps": 15.0,
      "min_sample_size": 2000
    },
    "ETH-USD_alpaca": {
      "total_fills": 317,
      "p95_slippage_bps": 8.868826827809007,
      "mean_slippage_bps": 3.948723113579551,
      "median_slippage_bps": 3.447558838935134,
      "p99_slippage_bps": 16.283641280243486,
      "maker_ratio": 0.7,
      "fills_under_threshold": 313,
      "pct_under_threshold": 0.9873817034700315,
      "gate_status": "INSUFFICIENT_DATA",
      "reason": "need_2000_fills_have_317",
      "threshold_bps": 15.0,
      "min_sample_size": 2000
    },
    "ETH-USD_binance": {
      "total_fills": 296,
      "p95_slippage_bps": 9.342180833543312,
      "mean_slippage_bps": 3.9955361861276644,
      "median_slippage_bps": 3.341533056853124,
      "p99_slippage_bps": 21.623326417953745,
      "maker_ratio": 0.7,
      "fills_under_threshold": 290,
      "pct_under_threshold": 0.9797297297297297,
      "gate_status": "INSUFFICIENT_DATA",
      "reason": "need_2000_fills_have_296",
      "threshold_bps": 15.0,
      "min_sample_size": 2000
    },
    "ETH-USD_coinbase": {
      "total_fills": 301,
      "p95_slippage_bps": 9.755075788011718,
      "mean_slippage_bps": 4.203815266181078,
      "median_slippage_bps": 3.519025232642953,
      "p99_slippage_bps": 18.136887259926503,
      "maker_ratio": 0.7,
      "fills_under_threshold": 291,
      "pct_under_threshold": 0.9667774086378738,
      "gate_status": "INSUFFICIENT_DATA",
      "reason": "need_2000_fills_have_301",
      "threshold_bps": 15.0,
      "min_sample_size": 2000
    },
    "NVDA_alpaca": {
      "total_fills": 294,
      "p95_slippage_bps": 8.19793137389379,
      "mean_slippage_bps": 3.9226602461143956,
      "median_slippage_bps": 3.504663579096775,
      "p99_slippage_bps": 12.997045559026498,
      "maker_ratio": 0.7,
      "fills_under_threshold": 291,
      "pct_under_threshold": 0.9897959183673469,
      "gate_status": "INSUFFICIENT_DATA",
      "reason": "need_2000_fills_have_294",
      "threshold_bps": 15.0,
      "min_sample_size": 2000
    },
    "NVDA_binance": {
      "total_fills": 309,
      "p95_slippage_bps": 9.613451320595944,
      "mean_slippage_bps": 3.947636782426024,
      "median_slippage_bps": 3.3439539030765566,
      "p99_slippage_bps": 17.760191063155418,
      "maker_ratio": 0.7,
      "fills_under_threshold": 303,
      "pct_under_threshold": 0.9805825242718447,
      "gate_status": "INSUFFICIENT_DATA",
      "reason": "need_2000_fills_have_309",
      "threshold_bps": 15.0,
      "min_sample_size": 2000
    },
    "NVDA_coinbase": {
      "total_fills": 339,
      "p95_slippage_bps": 9.255266335712868,
      "mean_slippage_bps": 4.028734049442545,
      "median_slippage_bps": 3.3303714558587156,
      "p99_slippage_bps": 17.725719469575733,
      "maker_ratio": 0.7,
      "fills_under_threshold": 332,
      "pct_under_threshold": 0.9793510324483776,
      "gate_status": "INSUFFICIENT_DATA",
      "reason": "need_2000_fills_have_339",