{
  "timestamp": "2025-08-16T20:02:09.358185+00:00",
  "window_hours": 48,
  "threshold_bps": 15.0,
  "min_sample_size": 2000,
  "overall_metrics": {
    "total_fills": 2764,
    "p95_slippage_bps": 8.833334141818879,
    "mean_slippage_bps": 3.969718273871046,
    "median_slippage_bps": 3.431795481795983,
    "p99_slippage_bps": 18.956425503072627,
    "maker_ratio": 0.7,
    "fills_under_threshold": 2704,
    "pct_under_threshold": 0.9782923299565847,
    "gate_status": "PASS",
    "reason": "criteria_met",
    "threshold_bps": 15.0,
    "min_sample_size": 2000
  },
  "breakdown_metrics": {
    "asset_ETH-USD": {
      "total_fills": 917,
      "p95_slippage_bps": 9.289528081389763,
      "mean_slippage_bps": 4.054474485769061,
      "median_slippage_bps": 3.4602953243899526,
      "p99_slippage_bps": 18.95011926733227,
      "maker_ratio": 0.7,
      "fills_under_threshold": 892,
      "pct_under_threshold": 0.9727371864776445,
      "gate_status": "INSUFFICIENT_DATA",
      "reason": "need_2000_fills_have_917",
      "threshold_bps": 15.0,
      "min_sample_size": 2000
    },
    "asset_BTC-USD": {
      "total_fills": 928,
      "p95_slippage_bps": 8.516496271503419,
      "mean_slippage_bps": 3.8615409937356575,
      "median_slippage_bps": 3.3802766567173697,
      "p99_slippage_bps": 16.965566125353728,
      "maker_ratio": 0.7,
      "fills_under_threshold": 915,
      "pct_under_threshold": 0.9859913793103449,
      "gate_status": "INSUFFICIENT_DATA",
      "reason": "need_2000_fills_have_928",
      "threshold_bps": 15.0,
      "min_sample_size": 2000
    },
    "asset_NVDA": {
      "total_fills": 919,
      "p95_slippage_bps": 8.533634774123767,
      "mean_slippage_bps": 3.99438320276676,
      "median_slippage_bps": 3.44863001611641,
      "p99_slippage_bps": 19.245312444815998,
      "maker_ratio": 0.7,
      "fills_under_threshold": 897,
      "pct_under_threshold": 0.9760609357997824,
      "gate_status": "INSUFFICIENT_DATA",
      "reason": "need_2000_fills_have_919",
      "threshold_bps": 15.0,
      "min_sample_size": 2000
    },
    "venue_coinbase": {
      "total_fills": 940,
      "p95_slippage_bps": 8.872728924970422,
      "mean_slippage_bps": 3.902962837000003,
      "median_slippage_bps": 3.346828681094695,
      "p99_slippage_bps": 19.119024758348516,
      "maker_ratio": 0.7,
      "fills_under_threshold": 918,
      "pct_under_threshold": 0.9765957446808511,
      "gate_status": "INSUFFICIENT_DATA",
      "reason": "need_2000_fills_have_940",
      "threshold_bps": 15.0,
      "min_sample_size": 2000
    },
    "venue_binance": {
      "total_fills": 879,
      "p95_slippage_bps": 9.394319012762537,
      "mean_slippage_bps": 4.105468717241333,
      "median_slippage_bps": 3.440052215200152,
      "p99_slippage_bps": 20.495071175292782,
      "maker_ratio": 0.7,
      "fills_under_threshold": 855,
      "pct_under_threshold": 0.9726962457337884,
      "gate_status": "INSUFFICIENT_DATA",
      "reason": "need_2000_fills_have_879",
      "threshold_bps": 15.0,
      "min_sample_size": 2000
    },
    "venue_alpaca": {
      "total_fills": 945,
      "p95_slippage_bps": 8.276853834736936,
      "mean_slippage_bps": 3.909851047348611,
      "median_slippage_bps": 3.494282780774782,
      "p99_slippage_bps": 17.32397726440377,
      "maker_ratio": 0.7,
      "fills_under_threshold": 931,
      "pct_under_threshold": 0.9851851851851852,
      "gate_status": "INSUFFICIENT_DATA",
      "reason": "need_2000_fills_have_945",
      "threshold_bps": 15.0,
      "min_sample_size": 2000
    },
    "BTC-USD_alpaca": {
      "total_fills": 329,
      "p95_slippage_bps": 8.178059131121781,
      "mean_slippage_bps": 3.8743448446560644,
      "median_slippage_bps": 3.4634446724463857,
      "p99_slippage_bps": 15.394743057349025,
      "maker_ratio": 0.7,
      "fills_under_threshold": 325,
      "pct_under_threshold": 0.9878419452887538,
      "gate_status": "INSUFFICIENT_DATA",
      "reason": "need_2000_fills_have_329",
      "threshold_bps": 15.0,
      "min_sample_size": 2000
    },
    "BTC-USD_binance": {
      "total_fills": 291,
      "p95_slippage_bps": 7.828586429957538,
      "mean_slippage_bps": 3.752796727825524,
      "median_slippage_bps": 3.3224915630906597,
      "p99_slippage_bps": 14.347447604180674,
      "maker_ratio": 0.7,
      "fills_under_threshold": 288,
      "pct_under_threshold": 0.9896907216494846,
      "gate_status": "INSUFFICIENT_DATA",
      "reason": "need_2000_fills_have_291",
      "threshold_bps": 15.0,
      "min_sample_size": 2000
    },
    "BTC-USD_coinbase": {
      "total_fills": 308,
      "p95_slippage_bps": 9.08729991864798,
      "mean_slippage_bps": 3.9506063003169394,
      "median_slippage_bps": 3.363638400343679,
      "p99_slippage_bps": 18.47898221147878,
      "maker_ratio": 0.7,
      "fills_under_threshold": 302,
      "pct_under_threshold": 0.9805194805194806,
      "gate_status": "INSUFFICIENT_DATA",
      "reason": "need_2000_fills_have_308",
      "threshold_bps": 15.0,
      "min_sample_size": 2000
    },
    "ETH-USD_alpaca": {
      "total_fills": 319,
      "p95_slippage_bps": 8.339260120769643,
      "mean_slippage_bps": 3.9196802169886027,
      "median_slippage_bps": 3.4602953243899526,
      "p99_slippage_bps": 17.842368121570658,
      "maker_ratio": 0.7,
      "fills_under_threshold": 313,
      "pct_under_threshold": 0.9811912225705329,
      "gate_status": "INSUFFICIENT_DATA",
      "reason": "need_2000_fills_have_319",
      "threshold_bps": 15.0,
      "min_sample_size": 2000
    },
    "ETH-USD_binance": {
      "total_fills": 288,
      "p95_slippage_bps": 13.648949760961123,
      "mean_slippage_bps": 4.403629473348597,
      "median_slippage_bps": 3.560569731096569,
      "p99_slippage_bps": 19.88063176267647,
      "maker_ratio": 0.7,
      "fills_under_threshold": 276,
      "pct_under_threshold": 0.9583333333333334,
      "gate_status": "INSUFFICIENT_DATA",
      "reason": "need_2000_fills_have_288",
      "threshold_bps": 15.0,
      "min_sample_size": 2000
    },
    "ETH-USD_coinbase": {
      "total_fills": 310,
      "p95_slippage_bps": 8.513812657999877,
      "mean_slippage_bps": 3.8688058900208695,
      "median_slippage_bps": 3.318573762257919,
      "p99_slippage_bps": 19.065061030886202,
      "maker_ratio": 0.7,
      "fills_under_threshold": 303,
      "pct_under_threshold": 0.9774193548387097,
      "gate_status": "INSUFFICIENT_DATA",
      "reason": "need_2000_fills_have_310",
      "threshold_bps": 15.0,
      "min_sample_size": 2000
    },
    "NVDA_alpaca": {
      "total_fills": 297,
      "p95_slippage_bps": 8.151481740542032,
      "mean_slippage_bps": 3.938625577889657,
      "median_slippage_bps": 3.6385810229349618,
      "p99_slippage_bps": 15.950469525528407,
      "maker_ratio": 0.7,
      "fills_under_threshold": 293,
      "pct_under_threshold": 0.9865319865319865,
      "gate_status": "INSUFFICIENT_DATA",
      "reason": "need_2000_fills_have_297",
      "threshold_bps": 15.0,
      "min_sample_size": 2000
    },
    "NVDA_binance": {
      "total_fills": 300,
      "p95_slippage_bps": 9.65152086521995,
      "mean_slippage_bps": 4.161326221111694,
      "median_slippage_bps": 3.3222270608000373,
      "p99_slippage_bps": 21.95311779788414,
      "maker_ratio": 0.7,
      "fills_under_threshold": 291,
      "pct_under_threshold": 0.97,
      "gate_status": "INSUFFICIENT_DATA",
      "reason": "need_2000_fills_have_300",
      "threshold_bps": 15.0,
      "min_sample_size": 2000
    },
    "NVDA_coinbase": {
      "total_fills": 322,
      "p95_slippage_bps": 8.24421625687649,
      "mean_slippage_bps": 3.8902748458879386,
      "median_slippage_bps": 3.3457260048909725,
      "p99_slippage_bps": 18.96815197844818,
      "maker_ratio": 0.7,
      "fills_under_threshold": 313,
      "pct_under_threshold": 0.9720496894409938,
      "gate_status": "INSUFFICIENT_DATA",
      "reason": "need_2000_fills_have_322",