{
  "timestamp": "2025-08-16T08:37:23.197124+00:00",
  "window_hours": 48,
  "threshold_bps": 15.0,
  "min_sample_size": 2000,
  "overall_metrics": {
    "total_fills": 2773,
    "p95_slippage_bps": 9.64883007821774,
    "mean_slippage_bps": 4.062809560362111,
    "median_slippage_bps": 3.4006246370458233,
    "p99_slippage_bps": 18.9539294723408,
    "maker_ratio": 0.7,
    "fills_under_threshold": 2702,
    "pct_under_threshold": 0.9743959610530112,
    "gate_status": "PASS",
    "reason": "criteria_met",
    "threshold_bps": 15.0,
    "min_sample_size": 2000
  },
  "breakdown_metrics": {
    "asset_BTC-USD": {
      "total_fills": 932,
      "p95_slippage_bps": 10.013946597013199,
      "mean_slippage_bps": 4.1423995968727265,
      "median_slippage_bps": 3.4118608317417634,
      "p99_slippage_bps": 19.013563080072597,
      "maker_ratio": 0.7,
      "fills_under_threshold": 903,
      "pct_under_threshold": 0.9688841201716738,
      "gate_status": "INSUFFICIENT_DATA",
      "reason": "need_2000_fills_have_932",
      "threshold_bps": 15.0,
      "min_sample_size": 2000
    },
    "asset_ETH-USD": {
      "total_fills": 935,
      "p95_slippage_bps": 8.988503854671675,
      "mean_slippage_bps": 3.930846096977385,
      "median_slippage_bps": 3.385202336454915,
      "p99_slippage_bps": 18.14326816489524,
      "maker_ratio": 0.7,
      "fills_under_threshold": 917,
      "pct_under_threshold": 0.9807486631016042,
      "gate_status": "INSUFFICIENT_DATA",
      "reason": "need_2000_fills_have_935",
      "threshold_bps": 15.0,
      "min_sample_size": 2000
    },
    "asset_NVDA": {
      "total_fills": 906,
      "p95_slippage_bps": 9.9165754581866,
      "mean_slippage_bps": 4.117122942521965,
      "median_slippage_bps": 3.4378650973832734,
      "p99_slippage_bps": 19.871114554527285,
      "maker_ratio": 0.7,
      "fills_under_threshold": 882,
      "pct_under_threshold": 0.9735099337748344,
      "gate_status": "INSUFFICIENT_DATA",
      "reason": "need_2000_fills_have_906",
      "threshold_bps": 15.0,
      "min_sample_size": 2000
    },
    "venue_binance": {
      "total_fills": 938,
      "p95_slippage_bps": 9.421658701258961,
      "mean_slippage_bps": 4.056497323557799,
      "median_slippage_bps": 3.355561826870444,
      "p99_slippage_bps": 18.630861133397023,
      "maker_ratio": 0.7,
      "fills_under_threshold": 912,
      "pct_under_threshold": 0.9722814498933902,
      "gate_status": "INSUFFICIENT_DATA",
      "reason": "need_2000_fills_have_938",
      "threshold_bps": 15.0,
      "min_sample_size": 2000
    },
    "venue_alpaca": {
      "total_fills": 922,
      "p95_slippage_bps": 9.239341055846289,
      "mean_slippage_bps": 4.021122555903908,
      "median_slippage_bps": 3.387970579237487,
      "p99_slippage_bps": 19.68994980206689,
      "maker_ratio": 0.7,
      "fills_under_threshold": 900,
      "pct_under_threshold": 0.9761388286334056,
      "gate_status": "INSUFFICIENT_DATA",
      "reason": "need_2000_fills_have_922",
      "threshold_bps": 15.0,
      "min_sample_size": 2000
    },
    "venue_coinbase": {
      "total_fills": 913,
      "p95_slippage_bps": 9.783301994845903,
      "mean_slippage_bps": 4.111392579237149,
      "median_slippage_bps": 3.4915306080396356,
      "p99_slippage_bps": 18.355658644822267,
      "maker_ratio": 0.7,
      "fills_under_threshold": 890,
      "pct_under_threshold": 0.9748083242059146,
      "gate_status": "INSUFFICIENT_DATA",
      "reason": "need_2000_fills_have_913",
      "threshold_bps": 15.0,
      "min_sample_size": 2000
    },
    "BTC-USD_alpaca": {
      "total_fills": 309,
      "p95_slippage_bps": 10.181985374499707,
      "mean_slippage_bps": 4.198114630596924,
      "median_slippage_bps": 3.467150353596073,
      "p99_slippage_bps": 18.679200921545362,
      "maker_ratio": 0.7,
      "fills_under_threshold": 300,
      "pct_under_threshold": 0.970873786407767,
      "gate_status": "INSUFFICIENT_DATA",
      "reason": "need_2000_fills_have_309",
      "threshold_bps": 15.0,
      "min_sample_size": 2000
    },
    "BTC-USD_binance": {
      "total_fills": 318,
      "p95_slippage_bps": 9.82906779491293,
      "mean_slippage_bps": 4.103291841537188,
      "median_slippage_bps": 3.341861299513413,
      "p99_slippage_bps": 19.061637821267677,
      "maker_ratio": 0.7,
      "fills_under_threshold": 307,
      "pct_under_threshold": 0.9654088050314465,
      "gate_status": "INSUFFICIENT_DATA",
      "reason": "need_2000_fills_have_318",
      "threshold_bps": 15.0,
      "min_sample_size": 2000
    },
    "BTC-USD_coinbase": {
      "total_fills": 305,
      "p95_slippage_bps": 9.683163849465682,
      "mean_slippage_bps": 4.126728517449529,
      "median_slippage_bps": 3.4288414474894306,
      "p99_slippage_bps": 18.297819636765816,
      "maker_ratio": 0.7,
      "fills_under_threshold": 296,
      "pct_under_threshold": 0.9704918032786886,
      "gate_status": "INSUFFICIENT_DATA",
      "reason": "need_2000_fills_have_305",
      "threshold_bps": 15.0,
      "min_sample_size": 2000
    },
    "ETH-USD_alpaca": {
      "total_fills": 300,
      "p95_slippage_bps": 9.020283518392851,
      "mean_slippage_bps": 3.990810719882059,
      "median_slippage_bps": 3.377763274932244,
      "p99_slippage_bps": 19.739391364946567,
      "maker_ratio": 0.7,
      "fills_under_threshold": 293,
      "pct_under_threshold": 0.9766666666666667,
      "gate_status": "INSUFFICIENT_DATA",
      "reason": "need_2000_fills_have_300",
      "threshold_bps": 15.0,
      "min_sample_size": 2000
    },
    "ETH-USD_binance": {
      "total_fills": 320,
      "p95_slippage_bps": 8.989635783348504,
      "mean_slippage_bps": 3.887082625110459,
      "median_slippage_bps": 3.285851914615198,
      "p99_slippage_bps": 17.207729021631707,
      "maker_ratio": 0.7,
      "fills_under_threshold": 316,
      "pct_under_threshold": 0.9875,
      "gate_status": "INSUFFICIENT_DATA",
      "reason": "need_2000_fills_have_320",
      "threshold_bps": 15.0,
      "min_sample_size": 2000
    },
    "ETH-USD_coinbase": {
      "total_fills": 315,
      "p95_slippage_bps": 8.79756430087762,
      "mean_slippage_bps": 3.9181950624567956,
      "median_slippage_bps": 3.501652419528915,
      "p99_slippage_bps": 17.437534889072396,
      "maker_ratio": 0.7,
      "fills_under_threshold": 308,
      "pct_under_threshold": 0.9777777777777777,
      "gate_status": "INSUFFICIENT_DATA",
      "reason": "need_2000_fills_have_315",
      "threshold_bps": 15.0,
      "min_sample_size": 2000
    },
    "NVDA_alpaca": {
      "total_fills": 313,
      "p95_slippage_bps": 8.546670465806804,
      "mean_slippage_bps": 3.875445238735899,
      "median_slippage_bps": 3.3345156500762063,
      "p99_slippage_bps": 19.548705233665466,
      "maker_ratio": 0.7,
      "fills_under_threshold": 307,
      "pct_under_threshold": 0.9808306709265175,
      "gate_status": "INSUFFICIENT_DATA",
      "reason": "need_2000_fills_have_313",
      "threshold_bps": 15.0,
      "min_sample_size": 2000
    },
    "NVDA_binance": {
      "total_fills": 300,
      "p95_slippage_bps": 10.813754274406014,
      "mean_slippage_bps": 4.187604146176809,
      "median_slippage_bps": 3.4270755933616917,
      "p99_slippage_bps": 18.14635404311343,
      "maker_ratio": 0.7,
      "fills_under_threshold": 289,
      "pct_under_threshold": 0.9633333333333334,
      "gate_status": "INSUFFICIENT_DATA",
      "reason": "need_2000_fills_have_300",
      "threshold_bps": 15.0,
      "min_sample_size": 2000
    },
    "NVDA_coinbase": {
      "total_fills": 293,
      "p95_slippage_bps": 10.585298152863022,
      "mean_slippage_bps": 4.30313236296082,
      "median_slippage_bps": 3.5557309108789545,
      "p99_slippage_bps": 20.47970843980647,
      "maker_ratio": 0.7,
      "fills_under_threshold": 286,
      "pct_under_threshold": 0.9761092150170648,
      "gate_status": "INSUFFICIENT_DATA",
      "reason": "need_2000_fills_have_293",