{
  "timestamp": "2025-08-15T22:19:27.621456+00:00",
  "window_hours": 48,
  "threshold_bps": 15.0,
  "min_sample_size": 2000,
  "overall_metrics": {
    "total_fills": 3000,
    "p95_slippage_bps": 39.73584896024494,
    "mean_slippage_bps": 16.707892123527397,
    "median_slippage_bps": 13.553629727776599,
    "p99_slippage_bps": 66.90604282034506,
    "maker_ratio": 0.691,
    "fills_under_threshold": 1659,
    "pct_under_threshold": 0.553,
    "gate_status": "FAIL",
    "reason": "p95_39.7bp_exceeds_15.0bp",
    "threshold_bps": 15.0,
    "min_sample_size": 2000
  },
  "breakdown_metrics": {
    "asset_BTC-USD": {
      "total_fills": 794,
      "p95_slippage_bps": 38.25777808905272,
      "mean_slippage_bps": 16.955854999099532,
      "median_slippage_bps": 14.004935054177366,
      "p99_slippage_bps": 69.82895921825983,
      "maker_ratio": 0.6649874055415617,
      "fills_under_threshold": 421,
      "pct_under_threshold": 0.5302267002518891,
      "gate_status": "INSUFFICIENT_DATA",
      "reason": "need_2000_fills_have_794",
      "threshold_bps": 15.0,
      "min_sample_size": 2000
    },
    "asset_SOL-USD": {
      "total_fills": 705,
      "p95_slippage_bps": 38.60838863423674,
      "mean_slippage_bps": 16.142543308858542,
      "median_slippage_bps": 12.566544694542387,
      "p99_slippage_bps": 64.84558440131791,
      "maker_ratio": 0.723404255319149,
      "fills_under_threshold": 404,
      "pct_under_threshold": 0.573049645390071,
      "gate_status": "INSUFFICIENT_DATA",
      "reason": "need_2000_fills_have_705",
      "threshold_bps": 15.0,
      "min_sample_size": 2000
    },
    "asset_ETH-USD": {
      "total_fills": 723,
      "p95_slippage_bps": 39.70309414553969,
      "mean_slippage_bps": 16.2726772226078,
      "median_slippage_bps": 13.071664204206458,
      "p99_slippage_bps": 63.63111091752884,
      "maker_ratio": 0.7136929460580913,
      "fills_under_threshold": 423,
      "pct_under_threshold": 0.5850622406639004,
      "gate_status": "INSUFFICIENT_DATA",
      "reason": "need_2000_fills_have_723",
      "threshold_bps": 15.0,
      "min_sample_size": 2000
    },
    "asset_NVDA": {
      "total_fills": 778,
      "p95_slippage_bps": 41.068526029989634,
      "mean_slippage_bps": 17.37157948149929,
      "median_slippage_bps": 14.21363141344682,
      "p99_slippage_bps": 72.2601632723592,
      "maker_ratio": 0.6670951156812339,
      "fills_under_threshold": 411,
      "pct_under_threshold": 0.5282776349614395,
      "gate_status": "INSUFFICIENT_DATA",
      "reason": "need_2000_fills_have_778",
      "threshold_bps": 15.0,
      "min_sample_size": 2000
    },
    "venue_coinbase": {
      "total_fills": 1142,
      "p95_slippage_bps": 41.37980654919294,
      "mean_slippage_bps": 16.611533158937956,
      "median_slippage_bps": 13.365954767099284,
      "p99_slippage_bps": 70.5751257082423,
      "maker_ratio": 0.6768826619964974,
      "fills_under_threshold": 639,
      "pct_under_threshold": 0.5595446584938704,
      "gate_status": "INSUFFICIENT_DATA",
      "reason": "need_2000_fills_have_1142",
      "threshold_bps": 15.0,
      "min_sample_size": 2000
    },
    "venue_alpaca": {
      "total_fills": 1103,
      "p95_slippage_bps": 39.586812310390755,
      "mean_slippage_bps": 16.859845777712348,
      "median_slippage_bps": 13.8853913786661,
      "p99_slippage_bps": 66.43248222756604,
      "maker_ratio": 0.6863100634632819,
      "fills_under_threshold": 603,
      "pct_under_threshold": 0.5466908431550317,
      "gate_status": "INSUFFICIENT_DATA",
      "reason": "need_2000_fills_have_1103",
      "threshold_bps": 15.0,
      "min_sample_size": 2000
    },
    "venue_binance": {
      "total_fills": 755,
      "p95_slippage_bps": 39.262718806130565,
      "mean_slippage_bps": 16.63164981491169,
      "median_slippage_bps": 13.541502631911492,
      "p99_slippage_bps": 64.00237221400064,
      "maker_ratio": 0.7192052980132451,
      "fills_under_threshold": 417,
      "pct_under_threshold": 0.552317880794702,
      "gate_status": "INSUFFICIENT_DATA",
      "reason": "need_2000_fills_have_755",
      "threshold_bps": 15.0,
      "min_sample_size": 2000
    },
    "BTC-USD_alpaca": {
      "total_fills": 257,
      "p95_slippage_bps": 38.461247735033595,
      "mean_slippage_bps": 17.384692898954103,
      "median_slippage_bps": 13.989004336700836,
      "p99_slippage_bps": 81.86492463617346,
      "maker_ratio": 0.6381322957198443,
      "fills_under_threshold": 136,
      "pct_under_threshold": 0.5291828793774319,
      "gate_status": "INSUFFICIENT_DATA",
      "reason": "need_2000_fills_have_257",
      "threshold_bps": 15.0,
      "min_sample_size": 2000
    },
    "BTC-USD_binance": {
      "total_fills": 290,
      "p95_slippage_bps": 40.94558813717449,
      "mean_slippage_bps": 17.059035335799244,
      "median_slippage_bps": 14.709615005654813,
      "p99_slippage_bps": 61.362632209043355,
      "maker_ratio": 0.6931034482758621,
      "fills_under_threshold": 149,
      "pct_under_threshold": 0.5137931034482759,
      "gate_status": "INSUFFICIENT_DATA",
      "reason": "need_2000_fills_have_290",
      "threshold_bps": 15.0,
      "min_sample_size": 2000
    },
    "BTC-USD_coinbase": {
      "total_fills": 247,
      "p95_slippage_bps": 36.045659443229425,
      "mean_slippage_bps": 16.388512335514353,
      "median_slippage_bps": 13.553440373691913,
      "p99_slippage_bps": 59.05020369572348,
      "maker_ratio": 0.659919028340081,
      "fills_under_threshold": 136,
      "pct_under_threshold": 0.5506072874493927,
      "gate_status": "INSUFFICIENT_DATA",
      "reason": "need_2000_fills_have_247",
      "threshold_bps": 15.0,
      "min_sample_size": 2000
    },
    "ETH-USD_alpaca": {
      "total_fills": 238,
      "p95_slippage_bps": 40.09760724087385,
      "mean_slippage_bps": 16.08906298079474,
      "median_slippage_bps": 12.675127929461727,
      "p99_slippage_bps": 52.56446822166314,
      "maker_ratio": 0.7142857142857143,
      "fills_under_threshold": 142,
      "pct_under_threshold": 0.5966386554621849,
      "gate_status": "INSUFFICIENT_DATA",
      "reason": "need_2000_fills_have_238",
      "threshold_bps": 15.0,
      "min_sample_size": 2000
    },
    "ETH-USD_binance": {
      "total_fills": 231,
      "p95_slippage_bps": 37.39640818912784,
      "mean_slippage_bps": 16.150972804208564,
      "median_slippage_bps": 13.541502631911492,
      "p99_slippage_bps": 64.70021084663489,
      "maker_ratio": 0.7402597402597403,
      "fills_under_threshold": 133,
      "pct_under_threshold": 0.5757575757575758,
      "gate_status": "INSUFFICIENT_DATA",
      "reason": "need_2000_fills_have_231",
      "threshold_bps": 15.0,
      "min_sample_size": 2000
    },
    "ETH-USD_coinbase": {
      "total_fills": 254,
      "p95_slippage_bps": 42.0382384831463,
      "mean_slippage_bps": 16.555409152535884,
      "median_slippage_bps": 13.128526940868817,
      "p99_slippage_bps": 65.31212249843882,
      "maker_ratio": 0.6889763779527559,
      "fills_under_threshold": 148,
      "pct_under_threshold": 0.5826771653543307,
      "gate_status": "INSUFFICIENT_DATA",
      "reason": "need_2000_fills_have_254",
      "threshold_bps": 15.0,
      "min_sample_size": 2000
    },
    "NVDA_alpaca": {
      "total_fills": 388,
      "p95_slippage_bps": 40.29547121505832,
      "mean_slippage_bps": 17.60659102434854,
      "median_slippage_bps": 14.714406608725863,
      "p99_slippage_bps": 65.22150556339628,
      "maker_ratio": 0.6804123711340206,
      "fills_under_threshold": 197,
      "pct_under_threshold": 0.5077319587628866,
      "gate_status": "INSUFFICIENT_DATA",
      "reason": "need_2000_fills_have_388",
      "threshold_bps": 15.0,
      "min_sample_size": 2000
    },
    "NVDA_coinbase": {
      "total_fills": 390,
      "p95_slippage_bps": 41.83842495418968,
      "mean_slippage_bps": 17.13777312604926,
      "median_slippage_bps": 13.946554436715125,