{
  "timestamp": "2025-08-16T19:31:02.387953+00:00",
  "window_hours": 48,
  "threshold_bps": 15.0,
  "min_sample_size": 2000,
  "overall_metrics": {
    "total_fills": 2724,
    "p95_slippage_bps": 8.96820731354184,
    "mean_slippage_bps": 3.997066335649191,
    "median_slippage_bps": 3.387891628578025,
    "p99_slippage_bps": 18.41857359826002,
    "maker_ratio": 0.7,
    "fills_under_threshold": 2669,
    "pct_under_threshold": 0.9798091042584435,
    "gate_status": "PASS",
    "reason": "criteria_met",
    "threshold_bps": 15.0,
    "min_sample_size": 2000
  },
  "breakdown_metrics": {
    "asset_ETH-USD": {
      "total_fills": 917,
      "p95_slippage_bps": 8.999409355872658,
      "mean_slippage_bps": 3.942307235929604,
      "median_slippage_bps": 3.2637426560026745,
      "p99_slippage_bps": 18.36620545056711,
      "maker_ratio": 0.7,
      "fills_under_threshold": 897,
      "pct_under_threshold": 0.9781897491821155,
      "gate_status": "INSUFFICIENT_DATA",
      "reason": "need_2000_fills_have_917",
      "threshold_bps": 15.0,
      "min_sample_size": 2000
    },
    "asset_BTC-USD": {
      "total_fills": 893,
      "p95_slippage_bps": 8.946637661176387,
      "mean_slippage_bps": 4.014148141560879,
      "median_slippage_bps": 3.4467846417709547,
      "p99_slippage_bps": 18.4388267420586,
      "maker_ratio": 0.7,
      "fills_under_threshold": 878,
      "pct_under_threshold": 0.9832026875699889,
      "gate_status": "INSUFFICIENT_DATA",
      "reason": "need_2000_fills_have_893",
      "threshold_bps": 15.0,
      "min_sample_size": 2000
    },
    "asset_NVDA": {
      "total_fills": 914,
      "p95_slippage_bps": 8.862351216809964,
      "mean_slippage_bps": 4.0353158342965925,
      "median_slippage_bps": 3.456239164758977,
      "p99_slippage_bps": 18.303935095219988,
      "maker_ratio": 0.7,
      "fills_under_threshold": 894,
      "pct_under_threshold": 0.9781181619256017,
      "gate_status": "INSUFFICIENT_DATA",
      "reason": "need_2000_fills_have_914",
      "threshold_bps": 15.0,
      "min_sample_size": 2000
    },
    "venue_alpaca": {
      "total_fills": 902,
      "p95_slippage_bps": 9.509113029561624,
      "mean_slippage_bps": 4.1201213250774495,
      "median_slippage_bps": 3.421562948055859,
      "p99_slippage_bps": 18.460713218482084,
      "maker_ratio": 0.7,
      "fills_under_threshold": 880,
      "pct_under_threshold": 0.975609756097561,
      "gate_status": "INSUFFICIENT_DATA",
      "reason": "need_2000_fills_have_902",
      "threshold_bps": 15.0,
      "min_sample_size": 2000
    },
    "venue_coinbase": {
      "total_fills": 921,
      "p95_slippage_bps": 7.949325227605097,
      "mean_slippage_bps": 3.904886076531914,
      "median_slippage_bps": 3.4623907442030912,
      "p99_slippage_bps": 18.09842945665951,
      "maker_ratio": 0.7,
      "fills_under_threshold": 906,
      "pct_under_threshold": 0.9837133550488599,
      "gate_status": "INSUFFICIENT_DATA",
      "reason": "need_2000_fills_have_921",
      "threshold_bps": 15.0,
      "min_sample_size": 2000
    },
    "venue_binance": {
      "total_fills": 901,
      "p95_slippage_bps": 9.156276010720543,
      "mean_slippage_bps": 3.9681012059962746,
      "median_slippage_bps": 3.3123852805659375,
      "p99_slippage_bps": 17.698714461622956,
      "maker_ratio": 0.7,
      "fills_under_threshold": 883,
      "pct_under_threshold": 0.9800221975582686,
      "gate_status": "INSUFFICIENT_DATA",
      "reason": "need_2000_fills_have_901",
      "threshold_bps": 15.0,
      "min_sample_size": 2000
    },
    "BTC-USD_alpaca": {
      "total_fills": 299,
      "p95_slippage_bps": 9.801799559382392,
      "mean_slippage_bps": 4.131417748829095,
      "median_slippage_bps": 3.398298251117156,
      "p99_slippage_bps": 18.50551639627038,
      "maker_ratio": 0.7,
      "fills_under_threshold": 292,
      "pct_under_threshold": 0.9765886287625418,
      "gate_status": "INSUFFICIENT_DATA",
      "reason": "need_2000_fills_have_299",
      "threshold_bps": 15.0,
      "min_sample_size": 2000
    },
    "BTC-USD_binance": {
      "total_fills": 296,
      "p95_slippage_bps": 9.105439097436658,
      "mean_slippage_bps": 4.166391725634597,
      "median_slippage_bps": 3.4908855471828772,
      "p99_slippage_bps": 17.630151735170596,
      "maker_ratio": 0.7,
      "fills_under_threshold": 290,
      "pct_under_threshold": 0.9797297297297297,
      "gate_status": "INSUFFICIENT_DATA",
      "reason": "need_2000_fills_have_296",
      "threshold_bps": 15.0,
      "min_sample_size": 2000
    },
    "BTC-USD_coinbase": {
      "total_fills": 298,
      "p95_slippage_bps": 7.666164839921212,
      "mean_slippage_bps": 3.7452631970675316,
      "median_slippage_bps": 3.401088754004406,
      "p99_slippage_bps": 11.680276726830984,
      "maker_ratio": 0.7,
      "fills_under_threshold": 296,
      "pct_under_threshold": 0.9932885906040269,
      "gate_status": "INSUFFICIENT_DATA",
      "reason": "need_2000_fills_have_298",
      "threshold_bps": 15.0,
      "min_sample_size": 2000
    },
    "ETH-USD_alpaca": {
      "total_fills": 315,
      "p95_slippage_bps": 9.235839176390696,
      "mean_slippage_bps": 4.016116507108855,
      "median_slippage_bps": 3.269785089362122,
      "p99_slippage_bps": 17.538323133475405,
      "maker_ratio": 0.7,
      "fills_under_threshold": 309,
      "pct_under_threshold": 0.9809523809523809,
      "gate_status": "INSUFFICIENT_DATA",
      "reason": "need_2000_fills_have_315",
      "threshold_bps": 15.0,
      "min_sample_size": 2000
    },
    "ETH-USD_binance": {
      "total_fills": 294,
      "p95_slippage_bps": 8.203206166420847,
      "mean_slippage_bps": 3.5978876849144505,
      "median_slippage_bps": 3.1471349843085594,
      "p99_slippage_bps": 17.750118352762563,
      "maker_ratio": 0.7,
      "fills_under_threshold": 289,
      "pct_under_threshold": 0.9829931972789115,
      "gate_status": "INSUFFICIENT_DATA",
      "reason": "need_2000_fills_have_294",
      "threshold_bps": 15.0,
      "min_sample_size": 2000
    },
    "ETH-USD_coinbase": {
      "total_fills": 308,
      "p95_slippage_bps": 9.359751427479543,
      "mean_slippage_bps": 4.195584598192561,
      "median_slippage_bps": 3.46429776618312,
      "p99_slippage_bps": 19.55551429743664,
      "maker_ratio": 0.7,
      "fills_under_threshold": 299,
      "pct_under_threshold": 0.9707792207792207,
      "gate_status": "INSUFFICIENT_DATA",
      "reason": "need_2000_fills_have_308",
      "threshold_bps": 15.0,
      "min_sample_size": 2000
    },
    "NVDA_alpaca": {
      "total_fills": 288,
      "p95_slippage_bps": 9.291035184941222,
      "mean_slippage_bps": 4.222148710349554,
      "median_slippage_bps": 3.5694073296235023,
      "p99_slippage_bps": 18.595600902152587,
      "maker_ratio": 0.7,
      "fills_under_threshold": 279,
      "pct_under_threshold": 0.96875,
      "gate_status": "INSUFFICIENT_DATA",
      "reason": "need_2000_fills_have_288",
      "threshold_bps": 15.0,
      "min_sample_size": 2000
    },
    "NVDA_binance": {
      "total_fills": 311,
      "p95_slippage_bps": 9.444706929014515,
      "mean_slippage_bps": 4.129351306913034,
      "median_slippage_bps": 3.354004462668414,
      "p99_slippage_bps": 17.317749090896456,
      "maker_ratio": 0.7,
      "fills_under_threshold": 304,
      "pct_under_threshold": 0.977491961414791,
      "gate_status": "INSUFFICIENT_DATA",
      "reason": "need_2000_fills_have_311",
      "threshold_bps": 15.0,
      "min_sample_size": 2000
    },
    "NVDA_coinbase": {
      "total_fills": 315,
      "p95_slippage_bps": 7.18503488845963,
      "mean_slippage_bps": 3.7716558333855876,
      "median_slippage_bps": 3.468335206805948,
      "p99_slippage_bps": 16.31050900386877,
      "maker_ratio": 0.7,
      "fills_under_threshold": 311,
      "pct_under_threshold": 0.9873015873015873,
      "gate_status": "INSUFFICIENT_DATA",
      "reason": "need_2000_fills_have_315",