{
  "timestamp": "2025-08-16T16:55:25.318209+00:00",
  "window_hours": 48,
  "threshold_bps": 15.0,
  "min_sample_size": 2000,
  "overall_metrics": {
    "total_fills": 2769,
    "p95_slippage_bps": 9.376633640948485,
    "mean_slippage_bps": 4.08723433221843,
    "median_slippage_bps": 3.4072038035625036,
    "p99_slippage_bps": 19.359844692418292,
    "maker_ratio": 0.7,
    "fills_under_threshold": 2697,
    "pct_under_threshold": 0.9739978331527628,
    "gate_status": "PASS",
    "reason": "criteria_met",
    "threshold_bps": 15.0,
    "min_sample_size": 2000
  },
  "breakdown_metrics": {
    "asset_BTC-USD": {
      "total_fills": 926,
      "p95_slippage_bps": 8.871350324682211,
      "mean_slippage_bps": 4.098715490424194,
      "median_slippage_bps": 3.5374159357356527,
      "p99_slippage_bps": 20.09641578406154,
      "maker_ratio": 0.7,
      "fills_under_threshold": 905,
      "pct_under_threshold": 0.9773218142548596,
      "gate_status": "INSUFFICIENT_DATA",
      "reason": "need_2000_fills_have_926",
      "threshold_bps": 15.0,
      "min_sample_size": 2000
    },
    "asset_ETH-USD": {
      "total_fills": 963,
      "p95_slippage_bps": 9.2946350360841,
      "mean_slippage_bps": 4.035079909022093,
      "median_slippage_bps": 3.4118859808430035,
      "p99_slippage_bps": 18.013556761687383,
      "maker_ratio": 0.7,
      "fills_under_threshold": 941,
      "pct_under_threshold": 0.9771547248182763,
      "gate_status": "INSUFFICIENT_DATA",
      "reason": "need_2000_fills_have_963",
      "threshold_bps": 15.0,
      "min_sample_size": 2000
    },
    "asset_NVDA": {
      "total_fills": 880,
      "p95_slippage_bps": 10.41883266973979,
      "mean_slippage_bps": 4.132226556126994,
      "median_slippage_bps": 3.294715425962529,
      "p99_slippage_bps": 19.248204791743127,
      "maker_ratio": 0.7,
      "fills_under_threshold": 851,
      "pct_under_threshold": 0.9670454545454545,
      "gate_status": "INSUFFICIENT_DATA",
      "reason": "need_2000_fills_have_880",
      "threshold_bps": 15.0,
      "min_sample_size": 2000
    },
    "venue_binance": {
      "total_fills": 891,
      "p95_slippage_bps": 10.054186957888028,
      "mean_slippage_bps": 4.146226364766553,
      "median_slippage_bps": 3.4225071725781793,
      "p99_slippage_bps": 18.395409445450852,
      "maker_ratio": 0.7,
      "fills_under_threshold": 866,
      "pct_under_threshold": 0.9719416386083053,
      "gate_status": "INSUFFICIENT_DATA",
      "reason": "need_2000_fills_have_891",
      "threshold_bps": 15.0,
      "min_sample_size": 2000
    },
    "venue_alpaca": {
      "total_fills": 962,
      "p95_slippage_bps": 9.573875378058668,
      "mean_slippage_bps": 4.134963159084825,
      "median_slippage_bps": 3.438181897752142,
      "p99_slippage_bps": 20.31175102071754,
      "maker_ratio": 0.7,
      "fills_under_threshold": 934,
      "pct_under_threshold": 0.9708939708939709,
      "gate_status": "INSUFFICIENT_DATA",
      "reason": "need_2000_fills_have_962",
      "threshold_bps": 15.0,
      "min_sample_size": 2000
    },
    "venue_coinbase": {
      "total_fills": 916,
      "p95_slippage_bps": 9.027420169345596,
      "mean_slippage_bps": 3.979726654875802,
      "median_slippage_bps": 3.373600980307867,
      "p99_slippage_bps": 18.041061133277555,
      "maker_ratio": 0.7,
      "fills_under_threshold": 897,
      "pct_under_threshold": 0.9792576419213974,
      "gate_status": "INSUFFICIENT_DATA",
      "reason": "need_2000_fills_have_916",
      "threshold_bps": 15.0,
      "min_sample_size": 2000
    },
    "BTC-USD_alpaca": {
      "total_fills": 327,
      "p95_slippage_bps": 9.34175010420488,
      "mean_slippage_bps": 4.206540748480174,
      "median_slippage_bps": 3.4397742131477496,
      "p99_slippage_bps": 21.42975746799207,
      "maker_ratio": 0.7,
      "fills_under_threshold": 319,
      "pct_under_threshold": 0.9755351681957186,
      "gate_status": "INSUFFICIENT_DATA",
      "reason": "need_2000_fills_have_327",
      "threshold_bps": 15.0,
      "min_sample_size": 2000
    },
    "BTC-USD_binance": {
      "total_fills": 302,
      "p95_slippage_bps": 8.507763250263706,
      "mean_slippage_bps": 4.049678685277533,
      "median_slippage_bps": 3.596140969329834,
      "p99_slippage_bps": 20.096798167754184,
      "maker_ratio": 0.7,
      "fills_under_threshold": 294,
      "pct_under_threshold": 0.9735099337748344,
      "gate_status": "INSUFFICIENT_DATA",
      "reason": "need_2000_fills_have_302",
      "threshold_bps": 15.0,
      "min_sample_size": 2000
    },
    "BTC-USD_coinbase": {
      "total_fills": 297,
      "p95_slippage_bps": 8.726452238727411,
      "mean_slippage_bps": 4.029861132747381,
      "median_slippage_bps": 3.5799566046415636,
      "p99_slippage_bps": 17.052199627236412,
      "maker_ratio": 0.7,
      "fills_under_threshold": 292,
      "pct_under_threshold": 0.9831649831649831,
      "gate_status": "INSUFFICIENT_DATA",
      "reason": "need_2000_fills_have_297",
      "threshold_bps": 15.0,
      "min_sample_size": 2000
    },
    "ETH-USD_alpaca": {
      "total_fills": 320,
      "p95_slippage_bps": 10.23271640456027,
      "mean_slippage_bps": 4.252453684713588,
      "median_slippage_bps": 3.5096281187922393,
      "p99_slippage_bps": 20.41558703311808,
      "maker_ratio": 0.7,
      "fills_under_threshold": 307,
      "pct_under_threshold": 0.959375,
      "gate_status": "INSUFFICIENT_DATA",
      "reason": "need_2000_fills_have_320",
      "threshold_bps": 15.0,
      "min_sample_size": 2000
    },
    "ETH-USD_binance": {
      "total_fills": 328,
      "p95_slippage_bps": 9.514536137769355,
      "mean_slippage_bps": 4.041910800436787,
      "median_slippage_bps": 3.366505138254192,
      "p99_slippage_bps": 17.496960136734284,
      "maker_ratio": 0.7,
      "fills_under_threshold": 321,
      "pct_under_threshold": 0.9786585365853658,
      "gate_status": "INSUFFICIENT_DATA",
      "reason": "need_2000_fills_have_328",
      "threshold_bps": 15.0,
      "min_sample_size": 2000
    },
    "ETH-USD_coinbase": {
      "total_fills": 315,
      "p95_slippage_bps": 8.74524352966061,
      "mean_slippage_bps": 3.8071429547195588,
      "median_slippage_bps": 3.3717237978669683,
      "p99_slippage_bps": 11.792167640140859,
      "maker_ratio": 0.7,
      "fills_under_threshold": 313,
      "pct_under_threshold": 0.9936507936507937,
      "gate_status": "INSUFFICIENT_DATA",
      "reason": "need_2000_fills_have_315",
      "threshold_bps": 15.0,
      "min_sample_size": 2000
    },
    "NVDA_alpaca": {
      "total_fills": 315,
      "p95_slippage_bps": 8.727240083086581,
      "mean_slippage_bps": 3.9413033497721788,
      "median_slippage_bps": 3.2864122858655787,
      "p99_slippage_bps": 19.11081851085469,
      "maker_ratio": 0.7,
      "fills_under_threshold": 308,
      "pct_under_threshold": 0.9777777777777777,
      "gate_status": "INSUFFICIENT_DATA",
      "reason": "need_2000_fills_have_315",
      "threshold_bps": 15.0,
      "min_sample_size": 2000
    },
    "NVDA_binance": {
      "total_fills": 261,
      "p95_slippage_bps": 11.240936972155115,
      "mean_slippage_bps": 4.389034427241065,
      "median_slippage_bps": 3.3872555528759305,
      "p99_slippage_bps": 19.98457386370515,
      "maker_ratio": 0.7,
      "fills_under_threshold": 251,
      "pct_under_threshold": 0.9616858237547893,
      "gate_status": "INSUFFICIENT_DATA",
      "reason": "need_2000_fills_have_261",
      "threshold_bps": 15.0,
      "min_sample_size": 2000
    },
    "NVDA_coinbase": {
      "total_fills": 304,
      "p95_slippage_bps": 9.404276874773641,
      "mean_slippage_bps": 4.109575094419741,
      "median_slippage_bps": 3.24152952690729,
      "p99_slippage_bps": 18.575206095014543,
      "maker_ratio": 0.7,
      "fills_under_threshold": 292,
      "pct_under_threshold": 0.9605263157894737,
      "gate_status": "INSUFFICIENT_DATA",
      "reason": "need_2000_fills_have_304",