{
  "timestamp": "2025-08-16T07:09:11.751547+00:00",
  "window_hours": 48,
  "threshold_bps": 15.0,
  "min_sample_size": 2000,
  "overall_metrics": {
    "total_fills": 2595,
    "p95_slippage_bps": 9.533225983197772,
    "mean_slippage_bps": 4.063547513469818,
    "median_slippage_bps": 3.3938655814933507,
    "p99_slippage_bps": 18.47602590181791,
    "maker_ratio": 0.7,
    "fills_under_threshold": 2533,
    "pct_under_threshold": 0.9761078998073218,
    "gate_status": "PASS",
    "reason": "criteria_met",
    "threshold_bps": 15.0,
    "min_sample_size": 2000
  },
  "breakdown_metrics": {
    "asset_ETH-USD": {
      "total_fills": 876,
      "p95_slippage_bps": 8.237454401012748,
      "mean_slippage_bps": 3.8739938398515523,
      "median_slippage_bps": 3.3285973700784535,
      "p99_slippage_bps": 16.42781314600856,
      "maker_ratio": 0.7,
      "fills_under_threshold": 862,
      "pct_under_threshold": 0.9840182648401826,
      "gate_status": "INSUFFICIENT_DATA",
      "reason": "need_2000_fills_have_876",
      "threshold_bps": 15.0,
      "min_sample_size": 2000
    },
    "asset_BTC-USD": {
      "total_fills": 845,
      "p95_slippage_bps": 10.027553273801601,
      "mean_slippage_bps": 4.133706154524232,
      "median_slippage_bps": 3.3676160746753863,
      "p99_slippage_bps": 19.207707927624746,
      "maker_ratio": 0.7,
      "fills_under_threshold": 819,
      "pct_under_threshold": 0.9692307692307692,
      "gate_status": "INSUFFICIENT_DATA",
      "reason": "need_2000_fills_have_845",
      "threshold_bps": 15.0,
      "min_sample_size": 2000
    },
    "asset_NVDA": {
      "total_fills": 874,
      "p95_slippage_bps": 9.802645128964674,
      "mean_slippage_bps": 4.185704225596387,
      "median_slippage_bps": 3.518573581804132,
      "p99_slippage_bps": 18.770340833560514,
      "maker_ratio": 0.7,
      "fills_under_threshold": 852,
      "pct_under_threshold": 0.9748283752860412,
      "gate_status": "INSUFFICIENT_DATA",
      "reason": "need_2000_fills_have_874",
      "threshold_bps": 15.0,
      "min_sample_size": 2000
    },
    "venue_binance": {
      "total_fills": 904,
      "p95_slippage_bps": 9.570530438426447,
      "mean_slippage_bps": 4.166777826169636,
      "median_slippage_bps": 3.4283415400244666,
      "p99_slippage_bps": 18.25784848963906,
      "maker_ratio": 0.7,
      "fills_under_threshold": 881,
      "pct_under_threshold": 0.9745575221238938,
      "gate_status": "INSUFFICIENT_DATA",
      "reason": "need_2000_fills_have_904",
      "threshold_bps": 15.0,
      "min_sample_size": 2000
    },
    "venue_coinbase": {
      "total_fills": 840,
      "p95_slippage_bps": 9.46828044320131,
      "mean_slippage_bps": 3.9633347200987643,
      "median_slippage_bps": 3.3703551994435053,
      "p99_slippage_bps": 18.223943679222778,
      "maker_ratio": 0.7,
      "fills_under_threshold": 821,
      "pct_under_threshold": 0.9773809523809524,
      "gate_status": "INSUFFICIENT_DATA",
      "reason": "need_2000_fills_have_840",
      "threshold_bps": 15.0,
      "min_sample_size": 2000
    },
    "venue_alpaca": {
      "total_fills": 851,
      "p95_slippage_bps": 9.150909383298327,
      "mean_slippage_bps": 4.052805496726044,
      "median_slippage_bps": 3.3801981193188078,
      "p99_slippage_bps": 19.092567452657445,
      "maker_ratio": 0.7,
      "fills_under_threshold": 831,
      "pct_under_threshold": 0.9764982373678026,
      "gate_status": "INSUFFICIENT_DATA",
      "reason": "need_2000_fills_have_851",
      "threshold_bps": 15.0,
      "min_sample_size": 2000
    },
    "BTC-USD_alpaca": {
      "total_fills": 283,
      "p95_slippage_bps": 10.2371511022905,
      "mean_slippage_bps": 4.144315730080987,
      "median_slippage_bps": 3.3803008186934833,
      "p99_slippage_bps": 21.15993057281413,
      "maker_ratio": 0.7,
      "fills_under_threshold": 274,
      "pct_under_threshold": 0.9681978798586572,
      "gate_status": "INSUFFICIENT_DATA",
      "reason": "need_2000_fills_have_283",
      "threshold_bps": 15.0,
      "min_sample_size": 2000
    },
    "BTC-USD_binance": {
      "total_fills": 313,
      "p95_slippage_bps": 10.960348004135334,
      "mean_slippage_bps": 4.44182957348981,
      "median_slippage_bps": 3.582182184017351,
      "p99_slippage_bps": 19.016817166857077,
      "maker_ratio": 0.7,
      "fills_under_threshold": 301,
      "pct_under_threshold": 0.9616613418530351,
      "gate_status": "INSUFFICIENT_DATA",
      "reason": "need_2000_fills_have_313",
      "threshold_bps": 15.0,
      "min_sample_size": 2000
    },
    "BTC-USD_coinbase": {
      "total_fills": 249,
      "p95_slippage_bps": 9.200562238187707,
      "mean_slippage_bps": 3.7343280821596223,
      "median_slippage_bps": 3.023768627277172,
      "p99_slippage_bps": 17.346646399023555,
      "maker_ratio": 0.7,
      "fills_under_threshold": 244,
      "pct_under_threshold": 0.9799196787148594,
      "gate_status": "INSUFFICIENT_DATA",
      "reason": "need_2000_fills_have_249",
      "threshold_bps": 15.0,
      "min_sample_size": 2000
    },
    "ETH-USD_alpaca": {
      "total_fills": 301,
      "p95_slippage_bps": 8.184276702485679,
      "mean_slippage_bps": 3.8846454442310194,
      "median_slippage_bps": 3.2892350905046226,
      "p99_slippage_bps": 15.821629959600681,
      "maker_ratio": 0.7,
      "fills_under_threshold": 296,
      "pct_under_threshold": 0.9833887043189369,
      "gate_status": "INSUFFICIENT_DATA",
      "reason": "need_2000_fills_have_301",
      "threshold_bps": 15.0,
      "min_sample_size": 2000
    },
    "ETH-USD_binance": {
      "total_fills": 295,
      "p95_slippage_bps": 9.387082467967108,
      "mean_slippage_bps": 3.9045781843220677,
      "median_slippage_bps": 3.2904987851548744,
      "p99_slippage_bps": 16.87006594929211,
      "maker_ratio": 0.7,
      "fills_under_threshold": 291,
      "pct_under_threshold": 0.9864406779661017,
      "gate_status": "INSUFFICIENT_DATA",
      "reason": "need_2000_fills_have_295",
      "threshold_bps": 15.0,
      "min_sample_size": 2000
    },
    "ETH-USD_coinbase": {
      "total_fills": 280,
      "p95_slippage_bps": 8.022578854722564,
      "mean_slippage_bps": 3.8303205736479016,
      "median_slippage_bps": 3.4252862712667334,
      "p99_slippage_bps": 16.645804965332314,
      "maker_ratio": 0.7,
      "fills_under_threshold": 275,
      "pct_under_threshold": 0.9821428571428571,
      "gate_status": "INSUFFICIENT_DATA",
      "reason": "need_2000_fills_have_280",
      "threshold_bps": 15.0,
      "min_sample_size": 2000
    },
    "NVDA_alpaca": {
      "total_fills": 267,
      "p95_slippage_bps": 9.545394442059873,
      "mean_slippage_bps": 4.145385196207517,
      "median_slippage_bps": 3.550352748514698,
      "p99_slippage_bps": 18.253412657177577,
      "maker_ratio": 0.7,
      "fills_under_threshold": 261,
      "pct_under_threshold": 0.9775280898876404,
      "gate_status": "INSUFFICIENT_DATA",
      "reason": "need_2000_fills_have_267",
      "threshold_bps": 15.0,
      "min_sample_size": 2000
    },
    "NVDA_binance": {
      "total_fills": 296,
      "p95_slippage_bps": 9.068765336699107,
      "mean_slippage_bps": 4.137243020202808,
      "median_slippage_bps": 3.5017640582813963,
      "p99_slippage_bps": 17.20446295918708,
      "maker_ratio": 0.7,
      "fills_under_threshold": 289,
      "pct_under_threshold": 0.9763513513513513,
      "gate_status": "INSUFFICIENT_DATA",
      "reason": "need_2000_fills_have_296",
      "threshold_bps": 15.0,
      "min_sample_size": 2000
    },
    "NVDA_coinbase": {
      "total_fills": 311,
      "p95_slippage_bps": 10.612962432341648,
      "mean_slippage_bps": 4.266442803227665,
      "median_slippage_bps": 3.514485036014439,
      "p99_slippage_bps": 19.548645171431424,
      "maker_ratio": 0.7,
      "fills_under_threshold": 302,
      "pct_under_threshold": 0.9710610932475884,
      "gate_status": "INSUFFICIENT_DATA",