{
  "timestamp": "2025-08-16T10:52:19.320982+00:00",
  "window_hours": 48,
  "threshold_bps": 15.0,
  "min_sample_size": 2000,
  "overall_metrics": {
    "total_fills": 2775,
    "p95_slippage_bps": 8.80769398378331,
    "mean_slippage_bps": 3.968344637033757,
    "median_slippage_bps": 3.419145133654103,
    "p99_slippage_bps": 17.98202212964807,
    "maker_ratio": 0.7,
    "fills_under_threshold": 2724,
    "pct_under_threshold": 0.9816216216216216,
    "gate_status": "PASS",
    "reason": "criteria_met",
    "threshold_bps": 15.0,
    "min_sample_size": 2000
  },
  "breakdown_metrics": {
    "asset_NVDA": {
      "total_fills": 954,
      "p95_slippage_bps": 8.878968636112806,
      "mean_slippage_bps": 4.041802038004313,
      "median_slippage_bps": 3.500983273791556,
      "p99_slippage_bps": 18.020406555217377,
      "maker_ratio": 0.7,
      "fills_under_threshold": 935,
      "pct_under_threshold": 0.980083857442348,
      "gate_status": "INSUFFICIENT_DATA",
      "reason": "need_2000_fills_have_954",
      "threshold_bps": 15.0,
      "min_sample_size": 2000
    },
    "asset_ETH-USD": {
      "total_fills": 881,
      "p95_slippage_bps": 8.982154311142953,
      "mean_slippage_bps": 3.930704671861668,
      "median_slippage_bps": 3.3538716406021485,
      "p99_slippage_bps": 19.500922199090972,
      "maker_ratio": 0.7,
      "fills_under_threshold": 866,
      "pct_under_threshold": 0.9829738933030647,
      "gate_status": "INSUFFICIENT_DATA",
      "reason": "need_2000_fills_have_881",
      "threshold_bps": 15.0,
      "min_sample_size": 2000
    },
    "asset_BTC-USD": {
      "total_fills": 940,
      "p95_slippage_bps": 8.327520428164684,
      "mean_slippage_bps": 3.929070646385564,
      "median_slippage_bps": 3.410803291306814,
      "p99_slippage_bps": 16.546819341846348,
      "maker_ratio": 0.7,
      "fills_under_threshold": 923,
      "pct_under_threshold": 0.9819148936170212,
      "gate_status": "INSUFFICIENT_DATA",
      "reason": "need_2000_fills_have_940",
      "threshold_bps": 15.0,
      "min_sample_size": 2000
    },
    "venue_coinbase": {
      "total_fills": 923,
      "p95_slippage_bps": 8.493169503074826,
      "mean_slippage_bps": 3.9265134007094464,
      "median_slippage_bps": 3.3535753469734635,
      "p99_slippage_bps": 16.909231527436315,
      "maker_ratio": 0.7,
      "fills_under_threshold": 910,
      "pct_under_threshold": 0.9859154929577465,
      "gate_status": "INSUFFICIENT_DATA",
      "reason": "need_2000_fills_have_923",
      "threshold_bps": 15.0,
      "min_sample_size": 2000
    },
    "venue_binance": {
      "total_fills": 913,
      "p95_slippage_bps": 8.542545346718274,
      "mean_slippage_bps": 3.8355705261189006,
      "median_slippage_bps": 3.4160304446050014,
      "p99_slippage_bps": 15.921327436654297,
      "maker_ratio": 0.7,
      "fills_under_threshold": 902,
      "pct_under_threshold": 0.9879518072289156,
      "gate_status": "INSUFFICIENT_DATA",
      "reason": "need_2000_fills_have_913",
      "threshold_bps": 15.0,
      "min_sample_size": 2000
    },
    "venue_alpaca": {
      "total_fills": 939,
      "p95_slippage_bps": 9.248444460441133,
      "mean_slippage_bps": 4.1385608184955265,
      "median_slippage_bps": 3.4564467731434476,
      "p99_slippage_bps": 19.18154482500731,
      "maker_ratio": 0.7,
      "fills_under_threshold": 912,
      "pct_under_threshold": 0.9712460063897763,
      "gate_status": "INSUFFICIENT_DATA",
      "reason": "need_2000_fills_have_939",
      "threshold_bps": 15.0,
      "min_sample_size": 2000
    },
    "BTC-USD_alpaca": {
      "total_fills": 325,
      "p95_slippage_bps": 8.621906891045994,
      "mean_slippage_bps": 4.092221723341677,
      "median_slippage_bps": 3.4376084407801857,
      "p99_slippage_bps": 16.587083491390317,
      "maker_ratio": 0.7,
      "fills_under_threshold": 316,
      "pct_under_threshold": 0.9723076923076923,
      "gate_status": "INSUFFICIENT_DATA",
      "reason": "need_2000_fills_have_325",
      "threshold_bps": 15.0,
      "min_sample_size": 2000
    },
    "BTC-USD_binance": {
      "total_fills": 287,
      "p95_slippage_bps": 7.3057679000296,
      "mean_slippage_bps": 3.716963613510446,
      "median_slippage_bps": 3.3874806703568012,
      "p99_slippage_bps": 12.10016840487111,
      "maker_ratio": 0.7,
      "fills_under_threshold": 284,
      "pct_under_threshold": 0.9895470383275261,
      "gate_status": "INSUFFICIENT_DATA",
      "reason": "need_2000_fills_have_287",
      "threshold_bps": 15.0,
      "min_sample_size": 2000
    },
    "BTC-USD_coinbase": {
      "total_fills": 328,
      "p95_slippage_bps": 8.446365407966827,
      "mean_slippage_bps": 3.9530054586551437,
      "median_slippage_bps": 3.389562205005949,
      "p99_slippage_bps": 16.21517134222969,
      "maker_ratio": 0.7,
      "fills_under_threshold": 323,
      "pct_under_threshold": 0.9847560975609756,
      "gate_status": "INSUFFICIENT_DATA",
      "reason": "need_2000_fills_have_328",
      "threshold_bps": 15.0,
      "min_sample_size": 2000
    },
    "ETH-USD_alpaca": {
      "total_fills": 294,
      "p95_slippage_bps": 9.798633486135506,
      "mean_slippage_bps": 4.145460797213796,
      "median_slippage_bps": 3.435352471971932,
      "p99_slippage_bps": 20.443230158789152,
      "maker_ratio": 0.7,
      "fills_under_threshold": 286,
      "pct_under_threshold": 0.9727891156462585,
      "gate_status": "INSUFFICIENT_DATA",
      "reason": "need_2000_fills_have_294",
      "threshold_bps": 15.0,
      "min_sample_size": 2000
    },
    "ETH-USD_binance": {
      "total_fills": 299,
      "p95_slippage_bps": 8.936203840368782,
      "mean_slippage_bps": 3.7650428292383045,
      "median_slippage_bps": 3.2775165980225704,
      "p99_slippage_bps": 11.649295864651679,
      "maker_ratio": 0.7,
      "fills_under_threshold": 297,
      "pct_under_threshold": 0.9933110367892977,
      "gate_status": "INSUFFICIENT_DATA",
      "reason": "need_2000_fills_have_299",
      "threshold_bps": 15.0,
      "min_sample_size": 2000
    },
    "ETH-USD_coinbase": {
      "total_fills": 288,
      "p95_slippage_bps": 8.493094555072583,
      "mean_slippage_bps": 3.883463665232709,
      "median_slippage_bps": 3.26796137051822,
      "p99_slippage_bps": 18.77134742458422,
      "maker_ratio": 0.7,
      "fills_under_threshold": 283,
      "pct_under_threshold": 0.9826388888888888,
      "gate_status": "INSUFFICIENT_DATA",
      "reason": "need_2000_fills_have_288",
      "threshold_bps": 15.0,
      "min_sample_size": 2000
    },
    "NVDA_alpaca": {
      "total_fills": 320,
      "p95_slippage_bps": 8.97531997660104,
      "mean_slippage_bps": 4.179284606563745,
      "median_slippage_bps": 3.5036294873918443,
      "p99_slippage_bps": 18.31464110480933,
      "maker_ratio": 0.7,
      "fills_under_threshold": 310,
      "pct_under_threshold": 0.96875,
      "gate_status": "INSUFFICIENT_DATA",
      "reason": "need_2000_fills_have_320",
      "threshold_bps": 15.0,
      "min_sample_size": 2000
    },
    "NVDA_binance": {
      "total_fills": 327,
      "p95_slippage_bps": 8.818446680102138,
      "mean_slippage_bps": 4.004157575922952,
      "median_slippage_bps": 3.5192766328520086,
      "p99_slippage_bps": 18.03696776122274,
      "maker_ratio": 0.7,
      "fills_under_threshold": 321,
      "pct_under_threshold": 0.981651376146789,
      "gate_status": "INSUFFICIENT_DATA",
      "reason": "need_2000_fills_have_327",
      "threshold_bps": 15.0,
      "min_sample_size": 2000
    },
    "NVDA_coinbase": {
      "total_fills": 307,
      "p95_slippage_bps": 8.30689293944028,
      "mean_slippage_bps": 3.938594602048571,
      "median_slippage_bps": 3.407355593732814,
      "p99_slippage_bps": 14.86913162541294,
      "maker_ratio": 0.7,
      "fills_under_threshold": 304,
      "pct_under_threshold": 0.990228013029316,
      "gate_status": "INSUFFICIENT_DATA",
      "reason": "need_2000_fills_have_307",