{
  "timestamp": "2025-08-16T06:22:30.399624+00:00",
  "window_hours": 48,
  "threshold_bps": 15.0,
  "min_sample_size": 2000,
  "overall_metrics": {
    "total_fills": 2601,
    "p95_slippage_bps": 9.046699715570742,
    "mean_slippage_bps": 4.049712396967081,
    "median_slippage_bps": 3.4492901022783395,
    "p99_slippage_bps": 19.356716874189587,
    "maker_ratio": 0.7,
    "fills_under_threshold": 2542,
    "pct_under_threshold": 0.9773164167627836,
    "gate_status": "PASS",
    "reason": "criteria_met",
    "threshold_bps": 15.0,
    "min_sample_size": 2000
  },
  "breakdown_metrics": {
    "asset_BTC-USD": {
      "total_fills": 825,
      "p95_slippage_bps": 9.582175307705452,
      "mean_slippage_bps": 4.226928965881837,
      "median_slippage_bps": 3.538535980198309,
      "p99_slippage_bps": 20.007224402185667,
      "maker_ratio": 0.7,
      "fills_under_threshold": 799,
      "pct_under_threshold": 0.9684848484848485,
      "gate_status": "INSUFFICIENT_DATA",
      "reason": "need_2000_fills_have_825",
      "threshold_bps": 15.0,
      "min_sample_size": 2000
    },
    "asset_ETH-USD": {
      "total_fills": 852,
      "p95_slippage_bps": 8.73914646247486,
      "mean_slippage_bps": 3.8405915907239083,
      "median_slippage_bps": 3.238579187243369,
      "p99_slippage_bps": 19.19568882138509,
      "maker_ratio": 0.7,
      "fills_under_threshold": 837,
      "pct_under_threshold": 0.9823943661971831,
      "gate_status": "INSUFFICIENT_DATA",
      "reason": "need_2000_fills_have_852",
      "threshold_bps": 15.0,
      "min_sample_size": 2000
    },
    "asset_NVDA": {
      "total_fills": 924,
      "p95_slippage_bps": 8.849858179490885,
      "mean_slippage_bps": 4.0843089960628705,
      "median_slippage_bps": 3.5313206078337225,
      "p99_slippage_bps": 18.873171421732543,
      "maker_ratio": 0.7,
      "fills_under_threshold": 906,
      "pct_under_threshold": 0.9805194805194806,
      "gate_status": "INSUFFICIENT_DATA",
      "reason": "need_2000_fills_have_924",
      "threshold_bps": 15.0,
      "min_sample_size": 2000
    },
    "venue_binance": {
      "total_fills": 865,
      "p95_slippage_bps": 9.320322436053335,
      "mean_slippage_bps": 4.15324812020137,
      "median_slippage_bps": 3.5381101322781836,
      "p99_slippage_bps": 19.34537380669193,
      "maker_ratio": 0.7,
      "fills_under_threshold": 843,
      "pct_under_threshold": 0.9745664739884393,
      "gate_status": "INSUFFICIENT_DATA",
      "reason": "need_2000_fills_have_865",
      "threshold_bps": 15.0,
      "min_sample_size": 2000
    },
    "venue_alpaca": {
      "total_fills": 884,
      "p95_slippage_bps": 8.98830797329961,
      "mean_slippage_bps": 4.130695393410979,
      "median_slippage_bps": 3.5182425282914735,
      "p99_slippage_bps": 19.605433110913157,
      "maker_ratio": 0.7,
      "fills_under_threshold": 862,
      "pct_under_threshold": 0.9751131221719457,
      "gate_status": "INSUFFICIENT_DATA",
      "reason": "need_2000_fills_have_884",
      "threshold_bps": 15.0,
      "min_sample_size": 2000
    },
    "venue_coinbase": {
      "total_fills": 852,
      "p95_slippage_bps": 8.666269942053509,
      "mean_slippage_bps": 3.860572291974045,
      "median_slippage_bps": 3.300908284057562,
      "p99_slippage_bps": 18.435610058128198,
      "maker_ratio": 0.7,
      "fills_under_threshold": 837,
      "pct_under_threshold": 0.9823943661971831,
      "gate_status": "INSUFFICIENT_DATA",
      "reason": "need_2000_fills_have_852",
      "threshold_bps": 15.0,
      "min_sample_size": 2000
    },
    "BTC-USD_alpaca": {
      "total_fills": 292,
      "p95_slippage_bps": 10.879761631763655,
      "mean_slippage_bps": 4.331037120782216,
      "median_slippage_bps": 3.6209081075662852,
      "p99_slippage_bps": 21.484907145401593,
      "maker_ratio": 0.7,
      "fills_under_threshold": 281,
      "pct_under_threshold": 0.9623287671232876,
      "gate_status": "INSUFFICIENT_DATA",
      "reason": "need_2000_fills_have_292",
      "threshold_bps": 15.0,
      "min_sample_size": 2000
    },
    "BTC-USD_binance": {
      "total_fills": 272,
      "p95_slippage_bps": 9.954232951103748,
      "mean_slippage_bps": 4.371086111304228,
      "median_slippage_bps": 3.5376776004403556,
      "p99_slippage_bps": 19.76801048466561,
      "maker_ratio": 0.7,
      "fills_under_threshold": 262,
      "pct_under_threshold": 0.9632352941176471,
      "gate_status": "INSUFFICIENT_DATA",
      "reason": "need_2000_fills_have_272",
      "threshold_bps": 15.0,
      "min_sample_size": 2000
    },
    "BTC-USD_coinbase": {
      "total_fills": 261,
      "p95_slippage_bps": 9.022541768301513,
      "mean_slippage_bps": 3.960222740648883,
      "median_slippage_bps": 3.504269119085519,
      "p99_slippage_bps": 17.54608570764498,
      "maker_ratio": 0.7,
      "fills_under_threshold": 256,
      "pct_under_threshold": 0.9808429118773946,
      "gate_status": "INSUFFICIENT_DATA",
      "reason": "need_2000_fills_have_261",
      "threshold_bps": 15.0,
      "min_sample_size": 2000
    },
    "ETH-USD_alpaca": {
      "total_fills": 288,
      "p95_slippage_bps": 8.975817359035739,
      "mean_slippage_bps": 4.087942804550445,
      "median_slippage_bps": 3.527550609530414,
      "p99_slippage_bps": 18.910027672526848,
      "maker_ratio": 0.7,
      "fills_under_threshold": 282,
      "pct_under_threshold": 0.9791666666666666,
      "gate_status": "INSUFFICIENT_DATA",
      "reason": "need_2000_fills_have_288",
      "threshold_bps": 15.0,
      "min_sample_size": 2000
    },
    "ETH-USD_binance": {
      "total_fills": 279,
      "p95_slippage_bps": 8.877244736905617,
      "mean_slippage_bps": 3.915113400551528,
      "median_slippage_bps": 3.408634538164164,
      "p99_slippage_bps": 19.467291499547255,
      "maker_ratio": 0.7,
      "fills_under_threshold": 273,
      "pct_under_threshold": 0.978494623655914,
      "gate_status": "INSUFFICIENT_DATA",
      "reason": "need_2000_fills_have_279",
      "threshold_bps": 15.0,
      "min_sample_size": 2000
    },
    "ETH-USD_coinbase": {
      "total_fills": 285,
      "p95_slippage_bps": 7.269942132969221,
      "mean_slippage_bps": 3.517683750289001,
      "median_slippage_bps": 2.945563601747543,
      "p99_slippage_bps": 14.563503951727633,
      "maker_ratio": 0.7,
      "fills_under_threshold": 282,
      "pct_under_threshold": 0.9894736842105263,
      "gate_status": "INSUFFICIENT_DATA",
      "reason": "need_2000_fills_have_285",
      "threshold_bps": 15.0,
      "min_sample_size": 2000
    },
    "NVDA_alpaca": {
      "total_fills": 304,
      "p95_slippage_bps": 8.325435227821236,
      "mean_slippage_bps": 3.9787643447249024,
      "median_slippage_bps": 3.4353769109585484,
      "p99_slippage_bps": 16.989235110447247,
      "maker_ratio": 0.7,
      "fills_under_threshold": 299,
      "pct_under_threshold": 0.9835526315789473,
      "gate_status": "INSUFFICIENT_DATA",
      "reason": "need_2000_fills_have_304",
      "threshold_bps": 15.0,
      "min_sample_size": 2000
    },
    "NVDA_binance": {
      "total_fills": 314,
      "p95_slippage_bps": 9.16991905822156,
      "mean_slippage_bps": 4.176138735495412,
      "median_slippage_bps": 3.59454002939794,
      "p99_slippage_bps": 17.552049947022795,
      "maker_ratio": 0.7,
      "fills_under_threshold": 308,
      "pct_under_threshold": 0.9808917197452229,
      "gate_status": "INSUFFICIENT_DATA",
      "reason": "need_2000_fills_have_314",
      "threshold_bps": 15.0,
      "min_sample_size": 2000
    },
    "NVDA_coinbase": {
      "total_fills": 306,
      "p95_slippage_bps": 9.122576086239093,
      "mean_slippage_bps": 4.094933296144322,
      "median_slippage_bps": 3.4638531763230143,
      "p99_slippage_bps": 19.908169530670957,
      "maker_ratio": 0.7,
      "fills_under_threshold": 299,
      "pct_under_threshold": 0.9771241830065359,
      "gate_status": "INSUFFICIENT_DATA",
      "reason": "need_2000_fills_have_306",