{
  "timestamp": "2025-08-16T14:19:48.656119+00:00",
  "window_hours": 48,
  "threshold_bps": 15.0,
  "min_sample_size": 2000,
  "overall_metrics": {
    "total_fills": 2745,
    "p95_slippage_bps": 8.940539720119242,
    "mean_slippage_bps": 4.028473766728197,
    "median_slippage_bps": 3.4168290948800473,
    "p99_slippage_bps": 18.76594361158278,
    "maker_ratio": 0.7,
    "fills_under_threshold": 2685,
    "pct_under_threshold": 0.9781420765027322,
    "gate_status": "PASS",
    "reason": "criteria_met",
    "threshold_bps": 15.0,
    "min_sample_size": 2000
  },
  "breakdown_metrics": {
    "asset_BTC-USD": {
      "total_fills": 909,
      "p95_slippage_bps": 8.905883806638153,
      "mean_slippage_bps": 4.015605716023669,
      "median_slippage_bps": 3.415350822334544,
      "p99_slippage_bps": 17.604555681958345,
      "maker_ratio": 0.7,
      "fills_under_threshold": 892,
      "pct_under_threshold": 0.9812981298129813,
      "gate_status": "INSUFFICIENT_DATA",
      "reason": "need_2000_fills_have_909",
      "threshold_bps": 15.0,
      "min_sample_size": 2000
    },
    "asset_ETH-USD": {
      "total_fills": 928,
      "p95_slippage_bps": 8.90569283403116,
      "mean_slippage_bps": 3.9919320001825636,
      "median_slippage_bps": 3.3960042305449765,
      "p99_slippage_bps": 18.899737235747885,
      "maker_ratio": 0.7,
      "fills_under_threshold": 906,
      "pct_under_threshold": 0.9762931034482759,
      "gate_status": "INSUFFICIENT_DATA",
      "reason": "need_2000_fills_have_928",
      "threshold_bps": 15.0,
      "min_sample_size": 2000
    },
    "asset_NVDA": {
      "total_fills": 908,
      "p95_slippage_bps": 9.15928103286046,
      "mean_slippage_bps": 4.078702640566044,
      "median_slippage_bps": 3.4791533392957374,
      "p99_slippage_bps": 19.136523918505286,
      "maker_ratio": 0.7,
      "fills_under_threshold": 887,
      "pct_under_threshold": 0.9768722466960352,
      "gate_status": "INSUFFICIENT_DATA",
      "reason": "need_2000_fills_have_908",
      "threshold_bps": 15.0,
      "min_sample_size": 2000
    },
    "venue_coinbase": {
      "total_fills": 904,
      "p95_slippage_bps": 8.833427418619788,
      "mean_slippage_bps": 4.003602846064671,
      "median_slippage_bps": 3.4240517327832096,
      "p99_slippage_bps": 18.24192986450432,
      "maker_ratio": 0.7,
      "fills_under_threshold": 886,
      "pct_under_threshold": 0.9800884955752213,
      "gate_status": "INSUFFICIENT_DATA",
      "reason": "need_2000_fills_have_904",
      "threshold_bps": 15.0,
      "min_sample_size": 2000
    },
    "venue_alpaca": {
      "total_fills": 997,
      "p95_slippage_bps": 8.647424789878885,
      "mean_slippage_bps": 3.883372203999065,
      "median_slippage_bps": 3.293793516834601,
      "p99_slippage_bps": 18.38316389502932,
      "maker_ratio": 0.7,
      "fills_under_threshold": 979,
      "pct_under_threshold": 0.9819458375125376,
      "gate_status": "INSUFFICIENT_DATA",
      "reason": "need_2000_fills_have_997",
      "threshold_bps": 15.0,
      "min_sample_size": 2000
    },
    "venue_binance": {
      "total_fills": 844,
      "p95_slippage_bps": 9.876359412569725,
      "mean_slippage_bps": 4.226518281326269,
      "median_slippage_bps": 3.5415434839815254,
      "p99_slippage_bps": 19.131667799212877,
      "maker_ratio": 0.7,
      "fills_under_threshold": 820,
      "pct_under_threshold": 0.9715639810426541,
      "gate_status": "INSUFFICIENT_DATA",
      "reason": "need_2000_fills_have_844",
      "threshold_bps": 15.0,
      "min_sample_size": 2000
    },
    "BTC-USD_alpaca": {
      "total_fills": 322,
      "p95_slippage_bps": 8.289399545606724,
      "mean_slippage_bps": 3.754310636065922,
      "median_slippage_bps": 3.2254737653533896,
      "p99_slippage_bps": 15.402325797543291,
      "maker_ratio": 0.7,
      "fills_under_threshold": 318,
      "pct_under_threshold": 0.9875776397515528,
      "gate_status": "INSUFFICIENT_DATA",
      "reason": "need_2000_fills_have_322",
      "threshold_bps": 15.0,
      "min_sample_size": 2000
    },
    "BTC-USD_binance": {
      "total_fills": 286,
      "p95_slippage_bps": 9.558986112910569,
      "mean_slippage_bps": 4.126702002365733,
      "median_slippage_bps": 3.440968652461483,
      "p99_slippage_bps": 17.336985824123957,
      "maker_ratio": 0.7,
      "fills_under_threshold": 280,
      "pct_under_threshold": 0.9790209790209791,
      "gate_status": "INSUFFICIENT_DATA",
      "reason": "need_2000_fills_have_286",
      "threshold_bps": 15.0,
      "min_sample_size": 2000
    },
    "BTC-USD_coinbase": {
      "total_fills": 301,
      "p95_slippage_bps": 9.168629707181795,
      "mean_slippage_bps": 4.189570758723219,
      "median_slippage_bps": 3.680339111001684,
      "p99_slippage_bps": 17.860823601379522,
      "maker_ratio": 0.7,
      "fills_under_threshold": 294,
      "pct_under_threshold": 0.9767441860465116,
      "gate_status": "INSUFFICIENT_DATA",
      "reason": "need_2000_fills_have_301",
      "threshold_bps": 15.0,
      "min_sample_size": 2000
    },
    "ETH-USD_alpaca": {
      "total_fills": 347,
      "p95_slippage_bps": 8.759830296319732,
      "mean_slippage_bps": 3.9721520753945674,
      "median_slippage_bps": 3.374434499080979,
      "p99_slippage_bps": 17.925041942021277,
      "maker_ratio": 0.7,
      "fills_under_threshold": 339,
      "pct_under_threshold": 0.9769452449567724,
      "gate_status": "INSUFFICIENT_DATA",
      "reason": "need_2000_fills_have_347",
      "threshold_bps": 15.0,
      "min_sample_size": 2000
    },
    "ETH-USD_binance": {
      "total_fills": 284,
      "p95_slippage_bps": 9.571082765254124,
      "mean_slippage_bps": 4.154261709293595,
      "median_slippage_bps": 3.5215507114294615,
      "p99_slippage_bps": 19.619446186609995,
      "maker_ratio": 0.7,
      "fills_under_threshold": 276,
      "pct_under_threshold": 0.971830985915493,
      "gate_status": "INSUFFICIENT_DATA",
      "reason": "need_2000_fills_have_284",
      "threshold_bps": 15.0,
      "min_sample_size": 2000
    },
    "ETH-USD_coinbase": {
      "total_fills": 297,
      "p95_slippage_bps": 8.579656676153903,
      "mean_slippage_bps": 3.8598175103303793,
      "median_slippage_bps": 3.2618781571026707,
      "p99_slippage_bps": 18.796285812831165,
      "maker_ratio": 0.7,
      "fills_under_threshold": 291,
      "pct_under_threshold": 0.9797979797979798,
      "gate_status": "INSUFFICIENT_DATA",
      "reason": "need_2000_fills_have_297",
      "threshold_bps": 15.0,
      "min_sample_size": 2000
    },
    "NVDA_alpaca": {
      "total_fills": 328,
      "p95_slippage_bps": 8.601156650913328,
      "mean_slippage_bps": 3.9161502817436764,
      "median_slippage_bps": 3.2937883838904956,
      "p99_slippage_bps": 18.80235182026289,
      "maker_ratio": 0.7,
      "fills_under_threshold": 322,
      "pct_under_threshold": 0.9817073170731707,
      "gate_status": "INSUFFICIENT_DATA",
      "reason": "need_2000_fills_have_328",
      "threshold_bps": 15.0,
      "min_sample_size": 2000
    },
    "NVDA_binance": {
      "total_fills": 274,
      "p95_slippage_bps": 11.859269175754527,
      "mean_slippage_bps": 4.405599749355442,
      "median_slippage_bps": 3.631375255586824,
      "p99_slippage_bps": 19.250447853757006,
      "maker_ratio": 0.7,
      "fills_under_threshold": 264,
      "pct_under_threshold": 0.9635036496350365,
      "gate_status": "INSUFFICIENT_DATA",
      "reason": "need_2000_fills_have_274",
      "threshold_bps": 15.0,
      "min_sample_size": 2000
    },
    "NVDA_coinbase": {
      "total_fills": 306,
      "p95_slippage_bps": 8.718537815834056,
      "mean_slippage_bps": 3.960229980060948,
      "median_slippage_bps": 3.498019346666403,
      "p99_slippage_bps": 18.093203450343747,
      "maker_ratio": 0.7,
      "fills_under_threshold": 301,
      "pct_under_threshold": 0.9836601307189542,
      "gate_status": "INSUFFICIENT_DATA",