{
  "timestamp": "2025-08-16T11:33:50.640479+00:00",
  "window_hours": 48,
  "threshold_bps": 15.0,
  "min_sample_size": 2000,
  "overall_metrics": {
    "total_fills": 2762,
    "p95_slippage_bps": 9.132925107710824,
    "mean_slippage_bps": 4.042817613077245,
    "median_slippage_bps": 3.426178759874037,
    "p99_slippage_bps": 19.016390816984682,
    "maker_ratio": 0.7,
    "fills_under_threshold": 2692,
    "pct_under_threshold": 0.9746560463432296,
    "gate_status": "PASS",
    "reason": "criteria_met",
    "threshold_bps": 15.0,
    "min_sample_size": 2000
  },
  "breakdown_metrics": {
    "asset_ETH-USD": {
      "total_fills": 940,
      "p95_slippage_bps": 8.986558973544444,
      "mean_slippage_bps": 4.044365250444163,
      "median_slippage_bps": 3.4068120929615433,
      "p99_slippage_bps": 19.06152060769708,
      "maker_ratio": 0.7,
      "fills_under_threshold": 918,
      "pct_under_threshold": 0.9765957446808511,
      "gate_status": "INSUFFICIENT_DATA",
      "reason": "need_2000_fills_have_940",
      "threshold_bps": 15.0,
      "min_sample_size": 2000
    },
    "asset_BTC-USD": {
      "total_fills": 931,
      "p95_slippage_bps": 9.129405679844858,
      "mean_slippage_bps": 3.9863383137243056,
      "median_slippage_bps": 3.4496876045268743,
      "p99_slippage_bps": 18.197818599580195,
      "maker_ratio": 0.7,
      "fills_under_threshold": 911,
      "pct_under_threshold": 0.9785177228786252,
      "gate_status": "INSUFFICIENT_DATA",
      "reason": "need_2000_fills_have_931",
      "threshold_bps": 15.0,
      "min_sample_size": 2000
    },
    "asset_NVDA": {
      "total_fills": 891,
      "p95_slippage_bps": 9.325685960115145,
      "mean_slippage_bps": 4.100199710240751,
      "median_slippage_bps": 3.4371709661404037,
      "p99_slippage_bps": 19.000743888870137,
      "maker_ratio": 0.7,
      "fills_under_threshold": 863,
      "pct_under_threshold": 0.9685746352413019,
      "gate_status": "INSUFFICIENT_DATA",
      "reason": "need_2000_fills_have_891",
      "threshold_bps": 15.0,
      "min_sample_size": 2000
    },
    "venue_coinbase": {
      "total_fills": 905,
      "p95_slippage_bps": 8.597635799240114,
      "mean_slippage_bps": 3.9479713011928657,
      "median_slippage_bps": 3.424939325543977,
      "p99_slippage_bps": 18.23040738550108,
      "maker_ratio": 0.7,
      "fills_under_threshold": 889,
      "pct_under_threshold": 0.9823204419889503,
      "gate_status": "INSUFFICIENT_DATA",
      "reason": "need_2000_fills_have_905",
      "threshold_bps": 15.0,
      "min_sample_size": 2000
    },
    "venue_alpaca": {
      "total_fills": 937,
      "p95_slippage_bps": 9.909105167399318,
      "mean_slippage_bps": 4.153625680979808,
      "median_slippage_bps": 3.4957781627830817,
      "p99_slippage_bps": 19.219835386847137,
      "maker_ratio": 0.7,
      "fills_under_threshold": 908,
      "pct_under_threshold": 0.9690501600853789,
      "gate_status": "INSUFFICIENT_DATA",
      "reason": "need_2000_fills_have_937",
      "threshold_bps": 15.0,
      "min_sample_size": 2000
    },
    "venue_binance": {
      "total_fills": 920,
      "p95_slippage_bps": 9.20795567875002,
      "mean_slippage_bps": 4.023261909414921,
      "median_slippage_bps": 3.3746643913764722,
      "p99_slippage_bps": 18.437856063055033,
      "maker_ratio": 0.7,
      "fills_under_threshold": 895,
      "pct_under_threshold": 0.9728260869565217,
      "gate_status": "INSUFFICIENT_DATA",
      "reason": "need_2000_fills_have_920",
      "threshold_bps": 15.0,
      "min_sample_size": 2000
    },
    "BTC-USD_alpaca": {
      "total_fills": 317,
      "p95_slippage_bps": 9.300006330990001,
      "mean_slippage_bps": 3.9617032806711565,
      "median_slippage_bps": 3.468146839447283,
      "p99_slippage_bps": 17.594839692038963,
      "maker_ratio": 0.7,
      "fills_under_threshold": 310,
      "pct_under_threshold": 0.9779179810725552,
      "gate_status": "INSUFFICIENT_DATA",
      "reason": "need_2000_fills_have_317",
      "threshold_bps": 15.0,
      "min_sample_size": 2000
    },
    "BTC-USD_binance": {
      "total_fills": 298,
      "p95_slippage_bps": 9.396612678723159,
      "mean_slippage_bps": 4.036795677345006,
      "median_slippage_bps": 3.365667487049474,
      "p99_slippage_bps": 17.10923933965847,
      "maker_ratio": 0.7,
      "fills_under_threshold": 290,
      "pct_under_threshold": 0.9731543624161074,
      "gate_status": "INSUFFICIENT_DATA",
      "reason": "need_2000_fills_have_298",
      "threshold_bps": 15.0,
      "min_sample_size": 2000
    },
    "BTC-USD_coinbase": {
      "total_fills": 316,
      "p95_slippage_bps": 8.580364557373244,
      "mean_slippage_bps": 3.963468095746076,
      "median_slippage_bps": 3.500194172399894,
      "p99_slippage_bps": 18.76716064730911,
      "maker_ratio": 0.7,
      "fills_under_threshold": 311,
      "pct_under_threshold": 0.9841772151898734,
      "gate_status": "INSUFFICIENT_DATA",
      "reason": "need_2000_fills_have_316",
      "threshold_bps": 15.0,
      "min_sample_size": 2000
    },
    "ETH-USD_alpaca": {
      "total_fills": 317,
      "p95_slippage_bps": 8.974350284557241,
      "mean_slippage_bps": 4.190534277207434,
      "median_slippage_bps": 3.5285879957846005,
      "p99_slippage_bps": 19.642028094653742,
      "maker_ratio": 0.7,
      "fills_under_threshold": 308,
      "pct_under_threshold": 0.9716088328075709,
      "gate_status": "INSUFFICIENT_DATA",
      "reason": "need_2000_fills_have_317",
      "threshold_bps": 15.0,
      "min_sample_size": 2000
    },
    "ETH-USD_binance": {
      "total_fills": 312,
      "p95_slippage_bps": 9.036466833289547,
      "mean_slippage_bps": 3.9475257709248965,
      "median_slippage_bps": 3.2934371617664597,
      "p99_slippage_bps": 17.884423319175422,
      "maker_ratio": 0.7,
      "fills_under_threshold": 304,
      "pct_under_threshold": 0.9743589743589743,
      "gate_status": "INSUFFICIENT_DATA",
      "reason": "need_2000_fills_have_312",
      "threshold_bps": 15.0,
      "min_sample_size": 2000
    },
    "ETH-USD_coinbase": {
      "total_fills": 311,
      "p95_slippage_bps": 8.840631220308978,
      "mean_slippage_bps": 3.992527102939515,
      "median_slippage_bps": 3.4056832832720016,
      "p99_slippage_bps": 17.566694870386844,
      "maker_ratio": 0.7,
      "fills_under_threshold": 306,
      "pct_under_threshold": 0.9839228295819936,
      "gate_status": "INSUFFICIENT_DATA",
      "reason": "need_2000_fills_have_311",
      "threshold_bps": 15.0,
      "min_sample_size": 2000
    },
    "NVDA_alpaca": {
      "total_fills": 303,
      "p95_slippage_bps": 12.100032152969558,
      "mean_slippage_bps": 4.315801839044775,
      "median_slippage_bps": 3.4371709661404037,
      "p99_slippage_bps": 19.230610468476915,
      "maker_ratio": 0.7,
      "fills_under_threshold": 290,
      "pct_under_threshold": 0.9570957095709571,
      "gate_status": "INSUFFICIENT_DATA",
      "reason": "need_2000_fills_have_303",
      "threshold_bps": 15.0,
      "min_sample_size": 2000
    },
    "NVDA_binance": {
      "total_fills": 310,
      "p95_slippage_bps": 8.952921672820553,
      "mean_slippage_bps": 4.086476788014025,
      "median_slippage_bps": 3.5144145730444247,
      "p99_slippage_bps": 18.398102632716462,
      "maker_ratio": 0.7,
      "fills_under_threshold": 301,
      "pct_under_threshold": 0.9709677419354839,
      "gate_status": "INSUFFICIENT_DATA",
      "reason": "need_2000_fills_have_310",
      "threshold_bps": 15.0,
      "min_sample_size": 2000
    },
    "NVDA_coinbase": {
      "total_fills": 278,
      "p95_slippage_bps": 8.021317406952049,
      "mean_slippage_bps": 3.8805114399625698,
      "median_slippage_bps": 3.4226003799396,
      "p99_slippage_bps": 17.29496510988303,
      "maker_ratio": 0.7,
      "fills_under_threshold": 272,
      "pct_under_threshold": 0.9784172661870504,
      "gate_status": "INSUFFICIENT_DATA",