{
  "timestamp": "2025-08-16T20:48:51.067793+00:00",
  "window_hours": 48,
  "threshold_bps": 15.0,
  "min_sample_size": 2000,
  "overall_metrics": {
    "total_fills": 2733,
    "p95_slippage_bps": 9.239519542998911,
    "mean_slippage_bps": 4.006238709414015,
    "median_slippage_bps": 3.342640528801526,
    "p99_slippage_bps": 18.645404878526513,
    "maker_ratio": 0.7,
    "fills_under_threshold": 2675,
    "pct_under_threshold": 0.9787778997438712,
    "gate_status": "PASS",
    "reason": "criteria_met",
    "threshold_bps": 15.0,
    "min_sample_size": 2000
  },
  "breakdown_metrics": {
    "asset_NVDA": {
      "total_fills": 954,
      "p95_slippage_bps": 9.107869658599869,
      "mean_slippage_bps": 3.91371318030196,
      "median_slippage_bps": 3.339392666807714,
      "p99_slippage_bps": 17.439666103429396,
      "maker_ratio": 0.7,
      "fills_under_threshold": 938,
      "pct_under_threshold": 0.9832285115303984,
      "gate_status": "INSUFFICIENT_DATA",
      "reason": "need_2000_fills_have_954",
      "threshold_bps": 15.0,
      "min_sample_size": 2000
    },
    "asset_ETH-USD": {
      "total_fills": 841,
      "p95_slippage_bps": 9.098938174051073,
      "mean_slippage_bps": 4.082645330657315,
      "median_slippage_bps": 3.4212738250627774,
      "p99_slippage_bps": 18.77056269569886,
      "maker_ratio": 0.7,
      "fills_under_threshold": 822,
      "pct_under_threshold": 0.9774078478002378,
      "gate_status": "INSUFFICIENT_DATA",
      "reason": "need_2000_fills_have_841",
      "threshold_bps": 15.0,
      "min_sample_size": 2000
    },
    "asset_BTC-USD": {
      "total_fills": 938,
      "p95_slippage_bps": 9.353774119211788,
      "mean_slippage_bps": 4.0318372022789255,
      "median_slippage_bps": 3.2945645738366607,
      "p99_slippage_bps": 18.819550887415293,
      "maker_ratio": 0.7,
      "fills_under_threshold": 915,
      "pct_under_threshold": 0.9754797441364605,
      "gate_status": "INSUFFICIENT_DATA",
      "reason": "need_2000_fills_have_938",
      "threshold_bps": 15.0,
      "min_sample_size": 2000
    },
    "venue_coinbase": {
      "total_fills": 922,
      "p95_slippage_bps": 9.26593225344514,
      "mean_slippage_bps": 4.082752353716104,
      "median_slippage_bps": 3.3937145029378923,
      "p99_slippage_bps": 19.114674872250138,
      "maker_ratio": 0.7,
      "fills_under_threshold": 899,
      "pct_under_threshold": 0.9750542299349241,
      "gate_status": "INSUFFICIENT_DATA",
      "reason": "need_2000_fills_have_922",
      "threshold_bps": 15.0,
      "min_sample_size": 2000
    },
    "venue_alpaca": {
      "total_fills": 928,
      "p95_slippage_bps": 8.794958028600393,
      "mean_slippage_bps": 3.9081754814612926,
      "median_slippage_bps": 3.3333807047053594,
      "p99_slippage_bps": 18.921912855635085,
      "maker_ratio": 0.7,
      "fills_under_threshold": 910,
      "pct_under_threshold": 0.9806034482758621,
      "gate_status": "INSUFFICIENT_DATA",
      "reason": "need_2000_fills_have_928",
      "threshold_bps": 15.0,
      "min_sample_size": 2000
    },
    "venue_binance": {
      "total_fills": 883,
      "p95_slippage_bps": 9.686686162429181,
      "mean_slippage_bps": 4.029406427979815,
      "median_slippage_bps": 3.333419841538513,
      "p99_slippage_bps": 17.920706778869942,
      "maker_ratio": 0.7,
      "fills_under_threshold": 866,
      "pct_under_threshold": 0.9807474518686297,
      "gate_status": "INSUFFICIENT_DATA",
      "reason": "need_2000_fills_have_883",
      "threshold_bps": 15.0,
      "min_sample_size": 2000
    },
    "BTC-USD_alpaca": {
      "total_fills": 326,
      "p95_slippage_bps": 7.495925998866792,
      "mean_slippage_bps": 3.6804425103912224,
      "median_slippage_bps": 3.232719225034036,
      "p99_slippage_bps": 17.13328370168756,
      "maker_ratio": 0.7,
      "fills_under_threshold": 322,
      "pct_under_threshold": 0.9877300613496932,
      "gate_status": "INSUFFICIENT_DATA",
      "reason": "need_2000_fills_have_326",
      "threshold_bps": 15.0,
      "min_sample_size": 2000
    },
    "BTC-USD_binance": {
      "total_fills": 290,
      "p95_slippage_bps": 9.596064692358256,
      "mean_slippage_bps": 4.161793146839777,
      "median_slippage_bps": 3.411316516203332,
      "p99_slippage_bps": 17.92985695127004,
      "maker_ratio": 0.7,
      "fills_under_threshold": 283,
      "pct_under_threshold": 0.9758620689655172,
      "gate_status": "INSUFFICIENT_DATA",
      "reason": "need_2000_fills_have_290",
      "threshold_bps": 15.0,
      "min_sample_size": 2000
    },
    "BTC-USD_coinbase": {
      "total_fills": 322,
      "p95_slippage_bps": 13.308488122702254,
      "mean_slippage_bps": 4.270555977535895,
      "median_slippage_bps": 3.2906583765712076,
      "p99_slippage_bps": 20.227233793713737,
      "maker_ratio": 0.7,
      "fills_under_threshold": 310,
      "pct_under_threshold": 0.9627329192546584,
      "gate_status": "INSUFFICIENT_DATA",
      "reason": "need_2000_fills_have_322",
      "threshold_bps": 15.0,
      "min_sample_size": 2000
    },
    "ETH-USD_alpaca": {
      "total_fills": 278,
      "p95_slippage_bps": 9.755018994249491,
      "mean_slippage_bps": 4.154967107770237,
      "median_slippage_bps": 3.401797186456322,
      "p99_slippage_bps": 19.281308085823746,
      "maker_ratio": 0.7,
      "fills_under_threshold": 270,
      "pct_under_threshold": 0.9712230215827338,
      "gate_status": "INSUFFICIENT_DATA",
      "reason": "need_2000_fills_have_278",
      "threshold_bps": 15.0,
      "min_sample_size": 2000
    },
    "ETH-USD_binance": {
      "total_fills": 287,
      "p95_slippage_bps": 8.644159318565746,
      "mean_slippage_bps": 3.917586825194315,
      "median_slippage_bps": 3.3153898525523156,
      "p99_slippage_bps": 17.322649933861072,
      "maker_ratio": 0.7,
      "fills_under_threshold": 282,
      "pct_under_threshold": 0.9825783972125436,
      "gate_status": "INSUFFICIENT_DATA",
      "reason": "need_2000_fills_have_287",
      "threshold_bps": 15.0,
      "min_sample_size": 2000
    },
    "ETH-USD_coinbase": {
      "total_fills": 276,
      "p95_slippage_bps": 8.906266928471508,
      "mean_slippage_bps": 4.181436406854738,
      "median_slippage_bps": 3.6017397125065,
      "p99_slippage_bps": 18.009152756373204,
      "maker_ratio": 0.7,
      "fills_under_threshold": 270,
      "pct_under_threshold": 0.9782608695652174,
      "gate_status": "INSUFFICIENT_DATA",
      "reason": "need_2000_fills_have_276",
      "threshold_bps": 15.0,
      "min_sample_size": 2000
    },
    "NVDA_alpaca": {
      "total_fills": 324,
      "p95_slippage_bps": 8.460228151145392,
      "mean_slippage_bps": 3.9255609026185643,
      "median_slippage_bps": 3.29867343503883,
      "p99_slippage_bps": 18.749510525443693,
      "maker_ratio": 0.7,
      "fills_under_threshold": 318,
      "pct_under_threshold": 0.9814814814814815,
      "gate_status": "INSUFFICIENT_DATA",
      "reason": "need_2000_fills_have_324",
      "threshold_bps": 15.0,
      "min_sample_size": 2000
    },
    "NVDA_binance": {
      "total_fills": 306,
      "p95_slippage_bps": 10.334312491260842,
      "mean_slippage_bps": 4.0088184460518725,
      "median_slippage_bps": 3.332509290714757,
      "p99_slippage_bps": 17.43043096672503,
      "maker_ratio": 0.7,
      "fills_under_threshold": 301,
      "pct_under_threshold": 0.9836601307189542,
      "gate_status": "INSUFFICIENT_DATA",
      "reason": "need_2000_fills_have_306",
      "threshold_bps": 15.0,
      "min_sample_size": 2000
    },
    "NVDA_coinbase": {
      "total_fills": 324,
      "p95_slippage_bps": 8.317006998070122,
      "mean_slippage_bps": 3.81204381811044,
      "median_slippage_bps": 3.37953630843832,
      "p99_slippage_bps": 16.187900606181536,
      "maker_ratio": 0.7,
      "fills_under_threshold": 319,
      "pct_under_threshold": 0.9845679012345679,
      "gate_status": "INSUFFICIENT_DATA",
      "reason": "need_2000_fills_have_324",