{
  "timestamp": "2025-08-16T19:10:17.297712+00:00",
  "window_hours": 48,
  "threshold_bps": 15.0,
  "min_sample_size": 2000,
  "overall_metrics": {
    "total_fills": 2775,
    "p95_slippage_bps": 8.904377550898026,
    "mean_slippage_bps": 4.00041163018817,
    "median_slippage_bps": 3.4002837620367883,
    "p99_slippage_bps": 18.400132906419408,
    "maker_ratio": 0.7,
    "fills_under_threshold": 2720,
    "pct_under_threshold": 0.9801801801801802,
    "gate_status": "PASS",
    "reason": "criteria_met",
    "threshold_bps": 15.0,
    "min_sample_size": 2000
  },
  "breakdown_metrics": {
    "asset_NVDA": {
      "total_fills": 926,
      "p95_slippage_bps": 9.377212923010601,
      "mean_slippage_bps": 4.1158504918822665,
      "median_slippage_bps": 3.4254097967806647,
      "p99_slippage_bps": 19.503125178326556,
      "maker_ratio": 0.7,
      "fills_under_threshold": 901,
      "pct_under_threshold": 0.9730021598272138,
      "gate_status": "INSUFFICIENT_DATA",
      "reason": "need_2000_fills_have_926",
      "threshold_bps": 15.0,
      "min_sample_size": 2000
    },
    "asset_BTC-USD": {
      "total_fills": 922,
      "p95_slippage_bps": 8.674434977538924,
      "mean_slippage_bps": 3.871427502784336,
      "median_slippage_bps": 3.3443795498934863,
      "p99_slippage_bps": 17.488765290363663,
      "maker_ratio": 0.7,
      "fills_under_threshold": 907,
      "pct_under_threshold": 0.9837310195227765,
      "gate_status": "INSUFFICIENT_DATA",
      "reason": "need_2000_fills_have_922",
      "threshold_bps": 15.0,
      "min_sample_size": 2000
    },
    "asset_ETH-USD": {
      "total_fills": 927,
      "p95_slippage_bps": 8.777541769101388,
      "mean_slippage_bps": 4.013385718146748,
      "median_slippage_bps": 3.4651241205303625,
      "p99_slippage_bps": 17.70017289852846,
      "maker_ratio": 0.7,
      "fills_under_threshold": 912,
      "pct_under_threshold": 0.9838187702265372,
      "gate_status": "INSUFFICIENT_DATA",
      "reason": "need_2000_fills_have_927",
      "threshold_bps": 15.0,
      "min_sample_size": 2000
    },
    "venue_binance": {
      "total_fills": 926,
      "p95_slippage_bps": 9.119820475049243,
      "mean_slippage_bps": 4.0486279122414865,
      "median_slippage_bps": 3.3743355584011483,
      "p99_slippage_bps": 20.288598282661354,
      "maker_ratio": 0.7,
      "fills_under_threshold": 904,
      "pct_under_threshold": 0.9762419006479481,
      "gate_status": "INSUFFICIENT_DATA",
      "reason": "need_2000_fills_have_926",
      "threshold_bps": 15.0,
      "min_sample_size": 2000
    },
    "venue_coinbase": {
      "total_fills": 934,
      "p95_slippage_bps": 8.77202931118265,
      "mean_slippage_bps": 4.000067279780342,
      "median_slippage_bps": 3.3976707366880454,
      "p99_slippage_bps": 18.251416974122847,
      "maker_ratio": 0.7,
      "fills_under_threshold": 915,
      "pct_under_threshold": 0.9796573875802997,
      "gate_status": "INSUFFICIENT_DATA",
      "reason": "need_2000_fills_have_934",
      "threshold_bps": 15.0,
      "min_sample_size": 2000
    },
    "venue_alpaca": {
      "total_fills": 915,
      "p95_slippage_bps": 8.522850991260766,
      "mean_slippage_bps": 3.9519671996958636,
      "median_slippage_bps": 3.463652644393337,
      "p99_slippage_bps": 17.813573038231958,
      "maker_ratio": 0.7,
      "fills_under_threshold": 901,
      "pct_under_threshold": 0.9846994535519126,
      "gate_status": "INSUFFICIENT_DATA",
      "reason": "need_2000_fills_have_915",
      "threshold_bps": 15.0,
      "min_sample_size": 2000
    },
    "BTC-USD_alpaca": {
      "total_fills": 312,
      "p95_slippage_bps": 8.110430746874586,
      "mean_slippage_bps": 3.8254008447333727,
      "median_slippage_bps": 3.4658882793727286,
      "p99_slippage_bps": 9.73984856097726,
      "maker_ratio": 0.7,
      "fills_under_threshold": 310,
      "pct_under_threshold": 0.9935897435897436,
      "gate_status": "INSUFFICIENT_DATA",
      "reason": "need_2000_fills_have_312",
      "threshold_bps": 15.0,
      "min_sample_size": 2000
    },
    "BTC-USD_binance": {
      "total_fills": 305,
      "p95_slippage_bps": 9.085908062148961,
      "mean_slippage_bps": 3.9045461021590073,
      "median_slippage_bps": 3.31030766814328,
      "p99_slippage_bps": 18.026841837402262,
      "maker_ratio": 0.7,
      "fills_under_threshold": 298,
      "pct_under_threshold": 0.9770491803278688,
      "gate_status": "INSUFFICIENT_DATA",
      "reason": "need_2000_fills_have_305",
      "threshold_bps": 15.0,
      "min_sample_size": 2000
    },
    "BTC-USD_coinbase": {
      "total_fills": 305,
      "p95_slippage_bps": 8.524289791155107,
      "mean_slippage_bps": 3.8853919109896653,
      "median_slippage_bps": 3.323513246726252,
      "p99_slippage_bps": 17.885513292717995,
      "maker_ratio": 0.7,
      "fills_under_threshold": 299,
      "pct_under_threshold": 0.980327868852459,
      "gate_status": "INSUFFICIENT_DATA",
      "reason": "need_2000_fills_have_305",
      "threshold_bps": 15.0,
      "min_sample_size": 2000
    },
    "ETH-USD_alpaca": {
      "total_fills": 297,
      "p95_slippage_bps": 8.663197930493707,
      "mean_slippage_bps": 3.970158971251475,
      "median_slippage_bps": 3.4651241205303625,
      "p99_slippage_bps": 19.796287985653116,
      "maker_ratio": 0.7,
      "fills_under_threshold": 292,
      "pct_under_threshold": 0.9831649831649831,
      "gate_status": "INSUFFICIENT_DATA",
      "reason": "need_2000_fills_have_297",
      "threshold_bps": 15.0,
      "min_sample_size": 2000
    },
    "ETH-USD_binance": {
      "total_fills": 315,
      "p95_slippage_bps": 8.972625219264605,
      "mean_slippage_bps": 3.964115169631887,
      "median_slippage_bps": 3.314385252660281,
      "p99_slippage_bps": 17.455484631222806,
      "maker_ratio": 0.7,
      "fills_under_threshold": 310,
      "pct_under_threshold": 0.9841269841269841,
      "gate_status": "INSUFFICIENT_DATA",
      "reason": "need_2000_fills_have_315",
      "threshold_bps": 15.0,
      "min_sample_size": 2000
    },
    "ETH-USD_coinbase": {
      "total_fills": 315,
      "p95_slippage_bps": 8.49452654743636,
      "mean_slippage_bps": 4.103412913734294,
      "median_slippage_bps": 3.6022012558751837,
      "p99_slippage_bps": 15.29463615381039,
      "maker_ratio": 0.7,
      "fills_under_threshold": 310,
      "pct_under_threshold": 0.9841269841269841,
      "gate_status": "INSUFFICIENT_DATA",
      "reason": "need_2000_fills_have_315",
      "threshold_bps": 15.0,
      "min_sample_size": 2000
    },
    "NVDA_alpaca": {
      "total_fills": 306,
      "p95_slippage_bps": 9.155810280613712,
      "mean_slippage_bps": 4.063358528441879,
      "median_slippage_bps": 3.46018957082682,
      "p99_slippage_bps": 18.134808932447832,
      "maker_ratio": 0.7,
      "fills_under_threshold": 299,
      "pct_under_threshold": 0.9771241830065359,
      "gate_status": "INSUFFICIENT_DATA",
      "reason": "need_2000_fills_have_306",
      "threshold_bps": 15.0,
      "min_sample_size": 2000
    },
    "NVDA_binance": {
      "total_fills": 306,
      "p95_slippage_bps": 9.575500348767823,
      "mean_slippage_bps": 4.279237278245343,
      "median_slippage_bps": 3.44884426770683,
      "p99_slippage_bps": 20.98769991326176,
      "maker_ratio": 0.7,
      "fills_under_threshold": 296,
      "pct_under_threshold": 0.9673202614379085,
      "gate_status": "INSUFFICIENT_DATA",
      "reason": "need_2000_fills_have_306",
      "threshold_bps": 15.0,
      "min_sample_size": 2000
    },
    "NVDA_coinbase": {
      "total_fills": 314,
      "p95_slippage_bps": 9.189568011943535,
      "mean_slippage_bps": 4.007781014766525,
      "median_slippage_bps": 3.3329413785055486,
      "p99_slippage_bps": 19.443274912228958,
      "maker_ratio": 0.7,
      "fills_under_threshold": 306,
      "pct_under_threshold": 0.9745222929936306,
      "gate_status": "INSUFFICIENT_DATA",
      "reason": "need_2000_fills_have_314",