{
  "timestamp": "2025-08-16T16:39:51.619186+00:00",
  "window_hours": 48,
  "threshold_bps": 15.0,
  "min_sample_size": 2000,
  "overall_metrics": {
    "total_fills": 2750,
    "p95_slippage_bps": 9.089200226716025,
    "mean_slippage_bps": 4.043387853214672,
    "median_slippage_bps": 3.4940614323661556,
    "p99_slippage_bps": 18.298189581161264,
    "maker_ratio": 0.7,
    "fills_under_threshold": 2694,
    "pct_under_threshold": 0.9796363636363636,
    "gate_status": "PASS",
    "reason": "criteria_met",
    "threshold_bps": 15.0,
    "min_sample_size": 2000
  },
  "breakdown_metrics": {
    "asset_NVDA": {
      "total_fills": 894,
      "p95_slippage_bps": 8.961569849117634,
      "mean_slippage_bps": 4.058504671875656,
      "median_slippage_bps": 3.47202878301524,
      "p99_slippage_bps": 19.32595305851945,
      "maker_ratio": 0.7,
      "fills_under_threshold": 876,
      "pct_under_threshold": 0.9798657718120806,
      "gate_status": "INSUFFICIENT_DATA",
      "reason": "need_2000_fills_have_894",
      "threshold_bps": 15.0,
      "min_sample_size": 2000
    },
    "asset_BTC-USD": {
      "total_fills": 890,
      "p95_slippage_bps": 8.77174492502226,
      "mean_slippage_bps": 3.9730971904423744,
      "median_slippage_bps": 3.478960211093763,
      "p99_slippage_bps": 18.020819248414703,
      "maker_ratio": 0.7,
      "fills_under_threshold": 874,
      "pct_under_threshold": 0.9820224719101124,
      "gate_status": "INSUFFICIENT_DATA",
      "reason": "need_2000_fills_have_890",
      "threshold_bps": 15.0,
      "min_sample_size": 2000
    },
    "asset_ETH-USD": {
      "total_fills": 966,
      "p95_slippage_bps": 9.271408070364188,
      "mean_slippage_bps": 4.0941583024739145,
      "median_slippage_bps": 3.5199282311115323,
      "p99_slippage_bps": 17.877490752486388,
      "maker_ratio": 0.7,
      "fills_under_threshold": 944,
      "pct_under_threshold": 0.9772256728778468,
      "gate_status": "INSUFFICIENT_DATA",
      "reason": "need_2000_fills_have_966",
      "threshold_bps": 15.0,
      "min_sample_size": 2000
    },
    "venue_binance": {
      "total_fills": 914,
      "p95_slippage_bps": 9.022975914933834,
      "mean_slippage_bps": 3.9991905046435505,
      "median_slippage_bps": 3.42757460704199,
      "p99_slippage_bps": 17.77561580957024,
      "maker_ratio": 0.7,
      "fills_under_threshold": 894,
      "pct_under_threshold": 0.9781181619256017,
      "gate_status": "INSUFFICIENT_DATA",
      "reason": "need_2000_fills_have_914",
      "threshold_bps": 15.0,
      "min_sample_size": 2000
    },
    "venue_alpaca": {
      "total_fills": 951,
      "p95_slippage_bps": 8.650933611391835,
      "mean_slippage_bps": 3.983010173119442,
      "median_slippage_bps": 3.4979427011261683,
      "p99_slippage_bps": 17.914298207232978,
      "maker_ratio": 0.7,
      "fills_under_threshold": 932,
      "pct_under_threshold": 0.9800210304942166,
      "gate_status": "INSUFFICIENT_DATA",
      "reason": "need_2000_fills_have_951",
      "threshold_bps": 15.0,
      "min_sample_size": 2000
    },
    "venue_coinbase": {
      "total_fills": 885,
      "p95_slippage_bps": 9.254666929920173,
      "mean_slippage_bps": 4.153913898824357,
      "median_slippage_bps": 3.5626077342920723,
      "p99_slippage_bps": 18.819590608923384,
      "maker_ratio": 0.7,
      "fills_under_threshold": 868,
      "pct_under_threshold": 0.9807909604519774,
      "gate_status": "INSUFFICIENT_DATA",
      "reason": "need_2000_fills_have_885",
      "threshold_bps": 15.0,
      "min_sample_size": 2000
    },
    "BTC-USD_alpaca": {
      "total_fills": 324,
      "p95_slippage_bps": 8.202834454962732,
      "mean_slippage_bps": 3.8994280242344623,
      "median_slippage_bps": 3.350764717632307,
      "p99_slippage_bps": 17.92954734664329,
      "maker_ratio": 0.7,
      "fills_under_threshold": 317,
      "pct_under_threshold": 0.9783950617283951,
      "gate_status": "INSUFFICIENT_DATA",
      "reason": "need_2000_fills_have_324",
      "threshold_bps": 15.0,
      "min_sample_size": 2000
    },
    "BTC-USD_binance": {
      "total_fills": 277,
      "p95_slippage_bps": 8.133363780194022,
      "mean_slippage_bps": 3.8478168216883826,
      "median_slippage_bps": 3.574249838367127,
      "p99_slippage_bps": 14.768677678384622,
      "maker_ratio": 0.7,
      "fills_under_threshold": 274,
      "pct_under_threshold": 0.9891696750902527,
      "gate_status": "INSUFFICIENT_DATA",
      "reason": "need_2000_fills_have_277",
      "threshold_bps": 15.0,
      "min_sample_size": 2000
    },
    "BTC-USD_coinbase": {
      "total_fills": 289,
      "p95_slippage_bps": 9.346652125491143,
      "mean_slippage_bps": 4.17576664371649,
      "median_slippage_bps": 3.548713255367411,
      "p99_slippage_bps": 18.9434691346899,
      "maker_ratio": 0.7,
      "fills_under_threshold": 283,
      "pct_under_threshold": 0.9792387543252595,
      "gate_status": "INSUFFICIENT_DATA",
      "reason": "need_2000_fills_have_289",
      "threshold_bps": 15.0,
      "min_sample_size": 2000
    },
    "ETH-USD_alpaca": {
      "total_fills": 326,
      "p95_slippage_bps": 9.056702317155537,
      "mean_slippage_bps": 4.080432064283567,
      "median_slippage_bps": 3.6167391793405708,
      "p99_slippage_bps": 17.494671643476458,
      "maker_ratio": 0.7,
      "fills_under_threshold": 318,
      "pct_under_threshold": 0.9754601226993865,
      "gate_status": "INSUFFICIENT_DATA",
      "reason": "need_2000_fills_have_326",
      "threshold_bps": 15.0,
      "min_sample_size": 2000
    },
    "ETH-USD_binance": {
      "total_fills": 320,
      "p95_slippage_bps": 10.014763648854334,
      "mean_slippage_bps": 4.065795229818268,
      "median_slippage_bps": 3.4689123930457963,
      "p99_slippage_bps": 16.25610846851345,
      "maker_ratio": 0.7,
      "fills_under_threshold": 312,
      "pct_under_threshold": 0.975,
      "gate_status": "INSUFFICIENT_DATA",
      "reason": "need_2000_fills_have_320",
      "threshold_bps": 15.0,
      "min_sample_size": 2000
    },
    "ETH-USD_coinbase": {
      "total_fills": 320,
      "p95_slippage_bps": 9.096827861675036,
      "mean_slippage_bps": 4.1365049802859755,
      "median_slippage_bps": 3.6092993602682584,
      "p99_slippage_bps": 18.341370284713207,
      "maker_ratio": 0.7,
      "fills_under_threshold": 314,
      "pct_under_threshold": 0.98125,
      "gate_status": "INSUFFICIENT_DATA",
      "reason": "need_2000_fills_have_320",
      "threshold_bps": 15.0,
      "min_sample_size": 2000
    },
    "NVDA_alpaca": {
      "total_fills": 301,
      "p95_slippage_bps": 8.062832361217671,
      "mean_slippage_bps": 3.96746558746904,
      "median_slippage_bps": 3.541776492154974,
      "p99_slippage_bps": 16.854969940688495,
      "maker_ratio": 0.7,
      "fills_under_threshold": 297,
      "pct_under_threshold": 0.9867109634551495,
      "gate_status": "INSUFFICIENT_DATA",
      "reason": "need_2000_fills_have_301",
      "threshold_bps": 15.0,
      "min_sample_size": 2000
    },
    "NVDA_binance": {
      "total_fills": 317,
      "p95_slippage_bps": 9.189963121667748,
      "mean_slippage_bps": 4.064228353610969,
      "median_slippage_bps": 3.2422235157769532,
      "p99_slippage_bps": 20.711666048276076,
      "maker_ratio": 0.7,
      "fills_under_threshold": 308,
      "pct_under_threshold": 0.9716088328075709,
      "gate_status": "INSUFFICIENT_DATA",
      "reason": "need_2000_fills_have_317",
      "threshold_bps": 15.0,
      "min_sample_size": 2000
    },
    "NVDA_coinbase": {
      "total_fills": 276,
      "p95_slippage_bps": 9.229182883112973,
      "mean_slippage_bps": 4.151216111354995,
      "median_slippage_bps": 3.5554456567830477,
      "p99_slippage_bps": 18.3253037163229,
      "maker_ratio": 0.7,
      "fills_under_threshold": 271,
      "pct_under_threshold": 0.9818840579710145,
      "gate_status": "INSUFFICIENT_DATA",
      "reason": "need_2000_fills_have_276",