{
  "timestamp": "2025-08-16T12:30:52.254437+00:00",
  "window_hours": 48,
  "threshold_bps": 15.0,
  "min_sample_size": 2000,
  "overall_metrics": {
    "total_fills": 2763,
    "p95_slippage_bps": 9.444584583197246,
    "mean_slippage_bps": 4.071489593652907,
    "median_slippage_bps": 3.4483372554535987,
    "p99_slippage_bps": 19.194550123827135,
    "maker_ratio": 0.7,
    "fills_under_threshold": 2690,
    "pct_under_threshold": 0.9735794426348172,
    "gate_status": "PASS",
    "reason": "criteria_met",
    "threshold_bps": 15.0,
    "min_sample_size": 2000
  },
  "breakdown_metrics": {
    "asset_BTC-USD": {
      "total_fills": 910,
      "p95_slippage_bps": 9.204182976763018,
      "mean_slippage_bps": 3.935259470217487,
      "median_slippage_bps": 3.3834621150253574,
      "p99_slippage_bps": 16.857429652944514,
      "maker_ratio": 0.7,
      "fills_under_threshold": 892,
      "pct_under_threshold": 0.9802197802197802,
      "gate_status": "INSUFFICIENT_DATA",
      "reason": "need_2000_fills_have_910",
      "threshold_bps": 15.0,
      "min_sample_size": 2000
    },
    "asset_ETH-USD": {
      "total_fills": 923,
      "p95_slippage_bps": 9.997927858304546,
      "mean_slippage_bps": 4.0933605057263565,
      "median_slippage_bps": 3.43726078845454,
      "p99_slippage_bps": 19.57767607806111,
      "maker_ratio": 0.7,
      "fills_under_threshold": 894,
      "pct_under_threshold": 0.9685807150595883,
      "gate_status": "INSUFFICIENT_DATA",
      "reason": "need_2000_fills_have_923",
      "threshold_bps": 15.0,
      "min_sample_size": 2000
    },
    "asset_NVDA": {
      "total_fills": 930,
      "p95_slippage_bps": 9.332361823450073,
      "mean_slippage_bps": 4.183083744709291,
      "median_slippage_bps": 3.5023092277207075,
      "p99_slippage_bps": 19.79211591681975,
      "maker_ratio": 0.7,
      "fills_under_threshold": 904,
      "pct_under_threshold": 0.9720430107526882,
      "gate_status": "INSUFFICIENT_DATA",
      "reason": "need_2000_fills_have_930",
      "threshold_bps": 15.0,
      "min_sample_size": 2000
    },
    "venue_coinbase": {
      "total_fills": 924,
      "p95_slippage_bps": 10.0426015446802,
      "mean_slippage_bps": 4.156109172206532,
      "median_slippage_bps": 3.476605701339217,
      "p99_slippage_bps": 18.577503262246164,
      "maker_ratio": 0.7,
      "fills_under_threshold": 899,
      "pct_under_threshold": 0.9729437229437229,
      "gate_status": "INSUFFICIENT_DATA",
      "reason": "need_2000_fills_have_924",
      "threshold_bps": 15.0,
      "min_sample_size": 2000
    },
    "venue_alpaca": {
      "total_fills": 887,
      "p95_slippage_bps": 9.730929213192885,
      "mean_slippage_bps": 4.113772490205238,
      "median_slippage_bps": 3.4155727634157227,
      "p99_slippage_bps": 19.318718857386735,
      "maker_ratio": 0.7,
      "fills_under_threshold": 863,
      "pct_under_threshold": 0.9729425028184893,
      "gate_status": "INSUFFICIENT_DATA",
      "reason": "need_2000_fills_have_887",
      "threshold_bps": 15.0,
      "min_sample_size": 2000
    },
    "venue_binance": {
      "total_fills": 952,
      "p95_slippage_bps": 8.404318450994392,
      "mean_slippage_bps": 3.9499628921555656,
      "median_slippage_bps": 3.4449347228170923,
      "p99_slippage_bps": 18.89322074279538,
      "maker_ratio": 0.7,
      "fills_under_threshold": 928,
      "pct_under_threshold": 0.9747899159663865,
      "gate_status": "INSUFFICIENT_DATA",
      "reason": "need_2000_fills_have_952",
      "threshold_bps": 15.0,
      "min_sample_size": 2000
    },
    "BTC-USD_alpaca": {
      "total_fills": 300,
      "p95_slippage_bps": 10.5099775551124,
      "mean_slippage_bps": 4.066639560033285,
      "median_slippage_bps": 3.280692688546421,
      "p99_slippage_bps": 20.65556971842028,
      "maker_ratio": 0.7,
      "fills_under_threshold": 292,
      "pct_under_threshold": 0.9733333333333334,
      "gate_status": "INSUFFICIENT_DATA",
      "reason": "need_2000_fills_have_300",
      "threshold_bps": 15.0,
      "min_sample_size": 2000
    },
    "BTC-USD_binance": {
      "total_fills": 295,
      "p95_slippage_bps": 8.48877428701415,
      "mean_slippage_bps": 3.7909651812378056,
      "median_slippage_bps": 3.152224237516225,
      "p99_slippage_bps": 17.0095645792305,
      "maker_ratio": 0.7,
      "fills_under_threshold": 288,
      "pct_under_threshold": 0.976271186440678,
      "gate_status": "INSUFFICIENT_DATA",
      "reason": "need_2000_fills_have_295",
      "threshold_bps": 15.0,
      "min_sample_size": 2000
    },
    "BTC-USD_coinbase": {
      "total_fills": 315,
      "p95_slippage_bps": 8.44467167344896,
      "mean_slippage_bps": 3.9452683219770646,
      "median_slippage_bps": 3.6150319430579647,
      "p99_slippage_bps": 14.349182203844643,
      "maker_ratio": 0.7,
      "fills_under_threshold": 312,
      "pct_under_threshold": 0.9904761904761905,
      "gate_status": "INSUFFICIENT_DATA",
      "reason": "need_2000_fills_have_315",
      "threshold_bps": 15.0,
      "min_sample_size": 2000
    },
    "ETH-USD_alpaca": {
      "total_fills": 289,
      "p95_slippage_bps": 9.305039502737595,
      "mean_slippage_bps": 4.120412386222658,
      "median_slippage_bps": 3.455171787271962,
      "p99_slippage_bps": 18.075303755089628,
      "maker_ratio": 0.7,
      "fills_under_threshold": 282,
      "pct_under_threshold": 0.9757785467128027,
      "gate_status": "INSUFFICIENT_DATA",
      "reason": "need_2000_fills_have_289",
      "threshold_bps": 15.0,
      "min_sample_size": 2000
    },
    "ETH-USD_binance": {
      "total_fills": 315,
      "p95_slippage_bps": 8.307865622686435,
      "mean_slippage_bps": 3.9886798842068627,
      "median_slippage_bps": 3.5308414130331776,
      "p99_slippage_bps": 20.463139223377002,
      "maker_ratio": 0.7,
      "fills_under_threshold": 305,
      "pct_under_threshold": 0.9682539682539683,
      "gate_status": "INSUFFICIENT_DATA",
      "reason": "need_2000_fills_have_315",
      "threshold_bps": 15.0,
      "min_sample_size": 2000
    },
    "ETH-USD_coinbase": {
      "total_fills": 319,
      "p95_slippage_bps": 12.112644457130639,
      "mean_slippage_bps": 4.17222070107184,
      "median_slippage_bps": 3.358759493720549,
      "p99_slippage_bps": 18.38962198636243,
      "maker_ratio": 0.7,
      "fills_under_threshold": 307,
      "pct_under_threshold": 0.9623824451410659,
      "gate_status": "INSUFFICIENT_DATA",
      "reason": "need_2000_fills_have_319",
      "threshold_bps": 15.0,
      "min_sample_size": 2000
    },
    "NVDA_alpaca": {
      "total_fills": 298,
      "p95_slippage_bps": 9.55457221454668,
      "mean_slippage_bps": 4.154782386522525,
      "median_slippage_bps": 3.6115108493663985,
      "p99_slippage_bps": 18.289688755398664,
      "maker_ratio": 0.7,
      "fills_under_threshold": 289,
      "pct_under_threshold": 0.9697986577181208,
      "gate_status": "INSUFFICIENT_DATA",
      "reason": "need_2000_fills_have_298",
      "threshold_bps": 15.0,
      "min_sample_size": 2000
    },
    "NVDA_binance": {
      "total_fills": 342,
      "p95_slippage_bps": 8.331959935523178,
      "mean_slippage_bps": 4.051449653046154,
      "median_slippage_bps": 3.5023092277207075,
      "p99_slippage_bps": 17.242008372742834,
      "maker_ratio": 0.7,
      "fills_under_threshold": 335,
      "pct_under_threshold": 0.97953216374269,
      "gate_status": "INSUFFICIENT_DATA",
      "reason": "need_2000_fills_have_342",
      "threshold_bps": 15.0,
      "min_sample_size": 2000
    },
    "NVDA_coinbase": {
      "total_fills": 290,
      "p95_slippage_bps": 11.697233114016155,
      "mean_slippage_bps": 4.367403276048771,
      "median_slippage_bps": 3.4559458334164073,
      "p99_slippage_bps": 22.332043144783267,
      "maker_ratio": 0.7,
      "fills_under_threshold": 280,
      "pct_under_threshold": 0.9655172413793104,
      "gate_status": "INSUFFICIENT_DATA",
      "reason": "need_2000_fills_have_290",