{
  "timestamp": "2025-08-16T07:19:34.662521+00:00",
  "window_hours": 48,
  "threshold_bps": 15.0,
  "min_sample_size": 2000,
  "overall_metrics": {
    "total_fills": 2598,
    "p95_slippage_bps": 8.96924103391937,
    "mean_slippage_bps": 3.9776207390809692,
    "median_slippage_bps": 3.3616089990220823,
    "p99_slippage_bps": 17.86743654090749,
    "maker_ratio": 0.7,
    "fills_under_threshold": 2548,
    "pct_under_threshold": 0.9807544264819091,
    "gate_status": "PASS",
    "reason": "criteria_met",
    "threshold_bps": 15.0,
    "min_sample_size": 2000
  },
  "breakdown_metrics": {
    "asset_BTC-USD": {
      "total_fills": 855,
      "p95_slippage_bps": 8.786043540191043,
      "mean_slippage_bps": 3.8927726123328714,
      "median_slippage_bps": 3.33163406014652,
      "p99_slippage_bps": 17.721082462680478,
      "maker_ratio": 0.7,
      "fills_under_threshold": 843,
      "pct_under_threshold": 0.9859649122807017,
      "gate_status": "INSUFFICIENT_DATA",
      "reason": "need_2000_fills_have_855",
      "threshold_bps": 15.0,
      "min_sample_size": 2000
    },
    "asset_ETH-USD": {
      "total_fills": 828,
      "p95_slippage_bps": 9.132479895720437,
      "mean_slippage_bps": 3.9651740619027365,
      "median_slippage_bps": 3.4018804906578892,
      "p99_slippage_bps": 17.157783144714685,
      "maker_ratio": 0.7,
      "fills_under_threshold": 813,
      "pct_under_threshold": 0.9818840579710145,
      "gate_status": "INSUFFICIENT_DATA",
      "reason": "need_2000_fills_have_828",
      "threshold_bps": 15.0,
      "min_sample_size": 2000
    },
    "asset_NVDA": {
      "total_fills": 915,
      "p95_slippage_bps": 8.999422755926444,
      "mean_slippage_bps": 4.068168276865887,
      "median_slippage_bps": 3.3579862541539347,
      "p99_slippage_bps": 18.88896711315404,
      "maker_ratio": 0.7,
      "fills_under_threshold": 892,
      "pct_under_threshold": 0.9748633879781421,
      "gate_status": "INSUFFICIENT_DATA",
      "reason": "need_2000_fills_have_915",
      "threshold_bps": 15.0,
      "min_sample_size": 2000
    },
    "venue_alpaca": {
      "total_fills": 883,
      "p95_slippage_bps": 8.98504260735885,
      "mean_slippage_bps": 3.9625566720545304,
      "median_slippage_bps": 3.350503997956187,
      "p99_slippage_bps": 17.407775707566493,
      "maker_ratio": 0.7,
      "fills_under_threshold": 868,
      "pct_under_threshold": 0.9830124575311439,
      "gate_status": "INSUFFICIENT_DATA",
      "reason": "need_2000_fills_have_883",
      "threshold_bps": 15.0,
      "min_sample_size": 2000
    },
    "venue_coinbase": {
      "total_fills": 857,
      "p95_slippage_bps": 8.8727715113324,
      "mean_slippage_bps": 3.9502065485878264,
      "median_slippage_bps": 3.3247326131156147,
      "p99_slippage_bps": 17.340764265893192,
      "maker_ratio": 0.7,
      "fills_under_threshold": 841,
      "pct_under_threshold": 0.9813302217036173,
      "gate_status": "INSUFFICIENT_DATA",
      "reason": "need_2000_fills_have_857",
      "threshold_bps": 15.0,
      "min_sample_size": 2000
    },
    "venue_binance": {
      "total_fills": 858,
      "p95_slippage_bps": 9.116139437303152,
      "mean_slippage_bps": 4.020505975021491,
      "median_slippage_bps": 3.4143328619712277,
      "p99_slippage_bps": 18.38869104570942,
      "maker_ratio": 0.7,
      "fills_under_threshold": 839,
      "pct_under_threshold": 0.9778554778554779,
      "gate_status": "INSUFFICIENT_DATA",
      "reason": "need_2000_fills_have_858",
      "threshold_bps": 15.0,
      "min_sample_size": 2000
    },
    "BTC-USD_alpaca": {
      "total_fills": 296,
      "p95_slippage_bps": 8.743769368807518,
      "mean_slippage_bps": 3.8413978441426266,
      "median_slippage_bps": 3.3985747892167564,
      "p99_slippage_bps": 10.917891486894968,
      "maker_ratio": 0.7,
      "fills_under_threshold": 293,
      "pct_under_threshold": 0.9898648648648649,
      "gate_status": "INSUFFICIENT_DATA",
      "reason": "need_2000_fills_have_296",
      "threshold_bps": 15.0,
      "min_sample_size": 2000
    },
    "BTC-USD_binance": {
      "total_fills": 274,
      "p95_slippage_bps": 9.191115431053255,
      "mean_slippage_bps": 3.900502536249938,
      "median_slippage_bps": 3.3712131382805595,
      "p99_slippage_bps": 18.316575992244832,
      "maker_ratio": 0.7,
      "fills_under_threshold": 269,
      "pct_under_threshold": 0.9817518248175182,
      "gate_status": "INSUFFICIENT_DATA",
      "reason": "need_2000_fills_have_274",
      "threshold_bps": 15.0,
      "min_sample_size": 2000
    },
    "BTC-USD_coinbase": {
      "total_fills": 285,
      "p95_slippage_bps": 8.288184802023512,
      "mean_slippage_bps": 3.9386986903365075,
      "median_slippage_bps": 3.2783334674233853,
      "p99_slippage_bps": 16.580675684074276,
      "maker_ratio": 0.7,
      "fills_under_threshold": 281,
      "pct_under_threshold": 0.9859649122807017,
      "gate_status": "INSUFFICIENT_DATA",
      "reason": "need_2000_fills_have_285",
      "threshold_bps": 15.0,
      "min_sample_size": 2000
    },
    "ETH-USD_alpaca": {
      "total_fills": 290,
      "p95_slippage_bps": 8.692828235600603,
      "mean_slippage_bps": 3.790971135067117,
      "median_slippage_bps": 3.3030232323997093,
      "p99_slippage_bps": 15.298636738675706,
      "maker_ratio": 0.7,
      "fills_under_threshold": 286,
      "pct_under_threshold": 0.9862068965517241,
      "gate_status": "INSUFFICIENT_DATA",
      "reason": "need_2000_fills_have_290",
      "threshold_bps": 15.0,
      "min_sample_size": 2000
    },
    "ETH-USD_binance": {
      "total_fills": 284,
      "p95_slippage_bps": 8.797967227407561,
      "mean_slippage_bps": 3.9952161357321057,
      "median_slippage_bps": 3.3807982609489393,
      "p99_slippage_bps": 17.700849017206874,
      "maker_ratio": 0.7,
      "fills_under_threshold": 278,
      "pct_under_threshold": 0.9788732394366197,
      "gate_status": "INSUFFICIENT_DATA",
      "reason": "need_2000_fills_have_284",
      "threshold_bps": 15.0,
      "min_sample_size": 2000
    },
    "ETH-USD_coinbase": {
      "total_fills": 254,
      "p95_slippage_bps": 9.492866517169587,
      "mean_slippage_bps": 4.13047681707907,
      "median_slippage_bps": 3.6611378180865897,
      "p99_slippage_bps": 16.63513199363511,
      "maker_ratio": 0.7,
      "fills_under_threshold": 249,
      "pct_under_threshold": 0.9803149606299213,
      "gate_status": "INSUFFICIENT_DATA",
      "reason": "need_2000_fills_have_254",
      "threshold_bps": 15.0,
      "min_sample_size": 2000
    },
    "NVDA_alpaca": {
      "total_fills": 297,
      "p95_slippage_bps": 9.176938112129097,
      "mean_slippage_bps": 4.250848991206967,
      "median_slippage_bps": 3.3880362009208094,
      "p99_slippage_bps": 19.40524875327746,
      "maker_ratio": 0.7,
      "fills_under_threshold": 289,
      "pct_under_threshold": 0.9730639730639731,
      "gate_status": "INSUFFICIENT_DATA",
      "reason": "need_2000_fills_have_297",
      "threshold_bps": 15.0,
      "min_sample_size": 2000
    },
    "NVDA_binance": {
      "total_fills": 300,
      "p95_slippage_bps": 9.116552039648601,
      "mean_slippage_bps": 4.154050163626794,
      "median_slippage_bps": 3.483654257716786,
      "p99_slippage_bps": 18.841371326762925,
      "maker_ratio": 0.7,
      "fills_under_threshold": 292,
      "pct_under_threshold": 0.9733333333333334,
      "gate_status": "INSUFFICIENT_DATA",
      "reason": "need_2000_fills_have_300",
      "threshold_bps": 15.0,
      "min_sample_size": 2000
    },
    "NVDA_coinbase": {
      "total_fills": 318,
      "p95_slippage_bps": 8.400775889634057,
      "mean_slippage_bps": 3.8165307353955322,
      "median_slippage_bps": 3.2091714320581417,
      "p99_slippage_bps": 17.704716467644086,
      "maker_ratio": 0.7,
      "fills_under_threshold": 311,
      "pct_under_threshold": 0.9779874213836478,
      "gate_status": "INSUFFICIENT_DATA",