{
  "timestamp": "2025-08-15T22:27:04.505688+00:00",
  "window_hours": 48,
  "threshold_bps": 15.0,
  "min_sample_size": 2000,
  "overall_metrics": {
    "total_fills": 3000,
    "p95_slippage_bps": 39.494001411920415,
    "mean_slippage_bps": 16.545379989364477,
    "median_slippage_bps": 13.500993395738629,
    "p99_slippage_bps": 67.74956471946868,
    "maker_ratio": 0.7033333333333334,
    "fills_under_threshold": 1673,
    "pct_under_threshold": 0.5576666666666666,
    "gate_status": "FAIL",
    "reason": "p95_39.5bp_exceeds_15.0bp",
    "threshold_bps": 15.0,
    "min_sample_size": 2000
  },
  "breakdown_metrics": {
    "asset_NVDA": {
      "total_fills": 735,
      "p95_slippage_bps": 37.80178595171497,
      "mean_slippage_bps": 15.6767659491461,
      "median_slippage_bps": 12.76058262340515,
      "p99_slippage_bps": 59.87665694449389,
      "maker_ratio": 0.7183673469387755,
      "fills_under_threshold": 432,
      "pct_under_threshold": 0.5877551020408164,
      "gate_status": "INSUFFICIENT_DATA",
      "reason": "need_2000_fills_have_735",
      "threshold_bps": 15.0,
      "min_sample_size": 2000
    },
    "asset_SOL-USD": {
      "total_fills": 732,
      "p95_slippage_bps": 39.66530147764505,
      "mean_slippage_bps": 16.75376796466404,
      "median_slippage_bps": 13.605631266165478,
      "p99_slippage_bps": 65.36523449433642,
      "maker_ratio": 0.7226775956284153,
      "fills_under_threshold": 414,
      "pct_under_threshold": 0.5655737704918032,
      "gate_status": "INSUFFICIENT_DATA",
      "reason": "need_2000_fills_have_732",
      "threshold_bps": 15.0,
      "min_sample_size": 2000
    },
    "asset_BTC-USD": {
      "total_fills": 754,
      "p95_slippage_bps": 40.43229145271703,
      "mean_slippage_bps": 16.940322255061425,
      "median_slippage_bps": 13.733845471625422,
      "p99_slippage_bps": 77.1797185675266,
      "maker_ratio": 0.6816976127320955,
      "fills_under_threshold": 406,
      "pct_under_threshold": 0.5384615384615384,
      "gate_status": "INSUFFICIENT_DATA",
      "reason": "need_2000_fills_have_754",
      "threshold_bps": 15.0,
      "min_sample_size": 2000
    },
    "asset_ETH-USD": {
      "total_fills": 779,
      "p95_slippage_bps": 40.616943264226514,
      "mean_slippage_bps": 16.786849634172857,
      "median_slippage_bps": 13.834781127407684,
      "p99_slippage_bps": 63.68595149364268,
      "maker_ratio": 0.6919127086007703,
      "fills_under_threshold": 421,
      "pct_under_threshold": 0.540436456996149,
      "gate_status": "INSUFFICIENT_DATA",
      "reason": "need_2000_fills_have_779",
      "threshold_bps": 15.0,
      "min_sample_size": 2000
    },
    "venue_coinbase": {
      "total_fills": 1111,
      "p95_slippage_bps": 40.043482728290684,
      "mean_slippage_bps": 16.508394625523074,
      "median_slippage_bps": 13.7373686983376,
      "p99_slippage_bps": 67.50791874835093,
      "maker_ratio": 0.7065706570657065,
      "fills_under_threshold": 618,
      "pct_under_threshold": 0.5562556255625563,
      "gate_status": "INSUFFICIENT_DATA",
      "reason": "need_2000_fills_have_1111",
      "threshold_bps": 15.0,
      "min_sample_size": 2000
    },
    "venue_alpaca": {
      "total_fills": 1139,
      "p95_slippage_bps": 38.74859682179518,
      "mean_slippage_bps": 16.548606029390722,
      "median_slippage_bps": 13.295206590690965,
      "p99_slippage_bps": 65.94355087720592,
      "maker_ratio": 0.704126426690079,
      "fills_under_threshold": 639,
      "pct_under_threshold": 0.5610184372256365,
      "gate_status": "INSUFFICIENT_DATA",
      "reason": "need_2000_fills_have_1139",
      "threshold_bps": 15.0,
      "min_sample_size": 2000
    },
    "venue_binance": {
      "total_fills": 750,
      "p95_slippage_bps": 39.80879775863035,
      "mean_slippage_bps": 16.595268362215016,
      "median_slippage_bps": 13.256568392377659,
      "p99_slippage_bps": 65.89240961166469,
      "maker_ratio": 0.6973333333333334,
      "fills_under_threshold": 416,
      "pct_under_threshold": 0.5546666666666666,
      "gate_status": "INSUFFICIENT_DATA",
      "reason": "need_2000_fills_have_750",
      "threshold_bps": 15.0,
      "min_sample_size": 2000
    },
    "BTC-USD_alpaca": {
      "total_fills": 264,
      "p95_slippage_bps": 41.99832894310318,
      "mean_slippage_bps": 17.553402953720948,
      "median_slippage_bps": 13.126829622118528,
      "p99_slippage_bps": 91.7167185836122,
      "maker_ratio": 0.6818181818181818,
      "fills_under_threshold": 146,
      "pct_under_threshold": 0.553030303030303,
      "gate_status": "INSUFFICIENT_DATA",
      "reason": "need_2000_fills_have_264",
      "threshold_bps": 15.0,
      "min_sample_size": 2000
    },
    "BTC-USD_binance": {
      "total_fills": 245,
      "p95_slippage_bps": 40.51127240984036,
      "mean_slippage_bps": 17.156541711749075,
      "median_slippage_bps": 13.674256134218327,
      "p99_slippage_bps": 70.11387615079687,
      "maker_ratio": 0.6571428571428571,
      "fills_under_threshold": 132,
      "pct_under_threshold": 0.5387755102040817,
      "gate_status": "INSUFFICIENT_DATA",
      "reason": "need_2000_fills_have_245",
      "threshold_bps": 15.0,
      "min_sample_size": 2000
    },
    "BTC-USD_coinbase": {
      "total_fills": 245,
      "p95_slippage_bps": 34.32182788407055,
      "mean_slippage_bps": 16.06347706594066,
      "median_slippage_bps": 14.40030697188094,
      "p99_slippage_bps": 51.355725363948665,
      "maker_ratio": 0.7061224489795919,
      "fills_under_threshold": 128,
      "pct_under_threshold": 0.5224489795918368,
      "gate_status": "INSUFFICIENT_DATA",
      "reason": "need_2000_fills_have_245",
      "threshold_bps": 15.0,
      "min_sample_size": 2000
    },
    "ETH-USD_alpaca": {
      "total_fills": 247,
      "p95_slippage_bps": 37.35462800993571,
      "mean_slippage_bps": 16.943715651712306,
      "median_slippage_bps": 13.879127388051334,
      "p99_slippage_bps": 56.97720021359405,
      "maker_ratio": 0.6923076923076923,
      "fills_under_threshold": 135,
      "pct_under_threshold": 0.5465587044534413,
      "gate_status": "INSUFFICIENT_DATA",
      "reason": "need_2000_fills_have_247",
      "threshold_bps": 15.0,
      "min_sample_size": 2000
    },
    "ETH-USD_binance": {
      "total_fills": 274,
      "p95_slippage_bps": 38.35801747910366,
      "mean_slippage_bps": 16.684737804942174,
      "median_slippage_bps": 14.208586887562708,
      "p99_slippage_bps": 59.72142513858063,
      "maker_ratio": 0.6934306569343066,
      "fills_under_threshold": 142,
      "pct_under_threshold": 0.5182481751824818,
      "gate_status": "INSUFFICIENT_DATA",
      "reason": "need_2000_fills_have_274",
      "threshold_bps": 15.0,
      "min_sample_size": 2000
    },
    "ETH-USD_coinbase": {
      "total_fills": 258,
      "p95_slippage_bps": 40.674034136283666,
      "mean_slippage_bps": 16.745116048424652,
      "median_slippage_bps": 13.04226493706625,
      "p99_slippage_bps": 64.94602036564436,
      "maker_ratio": 0.689922480620155,
      "fills_under_threshold": 144,
      "pct_under_threshold": 0.5581395348837209,
      "gate_status": "INSUFFICIENT_DATA",
      "reason": "need_2000_fills_have_258",
      "threshold_bps": 15.0,
      "min_sample_size": 2000
    },
    "NVDA_alpaca": {
      "total_fills": 366,
      "p95_slippage_bps": 35.033413174926196,
      "mean_slippage_bps": 14.890106726285772,
      "median_slippage_bps": 12.301523923613576,
      "p99_slippage_bps": 49.298721003807415,
      "maker_ratio": 0.73224043715847,
      "fills_under_threshold": 218,
      "pct_under_threshold": 0.5956284153005464,
      "gate_status": "INSUFFICIENT_DATA",
      "reason": "need_2000_fills_have_366",
      "threshold_bps": 15.0,
      "min_sample_size": 2000
    },
    "NVDA_coinbase": {
      "total_fills": 369,
      "p95_slippage_bps": 43.326478298356975,
      "mean_slippage_bps": 16.45702956856854,