{
  "timestamp": "2025-08-16T22:32:37.954341+00:00",
  "window_hours": 48,
  "threshold_bps": 15.0,
  "min_sample_size": 2000,
  "overall_metrics": {
    "total_fills": 2739,
    "p95_slippage_bps": 9.612849528274015,
    "mean_slippage_bps": 4.036444400930816,
    "median_slippage_bps": 3.376736317351318,
    "p99_slippage_bps": 19.006104532644684,
    "maker_ratio": 0.7,
    "fills_under_threshold": 2671,
    "pct_under_threshold": 0.9751734209565535,
    "gate_status": "PASS",
    "reason": "criteria_met",
    "threshold_bps": 15.0,
    "min_sample_size": 2000
  },
  "breakdown_metrics": {
    "asset_ETH-USD": {
      "total_fills": 907,
      "p95_slippage_bps": 9.766208679914582,
      "mean_slippage_bps": 4.039340287704557,
      "median_slippage_bps": 3.3412087866290654,
      "p99_slippage_bps": 18.533760228470012,
      "maker_ratio": 0.7,
      "fills_under_threshold": 885,
      "pct_under_threshold": 0.9757442116868799,
      "gate_status": "INSUFFICIENT_DATA",
      "reason": "need_2000_fills_have_907",
      "threshold_bps": 15.0,
      "min_sample_size": 2000
    },
    "asset_NVDA": {
      "total_fills": 918,
      "p95_slippage_bps": 9.427591116984102,
      "mean_slippage_bps": 3.9808417687639195,
      "median_slippage_bps": 3.367781655005225,
      "p99_slippage_bps": 17.961709403102482,
      "maker_ratio": 0.7,
      "fills_under_threshold": 897,
      "pct_under_threshold": 0.9771241830065359,
      "gate_status": "INSUFFICIENT_DATA",
      "reason": "need_2000_fills_have_918",
      "threshold_bps": 15.0,
      "min_sample_size": 2000
    },
    "asset_BTC-USD": {
      "total_fills": 914,
      "p95_slippage_bps": 9.594642502194331,
      "mean_slippage_bps": 4.089416662446603,
      "median_slippage_bps": 3.390906582846199,
      "p99_slippage_bps": 19.84631779444611,
      "maker_ratio": 0.7,
      "fills_under_threshold": 889,
      "pct_under_threshold": 0.9726477024070022,
      "gate_status": "INSUFFICIENT_DATA",
      "reason": "need_2000_fills_have_914",
      "threshold_bps": 15.0,
      "min_sample_size": 2000
    },
    "venue_alpaca": {
      "total_fills": 940,
      "p95_slippage_bps": 9.317644761581237,
      "mean_slippage_bps": 3.99874324073555,
      "median_slippage_bps": 3.404301750730294,
      "p99_slippage_bps": 19.606893206300093,
      "maker_ratio": 0.7,
      "fills_under_threshold": 915,
      "pct_under_threshold": 0.973404255319149,
      "gate_status": "INSUFFICIENT_DATA",
      "reason": "need_2000_fills_have_940",
      "threshold_bps": 15.0,
      "min_sample_size": 2000
    },
    "venue_binance": {
      "total_fills": 898,
      "p95_slippage_bps": 10.204916962274199,
      "mean_slippage_bps": 4.063328649596714,
      "median_slippage_bps": 3.33474811058647,
      "p99_slippage_bps": 19.161074356770307,
      "maker_ratio": 0.7,
      "fills_under_threshold": 871,
      "pct_under_threshold": 0.9699331848552338,
      "gate_status": "INSUFFICIENT_DATA",
      "reason": "need_2000_fills_have_898",
      "threshold_bps": 15.0,
      "min_sample_size": 2000
    },
    "venue_coinbase": {
      "total_fills": 901,
      "p95_slippage_bps": 9.464954918892651,
      "mean_slippage_bps": 4.048982730877071,
      "median_slippage_bps": 3.41010952794323,
      "p99_slippage_bps": 17.346030979295364,
      "maker_ratio": 0.7,
      "fills_under_threshold": 885,
      "pct_under_threshold": 0.9822419533851277,
      "gate_status": "INSUFFICIENT_DATA",
      "reason": "need_2000_fills_have_901",
      "threshold_bps": 15.0,
      "min_sample_size": 2000
    },
    "BTC-USD_alpaca": {
      "total_fills": 320,
      "p95_slippage_bps": 9.635369480292246,
      "mean_slippage_bps": 4.308093676232838,
      "median_slippage_bps": 3.54071333960156,
      "p99_slippage_bps": 21.232222900537327,
      "maker_ratio": 0.7,
      "fills_under_threshold": 307,
      "pct_under_threshold": 0.959375,
      "gate_status": "INSUFFICIENT_DATA",
      "reason": "need_2000_fills_have_320",
      "threshold_bps": 15.0,
      "min_sample_size": 2000
    },
    "BTC-USD_binance": {
      "total_fills": 310,
      "p95_slippage_bps": 8.994711160834916,
      "mean_slippage_bps": 3.9162906845230525,
      "median_slippage_bps": 3.2206537955765846,
      "p99_slippage_bps": 20.613389173665812,
      "maker_ratio": 0.7,
      "fills_under_threshold": 303,
      "pct_under_threshold": 0.9774193548387097,
      "gate_status": "INSUFFICIENT_DATA",
      "reason": "need_2000_fills_have_310",
      "threshold_bps": 15.0,
      "min_sample_size": 2000
    },
    "BTC-USD_coinbase": {
      "total_fills": 284,
      "p95_slippage_bps": 9.272259061104226,
      "mean_slippage_bps": 4.031995566477257,
      "median_slippage_bps": 3.372656735838337,
      "p99_slippage_bps": 16.435079845883457,
      "maker_ratio": 0.7,
      "fills_under_threshold": 279,
      "pct_under_threshold": 0.9823943661971831,
      "gate_status": "INSUFFICIENT_DATA",
      "reason": "need_2000_fills_have_284",
      "threshold_bps": 15.0,
      "min_sample_size": 2000
    },
    "ETH-USD_alpaca": {
      "total_fills": 308,
      "p95_slippage_bps": 9.135325472508462,
      "mean_slippage_bps": 3.7989441988839214,
      "median_slippage_bps": 3.217569779107924,
      "p99_slippage_bps": 18.413984502785596,
      "maker_ratio": 0.7,
      "fills_under_threshold": 302,
      "pct_under_threshold": 0.9805194805194806,
      "gate_status": "INSUFFICIENT_DATA",
      "reason": "need_2000_fills_have_308",
      "threshold_bps": 15.0,
      "min_sample_size": 2000
    },
    "ETH-USD_binance": {
      "total_fills": 280,
      "p95_slippage_bps": 14.85374179491069,
      "mean_slippage_bps": 4.376609091800623,
      "median_slippage_bps": 3.401752176625564,
      "p99_slippage_bps": 20.945229739910538,
      "maker_ratio": 0.7,
      "fills_under_threshold": 266,
      "pct_under_threshold": 0.95,
      "gate_status": "INSUFFICIENT_DATA",
      "reason": "need_2000_fills_have_280",
      "threshold_bps": 15.0,
      "min_sample_size": 2000
    },
    "ETH-USD_coinbase": {
      "total_fills": 319,
      "p95_slippage_bps": 8.921023502065083,
      "mean_slippage_bps": 3.975411542280913,
      "median_slippage_bps": 3.521815366470085,
      "p99_slippage_bps": 13.105081975125419,
      "maker_ratio": 0.7,
      "fills_under_threshold": 317,
      "pct_under_threshold": 0.9937304075235109,
      "gate_status": "INSUFFICIENT_DATA",
      "reason": "need_2000_fills_have_319",
      "threshold_bps": 15.0,
      "min_sample_size": 2000
    },
    "NVDA_alpaca": {
      "total_fills": 312,
      "p95_slippage_bps": 8.596782240564183,
      "mean_slippage_bps": 3.8786982584636562,
      "median_slippage_bps": 3.34118850711606,
      "p99_slippage_bps": 17.19612043484504,
      "maker_ratio": 0.7,
      "fills_under_threshold": 306,
      "pct_under_threshold": 0.9807692307692307,
      "gate_status": "INSUFFICIENT_DATA",
      "reason": "need_2000_fills_have_312",
      "threshold_bps": 15.0,
      "min_sample_size": 2000
    },
    "NVDA_binance": {
      "total_fills": 308,
      "p95_slippage_bps": 9.005229235224766,
      "mean_slippage_bps": 3.9265210046478187,
      "median_slippage_bps": 3.3530644384391617,
      "p99_slippage_bps": 16.66992228617684,
      "maker_ratio": 0.7,
      "fills_under_threshold": 302,
      "pct_under_threshold": 0.9805194805194806,
      "gate_status": "INSUFFICIENT_DATA",
      "reason": "need_2000_fills_have_308",
      "threshold_bps": 15.0,
      "min_sample_size": 2000
    },
    "NVDA_coinbase": {
      "total_fills": 298,
      "p95_slippage_bps": 10.249881949779425,
      "mean_slippage_bps": 4.143927576017077,
      "median_slippage_bps": 3.397998803360151,
      "p99_slippage_bps": 18.339006978768968,
      "maker_ratio": 0.7,
      "fills_under_threshold": 289,
      "pct_under_threshold": 0.9697986577181208,
      "gate_status": "INSUFFICIENT_DATA",
      "reason": "need_2000_fills_have_298",
      "threshold_bps": 15.0,