{
  "timestamp": "2025-08-16T14:14:37.597983+00:00",
  "window_hours": 48,
  "threshold_bps": 15.0,
  "min_sample_size": 2000,
  "overall_metrics": {
    "total_fills": 2754,
    "p95_slippage_bps": 8.82794991861158,
    "mean_slippage_bps": 4.000034760214792,
    "median_slippage_bps": 3.470345128837778,
    "p99_slippage_bps": 18.52295793292637,
    "maker_ratio": 0.7,
    "fills_under_threshold": 2700,
    "pct_under_threshold": 0.9803921568627451,
    "gate_status": "PASS",
    "reason": "criteria_met",
    "threshold_bps": 15.0,
    "min_sample_size": 2000
  },
  "breakdown_metrics": {
    "asset_ETH-USD": {
      "total_fills": 914,
      "p95_slippage_bps": 8.828885770425575,
      "mean_slippage_bps": 4.031252881834293,
      "median_slippage_bps": 3.532518957781182,
      "p99_slippage_bps": 17.477990620059934,
      "maker_ratio": 0.7,
      "fills_under_threshold": 899,
      "pct_under_threshold": 0.9835886214442013,
      "gate_status": "INSUFFICIENT_DATA",
      "reason": "need_2000_fills_have_914",
      "threshold_bps": 15.0,
      "min_sample_size": 2000
    },
    "asset_BTC-USD": {
      "total_fills": 897,
      "p95_slippage_bps": 8.60977415448457,
      "mean_slippage_bps": 3.9962856267032723,
      "median_slippage_bps": 3.3997569209800647,
      "p99_slippage_bps": 19.9836985849035,
      "maker_ratio": 0.7,
      "fills_under_threshold": 876,
      "pct_under_threshold": 0.9765886287625418,
      "gate_status": "INSUFFICIENT_DATA",
      "reason": "need_2000_fills_have_897",
      "threshold_bps": 15.0,
      "min_sample_size": 2000
    },
    "asset_NVDA": {
      "total_fills": 943,
      "p95_slippage_bps": 8.829477055459291,
      "mean_slippage_bps": 3.973342935824134,
      "median_slippage_bps": 3.4715407277479153,
      "p99_slippage_bps": 18.02351296648851,
      "maker_ratio": 0.7,
      "fills_under_threshold": 925,
      "pct_under_threshold": 0.9809119830328739,
      "gate_status": "INSUFFICIENT_DATA",
      "reason": "need_2000_fills_have_943",
      "threshold_bps": 15.0,
      "min_sample_size": 2000
    },
    "venue_coinbase": {
      "total_fills": 863,
      "p95_slippage_bps": 9.158461152879019,
      "mean_slippage_bps": 4.078922400143858,
      "median_slippage_bps": 3.480215627562118,
      "p99_slippage_bps": 19.37303433204294,
      "maker_ratio": 0.7,
      "fills_under_threshold": 846,
      "pct_under_threshold": 0.9803012746234068,
      "gate_status": "INSUFFICIENT_DATA",
      "reason": "need_2000_fills_have_863",
      "threshold_bps": 15.0,
      "min_sample_size": 2000
    },
    "venue_binance": {
      "total_fills": 969,
      "p95_slippage_bps": 8.438683721717824,
      "mean_slippage_bps": 3.995896668563239,
      "median_slippage_bps": 3.5571014629277276,
      "p99_slippage_bps": 18.45316795839505,
      "maker_ratio": 0.7,
      "fills_under_threshold": 950,
      "pct_under_threshold": 0.9803921568627451,
      "gate_status": "INSUFFICIENT_DATA",
      "reason": "need_2000_fills_have_969",
      "threshold_bps": 15.0,
      "min_sample_size": 2000
    },
    "venue_alpaca": {
      "total_fills": 922,
      "p95_slippage_bps": 8.212664467702641,
      "mean_slippage_bps": 3.930544280335801,
      "median_slippage_bps": 3.3753406309478207,
      "p99_slippage_bps": 17.96491485550872,
      "maker_ratio": 0.7,
      "fills_under_threshold": 904,
      "pct_under_threshold": 0.9804772234273319,
      "gate_status": "INSUFFICIENT_DATA",
      "reason": "need_2000_fills_have_922",
      "threshold_bps": 15.0,
      "min_sample_size": 2000
    },
    "BTC-USD_alpaca": {
      "total_fills": 289,
      "p95_slippage_bps": 7.734227284351117,
      "mean_slippage_bps": 3.7283553696810827,
      "median_slippage_bps": 3.314434620913262,
      "p99_slippage_bps": 14.919085643638542,
      "maker_ratio": 0.7,
      "fills_under_threshold": 286,
      "pct_under_threshold": 0.9896193771626297,
      "gate_status": "INSUFFICIENT_DATA",
      "reason": "need_2000_fills_have_289",
      "threshold_bps": 15.0,
      "min_sample_size": 2000
    },
    "BTC-USD_binance": {
      "total_fills": 328,
      "p95_slippage_bps": 8.826119532303284,
      "mean_slippage_bps": 4.133740480237758,
      "median_slippage_bps": 3.506289044963772,
      "p99_slippage_bps": 20.804556469706608,
      "maker_ratio": 0.7,
      "fills_under_threshold": 318,
      "pct_under_threshold": 0.9695121951219512,
      "gate_status": "INSUFFICIENT_DATA",
      "reason": "need_2000_fills_have_328",
      "threshold_bps": 15.0,
      "min_sample_size": 2000
    },
    "BTC-USD_coinbase": {
      "total_fills": 280,
      "p95_slippage_bps": 8.861457983026385,
      "mean_slippage_bps": 4.111809384989348,
      "median_slippage_bps": 3.4057136571206943,
      "p99_slippage_bps": 20.244243730249888,
      "maker_ratio": 0.7,
      "fills_under_threshold": 272,
      "pct_under_threshold": 0.9714285714285714,
      "gate_status": "INSUFFICIENT_DATA",
      "reason": "need_2000_fills_have_280",
      "threshold_bps": 15.0,
      "min_sample_size": 2000
    },
    "ETH-USD_alpaca": {
      "total_fills": 325,
      "p95_slippage_bps": 8.328591896346092,
      "mean_slippage_bps": 4.082654018464654,
      "median_slippage_bps": 3.532590844553998,
      "p99_slippage_bps": 17.316550721749213,
      "maker_ratio": 0.7,
      "fills_under_threshold": 319,
      "pct_under_threshold": 0.9815384615384616,
      "gate_status": "INSUFFICIENT_DATA",
      "reason": "need_2000_fills_have_325",
      "threshold_bps": 15.0,
      "min_sample_size": 2000
    },
    "ETH-USD_binance": {
      "total_fills": 292,
      "p95_slippage_bps": 8.347835428373132,
      "mean_slippage_bps": 3.8958071246404735,
      "median_slippage_bps": 3.630542515293281,
      "p99_slippage_bps": 15.84017821262947,
      "maker_ratio": 0.7,
      "fills_under_threshold": 288,
      "pct_under_threshold": 0.9863013698630136,
      "gate_status": "INSUFFICIENT_DATA",
      "reason": "need_2000_fills_have_292",
      "threshold_bps": 15.0,
      "min_sample_size": 2000
    },
    "ETH-USD_coinbase": {
      "total_fills": 297,
      "p95_slippage_bps": 9.165852559944279,
      "mean_slippage_bps": 4.108171372392299,
      "median_slippage_bps": 3.476061885362963,
      "p99_slippage_bps": 17.550673513349786,
      "maker_ratio": 0.7,
      "fills_under_threshold": 292,
      "pct_under_threshold": 0.9831649831649831,
      "gate_status": "INSUFFICIENT_DATA",
      "reason": "need_2000_fills_have_297",
      "threshold_bps": 15.0,
      "min_sample_size": 2000
    },
    "NVDA_alpaca": {
      "total_fills": 308,
      "p95_slippage_bps": 8.746929354231886,
      "mean_slippage_bps": 3.959755092957024,
      "median_slippage_bps": 3.36136457871936,
      "p99_slippage_bps": 18.954455085748055,
      "maker_ratio": 0.7,
      "fills_under_threshold": 299,
      "pct_under_threshold": 0.9707792207792207,
      "gate_status": "INSUFFICIENT_DATA",
      "reason": "need_2000_fills_have_308",
      "threshold_bps": 15.0,
      "min_sample_size": 2000
    },
    "NVDA_binance": {
      "total_fills": 349,
      "p95_slippage_bps": 8.196747340301563,
      "mean_slippage_bps": 3.9500897247128246,
      "median_slippage_bps": 3.552047117575781,
      "p99_slippage_bps": 16.288466033837828,
      "maker_ratio": 0.7,
      "fills_under_threshold": 344,
      "pct_under_threshold": 0.9856733524355301,
      "gate_status": "INSUFFICIENT_DATA",
      "reason": "need_2000_fills_have_349",
      "threshold_bps": 15.0,
      "min_sample_size": 2000
    },
    "NVDA_coinbase": {
      "total_fills": 286,
      "p95_slippage_bps": 9.169524173067385,
      "mean_slippage_bps": 4.0163514193238425,
      "median_slippage_bps": 3.560166961967993,
      "p99_slippage_bps": 16.913582060620232,
      "maker_ratio": 0.7,
      "fills_under_threshold": 282,
      "pct_under_threshold": 0.986013986013986,
      "gate_status": "INSUFFICIENT_DATA",
      "reason": "need_2000_fills_have_286",