{
  "timestamp": "2025-08-16T09:34:28.596269+00:00",
  "window_hours": 48,
  "threshold_bps": 15.0,
  "min_sample_size": 2000,
  "overall_metrics": {
    "total_fills": 2758,
    "p95_slippage_bps": 9.256523559097676,
    "mean_slippage_bps": 4.100183745112303,
    "median_slippage_bps": 3.4487861804635704,
    "p99_slippage_bps": 18.772890536953014,
    "maker_ratio": 0.7,
    "fills_under_threshold": 2687,
    "pct_under_threshold": 0.9742567077592458,
    "gate_status": "PASS",
    "reason": "criteria_met",
    "threshold_bps": 15.0,
    "min_sample_size": 2000
  },
  "breakdown_metrics": {
    "asset_ETH-USD": {
      "total_fills": 916,
      "p95_slippage_bps": 9.640930188215156,
      "mean_slippage_bps": 4.15129717340421,
      "median_slippage_bps": 3.408281016425164,
      "p99_slippage_bps": 19.43814866493925,
      "maker_ratio": 0.7,
      "fills_under_threshold": 886,
      "pct_under_threshold": 0.9672489082969432,
      "gate_status": "INSUFFICIENT_DATA",
      "reason": "need_2000_fills_have_916",
      "threshold_bps": 15.0,
      "min_sample_size": 2000
    },
    "asset_BTC-USD": {
      "total_fills": 902,
      "p95_slippage_bps": 9.343972511618349,
      "mean_slippage_bps": 4.2476417329369065,
      "median_slippage_bps": 3.516356300308179,
      "p99_slippage_bps": 18.316280531919997,
      "maker_ratio": 0.7,
      "fills_under_threshold": 875,
      "pct_under_threshold": 0.9700665188470067,
      "gate_status": "INSUFFICIENT_DATA",
      "reason": "need_2000_fills_have_902",
      "threshold_bps": 15.0,
      "min_sample_size": 2000
    },
    "asset_NVDA": {
      "total_fills": 940,
      "p95_slippage_bps": 8.735804552236461,
      "mean_slippage_bps": 3.908878420289774,
      "median_slippage_bps": 3.4309247510975105,
      "p99_slippage_bps": 17.183732017397027,
      "maker_ratio": 0.7,
      "fills_under_threshold": 926,
      "pct_under_threshold": 0.9851063829787234,
      "gate_status": "INSUFFICIENT_DATA",
      "reason": "need_2000_fills_have_940",
      "threshold_bps": 15.0,
      "min_sample_size": 2000
    },
    "venue_binance": {
      "total_fills": 910,
      "p95_slippage_bps": 10.289266965915818,
      "mean_slippage_bps": 4.326141246388402,
      "median_slippage_bps": 3.5403587933509133,
      "p99_slippage_bps": 19.66610322101778,
      "maker_ratio": 0.7,
      "fills_under_threshold": 880,
      "pct_under_threshold": 0.967032967032967,
      "gate_status": "INSUFFICIENT_DATA",
      "reason": "need_2000_fills_have_910",
      "threshold_bps": 15.0,
      "min_sample_size": 2000
    },
    "venue_alpaca": {
      "total_fills": 971,
      "p95_slippage_bps": 9.093985756482379,
      "mean_slippage_bps": 4.0773290739066885,
      "median_slippage_bps": 3.4879327434993845,
      "p99_slippage_bps": 17.91220487523558,
      "maker_ratio": 0.7,
      "fills_under_threshold": 947,
      "pct_under_threshold": 0.9752832131822863,
      "gate_status": "INSUFFICIENT_DATA",
      "reason": "need_2000_fills_have_971",
      "threshold_bps": 15.0,
      "min_sample_size": 2000
    },
    "venue_coinbase": {
      "total_fills": 877,
      "p95_slippage_bps": 8.688928667431295,
      "mean_slippage_bps": 3.8910281688060344,
      "median_slippage_bps": 3.3092122791730993,
      "p99_slippage_bps": 17.63479381436142,
      "maker_ratio": 0.7,
      "fills_under_threshold": 860,
      "pct_under_threshold": 0.9806157354618016,
      "gate_status": "INSUFFICIENT_DATA",
      "reason": "need_2000_fills_have_877",
      "threshold_bps": 15.0,
      "min_sample_size": 2000
    },
    "BTC-USD_alpaca": {
      "total_fills": 336,
      "p95_slippage_bps": 9.07900993249383,
      "mean_slippage_bps": 4.248115696639054,
      "median_slippage_bps": 3.6450808701733584,
      "p99_slippage_bps": 19.080228682284968,
      "maker_ratio": 0.7,
      "fills_under_threshold": 325,
      "pct_under_threshold": 0.9672619047619048,
      "gate_status": "INSUFFICIENT_DATA",
      "reason": "need_2000_fills_have_336",
      "threshold_bps": 15.0,
      "min_sample_size": 2000
    },
    "BTC-USD_binance": {
      "total_fills": 283,
      "p95_slippage_bps": 10.107928936897276,
      "mean_slippage_bps": 4.3306144793322,
      "median_slippage_bps": 3.5104294538632175,
      "p99_slippage_bps": 18.044093300377522,
      "maker_ratio": 0.7,
      "fills_under_threshold": 275,
      "pct_under_threshold": 0.9717314487632509,
      "gate_status": "INSUFFICIENT_DATA",
      "reason": "need_2000_fills_have_283",
      "threshold_bps": 15.0,
      "min_sample_size": 2000
    },
    "BTC-USD_coinbase": {
      "total_fills": 283,
      "p95_slippage_bps": 10.026593216930522,
      "mean_slippage_bps": 4.164106259319273,
      "median_slippage_bps": 3.35926410646005,
      "p99_slippage_bps": 17.81683214698443,
      "maker_ratio": 0.7,
      "fills_under_threshold": 275,
      "pct_under_threshold": 0.9717314487632509,
      "gate_status": "INSUFFICIENT_DATA",
      "reason": "need_2000_fills_have_283",
      "threshold_bps": 15.0,
      "min_sample_size": 2000
    },
    "ETH-USD_alpaca": {
      "total_fills": 291,
      "p95_slippage_bps": 9.530204643439703,
      "mean_slippage_bps": 3.9624547260018175,
      "median_slippage_bps": 3.3987221959976637,
      "p99_slippage_bps": 17.84892559745493,
      "maker_ratio": 0.7,
      "fills_under_threshold": 284,
      "pct_under_threshold": 0.9759450171821306,
      "gate_status": "INSUFFICIENT_DATA",
      "reason": "need_2000_fills_have_291",
      "threshold_bps": 15.0,
      "min_sample_size": 2000
    },
    "ETH-USD_binance": {
      "total_fills": 331,
      "p95_slippage_bps": 14.660128803255173,
      "mean_slippage_bps": 4.669158223701705,
      "median_slippage_bps": 3.6965512321424576,
      "p99_slippage_bps": 20.873032616102417,
      "maker_ratio": 0.7,
      "fills_under_threshold": 314,
      "pct_under_threshold": 0.9486404833836858,
      "gate_status": "INSUFFICIENT_DATA",
      "reason": "need_2000_fills_have_331",
      "threshold_bps": 15.0,
      "min_sample_size": 2000
    },
    "ETH-USD_coinbase": {
      "total_fills": 294,
      "p95_slippage_bps": 8.189805113603574,
      "mean_slippage_bps": 3.7551786174369473,
      "median_slippage_bps": 3.20249991191939,
      "p99_slippage_bps": 17.482837044685873,
      "maker_ratio": 0.7,
      "fills_under_threshold": 288,
      "pct_under_threshold": 0.9795918367346939,
      "gate_status": "INSUFFICIENT_DATA",
      "reason": "need_2000_fills_have_294",
      "threshold_bps": 15.0,
      "min_sample_size": 2000
    },
    "NVDA_alpaca": {
      "total_fills": 344,
      "p95_slippage_bps": 8.935281476433213,
      "mean_slippage_bps": 4.007689916936465,
      "median_slippage_bps": 3.4618842659194797,
      "p99_slippage_bps": 16.700681345693063,
      "maker_ratio": 0.7,
      "fills_under_threshold": 338,
      "pct_under_threshold": 0.9825581395348837,
      "gate_status": "INSUFFICIENT_DATA",
      "reason": "need_2000_fills_have_344",
      "threshold_bps": 15.0,
      "min_sample_size": 2000
    },
    "NVDA_binance": {
      "total_fills": 296,
      "p95_slippage_bps": 8.803159306764972,
      "mean_slippage_bps": 3.9382880558012454,
      "median_slippage_bps": 3.3861939155956007,
      "p99_slippage_bps": 19.830734223803983,
      "maker_ratio": 0.7,
      "fills_under_threshold": 291,
      "pct_under_threshold": 0.9831081081081081,
      "gate_status": "INSUFFICIENT_DATA",
      "reason": "need_2000_fills_have_296",
      "threshold_bps": 15.0,
      "min_sample_size": 2000
    },
    "NVDA_coinbase": {
      "total_fills": 300,
      "p95_slippage_bps": 8.307860596494528,
      "mean_slippage_bps": 3.766557063763583,
      "median_slippage_bps": 3.42397841606687,
      "p99_slippage_bps": 14.453806864267287,
      "maker_ratio": 0.7,
      "fills_under_threshold": 297,
      "pct_under_threshold": 0.99,
      "gate_status": "INSUFFICIENT_DATA",
      "reason": "need_2000_fills_have_300",