{
  "timestamp": "2025-08-16T16:08:45.099622+00:00",
  "window_hours": 48,
  "threshold_bps": 15.0,
  "min_sample_size": 2000,
  "overall_metrics": {
    "total_fills": 2764,
    "p95_slippage_bps": 8.715750930235352,
    "mean_slippage_bps": 3.9855653454433924,
    "median_slippage_bps": 3.4114998477235856,
    "p99_slippage_bps": 18.23367479899034,
    "maker_ratio": 0.7,
    "fills_under_threshold": 2714,
    "pct_under_threshold": 0.9819102749638206,
    "gate_status": "PASS",
    "reason": "criteria_met",
    "threshold_bps": 15.0,
    "min_sample_size": 2000
  },
  "breakdown_metrics": {
    "asset_NVDA": {
      "total_fills": 900,
      "p95_slippage_bps": 8.917595104323286,
      "mean_slippage_bps": 4.023374634399597,
      "median_slippage_bps": 3.365337321373161,
      "p99_slippage_bps": 18.51117422561246,
      "maker_ratio": 0.7,
      "fills_under_threshold": 880,
      "pct_under_threshold": 0.9777777777777777,
      "gate_status": "INSUFFICIENT_DATA",
      "reason": "need_2000_fills_have_900",
      "threshold_bps": 15.0,
      "min_sample_size": 2000
    },
    "asset_ETH-USD": {
      "total_fills": 952,
      "p95_slippage_bps": 8.786177059752648,
      "mean_slippage_bps": 3.9523374493053507,
      "median_slippage_bps": 3.379574792342023,
      "p99_slippage_bps": 18.55208076065238,
      "maker_ratio": 0.7,
      "fills_under_threshold": 934,
      "pct_under_threshold": 0.9810924369747899,
      "gate_status": "INSUFFICIENT_DATA",
      "reason": "need_2000_fills_have_952",
      "threshold_bps": 15.0,
      "min_sample_size": 2000
    },
    "asset_BTC-USD": {
      "total_fills": 912,
      "p95_slippage_bps": 8.43139394504568,
      "mean_slippage_bps": 3.9829388071350933,
      "median_slippage_bps": 3.487710614270557,
      "p99_slippage_bps": 16.769946044512164,
      "maker_ratio": 0.7,
      "fills_under_threshold": 900,
      "pct_under_threshold": 0.9868421052631579,
      "gate_status": "INSUFFICIENT_DATA",
      "reason": "need_2000_fills_have_912",
      "threshold_bps": 15.0,
      "min_sample_size": 2000
    },
    "venue_alpaca": {
      "total_fills": 940,
      "p95_slippage_bps": 8.361018317416685,
      "mean_slippage_bps": 4.005617574549892,
      "median_slippage_bps": 3.465301145040848,
      "p99_slippage_bps": 18.048682131939692,
      "maker_ratio": 0.7,
      "fills_under_threshold": 922,
      "pct_under_threshold": 0.9808510638297873,
      "gate_status": "INSUFFICIENT_DATA",
      "reason": "need_2000_fills_have_940",
      "threshold_bps": 15.0,
      "min_sample_size": 2000
    },
    "venue_coinbase": {
      "total_fills": 930,
      "p95_slippage_bps": 8.90383483015838,
      "mean_slippage_bps": 4.016772670336194,
      "median_slippage_bps": 3.37117567912681,
      "p99_slippage_bps": 18.780577509874636,
      "maker_ratio": 0.7,
      "fills_under_threshold": 911,
      "pct_under_threshold": 0.9795698924731183,
      "gate_status": "INSUFFICIENT_DATA",
      "reason": "need_2000_fills_have_930",
      "threshold_bps": 15.0,
      "min_sample_size": 2000
    },
    "venue_binance": {
      "total_fills": 894,
      "p95_slippage_bps": 8.780102001673677,
      "mean_slippage_bps": 3.9320173504652995,
      "median_slippage_bps": 3.381030375457423,
      "p99_slippage_bps": 16.741791197776987,
      "maker_ratio": 0.7,
      "fills_under_threshold": 881,
      "pct_under_threshold": 0.9854586129753915,
      "gate_status": "INSUFFICIENT_DATA",
      "reason": "need_2000_fills_have_894",
      "threshold_bps": 15.0,
      "min_sample_size": 2000
    },
    "BTC-USD_alpaca": {
      "total_fills": 304,
      "p95_slippage_bps": 7.663420651999136,
      "mean_slippage_bps": 3.7731959354072355,
      "median_slippage_bps": 3.31909747684261,
      "p99_slippage_bps": 11.805186814816427,
      "maker_ratio": 0.7,
      "fills_under_threshold": 302,
      "pct_under_threshold": 0.993421052631579,
      "gate_status": "INSUFFICIENT_DATA",
      "reason": "need_2000_fills_have_304",
      "threshold_bps": 15.0,
      "min_sample_size": 2000
    },
    "BTC-USD_binance": {
      "total_fills": 300,
      "p95_slippage_bps": 8.91739051954743,
      "mean_slippage_bps": 4.051480254802308,
      "median_slippage_bps": 3.5296399197714283,
      "p99_slippage_bps": 16.73602889103241,
      "maker_ratio": 0.7,
      "fills_under_threshold": 296,
      "pct_under_threshold": 0.9866666666666667,
      "gate_status": "INSUFFICIENT_DATA",
      "reason": "need_2000_fills_have_300",
      "threshold_bps": 15.0,
      "min_sample_size": 2000
    },
    "BTC-USD_coinbase": {
      "total_fills": 308,
      "p95_slippage_bps": 8.51688184651325,
      "mean_slippage_bps": 4.123196595138679,
      "median_slippage_bps": 3.6327430828320315,
      "p99_slippage_bps": 18.098906446200477,
      "maker_ratio": 0.7,
      "fills_under_threshold": 302,
      "pct_under_threshold": 0.9805194805194806,
      "gate_status": "INSUFFICIENT_DATA",
      "reason": "need_2000_fills_have_308",
      "threshold_bps": 15.0,
      "min_sample_size": 2000
    },
    "ETH-USD_alpaca": {
      "total_fills": 312,
      "p95_slippage_bps": 8.427275390559542,
      "mean_slippage_bps": 3.9584606249462158,
      "median_slippage_bps": 3.4643788592054285,
      "p99_slippage_bps": 18.133820659025986,
      "maker_ratio": 0.7,
      "fills_under_threshold": 305,
      "pct_under_threshold": 0.9775641025641025,
      "gate_status": "INSUFFICIENT_DATA",
      "reason": "need_2000_fills_have_312",
      "threshold_bps": 15.0,
      "min_sample_size": 2000
    },
    "ETH-USD_binance": {
      "total_fills": 324,
      "p95_slippage_bps": 8.229034144555479,
      "mean_slippage_bps": 3.9682912318029055,
      "median_slippage_bps": 3.4546933085808416,
      "p99_slippage_bps": 15.007576812372829,
      "maker_ratio": 0.7,
      "fills_under_threshold": 320,
      "pct_under_threshold": 0.9876543209876543,
      "gate_status": "INSUFFICIENT_DATA",
      "reason": "need_2000_fills_have_324",
      "threshold_bps": 15.0,
      "min_sample_size": 2000
    },
    "ETH-USD_coinbase": {
      "total_fills": 316,
      "p95_slippage_bps": 9.259141174053836,
      "mean_slippage_bps": 3.929934106491562,
      "median_slippage_bps": 3.3032303572099453,
      "p99_slippage_bps": 19.845228653458964,
      "maker_ratio": 0.7,
      "fills_under_threshold": 309,
      "pct_under_threshold": 0.9778481012658228,
      "gate_status": "INSUFFICIENT_DATA",
      "reason": "need_2000_fills_have_316",
      "threshold_bps": 15.0,
      "min_sample_size": 2000
    },
    "NVDA_alpaca": {
      "total_fills": 324,
      "p95_slippage_bps": 9.24857413310951,
      "mean_slippage_bps": 4.269102594845308,
      "median_slippage_bps": 3.5920596152719435,
      "p99_slippage_bps": 21.419205865737894,
      "maker_ratio": 0.7,
      "fills_under_threshold": 315,
      "pct_under_threshold": 0.9722222222222222,
      "gate_status": "INSUFFICIENT_DATA",
      "reason": "need_2000_fills_have_324",
      "threshold_bps": 15.0,
      "min_sample_size": 2000
    },
    "NVDA_binance": {
      "total_fills": 270,
      "p95_slippage_bps": 8.358209623179121,
      "mean_slippage_bps": 3.755752132485717,
      "median_slippage_bps": 3.209275303278614,
      "p99_slippage_bps": 17.36957932887905,
      "maker_ratio": 0.7,
      "fills_under_threshold": 265,
      "pct_under_threshold": 0.9814814814814815,
      "gate_status": "INSUFFICIENT_DATA",
      "reason": "need_2000_fills_have_270",
      "threshold_bps": 15.0,
      "min_sample_size": 2000
    },
    "NVDA_coinbase": {
      "total_fills": 306,
      "p95_slippage_bps": 8.869048676644535,
      "mean_slippage_bps": 3.999329589734033,
      "median_slippage_bps": 3.2271185896174126,
      "p99_slippage_bps": 18.002514122608428,
      "maker_ratio": 0.7,
      "fills_under_threshold": 300,
      "pct_under_threshold": 0.9803921568627451,
      "gate_status": "INSUFFICIENT_DATA",
      "reason": "need_2000_fills_have_306",