{
  "timestamp": "2025-08-16T06:53:37.334052+00:00",
  "window_hours": 48,
  "threshold_bps": 15.0,
  "min_sample_size": 2000,
  "overall_metrics": {
    "total_fills": 2628,
    "p95_slippage_bps": 9.193457656481467,
    "mean_slippage_bps": 4.152524020058691,
    "median_slippage_bps": 3.507432241891931,
    "p99_slippage_bps": 19.839194388842174,
    "maker_ratio": 0.7,
    "fills_under_threshold": 2561,
    "pct_under_threshold": 0.9745053272450532,
    "gate_status": "PASS",
    "reason": "criteria_met",
    "threshold_bps": 15.0,
    "min_sample_size": 2000
  },
  "breakdown_metrics": {
    "asset_BTC-USD": {
      "total_fills": 891,
      "p95_slippage_bps": 9.907116995673638,
      "mean_slippage_bps": 4.286477699531457,
      "median_slippage_bps": 3.468284927377304,
      "p99_slippage_bps": 19.850488917156834,
      "maker_ratio": 0.7,
      "fills_under_threshold": 864,
      "pct_under_threshold": 0.9696969696969697,
      "gate_status": "INSUFFICIENT_DATA",
      "reason": "need_2000_fills_have_891",
      "threshold_bps": 15.0,
      "min_sample_size": 2000
    },
    "asset_NVDA": {
      "total_fills": 868,
      "p95_slippage_bps": 8.690766334095137,
      "mean_slippage_bps": 3.9675733889007354,
      "median_slippage_bps": 3.423168496994182,
      "p99_slippage_bps": 19.117291037639145,
      "maker_ratio": 0.7,
      "fills_under_threshold": 853,
      "pct_under_threshold": 0.9827188940092166,
      "gate_status": "INSUFFICIENT_DATA",
      "reason": "need_2000_fills_have_868",
      "threshold_bps": 15.0,
      "min_sample_size": 2000
    },
    "asset_ETH-USD": {
      "total_fills": 869,
      "p95_slippage_bps": 9.104479578732422,
      "mean_slippage_bps": 4.199916907785816,
      "median_slippage_bps": 3.6483489607769357,
      "p99_slippage_bps": 19.913265857213265,
      "maker_ratio": 0.7,
      "fills_under_threshold": 844,
      "pct_under_threshold": 0.9712313003452244,
      "gate_status": "INSUFFICIENT_DATA",
      "reason": "need_2000_fills_have_869",
      "threshold_bps": 15.0,
      "min_sample_size": 2000
    },
    "venue_binance": {
      "total_fills": 883,
      "p95_slippage_bps": 9.576474494612361,
      "mean_slippage_bps": 4.212971836542107,
      "median_slippage_bps": 3.565664050675783,
      "p99_slippage_bps": 19.98273103509473,
      "maker_ratio": 0.7,
      "fills_under_threshold": 862,
      "pct_under_threshold": 0.9762174405436014,
      "gate_status": "INSUFFICIENT_DATA",
      "reason": "need_2000_fills_have_883",
      "threshold_bps": 15.0,
      "min_sample_size": 2000
    },
    "venue_coinbase": {
      "total_fills": 846,
      "p95_slippage_bps": 8.712457112554588,
      "mean_slippage_bps": 4.080765091972459,
      "median_slippage_bps": 3.4704674987953164,
      "p99_slippage_bps": 19.26596910321762,
      "maker_ratio": 0.7,
      "fills_under_threshold": 827,
      "pct_under_threshold": 0.9775413711583925,
      "gate_status": "INSUFFICIENT_DATA",
      "reason": "need_2000_fills_have_846",
      "threshold_bps": 15.0,
      "min_sample_size": 2000
    },
    "venue_alpaca": {
      "total_fills": 899,
      "p95_slippage_bps": 9.199087737125048,
      "mean_slippage_bps": 4.160680450766252,
      "median_slippage_bps": 3.5033586562974115,
      "p99_slippage_bps": 19.849406433342097,
      "maker_ratio": 0.7,
      "fills_under_threshold": 872,
      "pct_under_threshold": 0.9699666295884316,
      "gate_status": "INSUFFICIENT_DATA",
      "reason": "need_2000_fills_have_899",
      "threshold_bps": 15.0,
      "min_sample_size": 2000
    },
    "BTC-USD_alpaca": {
      "total_fills": 313,
      "p95_slippage_bps": 10.907945859265947,
      "mean_slippage_bps": 4.474034176320967,
      "median_slippage_bps": 3.5058563871848927,
      "p99_slippage_bps": 19.946033517526768,
      "maker_ratio": 0.7,
      "fills_under_threshold": 300,
      "pct_under_threshold": 0.9584664536741214,
      "gate_status": "INSUFFICIENT_DATA",
      "reason": "need_2000_fills_have_313",
      "threshold_bps": 15.0,
      "min_sample_size": 2000
    },
    "BTC-USD_binance": {
      "total_fills": 295,
      "p95_slippage_bps": 11.118739636274544,
      "mean_slippage_bps": 4.426904048964594,
      "median_slippage_bps": 3.4799256661937092,
      "p99_slippage_bps": 18.471821499796718,
      "maker_ratio": 0.7,
      "fills_under_threshold": 287,
      "pct_under_threshold": 0.9728813559322034,
      "gate_status": "INSUFFICIENT_DATA",
      "reason": "need_2000_fills_have_295",
      "threshold_bps": 15.0,
      "min_sample_size": 2000
    },
    "BTC-USD_coinbase": {
      "total_fills": 283,
      "p95_slippage_bps": 7.83310361546994,
      "mean_slippage_bps": 3.932658087100746,
      "median_slippage_bps": 3.4421804417785724,
      "p99_slippage_bps": 16.99299813500204,
      "maker_ratio": 0.7,
      "fills_under_threshold": 277,
      "pct_under_threshold": 0.9787985865724381,
      "gate_status": "INSUFFICIENT_DATA",
      "reason": "need_2000_fills_have_283",
      "threshold_bps": 15.0,
      "min_sample_size": 2000
    },
    "ETH-USD_alpaca": {
      "total_fills": 281,
      "p95_slippage_bps": 7.925391232065803,
      "mean_slippage_bps": 3.9681839782790327,
      "median_slippage_bps": 3.523459028461259,
      "p99_slippage_bps": 18.410390851915405,
      "maker_ratio": 0.7,
      "fills_under_threshold": 275,
      "pct_under_threshold": 0.9786476868327402,
      "gate_status": "INSUFFICIENT_DATA",
      "reason": "need_2000_fills_have_281",
      "threshold_bps": 15.0,
      "min_sample_size": 2000
    },
    "ETH-USD_binance": {
      "total_fills": 306,
      "p95_slippage_bps": 10.231313738328833,
      "mean_slippage_bps": 4.250578127990792,
      "median_slippage_bps": 3.6997961647083732,
      "p99_slippage_bps": 20.103716006877722,
      "maker_ratio": 0.7,
      "fills_under_threshold": 296,
      "pct_under_threshold": 0.9673202614379085,
      "gate_status": "INSUFFICIENT_DATA",
      "reason": "need_2000_fills_have_306",
      "threshold_bps": 15.0,
      "min_sample_size": 2000
    },
    "ETH-USD_coinbase": {
      "total_fills": 282,
      "p95_slippage_bps": 9.11500044230192,
      "mean_slippage_bps": 4.375855275901716,
      "median_slippage_bps": 3.772445945145771,
      "p99_slippage_bps": 20.394373330074014,
      "maker_ratio": 0.7,
      "fills_under_threshold": 273,
      "pct_under_threshold": 0.9680851063829787,
      "gate_status": "INSUFFICIENT_DATA",
      "reason": "need_2000_fills_have_282",
      "threshold_bps": 15.0,
      "min_sample_size": 2000
    },
    "NVDA_alpaca": {
      "total_fills": 305,
      "p95_slippage_bps": 9.158931581709258,
      "mean_slippage_bps": 4.016456820177014,
      "median_slippage_bps": 3.4658985966157703,
      "p99_slippage_bps": 19.23391275353615,
      "maker_ratio": 0.7,
      "fills_under_threshold": 297,
      "pct_under_threshold": 0.9737704918032787,
      "gate_status": "INSUFFICIENT_DATA",
      "reason": "need_2000_fills_have_305",
      "threshold_bps": 15.0,
      "min_sample_size": 2000
    },
    "NVDA_binance": {
      "total_fills": 282,
      "p95_slippage_bps": 8.366906620152552,
      "mean_slippage_bps": 3.9483706739607918,
      "median_slippage_bps": 3.4932097646388875,
      "p99_slippage_bps": 15.606924782292696,
      "maker_ratio": 0.7,
      "fills_under_threshold": 279,
      "pct_under_threshold": 0.9893617021276596,
      "gate_status": "INSUFFICIENT_DATA",
      "reason": "need_2000_fills_have_282",
      "threshold_bps": 15.0,
      "min_sample_size": 2000
    },
    "NVDA_coinbase": {
      "total_fills": 281,
      "p95_slippage_bps": 8.44575403607676,
      "mean_slippage_bps": 3.9337859122950385,
      "median_slippage_bps": 3.269338824404471,
      "p99_slippage_bps": 16.524995450148808,
      "maker_ratio": 0.7,
      "fills_under_threshold": 277,
      "pct_under_threshold": 0.9857651245551602,
      "gate_status": "INSUFFICIENT_DATA",