{
  "timestamp": "2025-08-16T23:46:04.453317+00:00",
  "window_hours": 48,
  "threshold_bps": 15.0,
  "min_sample_size": 2000,
  "overall_metrics": {
    "total_fills": 2739,
    "p95_slippage_bps": 9.2892550829278,
    "mean_slippage_bps": 4.083485528970992,
    "median_slippage_bps": 3.368468209741011,
    "p99_slippage_bps": 19.677544786279547,
    "maker_ratio": 0.7,
    "fills_under_threshold": 2669,
    "pct_under_threshold": 0.9744432274552757,
    "gate_status": "PASS",
    "reason": "criteria_met",
    "threshold_bps": 15.0,
    "min_sample_size": 2000
  },
  "breakdown_metrics": {
    "asset_ETH-USD": {
      "total_fills": 861,
      "p95_slippage_bps": 9.35068659387103,
      "mean_slippage_bps": 4.050114233078264,
      "median_slippage_bps": 3.309581842265793,
      "p99_slippage_bps": 20.38904954542796,
      "maker_ratio": 0.7,
      "fills_under_threshold": 838,
      "pct_under_threshold": 0.9732868757259001,
      "gate_status": "INSUFFICIENT_DATA",
      "reason": "need_2000_fills_have_861",
      "threshold_bps": 15.0,
      "min_sample_size": 2000
    },
    "asset_BTC-USD": {
      "total_fills": 932,
      "p95_slippage_bps": 9.06622528648619,
      "mean_slippage_bps": 4.0701230331444025,
      "median_slippage_bps": 3.468293559449778,
      "p99_slippage_bps": 19.434481884218837,
      "maker_ratio": 0.7,
      "fills_under_threshold": 911,
      "pct_under_threshold": 0.9774678111587983,
      "gate_status": "INSUFFICIENT_DATA",
      "reason": "need_2000_fills_have_932",
      "threshold_bps": 15.0,
      "min_sample_size": 2000
    },
    "asset_NVDA": {
      "total_fills": 946,
      "p95_slippage_bps": 9.279940628078243,
      "mean_slippage_bps": 4.127023089091518,
      "median_slippage_bps": 3.347137596805614,
      "p99_slippage_bps": 19.55023189116245,
      "maker_ratio": 0.7,
      "fills_under_threshold": 920,
      "pct_under_threshold": 0.9725158562367865,
      "gate_status": "INSUFFICIENT_DATA",
      "reason": "need_2000_fills_have_946",
      "threshold_bps": 15.0,
      "min_sample_size": 2000
    },
    "venue_coinbase": {
      "total_fills": 902,
      "p95_slippage_bps": 8.710230767759073,
      "mean_slippage_bps": 4.031834060139098,
      "median_slippage_bps": 3.4295852899113375,
      "p99_slippage_bps": 18.923901486097005,
      "maker_ratio": 0.7,
      "fills_under_threshold": 884,
      "pct_under_threshold": 0.9800443458980045,
      "gate_status": "INSUFFICIENT_DATA",
      "reason": "need_2000_fills_have_902",
      "threshold_bps": 15.0,
      "min_sample_size": 2000
    },
    "venue_binance": {
      "total_fills": 894,
      "p95_slippage_bps": 9.375757962736229,
      "mean_slippage_bps": 3.946878885264123,
      "median_slippage_bps": 3.290939544759447,
      "p99_slippage_bps": 18.77104527410846,
      "maker_ratio": 0.7,
      "fills_under_threshold": 873,
      "pct_under_threshold": 0.9765100671140939,
      "gate_status": "INSUFFICIENT_DATA",
      "reason": "need_2000_fills_have_894",
      "threshold_bps": 15.0,
      "min_sample_size": 2000
    },
    "venue_alpaca": {
      "total_fills": 943,
      "p95_slippage_bps": 9.471423208805026,
      "mean_slippage_bps": 4.262399595100692,
      "median_slippage_bps": 3.4352861056371555,
      "p99_slippage_bps": 21.791644974903118,
      "maker_ratio": 0.7,
      "fills_under_threshold": 912,
      "pct_under_threshold": 0.9671261930010604,
      "gate_status": "INSUFFICIENT_DATA",
      "reason": "need_2000_fills_have_943",
      "threshold_bps": 15.0,
      "min_sample_size": 2000
    },
    "BTC-USD_alpaca": {
      "total_fills": 309,
      "p95_slippage_bps": 9.396176592878692,
      "mean_slippage_bps": 4.103718133983681,
      "median_slippage_bps": 3.371982229465674,
      "p99_slippage_bps": 21.730621350105164,
      "maker_ratio": 0.7,
      "fills_under_threshold": 300,
      "pct_under_threshold": 0.970873786407767,
      "gate_status": "INSUFFICIENT_DATA",
      "reason": "need_2000_fills_have_309",
      "threshold_bps": 15.0,
      "min_sample_size": 2000
    },
    "BTC-USD_binance": {
      "total_fills": 306,
      "p95_slippage_bps": 9.616005126577674,
      "mean_slippage_bps": 4.1822872024986175,
      "median_slippage_bps": 3.5410920625242817,
      "p99_slippage_bps": 18.802906337787384,
      "maker_ratio": 0.7,
      "fills_under_threshold": 298,
      "pct_under_threshold": 0.9738562091503268,
      "gate_status": "INSUFFICIENT_DATA",
      "reason": "need_2000_fills_have_306",
      "threshold_bps": 15.0,
      "min_sample_size": 2000
    },
    "BTC-USD_coinbase": {
      "total_fills": 317,
      "p95_slippage_bps": 7.895740098174331,
      "mean_slippage_bps": 3.9291037208992075,
      "median_slippage_bps": 3.470296470138958,
      "p99_slippage_bps": 15.140606427802195,
      "maker_ratio": 0.7,
      "fills_under_threshold": 313,
      "pct_under_threshold": 0.9873817034700315,
      "gate_status": "INSUFFICIENT_DATA",
      "reason": "need_2000_fills_have_317",
      "threshold_bps": 15.0,
      "min_sample_size": 2000
    },
    "ETH-USD_alpaca": {
      "total_fills": 312,
      "p95_slippage_bps": 9.39389808638151,
      "mean_slippage_bps": 4.336233436833074,
      "median_slippage_bps": 3.4709902547509923,
      "p99_slippage_bps": 21.66442262699138,
      "maker_ratio": 0.7,
      "fills_under_threshold": 301,
      "pct_under_threshold": 0.9647435897435898,
      "gate_status": "INSUFFICIENT_DATA",
      "reason": "need_2000_fills_have_312",
      "threshold_bps": 15.0,
      "min_sample_size": 2000
    },
    "ETH-USD_binance": {
      "total_fills": 279,
      "p95_slippage_bps": 8.562194739422472,
      "mean_slippage_bps": 3.5861212591842504,
      "median_slippage_bps": 3.1219904788560098,
      "p99_slippage_bps": 15.756874216796204,
      "maker_ratio": 0.7,
      "fills_under_threshold": 275,
      "pct_under_threshold": 0.985663082437276,
      "gate_status": "INSUFFICIENT_DATA",
      "reason": "need_2000_fills_have_279",
      "threshold_bps": 15.0,
      "min_sample_size": 2000
    },
    "ETH-USD_coinbase": {
      "total_fills": 270,
      "p95_slippage_bps": 9.824241098337687,
      "mean_slippage_bps": 4.1989470039854115,
      "median_slippage_bps": 3.348144981166189,
      "p99_slippage_bps": 20.59616680034088,
      "maker_ratio": 0.7,
      "fills_under_threshold": 262,
      "pct_under_threshold": 0.9703703703703703,
      "gate_status": "INSUFFICIENT_DATA",
      "reason": "need_2000_fills_have_270",
      "threshold_bps": 15.0,
      "min_sample_size": 2000
    },
    "NVDA_alpaca": {
      "total_fills": 322,
      "p95_slippage_bps": 9.656829941528732,
      "mean_slippage_bps": 4.343133796543714,
      "median_slippage_bps": 3.3701558431983263,
      "p99_slippage_bps": 21.44863699074592,
      "maker_ratio": 0.7,
      "fills_under_threshold": 311,
      "pct_under_threshold": 0.9658385093167702,
      "gate_status": "INSUFFICIENT_DATA",
      "reason": "need_2000_fills_have_322",
      "threshold_bps": 15.0,
      "min_sample_size": 2000
    },
    "NVDA_binance": {
      "total_fills": 309,
      "p95_slippage_bps": 9.78127093082126,
      "mean_slippage_bps": 4.039488699511789,
      "median_slippage_bps": 3.2453249979065335,
      "p99_slippage_bps": 19.509652381771442,
      "maker_ratio": 0.7,
      "fills_under_threshold": 300,
      "pct_under_threshold": 0.970873786407767,
      "gate_status": "INSUFFICIENT_DATA",
      "reason": "need_2000_fills_have_309",
      "threshold_bps": 15.0,
      "min_sample_size": 2000
    },
    "NVDA_coinbase": {
      "total_fills": 315,
      "p95_slippage_bps": 8.323718528939644,
      "mean_slippage_bps": 3.9919769893471644,
      "median_slippage_bps": 3.451225786441202,
      "p99_slippage_bps": 16.762711750848784,
      "maker_ratio": 0.7,
      "fills_under_threshold": 309,
      "pct_under_threshold": 0.9809523809523809,
      "gate_status": "INSUFFICIENT_DATA",
      "reason": "need_2000_fills_have_315",