{
  "timestamp": "2025-08-16T15:27:14.947709+00:00",
  "window_hours": 48,
  "threshold_bps": 15.0,
  "min_sample_size": 2000,
  "overall_metrics": {
    "total_fills": 2763,
    "p95_slippage_bps": 8.818950868546276,
    "mean_slippage_bps": 3.938952169796569,
    "median_slippage_bps": 3.4037754627153975,
    "p99_slippage_bps": 17.62430249295158,
    "maker_ratio": 0.7,
    "fills_under_threshold": 2720,
    "pct_under_threshold": 0.9844372059355773,
    "gate_status": "PASS",
    "reason": "criteria_met",
    "threshold_bps": 15.0,
    "min_sample_size": 2000
  },
  "breakdown_metrics": {
    "asset_NVDA": {
      "total_fills": 917,
      "p95_slippage_bps": 8.688168078419215,
      "mean_slippage_bps": 3.9361290226822874,
      "median_slippage_bps": 3.450486034653825,
      "p99_slippage_bps": 16.593329014140263,
      "maker_ratio": 0.7,
      "fills_under_threshold": 905,
      "pct_under_threshold": 0.9869138495092693,
      "gate_status": "INSUFFICIENT_DATA",
      "reason": "need_2000_fills_have_917",
      "threshold_bps": 15.0,
      "min_sample_size": 2000
    },
    "asset_BTC-USD": {
      "total_fills": 904,
      "p95_slippage_bps": 8.8664570751148,
      "mean_slippage_bps": 3.9398195115121544,
      "median_slippage_bps": 3.3474330043527223,
      "p99_slippage_bps": 19.791294919894572,
      "maker_ratio": 0.7,
      "fills_under_threshold": 888,
      "pct_under_threshold": 0.9823008849557522,
      "gate_status": "INSUFFICIENT_DATA",
      "reason": "need_2000_fills_have_904",
      "threshold_bps": 15.0,
      "min_sample_size": 2000
    },
    "asset_ETH-USD": {
      "total_fills": 942,
      "p95_slippage_bps": 9.01670671536354,
      "mean_slippage_bps": 3.94086803921579,
      "median_slippage_bps": 3.431187906041548,
      "p99_slippage_bps": 16.172209601882205,
      "maker_ratio": 0.7,
      "fills_under_threshold": 927,
      "pct_under_threshold": 0.9840764331210191,
      "gate_status": "INSUFFICIENT_DATA",
      "reason": "need_2000_fills_have_942",
      "threshold_bps": 15.0,
      "min_sample_size": 2000
    },
    "venue_alpaca": {
      "total_fills": 916,
      "p95_slippage_bps": 8.183818525691246,
      "mean_slippage_bps": 3.8812195638821376,
      "median_slippage_bps": 3.4287632444388114,
      "p99_slippage_bps": 17.159702840101925,
      "maker_ratio": 0.7,
      "fills_under_threshold": 903,
      "pct_under_threshold": 0.9858078602620087,
      "gate_status": "INSUFFICIENT_DATA",
      "reason": "need_2000_fills_have_916",
      "threshold_bps": 15.0,
      "min_sample_size": 2000
    },
    "venue_coinbase": {
      "total_fills": 891,
      "p95_slippage_bps": 9.010771507895333,
      "mean_slippage_bps": 3.9383859335226754,
      "median_slippage_bps": 3.365093000965396,
      "p99_slippage_bps": 15.552275564433923,
      "maker_ratio": 0.7,
      "fills_under_threshold": 879,
      "pct_under_threshold": 0.9865319865319865,
      "gate_status": "INSUFFICIENT_DATA",
      "reason": "need_2000_fills_have_891",
      "threshold_bps": 15.0,
      "min_sample_size": 2000
    },
    "venue_binance": {
      "total_fills": 956,
      "p95_slippage_bps": 9.275179227131314,
      "mean_slippage_bps": 3.9947969224510222,
      "median_slippage_bps": 3.4245745244703674,
      "p99_slippage_bps": 18.947551544896516,
      "maker_ratio": 0.7,
      "fills_under_threshold": 938,
      "pct_under_threshold": 0.9811715481171548,
      "gate_status": "INSUFFICIENT_DATA",
      "reason": "need_2000_fills_have_956",
      "threshold_bps": 15.0,
      "min_sample_size": 2000
    },
    "BTC-USD_alpaca": {
      "total_fills": 292,
      "p95_slippage_bps": 7.980185685540922,
      "mean_slippage_bps": 3.9211189443749617,
      "median_slippage_bps": 3.4859044589767523,
      "p99_slippage_bps": 12.645354333294094,
      "maker_ratio": 0.7,
      "fills_under_threshold": 289,
      "pct_under_threshold": 0.9897260273972602,
      "gate_status": "INSUFFICIENT_DATA",
      "reason": "need_2000_fills_have_292",
      "threshold_bps": 15.0,
      "min_sample_size": 2000
    },
    "BTC-USD_binance": {
      "total_fills": 316,
      "p95_slippage_bps": 9.537561147922009,
      "mean_slippage_bps": 4.197674716856143,
      "median_slippage_bps": 3.4038800341074937,
      "p99_slippage_bps": 20.26294796885335,
      "maker_ratio": 0.7,
      "fills_under_threshold": 306,
      "pct_under_threshold": 0.9683544303797469,
      "gate_status": "INSUFFICIENT_DATA",
      "reason": "need_2000_fills_have_316",
      "threshold_bps": 15.0,
      "min_sample_size": 2000
    },
    "BTC-USD_coinbase": {
      "total_fills": 296,
      "p95_slippage_bps": 8.027343060565245,
      "mean_slippage_bps": 3.6829895139289106,
      "median_slippage_bps": 3.204020231486512,
      "p99_slippage_bps": 14.687060017922052,
      "maker_ratio": 0.7,
      "fills_under_threshold": 293,
      "pct_under_threshold": 0.9898648648648649,
      "gate_status": "INSUFFICIENT_DATA",
      "reason": "need_2000_fills_have_296",
      "threshold_bps": 15.0,
      "min_sample_size": 2000
    },
    "ETH-USD_alpaca": {
      "total_fills": 305,
      "p95_slippage_bps": 7.831454881260058,
      "mean_slippage_bps": 3.8500724364027383,
      "median_slippage_bps": 3.5255960479438935,
      "p99_slippage_bps": 16.629322304823813,
      "maker_ratio": 0.7,
      "fills_under_threshold": 300,
      "pct_under_threshold": 0.9836065573770492,
      "gate_status": "INSUFFICIENT_DATA",
      "reason": "need_2000_fills_have_305",
      "threshold_bps": 15.0,
      "min_sample_size": 2000
    },
    "ETH-USD_binance": {
      "total_fills": 324,
      "p95_slippage_bps": 8.329830462271449,
      "mean_slippage_bps": 3.8734979955014412,
      "median_slippage_bps": 3.4041947347619805,
      "p99_slippage_bps": 15.351387341812993,
      "maker_ratio": 0.7,
      "fills_under_threshold": 319,
      "pct_under_threshold": 0.9845679012345679,
      "gate_status": "INSUFFICIENT_DATA",
      "reason": "need_2000_fills_have_324",
      "threshold_bps": 15.0,
      "min_sample_size": 2000
    },
    "ETH-USD_coinbase": {
      "total_fills": 313,
      "p95_slippage_bps": 10.032560239000786,
      "mean_slippage_bps": 4.099080668677227,
      "median_slippage_bps": 3.4924447323187473,
      "p99_slippage_bps": 15.494590915484425,
      "maker_ratio": 0.7,
      "fills_under_threshold": 308,
      "pct_under_threshold": 0.9840255591054313,
      "gate_status": "INSUFFICIENT_DATA",
      "reason": "need_2000_fills_have_313",
      "threshold_bps": 15.0,
      "min_sample_size": 2000
    },
    "NVDA_alpaca": {
      "total_fills": 319,
      "p95_slippage_bps": 8.71867583770753,
      "mean_slippage_bps": 3.874477415848634,
      "median_slippage_bps": 3.2513712812855395,
      "p99_slippage_bps": 17.144584794244263,
      "maker_ratio": 0.7,
      "fills_under_threshold": 314,
      "pct_under_threshold": 0.9843260188087775,
      "gate_status": "INSUFFICIENT_DATA",
      "reason": "need_2000_fills_have_319",
      "threshold_bps": 15.0,
      "min_sample_size": 2000
    },
    "NVDA_binance": {
      "total_fills": 316,
      "p95_slippage_bps": 8.541906088670267,
      "mean_slippage_bps": 3.9162889139055994,
      "median_slippage_bps": 3.48946194484515,
      "p99_slippage_bps": 13.830978763247515,
      "maker_ratio": 0.7,
      "fills_under_threshold": 313,
      "pct_under_threshold": 0.990506329113924,
      "gate_status": "INSUFFICIENT_DATA",
      "reason": "need_2000_fills_have_316",
      "threshold_bps": 15.0,
      "min_sample_size": 2000
    },
    "NVDA_coinbase": {
      "total_fills": 282,
      "p95_slippage_bps": 8.6725893286464,
      "mean_slippage_bps": 4.028101848758065,
      "median_slippage_bps": 3.551480318445261,
      "p99_slippage_bps": 15.846504669929312,
      "maker_ratio": 0.7,
      "fills_under_threshold": 278,
      "pct_under_threshold": 0.9858156028368794,
      "gate_status": "INSUFFICIENT_DATA",