{
  "timestamp": "2025-08-16T16:50:14.021094+00:00",
  "window_hours": 48,
  "threshold_bps": 15.0,
  "min_sample_size": 2000,
  "overall_metrics": {
    "total_fills": 2722,
    "p95_slippage_bps": 8.768284526022907,
    "mean_slippage_bps": 3.9687100584583996,
    "median_slippage_bps": 3.3643047776085577,
    "p99_slippage_bps": 18.546006898435866,
    "maker_ratio": 0.7,
    "fills_under_threshold": 2660,
    "pct_under_threshold": 0.9772226304188097,
    "gate_status": "PASS",
    "reason": "criteria_met",
    "threshold_bps": 15.0,
    "min_sample_size": 2000
  },
  "breakdown_metrics": {
    "asset_ETH-USD": {
      "total_fills": 913,
      "p95_slippage_bps": 8.414133281251766,
      "mean_slippage_bps": 3.963677043597914,
      "median_slippage_bps": 3.4110613766766487,
      "p99_slippage_bps": 18.753276608635094,
      "maker_ratio": 0.7,
      "fills_under_threshold": 894,
      "pct_under_threshold": 0.9791894852135816,
      "gate_status": "INSUFFICIENT_DATA",
      "reason": "need_2000_fills_have_913",
      "threshold_bps": 15.0,
      "min_sample_size": 2000
    },
    "asset_BTC-USD": {
      "total_fills": 899,
      "p95_slippage_bps": 9.136598025352463,
      "mean_slippage_bps": 3.9730850344142032,
      "median_slippage_bps": 3.362164727752308,
      "p99_slippage_bps": 18.517865783005345,
      "maker_ratio": 0.7,
      "fills_under_threshold": 875,
      "pct_under_threshold": 0.9733036707452726,
      "gate_status": "INSUFFICIENT_DATA",
      "reason": "need_2000_fills_have_899",
      "threshold_bps": 15.0,
      "min_sample_size": 2000
    },
    "asset_NVDA": {
      "total_fills": 910,
      "p95_slippage_bps": 8.99598008683844,
      "mean_slippage_bps": 3.969437574044504,
      "median_slippage_bps": 3.335775184866173,
      "p99_slippage_bps": 17.654345626572766,
      "maker_ratio": 0.7,
      "fills_under_threshold": 891,
      "pct_under_threshold": 0.9791208791208791,
      "gate_status": "INSUFFICIENT_DATA",
      "reason": "need_2000_fills_have_910",
      "threshold_bps": 15.0,
      "min_sample_size": 2000
    },
    "venue_alpaca": {
      "total_fills": 898,
      "p95_slippage_bps": 9.315162609497401,
      "mean_slippage_bps": 4.099642006927177,
      "median_slippage_bps": 3.427652884398087,
      "p99_slippage_bps": 19.278438664013468,
      "maker_ratio": 0.7,
      "fills_under_threshold": 873,
      "pct_under_threshold": 0.9721603563474388,
      "gate_status": "INSUFFICIENT_DATA",
      "reason": "need_2000_fills_have_898",
      "threshold_bps": 15.0,
      "min_sample_size": 2000
    },
    "venue_coinbase": {
      "total_fills": 914,
      "p95_slippage_bps": 8.55157074456875,
      "mean_slippage_bps": 4.047357817114039,
      "median_slippage_bps": 3.4124688788245527,
      "p99_slippage_bps": 18.548930650688387,
      "maker_ratio": 0.7,
      "fills_under_threshold": 892,
      "pct_under_threshold": 0.975929978118162,
      "gate_status": "INSUFFICIENT_DATA",
      "reason": "need_2000_fills_have_914",
      "threshold_bps": 15.0,
      "min_sample_size": 2000
    },
    "venue_binance": {
      "total_fills": 910,
      "p95_slippage_bps": 8.019268605450739,
      "mean_slippage_bps": 3.760511222044973,
      "median_slippage_bps": 3.2616670686840212,
      "p99_slippage_bps": 16.96725889985745,
      "maker_ratio": 0.7,
      "fills_under_threshold": 895,
      "pct_under_threshold": 0.9835164835164835,
      "gate_status": "INSUFFICIENT_DATA",
      "reason": "need_2000_fills_have_910",
      "threshold_bps": 15.0,
      "min_sample_size": 2000
    },
    "BTC-USD_alpaca": {
      "total_fills": 304,
      "p95_slippage_bps": 9.578801403660004,
      "mean_slippage_bps": 4.1898514395931405,
      "median_slippage_bps": 3.381379670294405,
      "p99_slippage_bps": 17.21077134521934,
      "maker_ratio": 0.7,
      "fills_under_threshold": 295,
      "pct_under_threshold": 0.9703947368421053,
      "gate_status": "INSUFFICIENT_DATA",
      "reason": "need_2000_fills_have_304",
      "threshold_bps": 15.0,
      "min_sample_size": 2000
    },
    "BTC-USD_binance": {
      "total_fills": 309,
      "p95_slippage_bps": 7.5101371048749055,
      "mean_slippage_bps": 3.7972852049842793,
      "median_slippage_bps": 3.259072901053929,
      "p99_slippage_bps": 17.603186737572706,
      "maker_ratio": 0.7,
      "fills_under_threshold": 302,
      "pct_under_threshold": 0.9773462783171522,
      "gate_status": "INSUFFICIENT_DATA",
      "reason": "need_2000_fills_have_309",
      "threshold_bps": 15.0,
      "min_sample_size": 2000
    },
    "BTC-USD_coinbase": {
      "total_fills": 286,
      "p95_slippage_bps": 8.105568877098902,
      "mean_slippage_bps": 3.9326135663003905,
      "median_slippage_bps": 3.4158535296713275,
      "p99_slippage_bps": 18.643637247201053,
      "maker_ratio": 0.7,
      "fills_under_threshold": 278,
      "pct_under_threshold": 0.972027972027972,
      "gate_status": "INSUFFICIENT_DATA",
      "reason": "need_2000_fills_have_286",
      "threshold_bps": 15.0,
      "min_sample_size": 2000
    },
    "ETH-USD_alpaca": {
      "total_fills": 298,
      "p95_slippage_bps": 9.246001041203103,
      "mean_slippage_bps": 4.166101636582218,
      "median_slippage_bps": 3.48726885567861,
      "p99_slippage_bps": 19.827827897128863,
      "maker_ratio": 0.7,
      "fills_under_threshold": 289,
      "pct_under_threshold": 0.9697986577181208,
      "gate_status": "INSUFFICIENT_DATA",
      "reason": "need_2000_fills_have_298",
      "threshold_bps": 15.0,
      "min_sample_size": 2000
    },
    "ETH-USD_binance": {
      "total_fills": 304,
      "p95_slippage_bps": 7.865212392077335,
      "mean_slippage_bps": 3.8062921865123402,
      "median_slippage_bps": 3.295604379536635,
      "p99_slippage_bps": 18.673116808116173,
      "maker_ratio": 0.7,
      "fills_under_threshold": 298,
      "pct_under_threshold": 0.9802631578947368,
      "gate_status": "INSUFFICIENT_DATA",
      "reason": "need_2000_fills_have_304",
      "threshold_bps": 15.0,
      "min_sample_size": 2000
    },
    "ETH-USD_coinbase": {
      "total_fills": 311,
      "p95_slippage_bps": 8.293836941293094,
      "mean_slippage_bps": 3.9235563614265043,
      "median_slippage_bps": 3.4372024251562476,
      "p99_slippage_bps": 16.08638798001742,
      "maker_ratio": 0.7,
      "fills_under_threshold": 307,
      "pct_under_threshold": 0.9871382636655949,
      "gate_status": "INSUFFICIENT_DATA",
      "reason": "need_2000_fills_have_311",
      "threshold_bps": 15.0,
      "min_sample_size": 2000
    },
    "NVDA_alpaca": {
      "total_fills": 296,
      "p95_slippage_bps": 8.607320046542789,
      "mean_slippage_bps": 3.9400858002796957,
      "median_slippage_bps": 3.427652884398087,
      "p99_slippage_bps": 17.659087748675795,
      "maker_ratio": 0.7,
      "fills_under_threshold": 289,
      "pct_under_threshold": 0.9763513513513513,
      "gate_status": "INSUFFICIENT_DATA",
      "reason": "need_2000_fills_have_296",
      "threshold_bps": 15.0,
      "min_sample_size": 2000
    },
    "NVDA_binance": {
      "total_fills": 297,
      "p95_slippage_bps": 8.162468900144027,
      "mean_slippage_bps": 3.6753914445152582,
      "median_slippage_bps": 3.239752890404831,
      "p99_slippage_bps": 13.033173790778253,
      "maker_ratio": 0.7,
      "fills_under_threshold": 295,
      "pct_under_threshold": 0.9932659932659933,
      "gate_status": "INSUFFICIENT_DATA",
      "reason": "need_2000_fills_have_297",
      "threshold_bps": 15.0,
      "min_sample_size": 2000
    },
    "NVDA_coinbase": {
      "total_fills": 317,
      "p95_slippage_bps": 9.889430624557495,
      "mean_slippage_bps": 4.272339231787625,
      "median_slippage_bps": 3.388582279953261,
      "p99_slippage_bps": 21.07502990530327,
      "maker_ratio": 0.7,
      "fills_under_threshold": 307,
      "pct_under_threshold": 0.9684542586750788,
      "gate_status": "INSUFFICIENT_DATA",