{
  "timestamp": "2025-08-16T07:40:19.796616+00:00",
  "window_hours": 48,
  "threshold_bps": 15.0,
  "min_sample_size": 2000,
  "overall_metrics": {
    "total_fills": 2581,
    "p95_slippage_bps": 8.50646811287137,
    "mean_slippage_bps": 3.8948491812899064,
    "median_slippage_bps": 3.3704276604149195,
    "p99_slippage_bps": 17.04708637017959,
    "maker_ratio": 0.7,
    "fills_under_threshold": 2538,
    "pct_under_threshold": 0.9833397907787679,
    "gate_status": "PASS",
    "reason": "criteria_met",
    "threshold_bps": 15.0,
    "min_sample_size": 2000
  },
  "breakdown_metrics": {
    "asset_NVDA": {
      "total_fills": 887,
      "p95_slippage_bps": 9.023253793713957,
      "mean_slippage_bps": 3.9214789233087766,
      "median_slippage_bps": 3.3216605693493024,
      "p99_slippage_bps": 16.94152221687806,
      "maker_ratio": 0.7,
      "fills_under_threshold": 870,
      "pct_under_threshold": 0.9808342728297632,
      "gate_status": "INSUFFICIENT_DATA",
      "reason": "need_2000_fills_have_887",
      "threshold_bps": 15.0,
      "min_sample_size": 2000
    },
    "asset_BTC-USD": {
      "total_fills": 867,
      "p95_slippage_bps": 8.571366580414,
      "mean_slippage_bps": 3.8860906244106665,
      "median_slippage_bps": 3.391426289650681,
      "p99_slippage_bps": 16.97444924247815,
      "maker_ratio": 0.7,
      "fills_under_threshold": 853,
      "pct_under_threshold": 0.9838523644752019,
      "gate_status": "INSUFFICIENT_DATA",
      "reason": "need_2000_fills_have_867",
      "threshold_bps": 15.0,
      "min_sample_size": 2000
    },
    "asset_ETH-USD": {
      "total_fills": 827,
      "p95_slippage_bps": 8.076714357281514,
      "mean_slippage_bps": 3.8754696016569707,
      "median_slippage_bps": 3.426545181007642,
      "p99_slippage_bps": 16.97671844640087,
      "maker_ratio": 0.7,
      "fills_under_threshold": 815,
      "pct_under_threshold": 0.9854897218863361,
      "gate_status": "INSUFFICIENT_DATA",
      "reason": "need_2000_fills_have_827",
      "threshold_bps": 15.0,
      "min_sample_size": 2000
    },
    "venue_binance": {
      "total_fills": 879,
      "p95_slippage_bps": 8.511766215723918,
      "mean_slippage_bps": 3.928330363617251,
      "median_slippage_bps": 3.2865071092063873,
      "p99_slippage_bps": 18.323917139871426,
      "maker_ratio": 0.7,
      "fills_under_threshold": 859,
      "pct_under_threshold": 0.9772468714448237,
      "gate_status": "INSUFFICIENT_DATA",
      "reason": "need_2000_fills_have_879",
      "threshold_bps": 15.0,
      "min_sample_size": 2000
    },
    "venue_alpaca": {
      "total_fills": 828,
      "p95_slippage_bps": 8.154665731729905,
      "mean_slippage_bps": 3.8358941604496932,
      "median_slippage_bps": 3.4999737975777028,
      "p99_slippage_bps": 11.47376119471314,
      "maker_ratio": 0.7,
      "fills_under_threshold": 822,
      "pct_under_threshold": 0.9927536231884058,
      "gate_status": "INSUFFICIENT_DATA",
      "reason": "need_2000_fills_have_828",
      "threshold_bps": 15.0,
      "min_sample_size": 2000
    },
    "venue_coinbase": {
      "total_fills": 874,
      "p95_slippage_bps": 8.646179362108285,
      "mean_slippage_bps": 3.917028584024415,
      "median_slippage_bps": 3.321933520166557,
      "p99_slippage_bps": 18.193774620433203,
      "maker_ratio": 0.7,
      "fills_under_threshold": 857,
      "pct_under_threshold": 0.9805491990846682,
      "gate_status": "INSUFFICIENT_DATA",
      "reason": "need_2000_fills_have_874",
      "threshold_bps": 15.0,
      "min_sample_size": 2000
    },
    "BTC-USD_alpaca": {
      "total_fills": 284,
      "p95_slippage_bps": 7.337388328417436,
      "mean_slippage_bps": 3.7562617644357847,
      "median_slippage_bps": 3.602686645832545,
      "p99_slippage_bps": 10.797731106196931,
      "maker_ratio": 0.7,
      "fills_under_threshold": 284,
      "pct_under_threshold": 1.0,
      "gate_status": "INSUFFICIENT_DATA",
      "reason": "need_2000_fills_have_284",
      "threshold_bps": 15.0,
      "min_sample_size": 2000
    },
    "BTC-USD_binance": {
      "total_fills": 300,
      "p95_slippage_bps": 8.059794100048064,
      "mean_slippage_bps": 3.7873176829061275,
      "median_slippage_bps": 3.174532525839253,
      "p99_slippage_bps": 16.86833594852501,
      "maker_ratio": 0.7,
      "fills_under_threshold": 295,
      "pct_under_threshold": 0.9833333333333333,
      "gate_status": "INSUFFICIENT_DATA",
      "reason": "need_2000_fills_have_300",
      "threshold_bps": 15.0,
      "min_sample_size": 2000
    },
    "BTC-USD_coinbase": {
      "total_fills": 283,
      "p95_slippage_bps": 9.249810567235091,
      "mean_slippage_bps": 4.12108454202278,
      "median_slippage_bps": 3.3704806238729463,
      "p99_slippage_bps": 20.002729639037284,
      "maker_ratio": 0.7,
      "fills_under_threshold": 274,
      "pct_under_threshold": 0.9681978798586572,
      "gate_status": "INSUFFICIENT_DATA",
      "reason": "need_2000_fills_have_283",
      "threshold_bps": 15.0,
      "min_sample_size": 2000
    },
    "ETH-USD_alpaca": {
      "total_fills": 280,
      "p95_slippage_bps": 8.114493146696518,
      "mean_slippage_bps": 3.89722012150264,
      "median_slippage_bps": 3.5754645112557037,
      "p99_slippage_bps": 10.31649145060916,
      "maker_ratio": 0.7,
      "fills_under_threshold": 278,
      "pct_under_threshold": 0.9928571428571429,
      "gate_status": "INSUFFICIENT_DATA",
      "reason": "need_2000_fills_have_280",
      "threshold_bps": 15.0,
      "min_sample_size": 2000
    },
    "ETH-USD_binance": {
      "total_fills": 278,
      "p95_slippage_bps": 8.553802879435276,
      "mean_slippage_bps": 4.099284179643956,
      "median_slippage_bps": 3.4236133804927924,
      "p99_slippage_bps": 21.384278883956082,
      "maker_ratio": 0.7,
      "fills_under_threshold": 269,
      "pct_under_threshold": 0.9676258992805755,
      "gate_status": "INSUFFICIENT_DATA",
      "reason": "need_2000_fills_have_278",
      "threshold_bps": 15.0,
      "min_sample_size": 2000
    },
    "ETH-USD_coinbase": {
      "total_fills": 269,
      "p95_slippage_bps": 7.164387385153751,
      "mean_slippage_bps": 3.6215268572808776,
      "median_slippage_bps": 3.263378312143743,
      "p99_slippage_bps": 11.107630100575031,
      "maker_ratio": 0.7,
      "fills_under_threshold": 268,
      "pct_under_threshold": 0.9962825278810409,
      "gate_status": "INSUFFICIENT_DATA",
      "reason": "need_2000_fills_have_269",
      "threshold_bps": 15.0,
      "min_sample_size": 2000
    },
    "NVDA_alpaca": {
      "total_fills": 264,
      "p95_slippage_bps": 8.871533713329452,
      "mean_slippage_bps": 3.856516627772135,
      "median_slippage_bps": 3.3454401977545816,
      "p99_slippage_bps": 15.805086903053336,
      "maker_ratio": 0.7,
      "fills_under_threshold": 260,
      "pct_under_threshold": 0.9848484848484849,
      "gate_status": "INSUFFICIENT_DATA",
      "reason": "need_2000_fills_have_264",
      "threshold_bps": 15.0,
      "min_sample_size": 2000
    },
    "NVDA_binance": {
      "total_fills": 301,
      "p95_slippage_bps": 8.364346151425266,
      "mean_slippage_bps": 3.910983663809653,
      "median_slippage_bps": 3.213204160330524,
      "p99_slippage_bps": 17.91812166617756,
      "maker_ratio": 0.7,
      "fills_under_threshold": 295,
      "pct_under_threshold": 0.9800664451827242,
      "gate_status": "INSUFFICIENT_DATA",
      "reason": "need_2000_fills_have_301",
      "threshold_bps": 15.0,
      "min_sample_size": 2000
    },
    "NVDA_coinbase": {
      "total_fills": 322,
      "p95_slippage_bps": 9.337167644826298,
      "mean_slippage_bps": 3.9845507218519733,
      "median_slippage_bps": 3.337647431626727,
      "p99_slippage_bps": 17.8974142491093,
      "maker_ratio": 0.7,
      "fills_under_threshold": 315,
      "pct_under_threshold": 0.9782608695652174,
      "gate_status": "INSUFFICIENT_DATA",
      "reason": "need_2000_fills_have_322",