{
  "timestamp": "2025-08-16T11:07:53.081668+00:00",
  "window_hours": 48,
  "threshold_bps": 15.0,
  "min_sample_size": 2000,
  "overall_metrics": {
    "total_fills": 2731,
    "p95_slippage_bps": 9.292900005467356,
    "mean_slippage_bps": 4.147271026709163,
    "median_slippage_bps": 3.455975670845793,
    "p99_slippage_bps": 19.910964616992803,
    "maker_ratio": 0.7,
    "fills_under_threshold": 2668,
    "pct_under_threshold": 0.9769315269132186,
    "gate_status": "PASS",
    "reason": "criteria_met",
    "threshold_bps": 15.0,
    "min_sample_size": 2000
  },
  "breakdown_metrics": {
    "asset_NVDA": {
      "total_fills": 925,
      "p95_slippage_bps": 8.671075460374542,
      "mean_slippage_bps": 4.001190001230664,
      "median_slippage_bps": 3.4102318423743725,
      "p99_slippage_bps": 18.82583974460593,
      "maker_ratio": 0.7,
      "fills_under_threshold": 906,
      "pct_under_threshold": 0.9794594594594594,
      "gate_status": "INSUFFICIENT_DATA",
      "reason": "need_2000_fills_have_925",
      "threshold_bps": 15.0,
      "min_sample_size": 2000
    },
    "asset_BTC-USD": {
      "total_fills": 896,
      "p95_slippage_bps": 10.027158082941636,
      "mean_slippage_bps": 4.391901672878135,
      "median_slippage_bps": 3.5545962403917777,
      "p99_slippage_bps": 20.758223788285893,
      "maker_ratio": 0.7,
      "fills_under_threshold": 871,
      "pct_under_threshold": 0.9720982142857143,
      "gate_status": "INSUFFICIENT_DATA",
      "reason": "need_2000_fills_have_896",
      "threshold_bps": 15.0,
      "min_sample_size": 2000
    },
    "asset_ETH-USD": {
      "total_fills": 910,
      "p95_slippage_bps": 9.300412421571066,
      "mean_slippage_bps": 4.054892883412695,
      "median_slippage_bps": 3.4302194443473333,
      "p99_slippage_bps": 19.260269874409648,
      "maker_ratio": 0.7,
      "fills_under_threshold": 891,
      "pct_under_threshold": 0.9791208791208791,
      "gate_status": "INSUFFICIENT_DATA",
      "reason": "need_2000_fills_have_910",
      "threshold_bps": 15.0,
      "min_sample_size": 2000
    },
    "venue_binance": {
      "total_fills": 955,
      "p95_slippage_bps": 9.701375819321523,
      "mean_slippage_bps": 4.184464535527163,
      "median_slippage_bps": 3.4480147201146503,
      "p99_slippage_bps": 19.957004123233993,
      "maker_ratio": 0.7,
      "fills_under_threshold": 933,
      "pct_under_threshold": 0.9769633507853404,
      "gate_status": "INSUFFICIENT_DATA",
      "reason": "need_2000_fills_have_955",
      "threshold_bps": 15.0,
      "min_sample_size": 2000
    },
    "venue_coinbase": {
      "total_fills": 910,
      "p95_slippage_bps": 8.920527872253354,
      "mean_slippage_bps": 4.132821403965447,
      "median_slippage_bps": 3.527541704598108,
      "p99_slippage_bps": 18.962422673629487,
      "maker_ratio": 0.7,
      "fills_under_threshold": 891,
      "pct_under_threshold": 0.9791208791208791,
      "gate_status": "INSUFFICIENT_DATA",
      "reason": "need_2000_fills_have_910",
      "threshold_bps": 15.0,
      "min_sample_size": 2000
    },
    "venue_alpaca": {
      "total_fills": 866,
      "p95_slippage_bps": 9.282014204063998,
      "mean_slippage_bps": 4.121438874025088,
      "median_slippage_bps": 3.4186624909909096,
      "p99_slippage_bps": 20.32082793490442,
      "maker_ratio": 0.7,
      "fills_under_threshold": 844,
      "pct_under_threshold": 0.9745958429561201,
      "gate_status": "INSUFFICIENT_DATA",
      "reason": "need_2000_fills_have_866",
      "threshold_bps": 15.0,
      "min_sample_size": 2000
    },
    "BTC-USD_alpaca": {
      "total_fills": 265,
      "p95_slippage_bps": 9.280240267120167,
      "mean_slippage_bps": 4.360364598242365,
      "median_slippage_bps": 3.433074129489217,
      "p99_slippage_bps": 22.03235754128087,
      "maker_ratio": 0.7,
      "fills_under_threshold": 259,
      "pct_under_threshold": 0.9773584905660377,
      "gate_status": "INSUFFICIENT_DATA",
      "reason": "need_2000_fills_have_265",
      "threshold_bps": 15.0,
      "min_sample_size": 2000
    },
    "BTC-USD_binance": {
      "total_fills": 312,
      "p95_slippage_bps": 10.95603673252432,
      "mean_slippage_bps": 4.598944617348767,
      "median_slippage_bps": 3.760510742203048,
      "p99_slippage_bps": 20.661399481614925,
      "maker_ratio": 0.7,
      "fills_under_threshold": 301,
      "pct_under_threshold": 0.9647435897435898,
      "gate_status": "INSUFFICIENT_DATA",
      "reason": "need_2000_fills_have_312",
      "threshold_bps": 15.0,
      "min_sample_size": 2000
    },
    "BTC-USD_coinbase": {
      "total_fills": 319,
      "p95_slippage_bps": 9.811305568942657,
      "mean_slippage_bps": 4.215600500789237,
      "median_slippage_bps": 3.5541743575750244,
      "p99_slippage_bps": 17.791012205390597,
      "maker_ratio": 0.7,
      "fills_under_threshold": 311,
      "pct_under_threshold": 0.9749216300940439,
      "gate_status": "INSUFFICIENT_DATA",
      "reason": "need_2000_fills_have_319",
      "threshold_bps": 15.0,
      "min_sample_size": 2000
    },
    "ETH-USD_alpaca": {
      "total_fills": 288,
      "p95_slippage_bps": 9.12135156988806,
      "mean_slippage_bps": 3.971624480012561,
      "median_slippage_bps": 3.413528364946667,
      "p99_slippage_bps": 15.673952892236228,
      "maker_ratio": 0.7,
      "fills_under_threshold": 284,
      "pct_under_threshold": 0.9861111111111112,
      "gate_status": "INSUFFICIENT_DATA",
      "reason": "need_2000_fills_have_288",
      "threshold_bps": 15.0,
      "min_sample_size": 2000
    },
    "ETH-USD_binance": {
      "total_fills": 335,
      "p95_slippage_bps": 9.768705139835756,
      "mean_slippage_bps": 4.088057586717036,
      "median_slippage_bps": 3.344144816155024,
      "p99_slippage_bps": 20.29594370799367,
      "maker_ratio": 0.7,
      "fills_under_threshold": 327,
      "pct_under_threshold": 0.9761194029850746,
      "gate_status": "INSUFFICIENT_DATA",
      "reason": "need_2000_fills_have_335",
      "threshold_bps": 15.0,
      "min_sample_size": 2000
    },
    "ETH-USD_coinbase": {
      "total_fills": 287,
      "p95_slippage_bps": 8.905761057416207,
      "mean_slippage_bps": 4.099740007357934,
      "median_slippage_bps": 3.5639740225884906,
      "p99_slippage_bps": 19.02154434070728,
      "maker_ratio": 0.7,
      "fills_under_threshold": 280,
      "pct_under_threshold": 0.975609756097561,
      "gate_status": "INSUFFICIENT_DATA",
      "reason": "need_2000_fills_have_287",
      "threshold_bps": 15.0,
      "min_sample_size": 2000
    },
    "NVDA_alpaca": {
      "total_fills": 313,
      "p95_slippage_bps": 8.466421207269798,
      "mean_slippage_bps": 4.057001904561927,
      "median_slippage_bps": 3.411828216050123,
      "p99_slippage_bps": 20.50877189123411,
      "maker_ratio": 0.7,
      "fills_under_threshold": 301,
      "pct_under_threshold": 0.9616613418530351,
      "gate_status": "INSUFFICIENT_DATA",
      "reason": "need_2000_fills_have_313",
      "threshold_bps": 15.0,
      "min_sample_size": 2000
    },
    "NVDA_binance": {
      "total_fills": 308,
      "p95_slippage_bps": 8.64376185390399,
      "mean_slippage_bps": 3.8694598028098004,
      "median_slippage_bps": 3.363552932615314,
      "p99_slippage_bps": 14.898805938053558,
      "maker_ratio": 0.7,
      "fills_under_threshold": 305,
      "pct_under_threshold": 0.9902597402597403,
      "gate_status": "INSUFFICIENT_DATA",
      "reason": "need_2000_fills_have_308",
      "threshold_bps": 15.0,
      "min_sample_size": 2000
    },
    "NVDA_coinbase": {
      "total_fills": 304,
      "p95_slippage_bps": 8.666045764654882,
      "mean_slippage_bps": 4.0771892623192825,
      "median_slippage_bps": 3.426522494307928,
      "p99_slippage_bps": 18.770681110542203,
      "maker_ratio": 0.7,
      "fills_under_threshold": 300,
      "pct_under_threshold": 0.9868421052631579,
      "gate_status": "INSUFFICIENT_DATA",
      "reason": "need_2000_fills_have_304",