{
  "timestamp": "2025-08-16T13:38:18.655429+00:00",
  "window_hours": 48,
  "threshold_bps": 15.0,
  "min_sample_size": 2000,
  "overall_metrics": {
    "total_fills": 2756,
    "p95_slippage_bps": 9.189528346186208,
    "mean_slippage_bps": 4.095164438699242,
    "median_slippage_bps": 3.512632809796572,
    "p99_slippage_bps": 18.62151866450629,
    "maker_ratio": 0.7,
    "fills_under_threshold": 2690,
    "pct_under_threshold": 0.9760522496371553,
    "gate_status": "PASS",
    "reason": "criteria_met",
    "threshold_bps": 15.0,
    "min_sample_size": 2000
  },
  "breakdown_metrics": {
    "asset_BTC-USD": {
      "total_fills": 914,
      "p95_slippage_bps": 9.147594055707325,
      "mean_slippage_bps": 4.120889463028745,
      "median_slippage_bps": 3.4349519769182826,
      "p99_slippage_bps": 19.21700885686848,
      "maker_ratio": 0.7,
      "fills_under_threshold": 891,
      "pct_under_threshold": 0.9748358862144421,
      "gate_status": "INSUFFICIENT_DATA",
      "reason": "need_2000_fills_have_914",
      "threshold_bps": 15.0,
      "min_sample_size": 2000
    },
    "asset_NVDA": {
      "total_fills": 899,
      "p95_slippage_bps": 8.531754527385573,
      "mean_slippage_bps": 3.9750786752509226,
      "median_slippage_bps": 3.5734198230679035,
      "p99_slippage_bps": 18.444599064575467,
      "maker_ratio": 0.7,
      "fills_under_threshold": 882,
      "pct_under_threshold": 0.9810901001112347,
      "gate_status": "INSUFFICIENT_DATA",
      "reason": "need_2000_fills_have_899",
      "threshold_bps": 15.0,
      "min_sample_size": 2000
    },
    "asset_ETH-USD": {
      "total_fills": 943,
      "p95_slippage_bps": 10.297162971980162,
      "mean_slippage_bps": 4.184713144004515,
      "median_slippage_bps": 3.4922032930088056,
      "p99_slippage_bps": 18.406233781423243,
      "maker_ratio": 0.7,
      "fills_under_threshold": 917,
      "pct_under_threshold": 0.9724284199363733,
      "gate_status": "INSUFFICIENT_DATA",
      "reason": "need_2000_fills_have_943",
      "threshold_bps": 15.0,
      "min_sample_size": 2000
    },
    "venue_coinbase": {
      "total_fills": 944,
      "p95_slippage_bps": 8.725553169048357,
      "mean_slippage_bps": 3.9966441159423733,
      "median_slippage_bps": 3.526353338066012,
      "p99_slippage_bps": 16.24640081069109,
      "maker_ratio": 0.7,
      "fills_under_threshold": 932,
      "pct_under_threshold": 0.9872881355932204,
      "gate_status": "INSUFFICIENT_DATA",
      "reason": "need_2000_fills_have_944",
      "threshold_bps": 15.0,
      "min_sample_size": 2000
    },
    "venue_alpaca": {
      "total_fills": 882,
      "p95_slippage_bps": 9.605835389703591,
      "mean_slippage_bps": 4.149672653289373,
      "median_slippage_bps": 3.49635451859287,
      "p99_slippage_bps": 19.501093803277836,
      "maker_ratio": 0.7,
      "fills_under_threshold": 858,
      "pct_under_threshold": 0.9727891156462585,
      "gate_status": "INSUFFICIENT_DATA",
      "reason": "need_2000_fills_have_882",
      "threshold_bps": 15.0,
      "min_sample_size": 2000
    },
    "venue_binance": {
      "total_fills": 930,
      "p95_slippage_bps": 10.353534689274328,
      "mean_slippage_bps": 4.143472975703532,
      "median_slippage_bps": 3.496197035463016,
      "p99_slippage_bps": 19.239220285175215,
      "maker_ratio": 0.7,
      "fills_under_threshold": 900,
      "pct_under_threshold": 0.967741935483871,
      "gate_status": "INSUFFICIENT_DATA",
      "reason": "need_2000_fills_have_930",
      "threshold_bps": 15.0,
      "min_sample_size": 2000
    },
    "BTC-USD_alpaca": {
      "total_fills": 302,
      "p95_slippage_bps": 8.995981806263574,
      "mean_slippage_bps": 4.130333030807879,
      "median_slippage_bps": 3.426935340521579,
      "p99_slippage_bps": 22.91144705513243,
      "maker_ratio": 0.7,
      "fills_under_threshold": 295,
      "pct_under_threshold": 0.9768211920529801,
      "gate_status": "INSUFFICIENT_DATA",
      "reason": "need_2000_fills_have_302",
      "threshold_bps": 15.0,
      "min_sample_size": 2000
    },
    "BTC-USD_binance": {
      "total_fills": 314,
      "p95_slippage_bps": 11.23019008095674,
      "mean_slippage_bps": 4.213235535816776,
      "median_slippage_bps": 3.426189471314978,
      "p99_slippage_bps": 18.504432861592388,
      "maker_ratio": 0.7,
      "fills_under_threshold": 301,
      "pct_under_threshold": 0.9585987261146497,
      "gate_status": "INSUFFICIENT_DATA",
      "reason": "need_2000_fills_have_314",
      "threshold_bps": 15.0,
      "min_sample_size": 2000
    },
    "BTC-USD_coinbase": {
      "total_fills": 298,
      "p95_slippage_bps": 8.74284667788196,
      "mean_slippage_bps": 4.014014884757803,
      "median_slippage_bps": 3.476988361492448,
      "p99_slippage_bps": 14.903413206217712,
      "maker_ratio": 0.7,
      "fills_under_threshold": 295,
      "pct_under_threshold": 0.9899328859060402,
      "gate_status": "INSUFFICIENT_DATA",
      "reason": "need_2000_fills_have_298",
      "threshold_bps": 15.0,
      "min_sample_size": 2000
    },
    "ETH-USD_alpaca": {
      "total_fills": 307,
      "p95_slippage_bps": 9.758605060234935,
      "mean_slippage_bps": 4.193542704942758,
      "median_slippage_bps": 3.4134270173674737,
      "p99_slippage_bps": 19.106990180446388,
      "maker_ratio": 0.7,
      "fills_under_threshold": 295,
      "pct_under_threshold": 0.9609120521172638,
      "gate_status": "INSUFFICIENT_DATA",
      "reason": "need_2000_fills_have_307",
      "threshold_bps": 15.0,
      "min_sample_size": 2000
    },
    "ETH-USD_binance": {
      "total_fills": 313,
      "p95_slippage_bps": 10.398109163006396,
      "mean_slippage_bps": 4.118688861476033,
      "median_slippage_bps": 3.500190777917227,
      "p99_slippage_bps": 17.544526613683903,
      "maker_ratio": 0.7,
      "fills_under_threshold": 305,
      "pct_under_threshold": 0.9744408945686901,
      "gate_status": "INSUFFICIENT_DATA",
      "reason": "need_2000_fills_have_313",
      "threshold_bps": 15.0,
      "min_sample_size": 2000
    },
    "ETH-USD_coinbase": {
      "total_fills": 323,
      "p95_slippage_bps": 10.070777017017473,
      "mean_slippage_bps": 4.240301147792053,
      "median_slippage_bps": 3.523350542665143,
      "p99_slippage_bps": 17.073987486738993,
      "maker_ratio": 0.7,
      "fills_under_threshold": 317,
      "pct_under_threshold": 0.9814241486068112,
      "gate_status": "INSUFFICIENT_DATA",
      "reason": "need_2000_fills_have_323",
      "threshold_bps": 15.0,
      "min_sample_size": 2000
    },
    "NVDA_alpaca": {
      "total_fills": 273,
      "p95_slippage_bps": 9.465561441367855,
      "mean_slippage_bps": 4.121732946812526,
      "median_slippage_bps": 3.6877037884639368,
      "p99_slippage_bps": 18.560943034792707,
      "maker_ratio": 0.7,
      "fills_under_threshold": 268,
      "pct_under_threshold": 0.9816849816849816,
      "gate_status": "INSUFFICIENT_DATA",
      "reason": "need_2000_fills_have_273",
      "threshold_bps": 15.0,
      "min_sample_size": 2000
    },
    "NVDA_binance": {
      "total_fills": 303,
      "p95_slippage_bps": 8.74593583650623,
      "mean_slippage_bps": 4.096779853187521,
      "median_slippage_bps": 3.546884386435818,
      "p99_slippage_bps": 20.70274613237587,
      "maker_ratio": 0.7,
      "fills_under_threshold": 294,
      "pct_under_threshold": 0.9702970297029703,
      "gate_status": "INSUFFICIENT_DATA",
      "reason": "need_2000_fills_have_303",
      "threshold_bps": 15.0,
      "min_sample_size": 2000
    },
    "NVDA_coinbase": {
      "total_fills": 323,
      "p95_slippage_bps": 7.926179171954764,
      "mean_slippage_bps": 3.736960802027683,
      "median_slippage_bps": 3.531808786293575,
      "p99_slippage_bps": 10.803209581573238,
      "maker_ratio": 0.7,
      "fills_under_threshold": 320,
      "pct_under_threshold": 0.9907120743034056,
      "gate_status": "INSUFFICIENT_DATA",
      "reason": "need_2000_fills_have_323",