{
  "timestamp": "2025-08-16T06:43:14.508346+00:00",
  "window_hours": 48,
  "threshold_bps": 15.0,
  "min_sample_size": 2000,
  "overall_metrics": {
    "total_fills": 2587,
    "p95_slippage_bps": 8.763946401140577,
    "mean_slippage_bps": 3.933395434243005,
    "median_slippage_bps": 3.3689593121293933,
    "p99_slippage_bps": 16.901302270748744,
    "maker_ratio": 0.7,
    "fills_under_threshold": 2543,
    "pct_under_threshold": 0.98299188248937,
    "gate_status": "PASS",
    "reason": "criteria_met",
    "threshold_bps": 15.0,
    "min_sample_size": 2000
  },
  "breakdown_metrics": {
    "asset_BTC-USD": {
      "total_fills": 848,
      "p95_slippage_bps": 9.024280920659683,
      "mean_slippage_bps": 4.045767472459628,
      "median_slippage_bps": 3.4910540031189172,
      "p99_slippage_bps": 17.301955024666825,
      "maker_ratio": 0.7,
      "fills_under_threshold": 832,
      "pct_under_threshold": 0.9811320754716981,
      "gate_status": "INSUFFICIENT_DATA",
      "reason": "need_2000_fills_have_848",
      "threshold_bps": 15.0,
      "min_sample_size": 2000
    },
    "asset_ETH-USD": {
      "total_fills": 884,
      "p95_slippage_bps": 8.819141514524834,
      "mean_slippage_bps": 3.917797960250649,
      "median_slippage_bps": 3.328763513633558,
      "p99_slippage_bps": 17.715024400609575,
      "maker_ratio": 0.7,
      "fills_under_threshold": 871,
      "pct_under_threshold": 0.9852941176470589,
      "gate_status": "INSUFFICIENT_DATA",
      "reason": "need_2000_fills_have_884",
      "threshold_bps": 15.0,
      "min_sample_size": 2000
    },
    "asset_NVDA": {
      "total_fills": 855,
      "p95_slippage_bps": 8.377612759590283,
      "mean_slippage_bps": 3.8380699121395527,
      "median_slippage_bps": 3.297921670834265,
      "p99_slippage_bps": 16.70407929454145,
      "maker_ratio": 0.7,
      "fills_under_threshold": 840,
      "pct_under_threshold": 0.9824561403508771,
      "gate_status": "INSUFFICIENT_DATA",
      "reason": "need_2000_fills_have_855",
      "threshold_bps": 15.0,
      "min_sample_size": 2000
    },
    "venue_coinbase": {
      "total_fills": 892,
      "p95_slippage_bps": 8.908477470633764,
      "mean_slippage_bps": 4.022860551726965,
      "median_slippage_bps": 3.463924742975741,
      "p99_slippage_bps": 19.199630681354574,
      "maker_ratio": 0.7,
      "fills_under_threshold": 873,
      "pct_under_threshold": 0.9786995515695067,
      "gate_status": "INSUFFICIENT_DATA",
      "reason": "need_2000_fills_have_892",
      "threshold_bps": 15.0,
      "min_sample_size": 2000
    },
    "venue_alpaca": {
      "total_fills": 824,
      "p95_slippage_bps": 8.601910752412527,
      "mean_slippage_bps": 3.91416842638459,
      "median_slippage_bps": 3.3463678533226053,
      "p99_slippage_bps": 16.741089495161013,
      "maker_ratio": 0.7,
      "fills_under_threshold": 812,
      "pct_under_threshold": 0.9854368932038835,
      "gate_status": "INSUFFICIENT_DATA",
      "reason": "need_2000_fills_have_824",
      "threshold_bps": 15.0,
      "min_sample_size": 2000
    },
    "venue_binance": {
      "total_fills": 871,
      "p95_slippage_bps": 8.582329634323987,
      "mean_slippage_bps": 3.8599627932322624,
      "median_slippage_bps": 3.3523290482013635,
      "p99_slippage_bps": 15.609887929125707,
      "maker_ratio": 0.7,
      "fills_under_threshold": 858,
      "pct_under_threshold": 0.9850746268656716,
      "gate_status": "INSUFFICIENT_DATA",
      "reason": "need_2000_fills_have_871",
      "threshold_bps": 15.0,
      "min_sample_size": 2000
    },
    "BTC-USD_alpaca": {
      "total_fills": 249,
      "p95_slippage_bps": 9.115505435427979,
      "mean_slippage_bps": 4.098269793224386,
      "median_slippage_bps": 3.4382949637016114,
      "p99_slippage_bps": 17.24395960943594,
      "maker_ratio": 0.7,
      "fills_under_threshold": 244,
      "pct_under_threshold": 0.9799196787148594,
      "gate_status": "INSUFFICIENT_DATA",
      "reason": "need_2000_fills_have_249",
      "threshold_bps": 15.0,
      "min_sample_size": 2000
    },
    "BTC-USD_binance": {
      "total_fills": 293,
      "p95_slippage_bps": 8.54752563108359,
      "mean_slippage_bps": 3.8771431516236157,
      "median_slippage_bps": 3.390616638226775,
      "p99_slippage_bps": 14.9395896536078,
      "maker_ratio": 0.7,
      "fills_under_threshold": 290,
      "pct_under_threshold": 0.9897610921501706,
      "gate_status": "INSUFFICIENT_DATA",
      "reason": "need_2000_fills_have_293",
      "threshold_bps": 15.0,
      "min_sample_size": 2000
    },
    "BTC-USD_coinbase": {
      "total_fills": 306,
      "p95_slippage_bps": 9.019605355901072,
      "mean_slippage_bps": 4.164505538258734,
      "median_slippage_bps": 3.6109481656334195,
      "p99_slippage_bps": 20.18836121999693,
      "maker_ratio": 0.7,
      "fills_under_threshold": 298,
      "pct_under_threshold": 0.9738562091503268,
      "gate_status": "INSUFFICIENT_DATA",
      "reason": "need_2000_fills_have_306",
      "threshold_bps": 15.0,
      "min_sample_size": 2000
    },
    "ETH-USD_alpaca": {
      "total_fills": 294,
      "p95_slippage_bps": 8.762310889071307,
      "mean_slippage_bps": 3.859833117069716,
      "median_slippage_bps": 3.271782641992045,
      "p99_slippage_bps": 15.183794783219737,
      "maker_ratio": 0.7,
      "fills_under_threshold": 290,
      "pct_under_threshold": 0.9863945578231292,
      "gate_status": "INSUFFICIENT_DATA",
      "reason": "need_2000_fills_have_294",
      "threshold_bps": 15.0,
      "min_sample_size": 2000
    },
    "ETH-USD_binance": {
      "total_fills": 290,
      "p95_slippage_bps": 8.48231549133428,
      "mean_slippage_bps": 3.9183540153213547,
      "median_slippage_bps": 3.383791127931604,
      "p99_slippage_bps": 16.264299545813977,
      "maker_ratio": 0.7,
      "fills_under_threshold": 286,
      "pct_under_threshold": 0.9862068965517241,
      "gate_status": "INSUFFICIENT_DATA",
      "reason": "need_2000_fills_have_290",
      "threshold_bps": 15.0,
      "min_sample_size": 2000
    },
    "ETH-USD_coinbase": {
      "total_fills": 300,
      "p95_slippage_bps": 8.89778992257249,
      "mean_slippage_bps": 3.974065986666281,
      "median_slippage_bps": 3.3305408384614354,
      "p99_slippage_bps": 19.228266392561803,
      "maker_ratio": 0.7,
      "fills_under_threshold": 295,
      "pct_under_threshold": 0.9833333333333333,
      "gate_status": "INSUFFICIENT_DATA",
      "reason": "need_2000_fills_have_300",
      "threshold_bps": 15.0,
      "min_sample_size": 2000
    },
    "NVDA_alpaca": {
      "total_fills": 281,
      "p95_slippage_bps": 7.785243960519686,
      "mean_slippage_bps": 3.8078813822403323,
      "median_slippage_bps": 3.433680445731373,
      "p99_slippage_bps": 14.520634955582851,
      "maker_ratio": 0.7,
      "fills_under_threshold": 278,
      "pct_under_threshold": 0.9893238434163701,
      "gate_status": "INSUFFICIENT_DATA",
      "reason": "need_2000_fills_have_281",
      "threshold_bps": 15.0,
      "min_sample_size": 2000
    },
    "NVDA_binance": {
      "total_fills": 288,
      "p95_slippage_bps": 8.885421952839932,
      "mean_slippage_bps": 3.783687448043016,
      "median_slippage_bps": 3.1359771154472353,
      "p99_slippage_bps": 15.590281861775555,
      "maker_ratio": 0.7,
      "fills_under_threshold": 282,
      "pct_under_threshold": 0.9791666666666666,
      "gate_status": "INSUFFICIENT_DATA",
      "reason": "need_2000_fills_have_288",
      "threshold_bps": 15.0,
      "min_sample_size": 2000
    },
    "NVDA_coinbase": {
      "total_fills": 286,
      "p95_slippage_bps": 8.508351109877294,
      "mean_slippage_bps": 3.9224934315852997,
      "median_slippage_bps": 3.334023224194501,
      "p99_slippage_bps": 16.952152682176052,
      "maker_ratio": 0.7,
      "fills_under_threshold": 280,
      "pct_under_threshold": 0.9790209790209791,
      "gate_status": "INSUFFICIENT_DATA",
      "reason": "need_2000_fills_have_286",