{
  "timestamp": "2025-08-16T08:42:34.405500+00:00",
  "window_hours": 48,
  "threshold_bps": 15.0,
  "min_sample_size": 2000,
  "overall_metrics": {
    "total_fills": 2731,
    "p95_slippage_bps": 8.748063990783077,
    "mean_slippage_bps": 3.947872033713836,
    "median_slippage_bps": 3.412910040760758,
    "p99_slippage_bps": 18.79564107314419,
    "maker_ratio": 0.7,
    "fills_under_threshold": 2680,
    "pct_under_threshold": 0.9813255217868913,
    "gate_status": "PASS",
    "reason": "criteria_met",
    "threshold_bps": 15.0,
    "min_sample_size": 2000
  },
  "breakdown_metrics": {
    "asset_NVDA": {
      "total_fills": 920,
      "p95_slippage_bps": 8.661020813341741,
      "mean_slippage_bps": 3.9490018778253937,
      "median_slippage_bps": 3.4635581547038385,
      "p99_slippage_bps": 17.785891007771006,
      "maker_ratio": 0.7,
      "fills_under_threshold": 905,
      "pct_under_threshold": 0.9836956521739131,
      "gate_status": "INSUFFICIENT_DATA",
      "reason": "need_2000_fills_have_920",
      "threshold_bps": 15.0,
      "min_sample_size": 2000
    },
    "asset_ETH-USD": {
      "total_fills": 915,
      "p95_slippage_bps": 9.093538015379492,
      "mean_slippage_bps": 4.002750959459269,
      "median_slippage_bps": 3.3689431434198704,
      "p99_slippage_bps": 20.214763913309977,
      "maker_ratio": 0.7,
      "fills_under_threshold": 894,
      "pct_under_threshold": 0.9770491803278688,
      "gate_status": "INSUFFICIENT_DATA",
      "reason": "need_2000_fills_have_915",
      "threshold_bps": 15.0,
      "min_sample_size": 2000
    },
    "asset_BTC-USD": {
      "total_fills": 896,
      "p95_slippage_bps": 8.560075769799383,
      "mean_slippage_bps": 3.890669272955239,
      "median_slippage_bps": 3.389714397762726,
      "p99_slippage_bps": 17.475105360166822,
      "maker_ratio": 0.7,
      "fills_under_threshold": 881,
      "pct_under_threshold": 0.9832589285714286,
      "gate_status": "INSUFFICIENT_DATA",
      "reason": "need_2000_fills_have_896",
      "threshold_bps": 15.0,
      "min_sample_size": 2000
    },
    "venue_alpaca": {
      "total_fills": 915,
      "p95_slippage_bps": 8.244574354984003,
      "mean_slippage_bps": 3.924769700242556,
      "median_slippage_bps": 3.447295128514705,
      "p99_slippage_bps": 18.87103611207168,
      "maker_ratio": 0.7,
      "fills_under_threshold": 902,
      "pct_under_threshold": 0.985792349726776,
      "gate_status": "INSUFFICIENT_DATA",
      "reason": "need_2000_fills_have_915",
      "threshold_bps": 15.0,
      "min_sample_size": 2000
    },
    "venue_binance": {
      "total_fills": 923,
      "p95_slippage_bps": 8.981080467780195,
      "mean_slippage_bps": 3.9329807890790325,
      "median_slippage_bps": 3.3138759534481577,
      "p99_slippage_bps": 19.21437294042408,
      "maker_ratio": 0.7,
      "fills_under_threshold": 903,
      "pct_under_threshold": 0.9783315276273022,
      "gate_status": "INSUFFICIENT_DATA",
      "reason": "need_2000_fills_have_923",
      "threshold_bps": 15.0,
      "min_sample_size": 2000
    },
    "venue_coinbase": {
      "total_fills": 893,
      "p95_slippage_bps": 9.185288074626381,
      "mean_slippage_bps": 3.986935028029789,
      "median_slippage_bps": 3.430503578152633,
      "p99_slippage_bps": 17.84607971923475,
      "maker_ratio": 0.7,
      "fills_under_threshold": 875,
      "pct_under_threshold": 0.9798432250839866,
      "gate_status": "INSUFFICIENT_DATA",
      "reason": "need_2000_fills_have_893",
      "threshold_bps": 15.0,
      "min_sample_size": 2000
    },
    "BTC-USD_alpaca": {
      "total_fills": 286,
      "p95_slippage_bps": 8.180941275219823,
      "mean_slippage_bps": 3.839759655625932,
      "median_slippage_bps": 3.406255049146944,
      "p99_slippage_bps": 11.997206843947398,
      "maker_ratio": 0.7,
      "fills_under_threshold": 283,
      "pct_under_threshold": 0.9895104895104895,
      "gate_status": "INSUFFICIENT_DATA",
      "reason": "need_2000_fills_have_286",
      "threshold_bps": 15.0,
      "min_sample_size": 2000
    },
    "BTC-USD_binance": {
      "total_fills": 300,
      "p95_slippage_bps": 7.810233738247306,
      "mean_slippage_bps": 3.7422747270083665,
      "median_slippage_bps": 3.4088233224322204,
      "p99_slippage_bps": 15.514263577456004,
      "maker_ratio": 0.7,
      "fills_under_threshold": 296,
      "pct_under_threshold": 0.9866666666666667,
      "gate_status": "INSUFFICIENT_DATA",
      "reason": "need_2000_fills_have_300",
      "threshold_bps": 15.0,
      "min_sample_size": 2000
    },
    "BTC-USD_coinbase": {
      "total_fills": 310,
      "p95_slippage_bps": 9.375113488212133,
      "mean_slippage_bps": 4.081245125665701,
      "median_slippage_bps": 3.3467951729451304,
      "p99_slippage_bps": 17.6143531687279,
      "maker_ratio": 0.7,
      "fills_under_threshold": 302,
      "pct_under_threshold": 0.9741935483870968,
      "gate_status": "INSUFFICIENT_DATA",
      "reason": "need_2000_fills_have_310",
      "threshold_bps": 15.0,
      "min_sample_size": 2000
    },
    "ETH-USD_alpaca": {
      "total_fills": 319,
      "p95_slippage_bps": 8.397408339089392,
      "mean_slippage_bps": 4.132160392998961,
      "median_slippage_bps": 3.609283761470058,
      "p99_slippage_bps": 22.274761418501367,
      "maker_ratio": 0.7,
      "fills_under_threshold": 312,
      "pct_under_threshold": 0.9780564263322884,
      "gate_status": "INSUFFICIENT_DATA",
      "reason": "need_2000_fills_have_319",
      "threshold_bps": 15.0,
      "min_sample_size": 2000
    },
    "ETH-USD_binance": {
      "total_fills": 302,
      "p95_slippage_bps": 9.229389585826492,
      "mean_slippage_bps": 3.8901549715862607,
      "median_slippage_bps": 3.1401869495807415,
      "p99_slippage_bps": 16.946210458435264,
      "maker_ratio": 0.7,
      "fills_under_threshold": 296,
      "pct_under_threshold": 0.9801324503311258,
      "gate_status": "INSUFFICIENT_DATA",
      "reason": "need_2000_fills_have_302",
      "threshold_bps": 15.0,
      "min_sample_size": 2000
    },
    "ETH-USD_coinbase": {
      "total_fills": 294,
      "p95_slippage_bps": 8.7751900795491,
      "mean_slippage_bps": 3.9779971466650053,
      "median_slippage_bps": 3.290170875287156,
      "p99_slippage_bps": 19.590606313024168,
      "maker_ratio": 0.7,
      "fills_under_threshold": 286,
      "pct_under_threshold": 0.9727891156462585,
      "gate_status": "INSUFFICIENT_DATA",
      "reason": "need_2000_fills_have_294",
      "threshold_bps": 15.0,
      "min_sample_size": 2000
    },
    "NVDA_alpaca": {
      "total_fills": 310,
      "p95_slippage_bps": 7.875278911246119,
      "mean_slippage_bps": 3.789786609181462,
      "median_slippage_bps": 3.3184096525759736,
      "p99_slippage_bps": 14.077989556701478,
      "maker_ratio": 0.7,
      "fills_under_threshold": 307,
      "pct_under_threshold": 0.9903225806451613,
      "gate_status": "INSUFFICIENT_DATA",
      "reason": "need_2000_fills_have_310",
      "threshold_bps": 15.0,
      "min_sample_size": 2000
    },
    "NVDA_binance": {
      "total_fills": 321,
      "p95_slippage_bps": 9.147697693170326,
      "mean_slippage_bps": 4.151501709652294,
      "median_slippage_bps": 3.428073533305459,
      "p99_slippage_bps": 19.234118078740433,
      "maker_ratio": 0.7,
      "fills_under_threshold": 311,
      "pct_under_threshold": 0.9688473520249221,
      "gate_status": "INSUFFICIENT_DATA",
      "reason": "need_2000_fills_have_321",
      "threshold_bps": 15.0,
      "min_sample_size": 2000
    },
    "NVDA_coinbase": {
      "total_fills": 289,
      "p95_slippage_bps": 8.663449172729498,
      "mean_slippage_bps": 3.894864463511151,
      "median_slippage_bps": 3.684662945299304,
      "p99_slippage_bps": 13.800717810314358,
      "maker_ratio": 0.7,
      "fills_under_threshold": 287,
      "pct_under_threshold": 0.9930795847750865,
      "gate_status": "INSUFFICIENT_DATA",
      "reason": "need_2000_fills_have_289",