{
  "timestamp": "2025-08-16T13:43:29.932859+00:00",
  "window_hours": 48,
  "threshold_bps": 15.0,
  "min_sample_size": 2000,
  "overall_metrics": {
    "total_fills": 2745,
    "p95_slippage_bps": 9.34785059758218,
    "mean_slippage_bps": 4.025001390835162,
    "median_slippage_bps": 3.4238505508756947,
    "p99_slippage_bps": 18.177672551479997,
    "maker_ratio": 0.7,
    "fills_under_threshold": 2688,
    "pct_under_threshold": 0.9792349726775956,
    "gate_status": "PASS",
    "reason": "criteria_met",
    "threshold_bps": 15.0,
    "min_sample_size": 2000
  },
  "breakdown_metrics": {
    "asset_ETH-USD": {
      "total_fills": 940,
      "p95_slippage_bps": 8.41588569813393,
      "mean_slippage_bps": 3.837367324737784,
      "median_slippage_bps": 3.4207549017177463,
      "p99_slippage_bps": 16.390611947530196,
      "maker_ratio": 0.7,
      "fills_under_threshold": 925,
      "pct_under_threshold": 0.9840425531914894,
      "gate_status": "INSUFFICIENT_DATA",
      "reason": "need_2000_fills_have_940",
      "threshold_bps": 15.0,
      "min_sample_size": 2000
    },
    "asset_NVDA": {
      "total_fills": 896,
      "p95_slippage_bps": 9.719972399638024,
      "mean_slippage_bps": 4.085291538024743,
      "median_slippage_bps": 3.3486332720078247,
      "p99_slippage_bps": 18.85436764531197,
      "maker_ratio": 0.7,
      "fills_under_threshold": 877,
      "pct_under_threshold": 0.9787946428571429,
      "gate_status": "INSUFFICIENT_DATA",
      "reason": "need_2000_fills_have_896",
      "threshold_bps": 15.0,
      "min_sample_size": 2000
    },
    "asset_BTC-USD": {
      "total_fills": 909,
      "p95_slippage_bps": 9.691408123408115,
      "mean_slippage_bps": 4.159606506621378,
      "median_slippage_bps": 3.5050937481772135,
      "p99_slippage_bps": 19.002923260552837,
      "maker_ratio": 0.7,
      "fills_under_threshold": 886,
      "pct_under_threshold": 0.9746974697469747,
      "gate_status": "INSUFFICIENT_DATA",
      "reason": "need_2000_fills_have_909",
      "threshold_bps": 15.0,
      "min_sample_size": 2000
    },
    "venue_alpaca": {
      "total_fills": 943,
      "p95_slippage_bps": 8.74276934040827,
      "mean_slippage_bps": 3.988761314184175,
      "median_slippage_bps": 3.4314004002662237,
      "p99_slippage_bps": 18.631265979870513,
      "maker_ratio": 0.7,
      "fills_under_threshold": 920,
      "pct_under_threshold": 0.975609756097561,
      "gate_status": "INSUFFICIENT_DATA",
      "reason": "need_2000_fills_have_943",
      "threshold_bps": 15.0,
      "min_sample_size": 2000
    },
    "venue_binance": {
      "total_fills": 896,
      "p95_slippage_bps": 9.450784903846408,
      "mean_slippage_bps": 4.129544240905782,
      "median_slippage_bps": 3.479242388419352,
      "p99_slippage_bps": 18.715236573063777,
      "maker_ratio": 0.7,
      "fills_under_threshold": 879,
      "pct_under_threshold": 0.9810267857142857,
      "gate_status": "INSUFFICIENT_DATA",
      "reason": "need_2000_fills_have_896",
      "threshold_bps": 15.0,
      "min_sample_size": 2000
    },
    "venue_coinbase": {
      "total_fills": 906,
      "p95_slippage_bps": 9.320721069048268,
      "mean_slippage_bps": 3.9593325151382572,
      "median_slippage_bps": 3.3432364934759615,
      "p99_slippage_bps": 18.08412753523218,
      "maker_ratio": 0.7,
      "fills_under_threshold": 889,
      "pct_under_threshold": 0.9812362030905077,
      "gate_status": "INSUFFICIENT_DATA",
      "reason": "need_2000_fills_have_906",
      "threshold_bps": 15.0,
      "min_sample_size": 2000
    },
    "BTC-USD_alpaca": {
      "total_fills": 330,
      "p95_slippage_bps": 9.918633642637655,
      "mean_slippage_bps": 4.221355417457611,
      "median_slippage_bps": 3.606647728960919,
      "p99_slippage_bps": 19.27742038208304,
      "maker_ratio": 0.7,
      "fills_under_threshold": 319,
      "pct_under_threshold": 0.9666666666666667,
      "gate_status": "INSUFFICIENT_DATA",
      "reason": "need_2000_fills_have_330",
      "threshold_bps": 15.0,
      "min_sample_size": 2000
    },
    "BTC-USD_binance": {
      "total_fills": 305,
      "p95_slippage_bps": 9.299400003603884,
      "mean_slippage_bps": 4.135023137679723,
      "median_slippage_bps": 3.5050937481772135,
      "p99_slippage_bps": 16.886700671042792,
      "maker_ratio": 0.7,
      "fills_under_threshold": 300,
      "pct_under_threshold": 0.9836065573770492,
      "gate_status": "INSUFFICIENT_DATA",
      "reason": "need_2000_fills_have_305",
      "threshold_bps": 15.0,
      "min_sample_size": 2000
    },
    "BTC-USD_coinbase": {
      "total_fills": 274,
      "p95_slippage_bps": 9.644042021564747,
      "mean_slippage_bps": 4.112602079436153,
      "median_slippage_bps": 3.3632224283941534,
      "p99_slippage_bps": 18.448937054840208,
      "maker_ratio": 0.7,
      "fills_under_threshold": 267,
      "pct_under_threshold": 0.9744525547445255,
      "gate_status": "INSUFFICIENT_DATA",
      "reason": "need_2000_fills_have_274",
      "threshold_bps": 15.0,
      "min_sample_size": 2000
    },
    "ETH-USD_alpaca": {
      "total_fills": 325,
      "p95_slippage_bps": 7.795827240561317,
      "mean_slippage_bps": 3.6350360713063736,
      "median_slippage_bps": 3.2629490634427203,
      "p99_slippage_bps": 15.240464568236895,
      "maker_ratio": 0.7,
      "fills_under_threshold": 321,
      "pct_under_threshold": 0.9876923076923076,
      "gate_status": "INSUFFICIENT_DATA",
      "reason": "need_2000_fills_have_325",
      "threshold_bps": 15.0,
      "min_sample_size": 2000
    },
    "ETH-USD_binance": {
      "total_fills": 289,
      "p95_slippage_bps": 9.054376057343417,
      "mean_slippage_bps": 4.057149606551987,
      "median_slippage_bps": 3.5428971337208486,
      "p99_slippage_bps": 16.454294575545394,
      "maker_ratio": 0.7,
      "fills_under_threshold": 283,
      "pct_under_threshold": 0.9792387543252595,
      "gate_status": "INSUFFICIENT_DATA",
      "reason": "need_2000_fills_have_289",
      "threshold_bps": 15.0,
      "min_sample_size": 2000
    },
    "ETH-USD_coinbase": {
      "total_fills": 326,
      "p95_slippage_bps": 8.482161107749924,
      "mean_slippage_bps": 3.844240263145464,
      "median_slippage_bps": 3.4194545855487415,
      "p99_slippage_bps": 16.435416798120414,
      "maker_ratio": 0.7,
      "fills_under_threshold": 321,
      "pct_under_threshold": 0.9846625766871165,
      "gate_status": "INSUFFICIENT_DATA",
      "reason": "need_2000_fills_have_326",
      "threshold_bps": 15.0,
      "min_sample_size": 2000
    },
    "NVDA_alpaca": {
      "total_fills": 288,
      "p95_slippage_bps": 9.480409597711857,
      "mean_slippage_bps": 4.121416348403106,
      "median_slippage_bps": 3.404657954106231,
      "p99_slippage_bps": 18.910342932748005,
      "maker_ratio": 0.7,
      "fills_under_threshold": 280,
      "pct_under_threshold": 0.9722222222222222,
      "gate_status": "INSUFFICIENT_DATA",
      "reason": "need_2000_fills_have_288",
      "threshold_bps": 15.0,
      "min_sample_size": 2000
    },
    "NVDA_binance": {
      "total_fills": 302,
      "p95_slippage_bps": 9.70342905251947,
      "mean_slippage_bps": 4.1932892270388775,
      "median_slippage_bps": 3.4373512926107015,
      "p99_slippage_bps": 19.039631745480474,
      "maker_ratio": 0.7,
      "fills_under_threshold": 296,
      "pct_under_threshold": 0.9801324503311258,
      "gate_status": "INSUFFICIENT_DATA",
      "reason": "need_2000_fills_have_302",
      "threshold_bps": 15.0,
      "min_sample_size": 2000
    },
    "NVDA_coinbase": {
      "total_fills": 306,
      "p95_slippage_bps": 9.57383750305658,
      "mean_slippage_bps": 3.944705761974948,
      "median_slippage_bps": 3.2374118201108226,
      "p99_slippage_bps": 17.992372982554173,
      "maker_ratio": 0.7,
      "fills_under_threshold": 301,
      "pct_under_threshold": 0.9836601307189542,
      "gate_status": "INSUFFICIENT_DATA",