{
  "timestamp": "2025-08-16T08:52:57.190033+00:00",
  "window_hours": 48,
  "threshold_bps": 15.0,
  "min_sample_size": 2000,
  "overall_metrics": {
    "total_fills": 2749,
    "p95_slippage_bps": 8.741253948185717,
    "mean_slippage_bps": 3.962359226084036,
    "median_slippage_bps": 3.438900364165164,
    "p99_slippage_bps": 17.187067285647053,
    "maker_ratio": 0.7,
    "fills_under_threshold": 2705,
    "pct_under_threshold": 0.9839941797017097,
    "gate_status": "PASS",
    "reason": "criteria_met",
    "threshold_bps": 15.0,
    "min_sample_size": 2000
  },
  "breakdown_metrics": {
    "asset_NVDA": {
      "total_fills": 893,
      "p95_slippage_bps": 8.340783515260084,
      "mean_slippage_bps": 3.9385413562649854,
      "median_slippage_bps": 3.477813866596685,
      "p99_slippage_bps": 18.758425215633956,
      "maker_ratio": 0.7,
      "fills_under_threshold": 877,
      "pct_under_threshold": 0.9820828667413214,
      "gate_status": "INSUFFICIENT_DATA",
      "reason": "need_2000_fills_have_893",
      "threshold_bps": 15.0,
      "min_sample_size": 2000
    },
    "asset_BTC-USD": {
      "total_fills": 916,
      "p95_slippage_bps": 8.75572155095945,
      "mean_slippage_bps": 4.037008578826333,
      "median_slippage_bps": 3.456474876119014,
      "p99_slippage_bps": 17.797162260427488,
      "maker_ratio": 0.7,
      "fills_under_threshold": 900,
      "pct_under_threshold": 0.982532751091703,
      "gate_status": "INSUFFICIENT_DATA",
      "reason": "need_2000_fills_have_916",
      "threshold_bps": 15.0,
      "min_sample_size": 2000
    },
    "asset_ETH-USD": {
      "total_fills": 940,
      "p95_slippage_bps": 8.997664934932873,
      "mean_slippage_bps": 3.912242790590917,
      "median_slippage_bps": 3.3566887925579465,
      "p99_slippage_bps": 15.608760375373077,
      "maker_ratio": 0.7,
      "fills_under_threshold": 928,
      "pct_under_threshold": 0.9872340425531915,
      "gate_status": "INSUFFICIENT_DATA",
      "reason": "need_2000_fills_have_940",
      "threshold_bps": 15.0,
      "min_sample_size": 2000
    },
    "venue_alpaca": {
      "total_fills": 946,
      "p95_slippage_bps": 9.147760742635047,
      "mean_slippage_bps": 4.0470227165429895,
      "median_slippage_bps": 3.466297678599118,
      "p99_slippage_bps": 18.119889112781244,
      "maker_ratio": 0.7,
      "fills_under_threshold": 930,
      "pct_under_threshold": 0.9830866807610994,
      "gate_status": "INSUFFICIENT_DATA",
      "reason": "need_2000_fills_have_946",
      "threshold_bps": 15.0,
      "min_sample_size": 2000
    },
    "venue_binance": {
      "total_fills": 860,
      "p95_slippage_bps": 8.488335199258565,
      "mean_slippage_bps": 3.9222088001647415,
      "median_slippage_bps": 3.423386066180024,
      "p99_slippage_bps": 16.76252252068717,
      "maker_ratio": 0.7,
      "fills_under_threshold": 848,
      "pct_under_threshold": 0.986046511627907,
      "gate_status": "INSUFFICIENT_DATA",
      "reason": "need_2000_fills_have_860",
      "threshold_bps": 15.0,
      "min_sample_size": 2000
    },
    "venue_coinbase": {
      "total_fills": 943,
      "p95_slippage_bps": 8.541014841721532,
      "mean_slippage_bps": 3.914042899802406,
      "median_slippage_bps": 3.4168050605834943,
      "p99_slippage_bps": 16.587117194714875,
      "maker_ratio": 0.7,
      "fills_under_threshold": 927,
      "pct_under_threshold": 0.9830328738069989,
      "gate_status": "INSUFFICIENT_DATA",
      "reason": "need_2000_fills_have_943",
      "threshold_bps": 15.0,
      "min_sample_size": 2000
    },
    "BTC-USD_alpaca": {
      "total_fills": 316,
      "p95_slippage_bps": 10.039812142635821,
      "mean_slippage_bps": 4.230809598719628,
      "median_slippage_bps": 3.4935784844344475,
      "p99_slippage_bps": 19.438446726760656,
      "maker_ratio": 0.7,
      "fills_under_threshold": 310,
      "pct_under_threshold": 0.9810126582278481,
      "gate_status": "INSUFFICIENT_DATA",
      "reason": "need_2000_fills_have_316",
      "threshold_bps": 15.0,
      "min_sample_size": 2000
    },
    "BTC-USD_binance": {
      "total_fills": 290,
      "p95_slippage_bps": 7.92425208292379,
      "mean_slippage_bps": 3.8674724414151336,
      "median_slippage_bps": 3.440786504203985,
      "p99_slippage_bps": 13.879445545726766,
      "maker_ratio": 0.7,
      "fills_under_threshold": 287,
      "pct_under_threshold": 0.9896551724137931,
      "gate_status": "INSUFFICIENT_DATA",
      "reason": "need_2000_fills_have_290",
      "threshold_bps": 15.0,
      "min_sample_size": 2000
    },
    "BTC-USD_coinbase": {
      "total_fills": 310,
      "p95_slippage_bps": 8.340619332181342,
      "mean_slippage_bps": 3.9980548935455786,
      "median_slippage_bps": 3.4563872667678694,
      "p99_slippage_bps": 18.08894061514909,
      "maker_ratio": 0.7,
      "fills_under_threshold": 303,
      "pct_under_threshold": 0.9774193548387097,
      "gate_status": "INSUFFICIENT_DATA",
      "reason": "need_2000_fills_have_310",
      "threshold_bps": 15.0,
      "min_sample_size": 2000
    },
    "ETH-USD_alpaca": {
      "total_fills": 307,
      "p95_slippage_bps": 8.955345568546472,
      "mean_slippage_bps": 3.9043796080311592,
      "median_slippage_bps": 3.288307718540479,
      "p99_slippage_bps": 16.056925725109814,
      "maker_ratio": 0.7,
      "fills_under_threshold": 303,
      "pct_under_threshold": 0.9869706840390879,
      "gate_status": "INSUFFICIENT_DATA",
      "reason": "need_2000_fills_have_307",
      "threshold_bps": 15.0,
      "min_sample_size": 2000
    },
    "ETH-USD_binance": {
      "total_fills": 288,
      "p95_slippage_bps": 8.72425227113009,
      "mean_slippage_bps": 3.979574798271882,
      "median_slippage_bps": 3.5188632095901133,
      "p99_slippage_bps": 15.070449876938877,
      "maker_ratio": 0.7,
      "fills_under_threshold": 285,
      "pct_under_threshold": 0.9895833333333334,
      "gate_status": "INSUFFICIENT_DATA",
      "reason": "need_2000_fills_have_288",
      "threshold_bps": 15.0,
      "min_sample_size": 2000
    },
    "ETH-USD_coinbase": {
      "total_fills": 345,
      "p95_slippage_bps": 9.563875409217022,
      "mean_slippage_bps": 3.8630322944567945,
      "median_slippage_bps": 3.315013991631378,
      "p99_slippage_bps": 15.281016724238448,
      "maker_ratio": 0.7,
      "fills_under_threshold": 340,
      "pct_under_threshold": 0.9855072463768116,
      "gate_status": "INSUFFICIENT_DATA",
      "reason": "need_2000_fills_have_345",
      "threshold_bps": 15.0,
      "min_sample_size": 2000
    },
    "NVDA_alpaca": {
      "total_fills": 323,
      "p95_slippage_bps": 8.123691400370978,
      "mean_slippage_bps": 4.002796027828791,
      "median_slippage_bps": 3.5491089356181154,
      "p99_slippage_bps": 18.50633039194009,
      "maker_ratio": 0.7,
      "fills_under_threshold": 317,
      "pct_under_threshold": 0.9814241486068112,
      "gate_status": "INSUFFICIENT_DATA",
      "reason": "need_2000_fills_have_323",
      "threshold_bps": 15.0,
      "min_sample_size": 2000
    },
    "NVDA_binance": {
      "total_fills": 282,
      "p95_slippage_bps": 8.47748942411743,
      "mean_slippage_bps": 3.919911412159529,
      "median_slippage_bps": 3.3459144671546937,
      "p99_slippage_bps": 19.930736166326337,
      "maker_ratio": 0.7,
      "fills_under_threshold": 276,
      "pct_under_threshold": 0.9787234042553191,
      "gate_status": "INSUFFICIENT_DATA",
      "reason": "need_2000_fills_have_282",
      "threshold_bps": 15.0,
      "min_sample_size": 2000
    },
    "NVDA_coinbase": {
      "total_fills": 288,
      "p95_slippage_bps": 8.28975975051819,
      "mean_slippage_bps": 3.8847197775241162,
      "median_slippage_bps": 3.5527899681120676,
      "p99_slippage_bps": 15.546373625121033,
      "maker_ratio": 0.7,
      "fills_under_threshold": 284,
      "pct_under_threshold": 0.9861111111111112,
      "gate_status": "INSUFFICIENT_DATA",