{
  "timestamp": "2025-08-16T17:57:40.581196+00:00",
  "window_hours": 48,
  "threshold_bps": 15.0,
  "min_sample_size": 2000,
  "overall_metrics": {
    "total_fills": 2741,
    "p95_slippage_bps": 9.309583457039487,
    "mean_slippage_bps": 4.054763249284181,
    "median_slippage_bps": 3.4165059703752654,
    "p99_slippage_bps": 19.363514608601214,
    "maker_ratio": 0.7,
    "fills_under_threshold": 2672,
    "pct_under_threshold": 0.9748267055819044,
    "gate_status": "PASS",
    "reason": "criteria_met",
    "threshold_bps": 15.0,
    "min_sample_size": 2000
  },
  "breakdown_metrics": {
    "asset_NVDA": {
      "total_fills": 917,
      "p95_slippage_bps": 9.727939376914556,
      "mean_slippage_bps": 3.9543714957818876,
      "median_slippage_bps": 3.350718118316207,
      "p99_slippage_bps": 18.178954819843213,
      "maker_ratio": 0.7,
      "fills_under_threshold": 901,
      "pct_under_threshold": 0.9825517993456925,
      "gate_status": "INSUFFICIENT_DATA",
      "reason": "need_2000_fills_have_917",
      "threshold_bps": 15.0,
      "min_sample_size": 2000
    },
    "asset_BTC-USD": {
      "total_fills": 929,
      "p95_slippage_bps": 8.638117033347898,
      "mean_slippage_bps": 3.9353237313316756,
      "median_slippage_bps": 3.418222744705042,
      "p99_slippage_bps": 18.63420123415173,
      "maker_ratio": 0.7,
      "fills_under_threshold": 908,
      "pct_under_threshold": 0.9773950484391819,
      "gate_status": "INSUFFICIENT_DATA",
      "reason": "need_2000_fills_have_929",
      "threshold_bps": 15.0,
      "min_sample_size": 2000
    },
    "asset_ETH-USD": {
      "total_fills": 895,
      "p95_slippage_bps": 10.29007600795303,
      "mean_slippage_bps": 4.281599618155111,
      "median_slippage_bps": 3.500617821774515,
      "p99_slippage_bps": 20.1792330732988,
      "maker_ratio": 0.7,
      "fills_under_threshold": 863,
      "pct_under_threshold": 0.964245810055866,
      "gate_status": "INSUFFICIENT_DATA",
      "reason": "need_2000_fills_have_895",
      "threshold_bps": 15.0,
      "min_sample_size": 2000
    },
    "venue_binance": {
      "total_fills": 900,
      "p95_slippage_bps": 9.20384970996685,
      "mean_slippage_bps": 3.926693790274252,
      "median_slippage_bps": 3.4719701057493872,
      "p99_slippage_bps": 16.472700523247525,
      "maker_ratio": 0.7,
      "fills_under_threshold": 884,
      "pct_under_threshold": 0.9822222222222222,
      "gate_status": "INSUFFICIENT_DATA",
      "reason": "need_2000_fills_have_900",
      "threshold_bps": 15.0,
      "min_sample_size": 2000
    },
    "venue_alpaca": {
      "total_fills": 932,
      "p95_slippage_bps": 8.981278599442732,
      "mean_slippage_bps": 4.009611388137218,
      "median_slippage_bps": 3.3966740568367966,
      "p99_slippage_bps": 17.973516453709568,
      "maker_ratio": 0.7,
      "fills_under_threshold": 912,
      "pct_under_threshold": 0.9785407725321889,
      "gate_status": "INSUFFICIENT_DATA",
      "reason": "need_2000_fills_have_932",
      "threshold_bps": 15.0,
      "min_sample_size": 2000
    },
    "venue_coinbase": {
      "total_fills": 909,
      "p95_slippage_bps": 10.221012404739854,
      "mean_slippage_bps": 4.227859011328084,
      "median_slippage_bps": 3.3724413602436707,
      "p99_slippage_bps": 20.447486295759308,
      "maker_ratio": 0.7,
      "fills_under_threshold": 876,
      "pct_under_threshold": 0.9636963696369637,
      "gate_status": "INSUFFICIENT_DATA",
      "reason": "need_2000_fills_have_909",
      "threshold_bps": 15.0,
      "min_sample_size": 2000
    },
    "BTC-USD_alpaca": {
      "total_fills": 326,
      "p95_slippage_bps": 8.775922762156451,
      "mean_slippage_bps": 3.911593530877326,
      "median_slippage_bps": 3.4637374489783626,
      "p99_slippage_bps": 16.317174346236072,
      "maker_ratio": 0.7,
      "fills_under_threshold": 321,
      "pct_under_threshold": 0.9846625766871165,
      "gate_status": "INSUFFICIENT_DATA",
      "reason": "need_2000_fills_have_326",
      "threshold_bps": 15.0,
      "min_sample_size": 2000
    },
    "BTC-USD_binance": {
      "total_fills": 300,
      "p95_slippage_bps": 7.738951700537553,
      "mean_slippage_bps": 3.714520915905976,
      "median_slippage_bps": 3.2964296286736734,
      "p99_slippage_bps": 15.557525847147707,
      "maker_ratio": 0.7,
      "fills_under_threshold": 295,
      "pct_under_threshold": 0.9833333333333333,
      "gate_status": "INSUFFICIENT_DATA",
      "reason": "need_2000_fills_have_300",
      "threshold_bps": 15.0,
      "min_sample_size": 2000
    },
    "BTC-USD_coinbase": {
      "total_fills": 303,
      "p95_slippage_bps": 9.0221807382294,
      "mean_slippage_bps": 4.17947188306708,
      "median_slippage_bps": 3.4414568453893537,
      "p99_slippage_bps": 20.17509397350184,
      "maker_ratio": 0.7,
      "fills_under_threshold": 292,
      "pct_under_threshold": 0.9636963696369637,
      "gate_status": "INSUFFICIENT_DATA",
      "reason": "need_2000_fills_have_303",
      "threshold_bps": 15.0,
      "min_sample_size": 2000
    },
    "ETH-USD_alpaca": {
      "total_fills": 287,
      "p95_slippage_bps": 9.105175916484267,
      "mean_slippage_bps": 4.286530518899733,
      "median_slippage_bps": 3.4501346529289636,
      "p99_slippage_bps": 20.385549410695315,
      "maker_ratio": 0.7,
      "fills_under_threshold": 278,
      "pct_under_threshold": 0.9686411149825784,
      "gate_status": "INSUFFICIENT_DATA",
      "reason": "need_2000_fills_have_287",
      "threshold_bps": 15.0,
      "min_sample_size": 2000
    },
    "ETH-USD_binance": {
      "total_fills": 311,
      "p95_slippage_bps": 9.620159283249663,
      "mean_slippage_bps": 4.128761272367036,
      "median_slippage_bps": 3.6256312068784307,
      "p99_slippage_bps": 16.628736964149955,
      "maker_ratio": 0.7,
      "fills_under_threshold": 303,
      "pct_under_threshold": 0.9742765273311897,
      "gate_status": "INSUFFICIENT_DATA",
      "reason": "need_2000_fills_have_311",
      "threshold_bps": 15.0,
      "min_sample_size": 2000
    },
    "ETH-USD_coinbase": {
      "total_fills": 297,
      "p95_slippage_bps": 14.569309841899159,
      "mean_slippage_bps": 4.4368775879409155,
      "median_slippage_bps": 3.4024854817581387,
      "p99_slippage_bps": 23.65336220717076,
      "maker_ratio": 0.7,
      "fills_under_threshold": 282,
      "pct_under_threshold": 0.9494949494949495,
      "gate_status": "INSUFFICIENT_DATA",
      "reason": "need_2000_fills_have_297",
      "threshold_bps": 15.0,
      "min_sample_size": 2000
    },
    "NVDA_alpaca": {
      "total_fills": 319,
      "p95_slippage_bps": 9.751195565121709,
      "mean_slippage_bps": 3.86063969828732,
      "median_slippage_bps": 3.2411943837293897,
      "p99_slippage_bps": 17.628552931483874,
      "maker_ratio": 0.7,
      "fills_under_threshold": 313,
      "pct_under_threshold": 0.9811912225705329,
      "gate_status": "INSUFFICIENT_DATA",
      "reason": "need_2000_fills_have_319",
      "threshold_bps": 15.0,
      "min_sample_size": 2000
    },
    "NVDA_binance": {
      "total_fills": 289,
      "p95_slippage_bps": 9.280870643962233,
      "mean_slippage_bps": 3.929492667020363,
      "median_slippage_bps": 3.4649112382636145,
      "p99_slippage_bps": 12.926854572033738,
      "maker_ratio": 0.7,
      "fills_under_threshold": 286,
      "pct_under_threshold": 0.9896193771626297,
      "gate_status": "INSUFFICIENT_DATA",
      "reason": "need_2000_fills_have_289",
      "threshold_bps": 15.0,
      "min_sample_size": 2000
    },
    "NVDA_coinbase": {
      "total_fills": 309,
      "p95_slippage_bps": 9.901407295911435,
      "mean_slippage_bps": 4.074405233363918,
      "median_slippage_bps": 3.2687890848941126,
      "p99_slippage_bps": 20.14541397840129,
      "maker_ratio": 0.7,
      "fills_under_threshold": 302,
      "pct_under_threshold": 0.9773462783171522,
      "gate_status": "INSUFFICIENT_DATA",
      "reason": "need_2000_fills_have_309",