{
  "timestamp": "2025-08-16T14:56:07.399665+00:00",
  "window_hours": 48,
  "threshold_bps": 15.0,
  "min_sample_size": 2000,
  "overall_metrics": {
    "total_fills": 2739,
    "p95_slippage_bps": 9.663855152516575,
    "mean_slippage_bps": 4.145826901066581,
    "median_slippage_bps": 3.430857860757689,
    "p99_slippage_bps": 19.617759132821647,
    "maker_ratio": 0.7,
    "fills_under_threshold": 2665,
    "pct_under_threshold": 0.97298284045272,
    "gate_status": "PASS",
    "reason": "criteria_met",
    "threshold_bps": 15.0,
    "min_sample_size": 2000
  },
  "breakdown_metrics": {
    "asset_BTC-USD": {
      "total_fills": 893,
      "p95_slippage_bps": 9.161048534839837,
      "mean_slippage_bps": 4.075695515570788,
      "median_slippage_bps": 3.3421514442462374,
      "p99_slippage_bps": 19.399571000028818,
      "maker_ratio": 0.7,
      "fills_under_threshold": 873,
      "pct_under_threshold": 0.9776035834266518,
      "gate_status": "INSUFFICIENT_DATA",
      "reason": "need_2000_fills_have_893",
      "threshold_bps": 15.0,
      "min_sample_size": 2000
    },
    "asset_NVDA": {
      "total_fills": 945,
      "p95_slippage_bps": 10.656679331295878,
      "mean_slippage_bps": 4.257074942102058,
      "median_slippage_bps": 3.4868603536681047,
      "p99_slippage_bps": 19.949477002876364,
      "maker_ratio": 0.7,
      "fills_under_threshold": 913,
      "pct_under_threshold": 0.9661375661375662,
      "gate_status": "INSUFFICIENT_DATA",
      "reason": "need_2000_fills_have_945",
      "threshold_bps": 15.0,
      "min_sample_size": 2000
    },
    "asset_ETH-USD": {
      "total_fills": 901,
      "p95_slippage_bps": 8.906905414010293,
      "mean_slippage_bps": 4.098654790599563,
      "median_slippage_bps": 3.482468074379083,
      "p99_slippage_bps": 18.069885548027862,
      "maker_ratio": 0.7,
      "fills_under_threshold": 879,
      "pct_under_threshold": 0.9755826859045506,
      "gate_status": "INSUFFICIENT_DATA",
      "reason": "need_2000_fills_have_901",
      "threshold_bps": 15.0,
      "min_sample_size": 2000
    },
    "venue_coinbase": {
      "total_fills": 910,
      "p95_slippage_bps": 9.726025218579021,
      "mean_slippage_bps": 4.166721614378808,
      "median_slippage_bps": 3.4318607673356993,
      "p99_slippage_bps": 19.799596020808867,
      "maker_ratio": 0.7,
      "fills_under_threshold": 884,
      "pct_under_threshold": 0.9714285714285714,
      "gate_status": "INSUFFICIENT_DATA",
      "reason": "need_2000_fills_have_910",
      "threshold_bps": 15.0,
      "min_sample_size": 2000
    },
    "venue_binance": {
      "total_fills": 935,
      "p95_slippage_bps": 10.47205177764362,
      "mean_slippage_bps": 4.259999903268949,
      "median_slippage_bps": 3.4878452622951928,
      "p99_slippage_bps": 19.800926961632126,
      "maker_ratio": 0.7,
      "fills_under_threshold": 907,
      "pct_under_threshold": 0.9700534759358289,
      "gate_status": "INSUFFICIENT_DATA",
      "reason": "need_2000_fills_have_935",
      "threshold_bps": 15.0,
      "min_sample_size": 2000
    },
    "venue_alpaca": {
      "total_fills": 894,
      "p95_slippage_bps": 8.74675948008849,
      "mean_slippage_bps": 4.005149108926379,
      "median_slippage_bps": 3.387996407373565,
      "p99_slippage_bps": 18.30832559199841,
      "maker_ratio": 0.7,
      "fills_under_threshold": 874,
      "pct_under_threshold": 0.9776286353467561,
      "gate_status": "INSUFFICIENT_DATA",
      "reason": "need_2000_fills_have_894",
      "threshold_bps": 15.0,
      "min_sample_size": 2000
    },
    "BTC-USD_alpaca": {
      "total_fills": 287,
      "p95_slippage_bps": 8.452938497996717,
      "mean_slippage_bps": 3.935953548713284,
      "median_slippage_bps": 3.414658963827398,
      "p99_slippage_bps": 14.56846159113683,
      "maker_ratio": 0.7,
      "fills_under_threshold": 284,
      "pct_under_threshold": 0.9895470383275261,
      "gate_status": "INSUFFICIENT_DATA",
      "reason": "need_2000_fills_have_287",
      "threshold_bps": 15.0,
      "min_sample_size": 2000
    },
    "BTC-USD_binance": {
      "total_fills": 294,
      "p95_slippage_bps": 10.14596355046613,
      "mean_slippage_bps": 4.234478800980594,
      "median_slippage_bps": 3.377623990598865,
      "p99_slippage_bps": 22.646929754669003,
      "maker_ratio": 0.7,
      "fills_under_threshold": 285,
      "pct_under_threshold": 0.9693877551020408,
      "gate_status": "INSUFFICIENT_DATA",
      "reason": "need_2000_fills_have_294",
      "threshold_bps": 15.0,
      "min_sample_size": 2000
    },
    "BTC-USD_coinbase": {
      "total_fills": 312,
      "p95_slippage_bps": 9.40862473206894,
      "mean_slippage_bps": 4.0546174981913685,
      "median_slippage_bps": 3.240297136940451,
      "p99_slippage_bps": 17.71867046527009,
      "maker_ratio": 0.7,
      "fills_under_threshold": 304,
      "pct_under_threshold": 0.9743589743589743,
      "gate_status": "INSUFFICIENT_DATA",
      "reason": "need_2000_fills_have_312",
      "threshold_bps": 15.0,
      "min_sample_size": 2000
    },
    "ETH-USD_alpaca": {
      "total_fills": 293,
      "p95_slippage_bps": 8.459088185569867,
      "mean_slippage_bps": 3.872101205425713,
      "median_slippage_bps": 3.2158278329687384,
      "p99_slippage_bps": 16.38495297549816,
      "maker_ratio": 0.7,
      "fills_under_threshold": 288,
      "pct_under_threshold": 0.9829351535836177,
      "gate_status": "INSUFFICIENT_DATA",
      "reason": "need_2000_fills_have_293",
      "threshold_bps": 15.0,
      "min_sample_size": 2000
    },
    "ETH-USD_binance": {
      "total_fills": 321,
      "p95_slippage_bps": 10.62446504961073,
      "mean_slippage_bps": 4.326577983641625,
      "median_slippage_bps": 3.600157423983657,
      "p99_slippage_bps": 17.9961910725088,
      "maker_ratio": 0.7,
      "fills_under_threshold": 311,
      "pct_under_threshold": 0.9688473520249221,
      "gate_status": "INSUFFICIENT_DATA",
      "reason": "need_2000_fills_have_321",
      "threshold_bps": 15.0,
      "min_sample_size": 2000
    },
    "ETH-USD_coinbase": {
      "total_fills": 287,
      "p95_slippage_bps": 8.534606651415254,
      "mean_slippage_bps": 4.075020140736971,
      "median_slippage_bps": 3.5174007476563705,
      "p99_slippage_bps": 18.185503463246896,
      "maker_ratio": 0.7,
      "fills_under_threshold": 280,
      "pct_under_threshold": 0.975609756097561,
      "gate_status": "INSUFFICIENT_DATA",
      "reason": "need_2000_fills_have_287",
      "threshold_bps": 15.0,
      "min_sample_size": 2000
    },
    "NVDA_alpaca": {
      "total_fills": 314,
      "p95_slippage_bps": 9.879358132724931,
      "mean_slippage_bps": 4.192544527738013,
      "median_slippage_bps": 3.434958864062991,
      "p99_slippage_bps": 19.14404701405479,
      "maker_ratio": 0.7,
      "fills_under_threshold": 302,
      "pct_under_threshold": 0.9617834394904459,
      "gate_status": "INSUFFICIENT_DATA",
      "reason": "need_2000_fills_have_314",
      "threshold_bps": 15.0,
      "min_sample_size": 2000
    },
    "NVDA_binance": {
      "total_fills": 320,
      "p95_slippage_bps": 9.736827605522947,
      "mean_slippage_bps": 4.216661279122535,
      "median_slippage_bps": 3.440787193268812,
      "p99_slippage_bps": 19.27772744408461,
      "maker_ratio": 0.7,
      "fills_under_threshold": 311,
      "pct_under_threshold": 0.971875,
      "gate_status": "INSUFFICIENT_DATA",
      "reason": "need_2000_fills_have_320",
      "threshold_bps": 15.0,
      "min_sample_size": 2000
    },
    "NVDA_coinbase": {
      "total_fills": 311,
      "p95_slippage_bps": 11.826805197406411,
      "mean_slippage_bps": 4.363811026551439,
      "median_slippage_bps": 3.532210582325665,
      "p99_slippage_bps": 21.979466527749068,
      "maker_ratio": 0.7,
      "fills_under_threshold": 300,
      "pct_under_threshold": 0.9646302250803859,
      "gate_status": "INSUFFICIENT_DATA",
      "reason": "need_2000_fills_have_311",