{
  "timestamp": "2025-08-16T09:13:42.706505+00:00",
  "window_hours": 48,
  "threshold_bps": 15.0,
  "min_sample_size": 2000,
  "overall_metrics": {
    "total_fills": 2781,
    "p95_slippage_bps": 9.07214722935872,
    "mean_slippage_bps": 4.038945100183398,
    "median_slippage_bps": 3.4443224767131064,
    "p99_slippage_bps": 18.79689097686992,
    "maker_ratio": 0.7,
    "fills_under_threshold": 2722,
    "pct_under_threshold": 0.978784609852571,
    "gate_status": "PASS",
    "reason": "criteria_met",
    "threshold_bps": 15.0,
    "min_sample_size": 2000
  },
  "breakdown_metrics": {
    "asset_BTC-USD": {
      "total_fills": 905,
      "p95_slippage_bps": 9.143764448723743,
      "mean_slippage_bps": 4.092202244141648,
      "median_slippage_bps": 3.5157053953816635,
      "p99_slippage_bps": 19.52058025571344,
      "maker_ratio": 0.7,
      "fills_under_threshold": 887,
      "pct_under_threshold": 0.980110497237569,
      "gate_status": "INSUFFICIENT_DATA",
      "reason": "need_2000_fills_have_905",
      "threshold_bps": 15.0,
      "min_sample_size": 2000
    },
    "asset_ETH-USD": {
      "total_fills": 956,
      "p95_slippage_bps": 9.13063547136403,
      "mean_slippage_bps": 3.9800045460551234,
      "median_slippage_bps": 3.416217800707894,
      "p99_slippage_bps": 16.99178291090167,
      "maker_ratio": 0.7,
      "fills_under_threshold": 936,
      "pct_under_threshold": 0.9790794979079498,
      "gate_status": "INSUFFICIENT_DATA",
      "reason": "need_2000_fills_have_956",
      "threshold_bps": 15.0,
      "min_sample_size": 2000
    },
    "asset_NVDA": {
      "total_fills": 920,
      "p95_slippage_bps": 8.717696639806052,
      "mean_slippage_bps": 4.0478032028621085,
      "median_slippage_bps": 3.4297787973269918,
      "p99_slippage_bps": 19.61765575334296,
      "maker_ratio": 0.7,
      "fills_under_threshold": 899,
      "pct_under_threshold": 0.9771739130434782,
      "gate_status": "INSUFFICIENT_DATA",
      "reason": "need_2000_fills_have_920",
      "threshold_bps": 15.0,
      "min_sample_size": 2000
    },
    "venue_alpaca": {
      "total_fills": 920,
      "p95_slippage_bps": 9.319894499569944,
      "mean_slippage_bps": 4.048955659751615,
      "median_slippage_bps": 3.4130571666941023,
      "p99_slippage_bps": 19.906964658066027,
      "maker_ratio": 0.7,
      "fills_under_threshold": 895,
      "pct_under_threshold": 0.9728260869565217,
      "gate_status": "INSUFFICIENT_DATA",
      "reason": "need_2000_fills_have_920",
      "threshold_bps": 15.0,
      "min_sample_size": 2000
    },
    "venue_binance": {
      "total_fills": 901,
      "p95_slippage_bps": 8.310030680874368,
      "mean_slippage_bps": 4.028601489103014,
      "median_slippage_bps": 3.4570313230653493,
      "p99_slippage_bps": 18.265632187823293,
      "maker_ratio": 0.7,
      "fills_under_threshold": 887,
      "pct_under_threshold": 0.9844617092119867,
      "gate_status": "INSUFFICIENT_DATA",
      "reason": "need_2000_fills_have_901",
      "threshold_bps": 15.0,
      "min_sample_size": 2000
    },
    "venue_coinbase": {
      "total_fills": 960,
      "p95_slippage_bps": 9.156834810840133,
      "mean_slippage_bps": 4.03905955724659,
      "median_slippage_bps": 3.530985702331493,
      "p99_slippage_bps": 16.427736918844992,
      "maker_ratio": 0.7,
      "fills_under_threshold": 940,
      "pct_under_threshold": 0.9791666666666666,
      "gate_status": "INSUFFICIENT_DATA",
      "reason": "need_2000_fills_have_960",
      "threshold_bps": 15.0,
      "min_sample_size": 2000
    },
    "BTC-USD_alpaca": {
      "total_fills": 299,
      "p95_slippage_bps": 9.332902470473016,
      "mean_slippage_bps": 4.118648448567385,
      "median_slippage_bps": 3.455645334667816,
      "p99_slippage_bps": 20.21943752391985,
      "maker_ratio": 0.7,
      "fills_under_threshold": 291,
      "pct_under_threshold": 0.9732441471571907,
      "gate_status": "INSUFFICIENT_DATA",
      "reason": "need_2000_fills_have_299",
      "threshold_bps": 15.0,
      "min_sample_size": 2000
    },
    "BTC-USD_binance": {
      "total_fills": 333,
      "p95_slippage_bps": 9.118802159423433,
      "mean_slippage_bps": 4.2184694489402155,
      "median_slippage_bps": 3.4243088765070606,
      "p99_slippage_bps": 20.078416365113572,
      "maker_ratio": 0.7,
      "fills_under_threshold": 325,
      "pct_under_threshold": 0.975975975975976,
      "gate_status": "INSUFFICIENT_DATA",
      "reason": "need_2000_fills_have_333",
      "threshold_bps": 15.0,
      "min_sample_size": 2000
    },
    "BTC-USD_coinbase": {
      "total_fills": 273,
      "p95_slippage_bps": 8.305894886027001,
      "mean_slippage_bps": 3.9092191147598943,
      "median_slippage_bps": 3.64223358850849,
      "p99_slippage_bps": 13.684715431801164,
      "maker_ratio": 0.7,
      "fills_under_threshold": 271,
      "pct_under_threshold": 0.9926739926739927,
      "gate_status": "INSUFFICIENT_DATA",
      "reason": "need_2000_fills_have_273",
      "threshold_bps": 15.0,
      "min_sample_size": 2000
    },
    "ETH-USD_alpaca": {
      "total_fills": 317,
      "p95_slippage_bps": 8.487737532429756,
      "mean_slippage_bps": 3.6958674005999805,
      "median_slippage_bps": 3.320833952836549,
      "p99_slippage_bps": 16.106315947780523,
      "maker_ratio": 0.7,
      "fills_under_threshold": 313,
      "pct_under_threshold": 0.9873817034700315,
      "gate_status": "INSUFFICIENT_DATA",
      "reason": "need_2000_fills_have_317",
      "threshold_bps": 15.0,
      "min_sample_size": 2000
    },
    "ETH-USD_binance": {
      "total_fills": 300,
      "p95_slippage_bps": 8.48378415227127,
      "mean_slippage_bps": 4.103988106253608,
      "median_slippage_bps": 3.572252101973743,
      "p99_slippage_bps": 17.443467291181083,
      "maker_ratio": 0.7,
      "fills_under_threshold": 296,
      "pct_under_threshold": 0.9866666666666667,
      "gate_status": "INSUFFICIENT_DATA",
      "reason": "need_2000_fills_have_300",
      "threshold_bps": 15.0,
      "min_sample_size": 2000
    },
    "ETH-USD_coinbase": {
      "total_fills": 339,
      "p95_slippage_bps": 9.464012057119922,
      "mean_slippage_bps": 4.135982147971745,
      "median_slippage_bps": 3.497052017366904,
      "p99_slippage_bps": 16.483949106582678,
      "maker_ratio": 0.7,
      "fills_under_threshold": 327,
      "pct_under_threshold": 0.9646017699115044,
      "gate_status": "INSUFFICIENT_DATA",
      "reason": "need_2000_fills_have_339",
      "threshold_bps": 15.0,
      "min_sample_size": 2000
    },
    "NVDA_alpaca": {
      "total_fills": 304,
      "p95_slippage_bps": 12.516685198947979,
      "mean_slippage_bps": 4.348596562038303,
      "median_slippage_bps": 3.4617095780605807,
      "p99_slippage_bps": 22.700594841007707,
      "maker_ratio": 0.7,
      "fills_under_threshold": 291,
      "pct_under_threshold": 0.9572368421052632,
      "gate_status": "INSUFFICIENT_DATA",
      "reason": "need_2000_fills_have_304",
      "threshold_bps": 15.0,
      "min_sample_size": 2000
    },
    "NVDA_binance": {
      "total_fills": 268,
      "p95_slippage_bps": 7.253526566299263,
      "mean_slippage_bps": 3.7082954601068714,
      "median_slippage_bps": 3.445523390527831,
      "p99_slippage_bps": 13.266457113210988,
      "maker_ratio": 0.7,
      "fills_under_threshold": 266,
      "pct_under_threshold": 0.9925373134328358,
      "gate_status": "INSUFFICIENT_DATA",
      "reason": "need_2000_fills_have_268",
      "threshold_bps": 15.0,
      "min_sample_size": 2000
    },
    "NVDA_coinbase": {
      "total_fills": 348,
      "p95_slippage_bps": 9.086107361338243,
      "mean_slippage_bps": 4.04650117374958,
      "median_slippage_bps": 3.4158330024860875,
      "p99_slippage_bps": 20.004468415467933,
      "maker_ratio": 0.7,
      "fills_under_threshold": 342,
      "pct_under_threshold": 0.9827586206896551,
      "gate_status": "INSUFFICIENT_DATA",
      "reason": "need_2000_fills_have_348",