{
  "timestamp": "2025-08-16T20:54:02.149039+00:00",
  "window_hours": 48,
  "threshold_bps": 15.0,
  "min_sample_size": 2000,
  "overall_metrics": {
    "total_fills": 2748,
    "p95_slippage_bps": 9.307788054067032,
    "mean_slippage_bps": 4.099878908696068,
    "median_slippage_bps": 3.4572958591146774,
    "p99_slippage_bps": 19.305585573259037,
    "maker_ratio": 0.7,
    "fills_under_threshold": 2683,
    "pct_under_threshold": 0.9763464337700145,
    "gate_status": "PASS",
    "reason": "criteria_met",
    "threshold_bps": 15.0,
    "min_sample_size": 2000
  },
  "breakdown_metrics": {
    "asset_ETH-USD": {
      "total_fills": 943,
      "p95_slippage_bps": 9.645930301293232,
      "mean_slippage_bps": 4.184713050535698,
      "median_slippage_bps": 3.5344226660287617,
      "p99_slippage_bps": 18.311052116635206,
      "maker_ratio": 0.7,
      "fills_under_threshold": 919,
      "pct_under_threshold": 0.9745493107104984,
      "gate_status": "INSUFFICIENT_DATA",
      "reason": "need_2000_fills_have_943",
      "threshold_bps": 15.0,
      "min_sample_size": 2000
    },
    "asset_NVDA": {
      "total_fills": 873,
      "p95_slippage_bps": 9.625415495378016,
      "mean_slippage_bps": 4.158778968873871,
      "median_slippage_bps": 3.3876174386768225,
      "p99_slippage_bps": 19.503325971648778,
      "maker_ratio": 0.7,
      "fills_under_threshold": 847,
      "pct_under_threshold": 0.9702176403207331,
      "gate_status": "INSUFFICIENT_DATA",
      "reason": "need_2000_fills_have_873",
      "threshold_bps": 15.0,
      "min_sample_size": 2000
    },
    "asset_BTC-USD": {
      "total_fills": 932,
      "p95_slippage_bps": 8.984370362534513,
      "mean_slippage_bps": 3.958872097226118,
      "median_slippage_bps": 3.409858552168582,
      "p99_slippage_bps": 19.093699059820054,
      "maker_ratio": 0.7,
      "fills_under_threshold": 917,
      "pct_under_threshold": 0.9839055793991416,
      "gate_status": "INSUFFICIENT_DATA",
      "reason": "need_2000_fills_have_932",
      "threshold_bps": 15.0,
      "min_sample_size": 2000
    },
    "venue_binance": {
      "total_fills": 903,
      "p95_slippage_bps": 9.68325239533204,
      "mean_slippage_bps": 4.173217161752451,
      "median_slippage_bps": 3.471862967902166,
      "p99_slippage_bps": 18.702079794638664,
      "maker_ratio": 0.7,
      "fills_under_threshold": 882,
      "pct_under_threshold": 0.9767441860465116,
      "gate_status": "INSUFFICIENT_DATA",
      "reason": "need_2000_fills_have_903",
      "threshold_bps": 15.0,
      "min_sample_size": 2000
    },
    "venue_coinbase": {
      "total_fills": 961,
      "p95_slippage_bps": 9.260424078098035,
      "mean_slippage_bps": 4.102802468842109,
      "median_slippage_bps": 3.4720190284805534,
      "p99_slippage_bps": 19.541134273202665,
      "maker_ratio": 0.7,
      "fills_under_threshold": 938,
      "pct_under_threshold": 0.9760665972944849,
      "gate_status": "INSUFFICIENT_DATA",
      "reason": "need_2000_fills_have_961",
      "threshold_bps": 15.0,
      "min_sample_size": 2000
    },
    "venue_alpaca": {
      "total_fills": 884,
      "p95_slippage_bps": 9.212840461996084,
      "mean_slippage_bps": 4.021786166829258,
      "median_slippage_bps": 3.393871118242573,
      "p99_slippage_bps": 18.93989841522,
      "maker_ratio": 0.7,
      "fills_under_threshold": 863,
      "pct_under_threshold": 0.9762443438914027,
      "gate_status": "INSUFFICIENT_DATA",
      "reason": "need_2000_fills_have_884",
      "threshold_bps": 15.0,
      "min_sample_size": 2000
    },
    "BTC-USD_alpaca": {
      "total_fills": 292,
      "p95_slippage_bps": 8.986014204494618,
      "mean_slippage_bps": 3.8722725310032824,
      "median_slippage_bps": 3.4041483216223005,
      "p99_slippage_bps": 15.897258241012073,
      "maker_ratio": 0.7,
      "fills_under_threshold": 288,
      "pct_under_threshold": 0.9863013698630136,
      "gate_status": "INSUFFICIENT_DATA",
      "reason": "need_2000_fills_have_292",
      "threshold_bps": 15.0,
      "min_sample_size": 2000
    },
    "BTC-USD_binance": {
      "total_fills": 318,
      "p95_slippage_bps": 8.231914273198079,
      "mean_slippage_bps": 3.9443548551751824,
      "median_slippage_bps": 3.3915378378643144,
      "p99_slippage_bps": 19.492865954543,
      "maker_ratio": 0.7,
      "fills_under_threshold": 313,
      "pct_under_threshold": 0.9842767295597484,
      "gate_status": "INSUFFICIENT_DATA",
      "reason": "need_2000_fills_have_318",
      "threshold_bps": 15.0,
      "min_sample_size": 2000
    },
    "BTC-USD_coinbase": {
      "total_fills": 322,
      "p95_slippage_bps": 9.27625675229437,
      "mean_slippage_bps": 4.051740284521973,
      "median_slippage_bps": 3.4404448113722275,
      "p99_slippage_bps": 19.18543114631277,
      "maker_ratio": 0.7,
      "fills_under_threshold": 316,
      "pct_under_threshold": 0.9813664596273292,
      "gate_status": "INSUFFICIENT_DATA",
      "reason": "need_2000_fills_have_322",
      "threshold_bps": 15.0,
      "min_sample_size": 2000
    },
    "ETH-USD_alpaca": {
      "total_fills": 315,
      "p95_slippage_bps": 10.205890073970481,
      "mean_slippage_bps": 4.237068023301061,
      "median_slippage_bps": 3.5280706898072998,
      "p99_slippage_bps": 18.78557393142901,
      "maker_ratio": 0.7,
      "fills_under_threshold": 304,
      "pct_under_threshold": 0.9650793650793651,
      "gate_status": "INSUFFICIENT_DATA",
      "reason": "need_2000_fills_have_315",
      "threshold_bps": 15.0,
      "min_sample_size": 2000
    },
    "ETH-USD_binance": {
      "total_fills": 309,
      "p95_slippage_bps": 10.000587075733787,
      "mean_slippage_bps": 4.400835885251147,
      "median_slippage_bps": 3.611518881300177,
      "p99_slippage_bps": 17.380131747478895,
      "maker_ratio": 0.7,
      "fills_under_threshold": 301,
      "pct_under_threshold": 0.9741100323624595,
      "gate_status": "INSUFFICIENT_DATA",
      "reason": "need_2000_fills_have_309",
      "threshold_bps": 15.0,
      "min_sample_size": 2000
    },
    "ETH-USD_coinbase": {
      "total_fills": 319,
      "p95_slippage_bps": 8.51496605917659,
      "mean_slippage_bps": 3.9236667422342437,
      "median_slippage_bps": 3.4614708979163638,
      "p99_slippage_bps": 16.910552458933605,
      "maker_ratio": 0.7,
      "fills_under_threshold": 314,
      "pct_under_threshold": 0.9843260188087775,
      "gate_status": "INSUFFICIENT_DATA",
      "reason": "need_2000_fills_have_319",
      "threshold_bps": 15.0,
      "min_sample_size": 2000
    },
    "NVDA_alpaca": {
      "total_fills": 277,
      "p95_slippage_bps": 9.267981257751261,
      "mean_slippage_bps": 3.9345811013872596,
      "median_slippage_bps": 3.3273992288722885,
      "p99_slippage_bps": 19.457572005230507,
      "maker_ratio": 0.7,
      "fills_under_threshold": 271,
      "pct_under_threshold": 0.9783393501805054,
      "gate_status": "INSUFFICIENT_DATA",
      "reason": "need_2000_fills_have_277",
      "threshold_bps": 15.0,
      "min_sample_size": 2000
    },
    "NVDA_binance": {
      "total_fills": 276,
      "p95_slippage_bps": 9.720312903109646,
      "mean_slippage_bps": 4.182072335413591,
      "median_slippage_bps": 3.3340653532176843,
      "p99_slippage_bps": 19.093550870668636,
      "maker_ratio": 0.7,
      "fills_under_threshold": 268,
      "pct_under_threshold": 0.9710144927536232,
      "gate_status": "INSUFFICIENT_DATA",
      "reason": "need_2000_fills_have_276",
      "threshold_bps": 15.0,
      "min_sample_size": 2000
    },
    "NVDA_coinbase": {
      "total_fills": 320,
      "p95_slippage_bps": 9.594694890851361,
      "mean_slippage_bps": 4.33275971927646,
      "median_slippage_bps": 3.481932714744352,
      "p99_slippage_bps": 19.755190711481013,
      "maker_ratio": 0.7,
      "fills_under_threshold": 308,
      "pct_under_threshold": 0.9625,
      "gate_status": "INSUFFICIENT_DATA",
      "reason": "need_2000_fills_have_320",