{
  "timestamp": "2025-08-16T23:40:52.892830+00:00",
  "window_hours": 48,
  "threshold_bps": 15.0,
  "min_sample_size": 2000,
  "overall_metrics": {
    "total_fills": 2768,
    "p95_slippage_bps": 9.177162567965173,
    "mean_slippage_bps": 4.015594696398557,
    "median_slippage_bps": 3.4031941716310485,
    "p99_slippage_bps": 18.935122723682056,
    "maker_ratio": 0.7,
    "fills_under_threshold": 2711,
    "pct_under_threshold": 0.979407514450867,
    "gate_status": "PASS",
    "reason": "criteria_met",
    "threshold_bps": 15.0,
    "min_sample_size": 2000
  },
  "breakdown_metrics": {
    "asset_ETH-USD": {
      "total_fills": 948,
      "p95_slippage_bps": 9.501488458174258,
      "mean_slippage_bps": 4.050433586669419,
      "median_slippage_bps": 3.3189589391925036,
      "p99_slippage_bps": 18.973363453272842,
      "maker_ratio": 0.7,
      "fills_under_threshold": 927,
      "pct_under_threshold": 0.9778481012658228,
      "gate_status": "INSUFFICIENT_DATA",
      "reason": "need_2000_fills_have_948",
      "threshold_bps": 15.0,
      "min_sample_size": 2000
    },
    "asset_NVDA": {
      "total_fills": 881,
      "p95_slippage_bps": 9.476823709608894,
      "mean_slippage_bps": 4.090514570438297,
      "median_slippage_bps": 3.502517044302031,
      "p99_slippage_bps": 18.469761846676647,
      "maker_ratio": 0.7,
      "fills_under_threshold": 861,
      "pct_under_threshold": 0.9772985244040863,
      "gate_status": "INSUFFICIENT_DATA",
      "reason": "need_2000_fills_have_881",
      "threshold_bps": 15.0,
      "min_sample_size": 2000
    },
    "asset_BTC-USD": {
      "total_fills": 939,
      "p95_slippage_bps": 8.921452336996877,
      "mean_slippage_bps": 3.910129651663959,
      "median_slippage_bps": 3.3635101903599582,
      "p99_slippage_bps": 18.240733423574415,
      "maker_ratio": 0.7,
      "fills_under_threshold": 923,
      "pct_under_threshold": 0.9829605963791267,
      "gate_status": "INSUFFICIENT_DATA",
      "reason": "need_2000_fills_have_939",
      "threshold_bps": 15.0,
      "min_sample_size": 2000
    },
    "venue_coinbase": {
      "total_fills": 937,
      "p95_slippage_bps": 9.878530516121872,
      "mean_slippage_bps": 4.180398140452543,
      "median_slippage_bps": 3.5049059931629887,
      "p99_slippage_bps": 19.05671518216389,
      "maker_ratio": 0.7,
      "fills_under_threshold": 914,
      "pct_under_threshold": 0.9754535752401281,
      "gate_status": "INSUFFICIENT_DATA",
      "reason": "need_2000_fills_have_937",
      "threshold_bps": 15.0,
      "min_sample_size": 2000
    },
    "venue_binance": {
      "total_fills": 919,
      "p95_slippage_bps": 8.448904670857303,
      "mean_slippage_bps": 3.853234797598564,
      "median_slippage_bps": 3.3195791894886035,
      "p99_slippage_bps": 18.326997052130857,
      "maker_ratio": 0.7,
      "fills_under_threshold": 903,
      "pct_under_threshold": 0.9825897714907508,
      "gate_status": "INSUFFICIENT_DATA",
      "reason": "need_2000_fills_have_919",
      "threshold_bps": 15.0,
      "min_sample_size": 2000
    },
    "venue_alpaca": {
      "total_fills": 912,
      "p95_slippage_bps": 8.99855831578714,
      "mean_slippage_bps": 4.009879696309313,
      "median_slippage_bps": 3.3864154778979545,
      "p99_slippage_bps": 18.264350843063898,
      "maker_ratio": 0.7,
      "fills_under_threshold": 894,
      "pct_under_threshold": 0.9802631578947368,
      "gate_status": "INSUFFICIENT_DATA",
      "reason": "need_2000_fills_have_912",
      "threshold_bps": 15.0,
      "min_sample_size": 2000
    },
    "BTC-USD_alpaca": {
      "total_fills": 303,
      "p95_slippage_bps": 8.914289135408602,
      "mean_slippage_bps": 4.034436255023192,
      "median_slippage_bps": 3.467102474210632,
      "p99_slippage_bps": 17.651609968756276,
      "maker_ratio": 0.7,
      "fills_under_threshold": 298,
      "pct_under_threshold": 0.9834983498349835,
      "gate_status": "INSUFFICIENT_DATA",
      "reason": "need_2000_fills_have_303",
      "threshold_bps": 15.0,
      "min_sample_size": 2000
    },
    "BTC-USD_binance": {
      "total_fills": 312,
      "p95_slippage_bps": 8.043043235359294,
      "mean_slippage_bps": 3.7311226886617512,
      "median_slippage_bps": 3.3670126731114487,
      "p99_slippage_bps": 12.690386902556527,
      "maker_ratio": 0.7,
      "fills_under_threshold": 310,
      "pct_under_threshold": 0.9935897435897436,
      "gate_status": "INSUFFICIENT_DATA",
      "reason": "need_2000_fills_have_312",
      "threshold_bps": 15.0,
      "min_sample_size": 2000
    },
    "BTC-USD_coinbase": {
      "total_fills": 324,
      "p95_slippage_bps": 9.886842972835174,
      "mean_slippage_bps": 3.9662570332653195,
      "median_slippage_bps": 3.285066804012867,
      "p99_slippage_bps": 20.619103470491115,
      "maker_ratio": 0.7,
      "fills_under_threshold": 315,
      "pct_under_threshold": 0.9722222222222222,
      "gate_status": "INSUFFICIENT_DATA",
      "reason": "need_2000_fills_have_324",
      "threshold_bps": 15.0,
      "min_sample_size": 2000
    },
    "ETH-USD_alpaca": {
      "total_fills": 313,
      "p95_slippage_bps": 8.997289704432154,
      "mean_slippage_bps": 3.9121027271280595,
      "median_slippage_bps": 3.1932392565327126,
      "p99_slippage_bps": 18.109015809928028,
      "maker_ratio": 0.7,
      "fills_under_threshold": 306,
      "pct_under_threshold": 0.9776357827476039,
      "gate_status": "INSUFFICIENT_DATA",
      "reason": "need_2000_fills_have_313",
      "threshold_bps": 15.0,
      "min_sample_size": 2000
    },
    "ETH-USD_binance": {
      "total_fills": 327,
      "p95_slippage_bps": 8.960873112312463,
      "mean_slippage_bps": 3.907004563104469,
      "median_slippage_bps": 3.2440235551551364,
      "p99_slippage_bps": 18.93141647906016,
      "maker_ratio": 0.7,
      "fills_under_threshold": 320,
      "pct_under_threshold": 0.9785932721712538,
      "gate_status": "INSUFFICIENT_DATA",
      "reason": "need_2000_fills_have_327",
      "threshold_bps": 15.0,
      "min_sample_size": 2000
    },
    "ETH-USD_coinbase": {
      "total_fills": 308,
      "p95_slippage_bps": 9.66197450942049,
      "mean_slippage_bps": 4.343286994923262,
      "median_slippage_bps": 3.7893862976859785,
      "p99_slippage_bps": 18.947723106725995,
      "maker_ratio": 0.7,
      "fills_under_threshold": 301,
      "pct_under_threshold": 0.9772727272727273,
      "gate_status": "INSUFFICIENT_DATA",
      "reason": "need_2000_fills_have_308",
      "threshold_bps": 15.0,
      "min_sample_size": 2000
    },
    "NVDA_alpaca": {
      "total_fills": 296,
      "p95_slippage_bps": 8.882164308791332,
      "mean_slippage_bps": 4.088134946523593,
      "median_slippage_bps": 3.4822415235385478,
      "p99_slippage_bps": 17.93892935176038,
      "maker_ratio": 0.7,
      "fills_under_threshold": 290,
      "pct_under_threshold": 0.9797297297297297,
      "gate_status": "INSUFFICIENT_DATA",
      "reason": "need_2000_fills_have_296",
      "threshold_bps": 15.0,
      "min_sample_size": 2000
    },
    "NVDA_binance": {
      "total_fills": 280,
      "p95_slippage_bps": 8.450861961937813,
      "mean_slippage_bps": 3.9265071714123305,
      "median_slippage_bps": 3.424347009772121,
      "p99_slippage_bps": 19.761317026531525,
      "maker_ratio": 0.7,
      "fills_under_threshold": 273,
      "pct_under_threshold": 0.975,
      "gate_status": "INSUFFICIENT_DATA",
      "reason": "need_2000_fills_have_280",
      "threshold_bps": 15.0,
      "min_sample_size": 2000
    },
    "NVDA_coinbase": {
      "total_fills": 305,
      "p95_slippage_bps": 9.907238119366795,
      "mean_slippage_bps": 4.243388145540015,
      "median_slippage_bps": 3.5833670759207013,
      "p99_slippage_bps": 17.387679282195972,
      "maker_ratio": 0.7,
      "fills_under_threshold": 298,
      "pct_under_threshold": 0.9770491803278688,
      "gate_status": "INSUFFICIENT_DATA",
      "reason": "need_2000_fills_have_305",