{
  "timestamp": "2025-08-16T12:25:40.791366+00:00",
  "window_hours": 48,
  "threshold_bps": 15.0,
  "min_sample_size": 2000,
  "overall_metrics": {
    "total_fills": 2761,
    "p95_slippage_bps": 9.084609911940378,
    "mean_slippage_bps": 4.022064038469051,
    "median_slippage_bps": 3.431101504680793,
    "p99_slippage_bps": 18.87141726735561,
    "maker_ratio": 0.7,
    "fills_under_threshold": 2704,
    "pct_under_threshold": 0.9793553060485332,
    "gate_status": "PASS",
    "reason": "criteria_met",
    "threshold_bps": 15.0,
    "min_sample_size": 2000
  },
  "breakdown_metrics": {
    "asset_NVDA": {
      "total_fills": 939,
      "p95_slippage_bps": 8.496086059914976,
      "mean_slippage_bps": 3.8400856897178484,
      "median_slippage_bps": 3.3309914245513426,
      "p99_slippage_bps": 17.87890112256645,
      "maker_ratio": 0.7,
      "fills_under_threshold": 924,
      "pct_under_threshold": 0.9840255591054313,
      "gate_status": "INSUFFICIENT_DATA",
      "reason": "need_2000_fills_have_939",
      "threshold_bps": 15.0,
      "min_sample_size": 2000
    },
    "asset_BTC-USD": {
      "total_fills": 931,
      "p95_slippage_bps": 8.974196054963713,
      "mean_slippage_bps": 4.087888957761465,
      "median_slippage_bps": 3.476154921534776,
      "p99_slippage_bps": 19.465212178589287,
      "maker_ratio": 0.7,
      "fills_under_threshold": 913,
      "pct_under_threshold": 0.9806659505907627,
      "gate_status": "INSUFFICIENT_DATA",
      "reason": "need_2000_fills_have_931",
      "threshold_bps": 15.0,
      "min_sample_size": 2000
    },
    "asset_ETH-USD": {
      "total_fills": 891,
      "p95_slippage_bps": 9.480645738156785,
      "mean_slippage_bps": 4.145065912336774,
      "median_slippage_bps": 3.5474786891584507,
      "p99_slippage_bps": 18.903674867029693,
      "maker_ratio": 0.7,
      "fills_under_threshold": 867,
      "pct_under_threshold": 0.9730639730639731,
      "gate_status": "INSUFFICIENT_DATA",
      "reason": "need_2000_fills_have_891",
      "threshold_bps": 15.0,
      "min_sample_size": 2000
    },
    "venue_alpaca": {
      "total_fills": 922,
      "p95_slippage_bps": 9.322808345027427,
      "mean_slippage_bps": 4.1571504958510825,
      "median_slippage_bps": 3.4840729027799693,
      "p99_slippage_bps": 19.09126577681002,
      "maker_ratio": 0.7,
      "fills_under_threshold": 902,
      "pct_under_threshold": 0.9783080260303688,
      "gate_status": "INSUFFICIENT_DATA",
      "reason": "need_2000_fills_have_922",
      "threshold_bps": 15.0,
      "min_sample_size": 2000
    },
    "venue_binance": {
      "total_fills": 942,
      "p95_slippage_bps": 8.763831394175597,
      "mean_slippage_bps": 3.968950289436624,
      "median_slippage_bps": 3.377848938384409,
      "p99_slippage_bps": 18.231655092086935,
      "maker_ratio": 0.7,
      "fills_under_threshold": 923,
      "pct_under_threshold": 0.9798301486199575,
      "gate_status": "INSUFFICIENT_DATA",
      "reason": "need_2000_fills_have_942",
      "threshold_bps": 15.0,
      "min_sample_size": 2000
    },
    "venue_coinbase": {
      "total_fills": 897,
      "p95_slippage_bps": 8.89477185539602,
      "mean_slippage_bps": 3.938990948036847,
      "median_slippage_bps": 3.427228195807746,
      "p99_slippage_bps": 18.973107058788603,
      "maker_ratio": 0.7,
      "fills_under_threshold": 879,
      "pct_under_threshold": 0.979933110367893,
      "gate_status": "INSUFFICIENT_DATA",
      "reason": "need_2000_fills_have_897",
      "threshold_bps": 15.0,
      "min_sample_size": 2000
    },
    "BTC-USD_alpaca": {
      "total_fills": 293,
      "p95_slippage_bps": 8.972475069327269,
      "mean_slippage_bps": 4.2265737920614805,
      "median_slippage_bps": 3.729853276033521,
      "p99_slippage_bps": 16.25240270000262,
      "maker_ratio": 0.7,
      "fills_under_threshold": 289,
      "pct_under_threshold": 0.9863481228668942,
      "gate_status": "INSUFFICIENT_DATA",
      "reason": "need_2000_fills_have_293",
      "threshold_bps": 15.0,
      "min_sample_size": 2000
    },
    "BTC-USD_binance": {
      "total_fills": 340,
      "p95_slippage_bps": 8.667215331205231,
      "mean_slippage_bps": 4.0429245384683155,
      "median_slippage_bps": 3.3031094211618885,
      "p99_slippage_bps": 19.834220585448122,
      "maker_ratio": 0.7,
      "fills_under_threshold": 331,
      "pct_under_threshold": 0.9735294117647059,
      "gate_status": "INSUFFICIENT_DATA",
      "reason": "need_2000_fills_have_340",
      "threshold_bps": 15.0,
      "min_sample_size": 2000
    },
    "BTC-USD_coinbase": {
      "total_fills": 298,
      "p95_slippage_bps": 8.956112032477023,
      "mean_slippage_bps": 4.002832736653299,
      "median_slippage_bps": 3.5002725487312345,
      "p99_slippage_bps": 19.724241820872482,
      "maker_ratio": 0.7,
      "fills_under_threshold": 293,
      "pct_under_threshold": 0.9832214765100671,
      "gate_status": "INSUFFICIENT_DATA",
      "reason": "need_2000_fills_have_298",
      "threshold_bps": 15.0,
      "min_sample_size": 2000
    },
    "ETH-USD_alpaca": {
      "total_fills": 291,
      "p95_slippage_bps": 9.859443683116101,
      "mean_slippage_bps": 4.3781820310975785,
      "median_slippage_bps": 3.698557195724147,
      "p99_slippage_bps": 19.746916523722394,
      "maker_ratio": 0.7,
      "fills_under_threshold": 282,
      "pct_under_threshold": 0.9690721649484536,
      "gate_status": "INSUFFICIENT_DATA",
      "reason": "need_2000_fills_have_291",
      "threshold_bps": 15.0,
      "min_sample_size": 2000
    },
    "ETH-USD_binance": {
      "total_fills": 316,
      "p95_slippage_bps": 8.78078783381629,
      "mean_slippage_bps": 3.9403237791367673,
      "median_slippage_bps": 3.4127059924232324,
      "p99_slippage_bps": 16.39469140766122,
      "maker_ratio": 0.7,
      "fills_under_threshold": 310,
      "pct_under_threshold": 0.9810126582278481,
      "gate_status": "INSUFFICIENT_DATA",
      "reason": "need_2000_fills_have_316",
      "threshold_bps": 15.0,
      "min_sample_size": 2000
    },
    "ETH-USD_coinbase": {
      "total_fills": 284,
      "p95_slippage_bps": 9.103506365288228,
      "mean_slippage_bps": 4.134015643082579,
      "median_slippage_bps": 3.670885304374381,
      "p99_slippage_bps": 20.84834563255347,
      "maker_ratio": 0.7,
      "fills_under_threshold": 275,
      "pct_under_threshold": 0.9683098591549296,
      "gate_status": "INSUFFICIENT_DATA",
      "reason": "need_2000_fills_have_284",
      "threshold_bps": 15.0,
      "min_sample_size": 2000
    },
    "NVDA_alpaca": {
      "total_fills": 338,
      "p95_slippage_bps": 8.555087708192323,
      "mean_slippage_bps": 3.906673565240501,
      "median_slippage_bps": 3.3319530410315936,
      "p99_slippage_bps": 19.229004449048656,
      "maker_ratio": 0.7,
      "fills_under_threshold": 331,
      "pct_under_threshold": 0.9792899408284024,
      "gate_status": "INSUFFICIENT_DATA",
      "reason": "need_2000_fills_have_338",
      "threshold_bps": 15.0,
      "min_sample_size": 2000
    },
    "NVDA_binance": {
      "total_fills": 286,
      "p95_slippage_bps": 8.095953019251784,
      "mean_slippage_bps": 3.9126381656043843,
      "median_slippage_bps": 3.3894130751100757,
      "p99_slippage_bps": 17.39338341710135,
      "maker_ratio": 0.7,
      "fills_under_threshold": 282,
      "pct_under_threshold": 0.986013986013986,
      "gate_status": "INSUFFICIENT_DATA",
      "reason": "need_2000_fills_have_286",
      "threshold_bps": 15.0,
      "min_sample_size": 2000
    },
    "NVDA_coinbase": {
      "total_fills": 315,
      "p95_slippage_bps": 8.275581364135876,
      "mean_slippage_bps": 3.702762800733068,
      "median_slippage_bps": 3.260012812761546,
      "p99_slippage_bps": 15.174302187125665,
      "maker_ratio": 0.7,
      "fills_under_threshold": 311,
      "pct_under_threshold": 0.9873015873015873,
      "gate_status": "INSUFFICIENT_DATA",
      "reason": "need_2000_fills_have_315",