{
  "timestamp": "2025-08-16T22:37:49.354508+00:00",
  "window_hours": 48,
  "threshold_bps": 15.0,
  "min_sample_size": 2000,
  "overall_metrics": {
    "total_fills": 2761,
    "p95_slippage_bps": 9.552925421657335,
    "mean_slippage_bps": 4.045619471321589,
    "median_slippage_bps": 3.358285983311267,
    "p99_slippage_bps": 18.877907492561086,
    "maker_ratio": 0.7,
    "fills_under_threshold": 2695,
    "pct_under_threshold": 0.9760956175298805,
    "gate_status": "PASS",
    "reason": "criteria_met",
    "threshold_bps": 15.0,
    "min_sample_size": 2000
  },
  "breakdown_metrics": {
    "asset_NVDA": {
      "total_fills": 946,
      "p95_slippage_bps": 9.599788415068751,
      "mean_slippage_bps": 4.118398570413884,
      "median_slippage_bps": 3.388526453826171,
      "p99_slippage_bps": 19.025266132412614,
      "maker_ratio": 0.7,
      "fills_under_threshold": 920,
      "pct_under_threshold": 0.9725158562367865,
      "gate_status": "INSUFFICIENT_DATA",
      "reason": "need_2000_fills_have_946",
      "threshold_bps": 15.0,
      "min_sample_size": 2000
    },
    "asset_ETH-USD": {
      "total_fills": 858,
      "p95_slippage_bps": 9.86441513677207,
      "mean_slippage_bps": 4.011445731433836,
      "median_slippage_bps": 3.3272904898135405,
      "p99_slippage_bps": 18.767634377839887,
      "maker_ratio": 0.7,
      "fills_under_threshold": 837,
      "pct_under_threshold": 0.9755244755244755,
      "gate_status": "INSUFFICIENT_DATA",
      "reason": "need_2000_fills_have_858",
      "threshold_bps": 15.0,
      "min_sample_size": 2000
    },
    "asset_BTC-USD": {
      "total_fills": 957,
      "p95_slippage_bps": 9.224284746992556,
      "mean_slippage_bps": 4.004315439014779,
      "median_slippage_bps": 3.3623667411483624,
      "p99_slippage_bps": 18.614892063966977,
      "maker_ratio": 0.7,
      "fills_under_threshold": 938,
      "pct_under_threshold": 0.9801462904911181,
      "gate_status": "INSUFFICIENT_DATA",
      "reason": "need_2000_fills_have_957",
      "threshold_bps": 15.0,
      "min_sample_size": 2000
    },
    "venue_alpaca": {
      "total_fills": 901,
      "p95_slippage_bps": 8.8566645530233,
      "mean_slippage_bps": 3.785158930281771,
      "median_slippage_bps": 3.1329012381943793,
      "p99_slippage_bps": 18.747024921626952,
      "maker_ratio": 0.7,
      "fills_under_threshold": 882,
      "pct_under_threshold": 0.978912319644839,
      "gate_status": "INSUFFICIENT_DATA",
      "reason": "need_2000_fills_have_901",
      "threshold_bps": 15.0,
      "min_sample_size": 2000
    },
    "venue_coinbase": {
      "total_fills": 898,
      "p95_slippage_bps": 9.907865856961095,
      "mean_slippage_bps": 4.1280149612388914,
      "median_slippage_bps": 3.3963969765887274,
      "p99_slippage_bps": 19.08522737012167,
      "maker_ratio": 0.7,
      "fills_under_threshold": 876,
      "pct_under_threshold": 0.9755011135857461,
      "gate_status": "INSUFFICIENT_DATA",
      "reason": "need_2000_fills_have_898",
      "threshold_bps": 15.0,
      "min_sample_size": 2000
    },
    "venue_binance": {
      "total_fills": 962,
      "p95_slippage_bps": 10.03680305045026,
      "mean_slippage_bps": 4.212650445886184,
      "median_slippage_bps": 3.522288970083743,
      "p99_slippage_bps": 18.48025041813409,
      "maker_ratio": 0.7,
      "fills_under_threshold": 937,
      "pct_under_threshold": 0.974012474012474,
      "gate_status": "INSUFFICIENT_DATA",
      "reason": "need_2000_fills_have_962",
      "threshold_bps": 15.0,
      "min_sample_size": 2000
    },
    "BTC-USD_alpaca": {
      "total_fills": 338,
      "p95_slippage_bps": 8.123380674655035,
      "mean_slippage_bps": 3.6727701777140247,
      "median_slippage_bps": 3.2023330043696987,
      "p99_slippage_bps": 13.245791978251107,
      "maker_ratio": 0.7,
      "fills_under_threshold": 335,
      "pct_under_threshold": 0.9911242603550295,
      "gate_status": "INSUFFICIENT_DATA",
      "reason": "need_2000_fills_have_338",
      "threshold_bps": 15.0,
      "min_sample_size": 2000
    },
    "BTC-USD_binance": {
      "total_fills": 321,
      "p95_slippage_bps": 10.043657773851963,
      "mean_slippage_bps": 4.259500062557188,
      "median_slippage_bps": 3.5221102860773295,
      "p99_slippage_bps": 20.000572152390458,
      "maker_ratio": 0.7,
      "fills_under_threshold": 311,
      "pct_under_threshold": 0.9688473520249221,
      "gate_status": "INSUFFICIENT_DATA",
      "reason": "need_2000_fills_have_321",
      "threshold_bps": 15.0,
      "min_sample_size": 2000
    },
    "BTC-USD_coinbase": {
      "total_fills": 298,
      "p95_slippage_bps": 8.986668163221136,
      "mean_slippage_bps": 4.105483338889082,
      "median_slippage_bps": 3.381938266252933,
      "p99_slippage_bps": 18.405608242848803,
      "maker_ratio": 0.7,
      "fills_under_threshold": 292,
      "pct_under_threshold": 0.9798657718120806,
      "gate_status": "INSUFFICIENT_DATA",
      "reason": "need_2000_fills_have_298",
      "threshold_bps": 15.0,
      "min_sample_size": 2000
    },
    "ETH-USD_alpaca": {
      "total_fills": 257,
      "p95_slippage_bps": 7.450974452636356,
      "mean_slippage_bps": 3.5716556372422996,
      "median_slippage_bps": 3.0497720706927955,
      "p99_slippage_bps": 19.033253493208,
      "maker_ratio": 0.7,
      "fills_under_threshold": 252,
      "pct_under_threshold": 0.980544747081712,
      "gate_status": "INSUFFICIENT_DATA",
      "reason": "need_2000_fills_have_257",
      "threshold_bps": 15.0,
      "min_sample_size": 2000
    },
    "ETH-USD_binance": {
      "total_fills": 323,
      "p95_slippage_bps": 11.092972190912077,
      "mean_slippage_bps": 4.36520942525571,
      "median_slippage_bps": 3.6265381952442697,
      "p99_slippage_bps": 17.949758183068372,
      "maker_ratio": 0.7,
      "fills_under_threshold": 315,
      "pct_under_threshold": 0.9752321981424149,
      "gate_status": "INSUFFICIENT_DATA",
      "reason": "need_2000_fills_have_323",
      "threshold_bps": 15.0,
      "min_sample_size": 2000
    },
    "ETH-USD_coinbase": {
      "total_fills": 278,
      "p95_slippage_bps": 10.441259453144326,
      "mean_slippage_bps": 4.006986670652398,
      "median_slippage_bps": 3.364854743320609,
      "p99_slippage_bps": 19.56508550652707,
      "maker_ratio": 0.7,
      "fills_under_threshold": 270,
      "pct_under_threshold": 0.9712230215827338,
      "gate_status": "INSUFFICIENT_DATA",
      "reason": "need_2000_fills_have_278",
      "threshold_bps": 15.0,
      "min_sample_size": 2000
    },
    "NVDA_alpaca": {
      "total_fills": 306,
      "p95_slippage_bps": 9.744629757951252,
      "mean_slippage_bps": 4.088615612239428,
      "median_slippage_bps": 3.3076379290328077,
      "p99_slippage_bps": 19.411676220720583,
      "maker_ratio": 0.7,
      "fills_under_threshold": 295,
      "pct_under_threshold": 0.9640522875816994,
      "gate_status": "INSUFFICIENT_DATA",
      "reason": "need_2000_fills_have_306",
      "threshold_bps": 15.0,
      "min_sample_size": 2000
    },
    "NVDA_binance": {
      "total_fills": 318,
      "p95_slippage_bps": 9.145556906220493,
      "mean_slippage_bps": 4.010401146239174,
      "median_slippage_bps": 3.374363548320132,
      "p99_slippage_bps": 17.781759035688843,
      "maker_ratio": 0.7,
      "fills_under_threshold": 311,
      "pct_under_threshold": 0.9779874213836478,
      "gate_status": "INSUFFICIENT_DATA",
      "reason": "need_2000_fills_have_318",
      "threshold_bps": 15.0,
      "min_sample_size": 2000
    },
    "NVDA_coinbase": {
      "total_fills": 322,
      "p95_slippage_bps": 9.595572493481363,
      "mean_slippage_bps": 4.253357471311219,
      "median_slippage_bps": 3.506486393224538,
      "p99_slippage_bps": 17.898260959977684,
      "maker_ratio": 0.7,
      "fills_under_threshold": 314,
      "pct_under_threshold": 0.9751552795031055,
      "gate_status": "INSUFFICIENT_DATA",
      "reason": "need_2000_fills_have_322",