{
  "timestamp": "2025-08-16T15:22:03.599439+00:00",
  "window_hours": 48,
  "threshold_bps": 15.0,
  "min_sample_size": 2000,
  "overall_metrics": {
    "total_fills": 2748,
    "p95_slippage_bps": 8.97979301967487,
    "mean_slippage_bps": 3.943336054118663,
    "median_slippage_bps": 3.3960361115724496,
    "p99_slippage_bps": 17.54103305730756,
    "maker_ratio": 0.7,
    "fills_under_threshold": 2708,
    "pct_under_threshold": 0.9854439592430859,
    "gate_status": "PASS",
    "reason": "criteria_met",
    "threshold_bps": 15.0,
    "min_sample_size": 2000
  },
  "breakdown_metrics": {
    "asset_BTC-USD": {
      "total_fills": 935,
      "p95_slippage_bps": 9.152490251502842,
      "mean_slippage_bps": 3.989805430615275,
      "median_slippage_bps": 3.4318409918206645,
      "p99_slippage_bps": 18.347644600604102,
      "maker_ratio": 0.7,
      "fills_under_threshold": 921,
      "pct_under_threshold": 0.9850267379679144,
      "gate_status": "INSUFFICIENT_DATA",
      "reason": "need_2000_fills_have_935",
      "threshold_bps": 15.0,
      "min_sample_size": 2000
    },
    "asset_ETH-USD": {
      "total_fills": 906,
      "p95_slippage_bps": 8.909917203891423,
      "mean_slippage_bps": 4.00584550041448,
      "median_slippage_bps": 3.469840519607686,
      "p99_slippage_bps": 17.007614078029622,
      "maker_ratio": 0.7,
      "fills_under_threshold": 891,
      "pct_under_threshold": 0.9834437086092715,
      "gate_status": "INSUFFICIENT_DATA",
      "reason": "need_2000_fills_have_906",
      "threshold_bps": 15.0,
      "min_sample_size": 2000
    },
    "asset_NVDA": {
      "total_fills": 907,
      "p95_slippage_bps": 8.719972005243715,
      "mean_slippage_bps": 3.83299159395511,
      "median_slippage_bps": 3.3321793817958167,
      "p99_slippage_bps": 16.430473626882474,
      "maker_ratio": 0.7,
      "fills_under_threshold": 896,
      "pct_under_threshold": 0.9878721058434399,
      "gate_status": "INSUFFICIENT_DATA",
      "reason": "need_2000_fills_have_907",
      "threshold_bps": 15.0,
      "min_sample_size": 2000
    },
    "venue_coinbase": {
      "total_fills": 930,
      "p95_slippage_bps": 9.032857834139778,
      "mean_slippage_bps": 3.956360991086518,
      "median_slippage_bps": 3.3721619305336037,
      "p99_slippage_bps": 18.453508988958294,
      "maker_ratio": 0.7,
      "fills_under_threshold": 914,
      "pct_under_threshold": 0.9827956989247312,
      "gate_status": "INSUFFICIENT_DATA",
      "reason": "need_2000_fills_have_930",
      "threshold_bps": 15.0,
      "min_sample_size": 2000
    },
    "venue_binance": {
      "total_fills": 917,
      "p95_slippage_bps": 9.220901511404964,
      "mean_slippage_bps": 4.0753744477236475,
      "median_slippage_bps": 3.455521025554989,
      "p99_slippage_bps": 18.812861268994368,
      "maker_ratio": 0.7,
      "fills_under_threshold": 902,
      "pct_under_threshold": 0.9836423118865867,
      "gate_status": "INSUFFICIENT_DATA",
      "reason": "need_2000_fills_have_917",
      "threshold_bps": 15.0,
      "min_sample_size": 2000
    },
    "venue_alpaca": {
      "total_fills": 901,
      "p95_slippage_bps": 8.47410003970479,
      "mean_slippage_bps": 3.795508752991164,
      "median_slippage_bps": 3.3765445090443915,
      "p99_slippage_bps": 14.624716598703433,
      "maker_ratio": 0.7,
      "fills_under_threshold": 892,
      "pct_under_threshold": 0.9900110987791343,
      "gate_status": "INSUFFICIENT_DATA",
      "reason": "need_2000_fills_have_901",
      "threshold_bps": 15.0,
      "min_sample_size": 2000
    },
    "BTC-USD_alpaca": {
      "total_fills": 307,
      "p95_slippage_bps": 8.963645792955662,
      "mean_slippage_bps": 3.8341814186058043,
      "median_slippage_bps": 3.3165713180517877,
      "p99_slippage_bps": 14.992465170205813,
      "maker_ratio": 0.7,
      "fills_under_threshold": 303,
      "pct_under_threshold": 0.9869706840390879,
      "gate_status": "INSUFFICIENT_DATA",
      "reason": "need_2000_fills_have_307",
      "threshold_bps": 15.0,
      "min_sample_size": 2000
    },
    "BTC-USD_binance": {
      "total_fills": 313,
      "p95_slippage_bps": 9.162536357290076,
      "mean_slippage_bps": 4.229003395657074,
      "median_slippage_bps": 3.7244683681979724,
      "p99_slippage_bps": 15.612596413227525,
      "maker_ratio": 0.7,
      "fills_under_threshold": 309,
      "pct_under_threshold": 0.987220447284345,
      "gate_status": "INSUFFICIENT_DATA",
      "reason": "need_2000_fills_have_313",
      "threshold_bps": 15.0,
      "min_sample_size": 2000
    },
    "BTC-USD_coinbase": {
      "total_fills": 315,
      "p95_slippage_bps": 9.13733134930832,
      "mean_slippage_bps": 3.9037978389607497,
      "median_slippage_bps": 3.23718237304494,
      "p99_slippage_bps": 18.45672384208299,
      "maker_ratio": 0.7,
      "fills_under_threshold": 309,
      "pct_under_threshold": 0.9809523809523809,
      "gate_status": "INSUFFICIENT_DATA",
      "reason": "need_2000_fills_have_315",
      "threshold_bps": 15.0,
      "min_sample_size": 2000
    },
    "ETH-USD_alpaca": {
      "total_fills": 304,
      "p95_slippage_bps": 8.359343678466898,
      "mean_slippage_bps": 3.926089756387277,
      "median_slippage_bps": 3.467987040404944,
      "p99_slippage_bps": 15.502487783536942,
      "maker_ratio": 0.7,
      "fills_under_threshold": 300,
      "pct_under_threshold": 0.9868421052631579,
      "gate_status": "INSUFFICIENT_DATA",
      "reason": "need_2000_fills_have_304",
      "threshold_bps": 15.0,
      "min_sample_size": 2000
    },
    "ETH-USD_binance": {
      "total_fills": 295,
      "p95_slippage_bps": 9.333991400478572,
      "mean_slippage_bps": 4.116142551407127,
      "median_slippage_bps": 3.503216801024173,
      "p99_slippage_bps": 17.026182697326576,
      "maker_ratio": 0.7,
      "fills_under_threshold": 290,
      "pct_under_threshold": 0.9830508474576272,
      "gate_status": "INSUFFICIENT_DATA",
      "reason": "need_2000_fills_have_295",
      "threshold_bps": 15.0,
      "min_sample_size": 2000
    },
    "ETH-USD_coinbase": {
      "total_fills": 307,
      "p95_slippage_bps": 8.266028196146518,
      "mean_slippage_bps": 3.978836106738386,
      "median_slippage_bps": 3.4280271500519914,
      "p99_slippage_bps": 16.99339033588936,
      "maker_ratio": 0.7,
      "fills_under_threshold": 301,
      "pct_under_threshold": 0.9804560260586319,
      "gate_status": "INSUFFICIENT_DATA",
      "reason": "need_2000_fills_have_307",
      "threshold_bps": 15.0,
      "min_sample_size": 2000
    },
    "NVDA_alpaca": {
      "total_fills": 290,
      "p95_slippage_bps": 7.977317191269891,
      "mean_slippage_bps": 3.617684155142498,
      "median_slippage_bps": 3.3168727859793963,
      "p99_slippage_bps": 10.284318964238384,
      "maker_ratio": 0.7,
      "fills_under_threshold": 289,
      "pct_under_threshold": 0.996551724137931,
      "gate_status": "INSUFFICIENT_DATA",
      "reason": "need_2000_fills_have_290",
      "threshold_bps": 15.0,
      "min_sample_size": 2000
    },
    "NVDA_binance": {
      "total_fills": 309,
      "p95_slippage_bps": 9.085313157355847,
      "mean_slippage_bps": 3.8808357704104157,
      "median_slippage_bps": 3.2338128457243,
      "p99_slippage_bps": 18.983831755883784,
      "maker_ratio": 0.7,
      "fills_under_threshold": 303,
      "pct_under_threshold": 0.9805825242718447,
      "gate_status": "INSUFFICIENT_DATA",
      "reason": "need_2000_fills_have_309",
      "threshold_bps": 15.0,
      "min_sample_size": 2000
    },
    "NVDA_coinbase": {
      "total_fills": 308,
      "p95_slippage_bps": 9.045492175898563,
      "mean_slippage_bps": 3.9877166158088992,
      "median_slippage_bps": 3.3969321889023343,
      "p99_slippage_bps": 16.81880182425106,
      "maker_ratio": 0.7,
      "fills_under_threshold": 304,
      "pct_under_threshold": 0.987012987012987,
      "gate_status": "INSUFFICIENT_DATA",
      "reason": "need_2000_fills_have_308",