{
  "timestamp": "2025-08-16T06:01:46.346782+00:00",
  "window_hours": 48,
  "threshold_bps": 15.0,
  "min_sample_size": 2000,
  "overall_metrics": {
    "total_fills": 2571,
    "p95_slippage_bps": 9.069336769291912,
    "mean_slippage_bps": 4.071990983110753,
    "median_slippage_bps": 3.3912407521913317,
    "p99_slippage_bps": 19.303272380612892,
    "maker_ratio": 0.7,
    "fills_under_threshold": 2513,
    "pct_under_threshold": 0.9774406845585375,
    "gate_status": "PASS",
    "reason": "criteria_met",
    "threshold_bps": 15.0,
    "min_sample_size": 2000
  },
  "breakdown_metrics": {
    "asset_ETH-USD": {
      "total_fills": 847,
      "p95_slippage_bps": 9.916873511444061,
      "mean_slippage_bps": 4.110176246421107,
      "median_slippage_bps": 3.3474763983381477,
      "p99_slippage_bps": 19.701691051357408,
      "maker_ratio": 0.7,
      "fills_under_threshold": 826,
      "pct_under_threshold": 0.9752066115702479,
      "gate_status": "INSUFFICIENT_DATA",
      "reason": "need_2000_fills_have_847",
      "threshold_bps": 15.0,
      "min_sample_size": 2000
    },
    "asset_BTC-USD": {
      "total_fills": 849,
      "p95_slippage_bps": 9.147521771545286,
      "mean_slippage_bps": 4.123218986127175,
      "median_slippage_bps": 3.4172882420419755,
      "p99_slippage_bps": 18.851242698767784,
      "maker_ratio": 0.7,
      "fills_under_threshold": 831,
      "pct_under_threshold": 0.9787985865724381,
      "gate_status": "INSUFFICIENT_DATA",
      "reason": "need_2000_fills_have_849",
      "threshold_bps": 15.0,
      "min_sample_size": 2000
    },
    "asset_NVDA": {
      "total_fills": 875,
      "p95_slippage_bps": 8.553063929399336,
      "mean_slippage_bps": 3.985321848728111,
      "median_slippage_bps": 3.4294738269336413,
      "p99_slippage_bps": 18.84957789311466,
      "maker_ratio": 0.7,
      "fills_under_threshold": 856,
      "pct_under_threshold": 0.9782857142857143,
      "gate_status": "INSUFFICIENT_DATA",
      "reason": "need_2000_fills_have_875",
      "threshold_bps": 15.0,
      "min_sample_size": 2000
    },
    "venue_coinbase": {
      "total_fills": 829,
      "p95_slippage_bps": 9.122859416086875,
      "mean_slippage_bps": 4.10315663715261,
      "median_slippage_bps": 3.4294738269336413,
      "p99_slippage_bps": 19.4033497648003,
      "maker_ratio": 0.7,
      "fills_under_threshold": 808,
      "pct_under_threshold": 0.9746682750301568,
      "gate_status": "INSUFFICIENT_DATA",
      "reason": "need_2000_fills_have_829",
      "threshold_bps": 15.0,
      "min_sample_size": 2000
    },
    "venue_alpaca": {
      "total_fills": 872,
      "p95_slippage_bps": 8.9840647149344,
      "mean_slippage_bps": 4.0138694801299835,
      "median_slippage_bps": 3.3315818468157543,
      "p99_slippage_bps": 18.857227721224437,
      "maker_ratio": 0.7,
      "fills_under_threshold": 853,
      "pct_under_threshold": 0.9782110091743119,
      "gate_status": "INSUFFICIENT_DATA",
      "reason": "need_2000_fills_have_872",
      "threshold_bps": 15.0,
      "min_sample_size": 2000
    },
    "venue_binance": {
      "total_fills": 870,
      "p95_slippage_bps": 9.171308908548168,
      "mean_slippage_bps": 4.100549170925158,
      "median_slippage_bps": 3.4173533553196394,
      "p99_slippage_bps": 18.336112066170866,
      "maker_ratio": 0.7,
      "fills_under_threshold": 852,
      "pct_under_threshold": 0.9793103448275862,
      "gate_status": "INSUFFICIENT_DATA",
      "reason": "need_2000_fills_have_870",
      "threshold_bps": 15.0,
      "min_sample_size": 2000
    },
    "BTC-USD_alpaca": {
      "total_fills": 285,
      "p95_slippage_bps": 9.164181876906422,
      "mean_slippage_bps": 4.0923676974725725,
      "median_slippage_bps": 3.3283803241294296,
      "p99_slippage_bps": 18.38415956925158,
      "maker_ratio": 0.7,
      "fills_under_threshold": 278,
      "pct_under_threshold": 0.9754385964912281,
      "gate_status": "INSUFFICIENT_DATA",
      "reason": "need_2000_fills_have_285",
      "threshold_bps": 15.0,
      "min_sample_size": 2000
    },
    "BTC-USD_binance": {
      "total_fills": 300,
      "p95_slippage_bps": 9.067671547688548,
      "mean_slippage_bps": 4.12900139892823,
      "median_slippage_bps": 3.4096416520046255,
      "p99_slippage_bps": 17.075694492355616,
      "maker_ratio": 0.7,
      "fills_under_threshold": 295,
      "pct_under_threshold": 0.9833333333333333,
      "gate_status": "INSUFFICIENT_DATA",
      "reason": "need_2000_fills_have_300",
      "threshold_bps": 15.0,
      "min_sample_size": 2000
    },
    "BTC-USD_coinbase": {
      "total_fills": 264,
      "p95_slippage_bps": 8.895906394008888,
      "mean_slippage_bps": 4.149953430923559,
      "median_slippage_bps": 3.609586108328264,
      "p99_slippage_bps": 18.045499113765636,
      "maker_ratio": 0.7,
      "fills_under_threshold": 258,
      "pct_under_threshold": 0.9772727272727273,
      "gate_status": "INSUFFICIENT_DATA",
      "reason": "need_2000_fills_have_264",
      "threshold_bps": 15.0,
      "min_sample_size": 2000
    },
    "ETH-USD_alpaca": {
      "total_fills": 276,
      "p95_slippage_bps": 9.994754399101389,
      "mean_slippage_bps": 4.073625474077547,
      "median_slippage_bps": 3.299920274052453,
      "p99_slippage_bps": 17.399503449543353,
      "maker_ratio": 0.7,
      "fills_under_threshold": 269,
      "pct_under_threshold": 0.9746376811594203,
      "gate_status": "INSUFFICIENT_DATA",
      "reason": "need_2000_fills_have_276",
      "threshold_bps": 15.0,
      "min_sample_size": 2000
    },
    "ETH-USD_binance": {
      "total_fills": 294,
      "p95_slippage_bps": 8.904015463398933,
      "mean_slippage_bps": 4.007204778044815,
      "median_slippage_bps": 3.3481589853525766,
      "p99_slippage_bps": 16.171700278812363,
      "maker_ratio": 0.7,
      "fills_under_threshold": 289,
      "pct_under_threshold": 0.9829931972789115,
      "gate_status": "INSUFFICIENT_DATA",
      "reason": "need_2000_fills_have_294",
      "threshold_bps": 15.0,
      "min_sample_size": 2000
    },
    "ETH-USD_coinbase": {
      "total_fills": 277,
      "p95_slippage_bps": 10.281406689946206,
      "mean_slippage_bps": 4.255886083494941,
      "median_slippage_bps": 3.3622185970513,
      "p99_slippage_bps": 21.64036394995699,
      "maker_ratio": 0.7,
      "fills_under_threshold": 268,
      "pct_under_threshold": 0.9675090252707581,
      "gate_status": "INSUFFICIENT_DATA",
      "reason": "need_2000_fills_have_277",
      "threshold_bps": 15.0,
      "min_sample_size": 2000
    },
    "NVDA_alpaca": {
      "total_fills": 311,
      "p95_slippage_bps": 8.312750863025904,
      "mean_slippage_bps": 3.8889027718593554,
      "median_slippage_bps": 3.362376050320484,
      "p99_slippage_bps": 18.56628007525681,
      "maker_ratio": 0.7,
      "fills_under_threshold": 306,
      "pct_under_threshold": 0.9839228295819936,
      "gate_status": "INSUFFICIENT_DATA",
      "reason": "need_2000_fills_have_311",
      "threshold_bps": 15.0,
      "min_sample_size": 2000
    },
    "NVDA_binance": {
      "total_fills": 276,
      "p95_slippage_bps": 9.184254655077904,
      "mean_slippage_bps": 4.169054906816094,
      "median_slippage_bps": 3.4444563288028966,
      "p99_slippage_bps": 18.74043230888553,
      "maker_ratio": 0.7,
      "fills_under_threshold": 268,
      "pct_under_threshold": 0.9710144927536232,
      "gate_status": "INSUFFICIENT_DATA",
      "reason": "need_2000_fills_have_276",
      "threshold_bps": 15.0,
      "min_sample_size": 2000
    },
    "NVDA_coinbase": {
      "total_fills": 288,
      "p95_slippage_bps": 7.852400422934431,
      "mean_slippage_bps": 3.9133635462069285,
      "median_slippage_bps": 3.4320545290692825,
      "p99_slippage_bps": 17.59084553691382,
      "maker_ratio": 0.7,
      "fills_under_threshold": 282,
      "pct_under_threshold": 0.9791666666666666,
      "gate_status": "INSUFFICIENT_DATA",
      "reason": "need_2000_fills_have_288",