{
  "timestamp": "2025-08-16T18:02:51.665201+00:00",
  "window_hours": 48,
  "threshold_bps": 15.0,
  "min_sample_size": 2000,
  "overall_metrics": {
    "total_fills": 2748,
    "p95_slippage_bps": 8.82920535047449,
    "mean_slippage_bps": 3.9937533106011514,
    "median_slippage_bps": 3.444315174229481,
    "p99_slippage_bps": 19.096922138040963,
    "maker_ratio": 0.7,
    "fills_under_threshold": 2690,
    "pct_under_threshold": 0.9788937409024745,
    "gate_status": "PASS",
    "reason": "criteria_met",
    "threshold_bps": 15.0,
    "min_sample_size": 2000
  },
  "breakdown_metrics": {
    "asset_BTC-USD": {
      "total_fills": 901,
      "p95_slippage_bps": 8.440877980248452,
      "mean_slippage_bps": 3.824590839809595,
      "median_slippage_bps": 3.419400902320375,
      "p99_slippage_bps": 15.551050836862084,
      "maker_ratio": 0.7,
      "fills_under_threshold": 891,
      "pct_under_threshold": 0.9889012208657048,
      "gate_status": "INSUFFICIENT_DATA",
      "reason": "need_2000_fills_have_901",
      "threshold_bps": 15.0,
      "min_sample_size": 2000
    },
    "asset_ETH-USD": {
      "total_fills": 927,
      "p95_slippage_bps": 8.635084226877485,
      "mean_slippage_bps": 3.989022247843349,
      "median_slippage_bps": 3.443018550625999,
      "p99_slippage_bps": 19.41804064117632,
      "maker_ratio": 0.7,
      "fills_under_threshold": 904,
      "pct_under_threshold": 0.9751887810140237,
      "gate_status": "INSUFFICIENT_DATA",
      "reason": "need_2000_fills_have_927",
      "threshold_bps": 15.0,
      "min_sample_size": 2000
    },
    "asset_NVDA": {
      "total_fills": 920,
      "p95_slippage_bps": 9.495665236072247,
      "mean_slippage_bps": 4.164189268600798,
      "median_slippage_bps": 3.4549024721826775,
      "p99_slippage_bps": 19.957377088387123,
      "maker_ratio": 0.7,
      "fills_under_threshold": 895,
      "pct_under_threshold": 0.9728260869565217,
      "gate_status": "INSUFFICIENT_DATA",
      "reason": "need_2000_fills_have_920",
      "threshold_bps": 15.0,
      "min_sample_size": 2000
    },
    "venue_coinbase": {
      "total_fills": 916,
      "p95_slippage_bps": 8.760875024776418,
      "mean_slippage_bps": 4.038647721382094,
      "median_slippage_bps": 3.4600005858141043,
      "p99_slippage_bps": 19.873699960118202,
      "maker_ratio": 0.7,
      "fills_under_threshold": 896,
      "pct_under_threshold": 0.9781659388646288,
      "gate_status": "INSUFFICIENT_DATA",
      "reason": "need_2000_fills_have_916",
      "threshold_bps": 15.0,
      "min_sample_size": 2000
    },
    "venue_alpaca": {
      "total_fills": 907,
      "p95_slippage_bps": 8.501785219403885,
      "mean_slippage_bps": 3.8795151165421524,
      "median_slippage_bps": 3.453749955880559,
      "p99_slippage_bps": 17.31294783830701,
      "maker_ratio": 0.7,
      "fills_under_threshold": 889,
      "pct_under_threshold": 0.980154355016538,
      "gate_status": "INSUFFICIENT_DATA",
      "reason": "need_2000_fills_have_907",
      "threshold_bps": 15.0,
      "min_sample_size": 2000
    },
    "venue_binance": {
      "total_fills": 925,
      "p95_slippage_bps": 9.392193710031352,
      "mean_slippage_bps": 4.061310890856468,
      "median_slippage_bps": 3.414686279930758,
      "p99_slippage_bps": 19.040234676280846,
      "maker_ratio": 0.7,
      "fills_under_threshold": 905,
      "pct_under_threshold": 0.9783783783783784,
      "gate_status": "INSUFFICIENT_DATA",
      "reason": "need_2000_fills_have_925",
      "threshold_bps": 15.0,
      "min_sample_size": 2000
    },
    "BTC-USD_alpaca": {
      "total_fills": 284,
      "p95_slippage_bps": 6.939606823266165,
      "mean_slippage_bps": 3.7157814487773018,
      "median_slippage_bps": 3.3544917203686455,
      "p99_slippage_bps": 15.757705598139953,
      "maker_ratio": 0.7,
      "fills_under_threshold": 280,
      "pct_under_threshold": 0.9859154929577465,
      "gate_status": "INSUFFICIENT_DATA",
      "reason": "need_2000_fills_have_284",
      "threshold_bps": 15.0,
      "min_sample_size": 2000
    },
    "BTC-USD_binance": {
      "total_fills": 326,
      "p95_slippage_bps": 8.42530469511274,
      "mean_slippage_bps": 3.783954456564211,
      "median_slippage_bps": 3.297482771694625,
      "p99_slippage_bps": 13.484850059457077,
      "maker_ratio": 0.7,
      "fills_under_threshold": 324,
      "pct_under_threshold": 0.9938650306748467,
      "gate_status": "INSUFFICIENT_DATA",
      "reason": "need_2000_fills_have_326",
      "threshold_bps": 15.0,
      "min_sample_size": 2000
    },
    "BTC-USD_coinbase": {
      "total_fills": 291,
      "p95_slippage_bps": 8.906375774069621,
      "mean_slippage_bps": 3.9763067435593067,
      "median_slippage_bps": 3.6039623628614836,
      "p99_slippage_bps": 15.591056657391293,
      "maker_ratio": 0.7,
      "fills_under_threshold": 287,
      "pct_under_threshold": 0.9862542955326461,
      "gate_status": "INSUFFICIENT_DATA",
      "reason": "need_2000_fills_have_291",
      "threshold_bps": 15.0,
      "min_sample_size": 2000
    },
    "ETH-USD_alpaca": {
      "total_fills": 318,
      "p95_slippage_bps": 8.874972977926424,
      "mean_slippage_bps": 4.072718368422925,
      "median_slippage_bps": 3.5926148310278663,
      "p99_slippage_bps": 19.50828114185648,
      "maker_ratio": 0.7,
      "fills_under_threshold": 308,
      "pct_under_threshold": 0.9685534591194969,
      "gate_status": "INSUFFICIENT_DATA",
      "reason": "need_2000_fills_have_318",
      "threshold_bps": 15.0,
      "min_sample_size": 2000
    },
    "ETH-USD_binance": {
      "total_fills": 299,
      "p95_slippage_bps": 8.853859912197468,
      "mean_slippage_bps": 3.986035791454632,
      "median_slippage_bps": 3.4266102344893907,
      "p99_slippage_bps": 16.751117994877728,
      "maker_ratio": 0.7,
      "fills_under_threshold": 292,
      "pct_under_threshold": 0.9765886287625418,
      "gate_status": "INSUFFICIENT_DATA",
      "reason": "need_2000_fills_have_299",
      "threshold_bps": 15.0,
      "min_sample_size": 2000
    },
    "ETH-USD_coinbase": {
      "total_fills": 310,
      "p95_slippage_bps": 8.311876437651362,
      "mean_slippage_bps": 3.906046712733416,
      "median_slippage_bps": 3.3148631828347948,
      "p99_slippage_bps": 19.37171325590463,
      "maker_ratio": 0.7,
      "fills_under_threshold": 304,
      "pct_under_threshold": 0.9806451612903225,
      "gate_status": "INSUFFICIENT_DATA",
      "reason": "need_2000_fills_have_310",
      "threshold_bps": 15.0,
      "min_sample_size": 2000
    },
    "NVDA_alpaca": {
      "total_fills": 305,
      "p95_slippage_bps": 8.706573561605287,
      "mean_slippage_bps": 3.8305371740737333,
      "median_slippage_bps": 3.2977010554505544,
      "p99_slippage_bps": 15.875971871970872,
      "maker_ratio": 0.7,
      "fills_under_threshold": 301,
      "pct_under_threshold": 0.9868852459016394,
      "gate_status": "INSUFFICIENT_DATA",
      "reason": "need_2000_fills_have_305",
      "threshold_bps": 15.0,
      "min_sample_size": 2000
    },
    "NVDA_binance": {
      "total_fills": 300,
      "p95_slippage_bps": 10.910605218301434,
      "mean_slippage_bps": 4.437729065191219,
      "median_slippage_bps": 3.537815807613441,
      "p99_slippage_bps": 19.89790144659879,
      "maker_ratio": 0.7,
      "fills_under_threshold": 289,
      "pct_under_threshold": 0.9633333333333334,
      "gate_status": "INSUFFICIENT_DATA",
      "reason": "need_2000_fills_have_300",
      "threshold_bps": 15.0,
      "min_sample_size": 2000
    },
    "NVDA_coinbase": {
      "total_fills": 315,
      "p95_slippage_bps": 9.452958452878182,
      "mean_slippage_bps": 4.226735141152002,
      "median_slippage_bps": 3.4876187780644208,
      "p99_slippage_bps": 21.415024558053414,
      "maker_ratio": 0.7,
      "fills_under_threshold": 305,
      "pct_under_threshold": 0.9682539682539683,
      "gate_status": "INSUFFICIENT_DATA",