{
  "timestamp": "2025-08-16T05:20:14.994248+00:00",
  "window_hours": 48,
  "threshold_bps": 15.0,
  "min_sample_size": 2000,
  "overall_metrics": {
    "total_fills": 2590,
    "p95_slippage_bps": 8.728372656439875,
    "mean_slippage_bps": 4.0220661653253424,
    "median_slippage_bps": 3.4140531544806465,
    "p99_slippage_bps": 19.013548613015136,
    "maker_ratio": 0.7,
    "fills_under_threshold": 2538,
    "pct_under_threshold": 0.9799227799227799,
    "gate_status": "PASS",
    "reason": "criteria_met",
    "threshold_bps": 15.0,
    "min_sample_size": 2000
  },
  "breakdown_metrics": {
    "asset_BTC-USD": {
      "total_fills": 836,
      "p95_slippage_bps": 8.733615720042874,
      "mean_slippage_bps": 4.06657242489395,
      "median_slippage_bps": 3.4726020300490745,
      "p99_slippage_bps": 18.422943954609348,
      "maker_ratio": 0.7,
      "fills_under_threshold": 821,
      "pct_under_threshold": 0.9820574162679426,
      "gate_status": "INSUFFICIENT_DATA",
      "reason": "need_2000_fills_have_836",
      "threshold_bps": 15.0,
      "min_sample_size": 2000
    },
    "asset_NVDA": {
      "total_fills": 901,
      "p95_slippage_bps": 8.061443121837122,
      "mean_slippage_bps": 4.006724735594403,
      "median_slippage_bps": 3.3767885580928922,
      "p99_slippage_bps": 20.397429430532863,
      "maker_ratio": 0.7,
      "fills_under_threshold": 881,
      "pct_under_threshold": 0.9778024417314095,
      "gate_status": "INSUFFICIENT_DATA",
      "reason": "need_2000_fills_have_901",
      "threshold_bps": 15.0,
      "min_sample_size": 2000
    },
    "asset_ETH-USD": {
      "total_fills": 853,
      "p95_slippage_bps": 9.079889914125499,
      "mean_slippage_bps": 3.9946516227558457,
      "median_slippage_bps": 3.436405784430163,
      "p99_slippage_bps": 17.839733434024755,
      "maker_ratio": 0.7,
      "fills_under_threshold": 836,
      "pct_under_threshold": 0.9800703399765534,
      "gate_status": "INSUFFICIENT_DATA",
      "reason": "need_2000_fills_have_853",
      "threshold_bps": 15.0,
      "min_sample_size": 2000
    },
    "venue_alpaca": {
      "total_fills": 852,
      "p95_slippage_bps": 8.952631328032691,
      "mean_slippage_bps": 3.9402672676412607,
      "median_slippage_bps": 3.3991143261959973,
      "p99_slippage_bps": 19.577699598814363,
      "maker_ratio": 0.7,
      "fills_under_threshold": 834,
      "pct_under_threshold": 0.9788732394366197,
      "gate_status": "INSUFFICIENT_DATA",
      "reason": "need_2000_fills_have_852",
      "threshold_bps": 15.0,
      "min_sample_size": 2000
    },
    "venue_coinbase": {
      "total_fills": 851,
      "p95_slippage_bps": 9.374534364335842,
      "mean_slippage_bps": 4.203164604480545,
      "median_slippage_bps": 3.4148551504578393,
      "p99_slippage_bps": 20.058407670805135,
      "maker_ratio": 0.7,
      "fills_under_threshold": 827,
      "pct_under_threshold": 0.9717978848413631,
      "gate_status": "INSUFFICIENT_DATA",
      "reason": "need_2000_fills_have_851",
      "threshold_bps": 15.0,
      "min_sample_size": 2000
    },
    "venue_binance": {
      "total_fills": 887,
      "p95_slippage_bps": 8.135958515068676,
      "mean_slippage_bps": 3.9268890391762556,
      "median_slippage_bps": 3.4552700038672635,
      "p99_slippage_bps": 15.774031226774902,
      "maker_ratio": 0.7,
      "fills_under_threshold": 877,
      "pct_under_threshold": 0.9887260428410372,
      "gate_status": "INSUFFICIENT_DATA",
      "reason": "need_2000_fills_have_887",
      "threshold_bps": 15.0,
      "min_sample_size": 2000
    },
    "BTC-USD_alpaca": {
      "total_fills": 269,
      "p95_slippage_bps": 7.54783168901422,
      "mean_slippage_bps": 3.771901303957565,
      "median_slippage_bps": 3.363007258270109,
      "p99_slippage_bps": 16.893598227652884,
      "maker_ratio": 0.7,
      "fills_under_threshold": 265,
      "pct_under_threshold": 0.9851301115241635,
      "gate_status": "INSUFFICIENT_DATA",
      "reason": "need_2000_fills_have_269",
      "threshold_bps": 15.0,
      "min_sample_size": 2000
    },
    "BTC-USD_binance": {
      "total_fills": 285,
      "p95_slippage_bps": 9.03801410946262,
      "mean_slippage_bps": 4.009843775288295,
      "median_slippage_bps": 3.3807609202467397,
      "p99_slippage_bps": 15.44563399458169,
      "maker_ratio": 0.7,
      "fills_under_threshold": 282,
      "pct_under_threshold": 0.9894736842105263,
      "gate_status": "INSUFFICIENT_DATA",
      "reason": "need_2000_fills_have_285",
      "threshold_bps": 15.0,
      "min_sample_size": 2000
    },
    "BTC-USD_coinbase": {
      "total_fills": 282,
      "p95_slippage_bps": 9.473802150867476,
      "mean_slippage_bps": 4.404991562019835,
      "median_slippage_bps": 3.6060871166997486,
      "p99_slippage_bps": 19.18458281652508,
      "maker_ratio": 0.7,
      "fills_under_threshold": 274,
      "pct_under_threshold": 0.9716312056737588,
      "gate_status": "INSUFFICIENT_DATA",
      "reason": "need_2000_fills_have_282",
      "threshold_bps": 15.0,
      "min_sample_size": 2000
    },
    "ETH-USD_alpaca": {
      "total_fills": 280,
      "p95_slippage_bps": 10.196443265983397,
      "mean_slippage_bps": 4.024126546539956,
      "median_slippage_bps": 3.306898329876695,
      "p99_slippage_bps": 18.531238168160396,
      "maker_ratio": 0.7,
      "fills_under_threshold": 273,
      "pct_under_threshold": 0.975,
      "gate_status": "INSUFFICIENT_DATA",
      "reason": "need_2000_fills_have_280",
      "threshold_bps": 15.0,
      "min_sample_size": 2000
    },
    "ETH-USD_binance": {
      "total_fills": 287,
      "p95_slippage_bps": 8.351858499430291,
      "mean_slippage_bps": 4.0525134055642305,
      "median_slippage_bps": 3.578859421071553,
      "p99_slippage_bps": 15.774031226774902,
      "maker_ratio": 0.7,
      "fills_under_threshold": 283,
      "pct_under_threshold": 0.9860627177700348,
      "gate_status": "INSUFFICIENT_DATA",
      "reason": "need_2000_fills_have_287",
      "threshold_bps": 15.0,
      "min_sample_size": 2000
    },
    "ETH-USD_coinbase": {
      "total_fills": 286,
      "p95_slippage_bps": 8.828532248179723,
      "mean_slippage_bps": 3.9077309572818684,
      "median_slippage_bps": 3.2807417036916426,
      "p99_slippage_bps": 18.003977960852843,
      "maker_ratio": 0.7,
      "fills_under_threshold": 280,
      "pct_under_threshold": 0.9790209790209791,
      "gate_status": "INSUFFICIENT_DATA",
      "reason": "need_2000_fills_have_286",
      "threshold_bps": 15.0,
      "min_sample_size": 2000
    },
    "NVDA_alpaca": {
      "total_fills": 303,
      "p95_slippage_bps": 7.931930329589451,
      "mean_slippage_bps": 4.0122469578699045,
      "median_slippage_bps": 3.4927547762197744,
      "p99_slippage_bps": 20.646736776281397,
      "maker_ratio": 0.7,
      "fills_under_threshold": 296,
      "pct_under_threshold": 0.976897689768977,
      "gate_status": "INSUFFICIENT_DATA",
      "reason": "need_2000_fills_have_303",
      "threshold_bps": 15.0,
      "min_sample_size": 2000
    },
    "NVDA_binance": {
      "total_fills": 315,
      "p95_slippage_bps": 7.659373504753752,
      "mean_slippage_bps": 3.7373769980801295,
      "median_slippage_bps": 3.302912369156822,
      "p99_slippage_bps": 12.68828139038795,
      "maker_ratio": 0.7,
      "fills_under_threshold": 312,
      "pct_under_threshold": 0.9904761904761905,
      "gate_status": "INSUFFICIENT_DATA",
      "reason": "need_2000_fills_have_315",
      "threshold_bps": 15.0,
      "min_sample_size": 2000
    },
    "NVDA_coinbase": {
      "total_fills": 283,
      "p95_slippage_bps": 10.74524774845107,
      "mean_slippage_bps": 4.300616269048537,
      "median_slippage_bps": 3.3178554092919024,
      "p99_slippage_bps": 20.557641337841154,
      "maker_ratio": 0.7,
      "fills_under_threshold": 273,
      "pct_under_threshold": 0.9646643109540636,
      "gate_status": "INSUFFICIENT_DATA",
      "reason": "need_2000_fills_have_283",