{
  "timestamp": "2025-08-16T06:27:41.709892+00:00",
  "window_hours": 48,
  "threshold_bps": 15.0,
  "min_sample_size": 2000,
  "overall_metrics": {
    "total_fills": 2618,
    "p95_slippage_bps": 9.297432702634447,
    "mean_slippage_bps": 4.013501816869784,
    "median_slippage_bps": 3.3625030666080704,
    "p99_slippage_bps": 18.75961387916718,
    "maker_ratio": 0.7,
    "fills_under_threshold": 2562,
    "pct_under_threshold": 0.9786096256684492,
    "gate_status": "PASS",
    "reason": "criteria_met",
    "threshold_bps": 15.0,
    "min_sample_size": 2000
  },
  "breakdown_metrics": {
    "asset_BTC-USD": {
      "total_fills": 855,
      "p95_slippage_bps": 9.195175434863373,
      "mean_slippage_bps": 3.989184516394871,
      "median_slippage_bps": 3.335508234595987,
      "p99_slippage_bps": 18.12260724453093,
      "maker_ratio": 0.7,
      "fills_under_threshold": 834,
      "pct_under_threshold": 0.9754385964912281,
      "gate_status": "INSUFFICIENT_DATA",
      "reason": "need_2000_fills_have_855",
      "threshold_bps": 15.0,
      "min_sample_size": 2000
    },
    "asset_NVDA": {
      "total_fills": 920,
      "p95_slippage_bps": 9.823006009762212,
      "mean_slippage_bps": 4.045154386536517,
      "median_slippage_bps": 3.3212064826961454,
      "p99_slippage_bps": 19.344269130025907,
      "maker_ratio": 0.7,
      "fills_under_threshold": 901,
      "pct_under_threshold": 0.9793478260869565,
      "gate_status": "INSUFFICIENT_DATA",
      "reason": "need_2000_fills_have_920",
      "threshold_bps": 15.0,
      "min_sample_size": 2000
    },
    "asset_ETH-USD": {
      "total_fills": 843,
      "p95_slippage_bps": 9.109554813203196,
      "mean_slippage_bps": 4.0036215414399585,
      "median_slippage_bps": 3.422203422448756,
      "p99_slippage_bps": 17.545414735499165,
      "maker_ratio": 0.7,
      "fills_under_threshold": 827,
      "pct_under_threshold": 0.9810201660735468,
      "gate_status": "INSUFFICIENT_DATA",
      "reason": "need_2000_fills_have_843",
      "threshold_bps": 15.0,
      "min_sample_size": 2000
    },
    "venue_binance": {
      "total_fills": 870,
      "p95_slippage_bps": 8.9756369913455,
      "mean_slippage_bps": 3.895057542021388,
      "median_slippage_bps": 3.2835690545646536,
      "p99_slippage_bps": 17.46053271239506,
      "maker_ratio": 0.7,
      "fills_under_threshold": 855,
      "pct_under_threshold": 0.9827586206896551,
      "gate_status": "INSUFFICIENT_DATA",
      "reason": "need_2000_fills_have_870",
      "threshold_bps": 15.0,
      "min_sample_size": 2000
    },
    "venue_coinbase": {
      "total_fills": 876,
      "p95_slippage_bps": 10.500761737365178,
      "mean_slippage_bps": 4.173971893023622,
      "median_slippage_bps": 3.3456245134892306,
      "p99_slippage_bps": 19.85224130278018,
      "maker_ratio": 0.7,
      "fills_under_threshold": 853,
      "pct_under_threshold": 0.973744292237443,
      "gate_status": "INSUFFICIENT_DATA",
      "reason": "need_2000_fills_have_876",
      "threshold_bps": 15.0,
      "min_sample_size": 2000
    },
    "venue_alpaca": {
      "total_fills": 872,
      "p95_slippage_bps": 9.005557668237211,
      "mean_slippage_bps": 3.9704682531167377,
      "median_slippage_bps": 3.464388235202519,
      "p99_slippage_bps": 17.537041594243995,
      "maker_ratio": 0.7,
      "fills_under_threshold": 854,
      "pct_under_threshold": 0.9793577981651376,
      "gate_status": "INSUFFICIENT_DATA",
      "reason": "need_2000_fills_have_872",
      "threshold_bps": 15.0,
      "min_sample_size": 2000
    },
    "BTC-USD_alpaca": {
      "total_fills": 276,
      "p95_slippage_bps": 9.906966960355408,
      "mean_slippage_bps": 4.115787400511909,
      "median_slippage_bps": 3.494482801098078,
      "p99_slippage_bps": 18.05256243717404,
      "maker_ratio": 0.7,
      "fills_under_threshold": 266,
      "pct_under_threshold": 0.9637681159420289,
      "gate_status": "INSUFFICIENT_DATA",
      "reason": "need_2000_fills_have_276",
      "threshold_bps": 15.0,
      "min_sample_size": 2000
    },
    "BTC-USD_binance": {
      "total_fills": 278,
      "p95_slippage_bps": 8.582890356795847,
      "mean_slippage_bps": 3.822818629340255,
      "median_slippage_bps": 3.2729605649528333,
      "p99_slippage_bps": 15.803232834078456,
      "maker_ratio": 0.7,
      "fills_under_threshold": 273,
      "pct_under_threshold": 0.9820143884892086,
      "gate_status": "INSUFFICIENT_DATA",
      "reason": "need_2000_fills_have_278",
      "threshold_bps": 15.0,
      "min_sample_size": 2000
    },
    "BTC-USD_coinbase": {
      "total_fills": 301,
      "p95_slippage_bps": 9.269279000607007,
      "mean_slippage_bps": 4.0267503655140775,
      "median_slippage_bps": 3.2556372571124608,
      "p99_slippage_bps": 19.272008163729712,
      "maker_ratio": 0.7,
      "fills_under_threshold": 295,
      "pct_under_threshold": 0.9800664451827242,
      "gate_status": "INSUFFICIENT_DATA",
      "reason": "need_2000_fills_have_301",
      "threshold_bps": 15.0,
      "min_sample_size": 2000
    },
    "ETH-USD_alpaca": {
      "total_fills": 270,
      "p95_slippage_bps": 8.635968975163145,
      "mean_slippage_bps": 3.933969298348113,
      "median_slippage_bps": 3.3962141409734166,
      "p99_slippage_bps": 15.363459681889541,
      "maker_ratio": 0.7,
      "fills_under_threshold": 267,
      "pct_under_threshold": 0.9888888888888889,
      "gate_status": "INSUFFICIENT_DATA",
      "reason": "need_2000_fills_have_270",
      "threshold_bps": 15.0,
      "min_sample_size": 2000
    },
    "ETH-USD_binance": {
      "total_fills": 292,
      "p95_slippage_bps": 8.590238369627592,
      "mean_slippage_bps": 3.8837800908419107,
      "median_slippage_bps": 3.3657932982391814,
      "p99_slippage_bps": 17.565049600323498,
      "maker_ratio": 0.7,
      "fills_under_threshold": 287,
      "pct_under_threshold": 0.9828767123287672,
      "gate_status": "INSUFFICIENT_DATA",
      "reason": "need_2000_fills_have_292",
      "threshold_bps": 15.0,
      "min_sample_size": 2000
    },
    "ETH-USD_coinbase": {
      "total_fills": 281,
      "p95_slippage_bps": 9.401770693531937,
      "mean_slippage_bps": 4.195079937203049,
      "median_slippage_bps": 3.523073734983262,
      "p99_slippage_bps": 18.5226398708986,
      "maker_ratio": 0.7,
      "fills_under_threshold": 273,
      "pct_under_threshold": 0.9715302491103203,
      "gate_status": "INSUFFICIENT_DATA",
      "reason": "need_2000_fills_have_281",
      "threshold_bps": 15.0,
      "min_sample_size": 2000
    },
    "NVDA_alpaca": {
      "total_fills": 326,
      "p95_slippage_bps": 8.974830963991867,
      "mean_slippage_bps": 3.877666514179503,
      "median_slippage_bps": 3.4608799361782134,
      "p99_slippage_bps": 16.68856980662469,
      "maker_ratio": 0.7,
      "fills_under_threshold": 321,
      "pct_under_threshold": 0.9846625766871165,
      "gate_status": "INSUFFICIENT_DATA",
      "reason": "need_2000_fills_have_326",
      "threshold_bps": 15.0,
      "min_sample_size": 2000
    },
    "NVDA_binance": {
      "total_fills": 300,
      "p95_slippage_bps": 9.119902111271049,
      "mean_slippage_bps": 3.9729756535872616,
      "median_slippage_bps": 3.2683355639428004,
      "p99_slippage_bps": 17.282730916780565,
      "maker_ratio": 0.7,
      "fills_under_threshold": 295,
      "pct_under_threshold": 0.9833333333333333,
      "gate_status": "INSUFFICIENT_DATA",
      "reason": "need_2000_fills_have_300",
      "threshold_bps": 15.0,
      "min_sample_size": 2000
    },
    "NVDA_coinbase": {
      "total_fills": 294,
      "p95_slippage_bps": 12.40886460204108,
      "mean_slippage_bps": 4.304523999710542,
      "median_slippage_bps": 3.256496687403682,
      "p99_slippage_bps": 20.78173049842848,
      "maker_ratio": 0.7,
      "fills_under_threshold": 285,
      "pct_under_threshold": 0.9693877551020408,
      "gate_status": "INSUFFICIENT_DATA",
      "reason": "need_2000_fills_have_294",