{
  "timestamp": "2025-08-16T16:13:56.110685+00:00",
  "window_hours": 48,
  "threshold_bps": 15.0,
  "min_sample_size": 2000,
  "overall_metrics": {
    "total_fills": 2736,
    "p95_slippage_bps": 9.21295186584814,
    "mean_slippage_bps": 4.055305598927971,
    "median_slippage_bps": 3.4091521587210023,
    "p99_slippage_bps": 19.414834286333235,
    "maker_ratio": 0.7,
    "fills_under_threshold": 2679,
    "pct_under_threshold": 0.9791666666666666,
    "gate_status": "PASS",
    "reason": "criteria_met",
    "threshold_bps": 15.0,
    "min_sample_size": 2000
  },
  "breakdown_metrics": {
    "asset_BTC-USD": {
      "total_fills": 969,
      "p95_slippage_bps": 9.2352914885252,
      "mean_slippage_bps": 4.095354738814722,
      "median_slippage_bps": 3.4014027395118007,
      "p99_slippage_bps": 20.283913077841067,
      "maker_ratio": 0.7,
      "fills_under_threshold": 944,
      "pct_under_threshold": 0.9742002063983488,
      "gate_status": "INSUFFICIENT_DATA",
      "reason": "need_2000_fills_have_969",
      "threshold_bps": 15.0,
      "min_sample_size": 2000
    },
    "asset_ETH-USD": {
      "total_fills": 889,
      "p95_slippage_bps": 9.137211406712458,
      "mean_slippage_bps": 4.033676893919253,
      "median_slippage_bps": 3.3856567658061625,
      "p99_slippage_bps": 17.545808641710174,
      "maker_ratio": 0.7,
      "fills_under_threshold": 875,
      "pct_under_threshold": 0.984251968503937,
      "gate_status": "INSUFFICIENT_DATA",
      "reason": "need_2000_fills_have_889",
      "threshold_bps": 15.0,
      "min_sample_size": 2000
    },
    "asset_NVDA": {
      "total_fills": 878,
      "p95_slippage_bps": 9.209536195991708,
      "mean_slippage_bps": 4.033005259750848,
      "median_slippage_bps": 3.427784863552405,
      "p99_slippage_bps": 18.080685070904988,
      "maker_ratio": 0.7,
      "fills_under_threshold": 860,
      "pct_under_threshold": 0.979498861047836,
      "gate_status": "INSUFFICIENT_DATA",
      "reason": "need_2000_fills_have_878",
      "threshold_bps": 15.0,
      "min_sample_size": 2000
    },
    "venue_coinbase": {
      "total_fills": 934,
      "p95_slippage_bps": 9.11649523519491,
      "mean_slippage_bps": 4.051018915988232,
      "median_slippage_bps": 3.390603909490086,
      "p99_slippage_bps": 20.28301045428805,
      "maker_ratio": 0.7,
      "fills_under_threshold": 913,
      "pct_under_threshold": 0.9775160599571735,
      "gate_status": "INSUFFICIENT_DATA",
      "reason": "need_2000_fills_have_934",
      "threshold_bps": 15.0,
      "min_sample_size": 2000
    },
    "venue_binance": {
      "total_fills": 874,
      "p95_slippage_bps": 9.098178472904976,
      "mean_slippage_bps": 4.0301363059202915,
      "median_slippage_bps": 3.4819223585204195,
      "p99_slippage_bps": 17.675498100044763,
      "maker_ratio": 0.7,
      "fills_under_threshold": 861,
      "pct_under_threshold": 0.9851258581235698,
      "gate_status": "INSUFFICIENT_DATA",
      "reason": "need_2000_fills_have_874",
      "threshold_bps": 15.0,
      "min_sample_size": 2000
    },
    "venue_alpaca": {
      "total_fills": 928,
      "p95_slippage_bps": 9.285526419899675,
      "mean_slippage_bps": 4.083324698016792,
      "median_slippage_bps": 3.3857004742003842,
      "p99_slippage_bps": 19.281630498411435,
      "maker_ratio": 0.7,
      "fills_under_threshold": 905,
      "pct_under_threshold": 0.9752155172413793,
      "gate_status": "INSUFFICIENT_DATA",
      "reason": "need_2000_fills_have_928",
      "threshold_bps": 15.0,
      "min_sample_size": 2000
    },
    "BTC-USD_alpaca": {
      "total_fills": 320,
      "p95_slippage_bps": 9.742125931372048,
      "mean_slippage_bps": 4.180525382193396,
      "median_slippage_bps": 3.338234608224643,
      "p99_slippage_bps": 20.164858880650087,
      "maker_ratio": 0.7,
      "fills_under_threshold": 309,
      "pct_under_threshold": 0.965625,
      "gate_status": "INSUFFICIENT_DATA",
      "reason": "need_2000_fills_have_320",
      "threshold_bps": 15.0,
      "min_sample_size": 2000
    },
    "BTC-USD_binance": {
      "total_fills": 302,
      "p95_slippage_bps": 8.68245102858998,
      "mean_slippage_bps": 4.0733457700822235,
      "median_slippage_bps": 3.557018093264517,
      "p99_slippage_bps": 19.64986931180864,
      "maker_ratio": 0.7,
      "fills_under_threshold": 296,
      "pct_under_threshold": 0.9801324503311258,
      "gate_status": "INSUFFICIENT_DATA",
      "reason": "need_2000_fills_have_302",
      "threshold_bps": 15.0,
      "min_sample_size": 2000
    },
    "BTC-USD_coinbase": {
      "total_fills": 347,
      "p95_slippage_bps": 8.837263939155479,
      "mean_slippage_bps": 4.035965985719734,
      "median_slippage_bps": 3.3737223849013196,
      "p99_slippage_bps": 21.541007750558215,
      "maker_ratio": 0.7,
      "fills_under_threshold": 339,
      "pct_under_threshold": 0.9769452449567724,
      "gate_status": "INSUFFICIENT_DATA",
      "reason": "need_2000_fills_have_347",
      "threshold_bps": 15.0,
      "min_sample_size": 2000
    },
    "ETH-USD_alpaca": {
      "total_fills": 285,
      "p95_slippage_bps": 8.403045769243121,
      "mean_slippage_bps": 3.8895112082345786,
      "median_slippage_bps": 3.2838461125549117,
      "p99_slippage_bps": 15.170681259820128,
      "maker_ratio": 0.7,
      "fills_under_threshold": 282,
      "pct_under_threshold": 0.9894736842105263,
      "gate_status": "INSUFFICIENT_DATA",
      "reason": "need_2000_fills_have_285",
      "threshold_bps": 15.0,
      "min_sample_size": 2000
    },
    "ETH-USD_binance": {
      "total_fills": 316,
      "p95_slippage_bps": 9.51552639495259,
      "mean_slippage_bps": 4.110236497591706,
      "median_slippage_bps": 3.4935178068551047,
      "p99_slippage_bps": 16.936845173889264,
      "maker_ratio": 0.7,
      "fills_under_threshold": 311,
      "pct_under_threshold": 0.9841772151898734,
      "gate_status": "INSUFFICIENT_DATA",
      "reason": "need_2000_fills_have_316",
      "threshold_bps": 15.0,
      "min_sample_size": 2000
    },
    "ETH-USD_coinbase": {
      "total_fills": 288,
      "p95_slippage_bps": 9.155255932173985,
      "mean_slippage_bps": 4.092337955237436,
      "median_slippage_bps": 3.3777103269504094,
      "p99_slippage_bps": 18.013222858127744,
      "maker_ratio": 0.7,
      "fills_under_threshold": 282,
      "pct_under_threshold": 0.9791666666666666,
      "gate_status": "INSUFFICIENT_DATA",
      "reason": "need_2000_fills_have_288",
      "threshold_bps": 15.0,
      "min_sample_size": 2000
    },
    "NVDA_alpaca": {
      "total_fills": 323,
      "p95_slippage_bps": 9.298693842153192,
      "mean_slippage_bps": 4.158038709321491,
      "median_slippage_bps": 3.4915824803698805,
      "p99_slippage_bps": 17.078309274720702,
      "maker_ratio": 0.7,
      "fills_under_threshold": 314,
      "pct_under_threshold": 0.9721362229102167,
      "gate_status": "INSUFFICIENT_DATA",
      "reason": "need_2000_fills_have_323",
      "threshold_bps": 15.0,
      "min_sample_size": 2000
    },
    "NVDA_binance": {
      "total_fills": 256,
      "p95_slippage_bps": 8.872776064699192,
      "mean_slippage_bps": 3.8802889670723584,
      "median_slippage_bps": 3.335188347122722,
      "p99_slippage_bps": 13.121990991873854,
      "maker_ratio": 0.7,
      "fills_under_threshold": 254,
      "pct_under_threshold": 0.9921875,
      "gate_status": "INSUFFICIENT_DATA",
      "reason": "need_2000_fills_have_256",
      "threshold_bps": 15.0,
      "min_sample_size": 2000
    },
    "NVDA_coinbase": {
      "total_fills": 299,
      "p95_slippage_bps": 9.115563168917262,
      "mean_slippage_bps": 4.028689429364144,
      "median_slippage_bps": 3.417477626330309,
      "p99_slippage_bps": 20.21060497946471,
      "maker_ratio": 0.7,
      "fills_under_threshold": 292,
      "pct_under_threshold": 0.9765886287625418,
      "gate_status": "INSUFFICIENT_DATA",
      "reason": "need_2000_fills_have_299",