{
  "timestamp": "2025-08-16T16:29:29.400713+00:00",
  "window_hours": 48,
  "threshold_bps": 15.0,
  "min_sample_size": 2000,
  "overall_metrics": {
    "total_fills": 2756,
    "p95_slippage_bps": 9.239520729711703,
    "mean_slippage_bps": 4.048996080359519,
    "median_slippage_bps": 3.483822115901379,
    "p99_slippage_bps": 18.68717642538976,
    "maker_ratio": 0.7,
    "fills_under_threshold": 2702,
    "pct_under_threshold": 0.9804063860667634,
    "gate_status": "PASS",
    "reason": "criteria_met",
    "threshold_bps": 15.0,
    "min_sample_size": 2000
  },
  "breakdown_metrics": {
    "asset_BTC-USD": {
      "total_fills": 906,
      "p95_slippage_bps": 9.176911601745786,
      "mean_slippage_bps": 3.9281891752543343,
      "median_slippage_bps": 3.35525030305892,
      "p99_slippage_bps": 16.62510315528276,
      "maker_ratio": 0.7,
      "fills_under_threshold": 891,
      "pct_under_threshold": 0.9834437086092715,
      "gate_status": "INSUFFICIENT_DATA",
      "reason": "need_2000_fills_have_906",
      "threshold_bps": 15.0,
      "min_sample_size": 2000
    },
    "asset_ETH-USD": {
      "total_fills": 902,
      "p95_slippage_bps": 8.62327590019047,
      "mean_slippage_bps": 3.947786129529708,
      "median_slippage_bps": 3.500672289744072,
      "p99_slippage_bps": 17.242597726229103,
      "maker_ratio": 0.7,
      "fills_under_threshold": 886,
      "pct_under_threshold": 0.9822616407982262,
      "gate_status": "INSUFFICIENT_DATA",
      "reason": "need_2000_fills_have_902",
      "threshold_bps": 15.0,
      "min_sample_size": 2000
    },
    "asset_NVDA": {
      "total_fills": 948,
      "p95_slippage_bps": 9.807234696193014,
      "mean_slippage_bps": 4.260749700268579,
      "median_slippage_bps": 3.536140613835433,
      "p99_slippage_bps": 20.089755110488646,
      "maker_ratio": 0.7,
      "fills_under_threshold": 925,
      "pct_under_threshold": 0.9757383966244726,
      "gate_status": "INSUFFICIENT_DATA",
      "reason": "need_2000_fills_have_948",
      "threshold_bps": 15.0,
      "min_sample_size": 2000
    },
    "venue_coinbase": {
      "total_fills": 946,
      "p95_slippage_bps": 8.47343295128989,
      "mean_slippage_bps": 3.9979695375894684,
      "median_slippage_bps": 3.5109238534453935,
      "p99_slippage_bps": 16.240513147749535,
      "maker_ratio": 0.7,
      "fills_under_threshold": 931,
      "pct_under_threshold": 0.9841437632135307,
      "gate_status": "INSUFFICIENT_DATA",
      "reason": "need_2000_fills_have_946",
      "threshold_bps": 15.0,
      "min_sample_size": 2000
    },
    "venue_alpaca": {
      "total_fills": 900,
      "p95_slippage_bps": 9.906713570122122,
      "mean_slippage_bps": 4.146215699310136,
      "median_slippage_bps": 3.479260499930562,
      "p99_slippage_bps": 18.952892739346918,
      "maker_ratio": 0.7,
      "fills_under_threshold": 877,
      "pct_under_threshold": 0.9744444444444444,
      "gate_status": "INSUFFICIENT_DATA",
      "reason": "need_2000_fills_have_900",
      "threshold_bps": 15.0,
      "min_sample_size": 2000
    },
    "venue_binance": {
      "total_fills": 910,
      "p95_slippage_bps": 9.119231305751153,
      "mean_slippage_bps": 4.0058899841011835,
      "median_slippage_bps": 3.37070986243208,
      "p99_slippage_bps": 18.92456199110137,
      "maker_ratio": 0.7,
      "fills_under_threshold": 894,
      "pct_under_threshold": 0.9824175824175824,
      "gate_status": "INSUFFICIENT_DATA",
      "reason": "need_2000_fills_have_910",
      "threshold_bps": 15.0,
      "min_sample_size": 2000
    },
    "BTC-USD_alpaca": {
      "total_fills": 315,
      "p95_slippage_bps": 9.860183875398377,
      "mean_slippage_bps": 4.169022323705077,
      "median_slippage_bps": 3.4007624790520166,
      "p99_slippage_bps": 17.10330587855665,
      "maker_ratio": 0.7,
      "fills_under_threshold": 308,
      "pct_under_threshold": 0.9777777777777777,
      "gate_status": "INSUFFICIENT_DATA",
      "reason": "need_2000_fills_have_315",
      "threshold_bps": 15.0,
      "min_sample_size": 2000
    },
    "BTC-USD_binance": {
      "total_fills": 285,
      "p95_slippage_bps": 8.153844547631202,
      "mean_slippage_bps": 3.7071657342838176,
      "median_slippage_bps": 3.1609447202367313,
      "p99_slippage_bps": 12.90178708157019,
      "maker_ratio": 0.7,
      "fills_under_threshold": 282,
      "pct_under_threshold": 0.9894736842105263,
      "gate_status": "INSUFFICIENT_DATA",
      "reason": "need_2000_fills_have_285",
      "threshold_bps": 15.0,
      "min_sample_size": 2000
    },
    "BTC-USD_coinbase": {
      "total_fills": 306,
      "p95_slippage_bps": 8.146888651958282,
      "mean_slippage_bps": 3.8861278645177766,
      "median_slippage_bps": 3.5026949606194187,
      "p99_slippage_bps": 15.567505024932524,
      "maker_ratio": 0.7,
      "fills_under_threshold": 301,
      "pct_under_threshold": 0.9836601307189542,
      "gate_status": "INSUFFICIENT_DATA",
      "reason": "need_2000_fills_have_306",
      "threshold_bps": 15.0,
      "min_sample_size": 2000
    },
    "ETH-USD_alpaca": {
      "total_fills": 276,
      "p95_slippage_bps": 9.405547038334486,
      "mean_slippage_bps": 3.861011635986924,
      "median_slippage_bps": 3.3417242168448156,
      "p99_slippage_bps": 16.41807895924459,
      "maker_ratio": 0.7,
      "fills_under_threshold": 270,
      "pct_under_threshold": 0.9782608695652174,
      "gate_status": "INSUFFICIENT_DATA",
      "reason": "need_2000_fills_have_276",
      "threshold_bps": 15.0,
      "min_sample_size": 2000
    },
    "ETH-USD_binance": {
      "total_fills": 312,
      "p95_slippage_bps": 7.826843490682656,
      "mean_slippage_bps": 3.928514211134424,
      "median_slippage_bps": 3.5041521314396933,
      "p99_slippage_bps": 18.869047477116908,
      "maker_ratio": 0.7,
      "fills_under_threshold": 306,
      "pct_under_threshold": 0.9807692307692307,
      "gate_status": "INSUFFICIENT_DATA",
      "reason": "need_2000_fills_have_312",
      "threshold_bps": 15.0,
      "min_sample_size": 2000
    },
    "ETH-USD_coinbase": {
      "total_fills": 314,
      "p95_slippage_bps": 8.51566319205679,
      "mean_slippage_bps": 4.043208418565175,
      "median_slippage_bps": 3.5569953223457453,
      "p99_slippage_bps": 15.36846456959827,
      "maker_ratio": 0.7,
      "fills_under_threshold": 310,
      "pct_under_threshold": 0.9872611464968153,
      "gate_status": "INSUFFICIENT_DATA",
      "reason": "need_2000_fills_have_314",
      "threshold_bps": 15.0,
      "min_sample_size": 2000
    },
    "NVDA_alpaca": {
      "total_fills": 309,
      "p95_slippage_bps": 10.433055584184887,
      "mean_slippage_bps": 4.377711604788451,
      "median_slippage_bps": 3.6740901483172075,
      "p99_slippage_bps": 20.383269488664567,
      "maker_ratio": 0.7,
      "fills_under_threshold": 299,
      "pct_under_threshold": 0.9676375404530745,
      "gate_status": "INSUFFICIENT_DATA",
      "reason": "need_2000_fills_have_309",
      "threshold_bps": 15.0,
      "min_sample_size": 2000
    },
    "NVDA_binance": {
      "total_fills": 313,
      "p95_slippage_bps": 10.17691032299077,
      "mean_slippage_bps": 4.3550198638570246,
      "median_slippage_bps": 3.526397922085403,
      "p99_slippage_bps": 18.919867111350218,
      "maker_ratio": 0.7,
      "fills_under_threshold": 306,
      "pct_under_threshold": 0.9776357827476039,
      "gate_status": "INSUFFICIENT_DATA",
      "reason": "need_2000_fills_have_313",
      "threshold_bps": 15.0,
      "min_sample_size": 2000
    },
    "NVDA_coinbase": {
      "total_fills": 326,
      "p95_slippage_bps": 8.463154151441733,
      "mean_slippage_bps": 4.059376112232308,
      "median_slippage_bps": 3.4967272228243447,
      "p99_slippage_bps": 19.88442738103152,
      "maker_ratio": 0.7,
      "fills_under_threshold": 320,
      "pct_under_threshold": 0.9815950920245399,
      "gate_status": "INSUFFICIENT_DATA",
      "reason": "need_2000_fills_have_326",