{
  "timestamp": "2025-08-16T16:19:07.119350+00:00",
  "window_hours": 48,
  "threshold_bps": 15.0,
  "min_sample_size": 2000,
  "overall_metrics": {
    "total_fills": 2748,
    "p95_slippage_bps": 9.561792992632103,
    "mean_slippage_bps": 4.0483588248717215,
    "median_slippage_bps": 3.335124599082418,
    "p99_slippage_bps": 19.63035216925614,
    "maker_ratio": 0.7,
    "fills_under_threshold": 2672,
    "pct_under_threshold": 0.9723435225618632,
    "gate_status": "PASS",
    "reason": "criteria_met",
    "threshold_bps": 15.0,
    "min_sample_size": 2000
  },
  "breakdown_metrics": {
    "asset_BTC-USD": {
      "total_fills": 912,
      "p95_slippage_bps": 9.224890372478672,
      "mean_slippage_bps": 3.915684576534723,
      "median_slippage_bps": 3.305090649301172,
      "p99_slippage_bps": 18.208896551738395,
      "maker_ratio": 0.7,
      "fills_under_threshold": 890,
      "pct_under_threshold": 0.9758771929824561,
      "gate_status": "INSUFFICIENT_DATA",
      "reason": "need_2000_fills_have_912",
      "threshold_bps": 15.0,
      "min_sample_size": 2000
    },
    "asset_ETH-USD": {
      "total_fills": 938,
      "p95_slippage_bps": 9.041578757586718,
      "mean_slippage_bps": 3.961849244110585,
      "median_slippage_bps": 3.341974105929422,
      "p99_slippage_bps": 19.83923236875631,
      "maker_ratio": 0.7,
      "fills_under_threshold": 916,
      "pct_under_threshold": 0.976545842217484,
      "gate_status": "INSUFFICIENT_DATA",
      "reason": "need_2000_fills_have_938",
      "threshold_bps": 15.0,
      "min_sample_size": 2000
    },
    "asset_NVDA": {
      "total_fills": 898,
      "p95_slippage_bps": 12.089945523213292,
      "mean_slippage_bps": 4.273464505536854,
      "median_slippage_bps": 3.3727939776435845,
      "p99_slippage_bps": 19.969181267468432,
      "maker_ratio": 0.7,
      "fills_under_threshold": 866,
      "pct_under_threshold": 0.9643652561247216,
      "gate_status": "INSUFFICIENT_DATA",
      "reason": "need_2000_fills_have_898",
      "threshold_bps": 15.0,
      "min_sample_size": 2000
    },
    "venue_alpaca": {
      "total_fills": 920,
      "p95_slippage_bps": 9.268337571420252,
      "mean_slippage_bps": 4.074775527983389,
      "median_slippage_bps": 3.403182929624304,
      "p99_slippage_bps": 19.846631850749024,
      "maker_ratio": 0.7,
      "fills_under_threshold": 896,
      "pct_under_threshold": 0.9739130434782609,
      "gate_status": "INSUFFICIENT_DATA",
      "reason": "need_2000_fills_have_920",
      "threshold_bps": 15.0,
      "min_sample_size": 2000
    },
    "venue_coinbase": {
      "total_fills": 911,
      "p95_slippage_bps": 9.87644018609043,
      "mean_slippage_bps": 4.037342365670625,
      "median_slippage_bps": 3.2214941126007703,
      "p99_slippage_bps": 19.66966619199679,
      "maker_ratio": 0.7,
      "fills_under_threshold": 883,
      "pct_under_threshold": 0.969264544456641,
      "gate_status": "INSUFFICIENT_DATA",
      "reason": "need_2000_fills_have_911",
      "threshold_bps": 15.0,
      "min_sample_size": 2000
    },
    "venue_binance": {
      "total_fills": 917,
      "p95_slippage_bps": 9.449412144262077,
      "mean_slippage_bps": 4.032800076201562,
      "median_slippage_bps": 3.3536038092937654,
      "p99_slippage_bps": 18.228402281194864,
      "maker_ratio": 0.7,
      "fills_under_threshold": 893,
      "pct_under_threshold": 0.9738276990185387,
      "gate_status": "INSUFFICIENT_DATA",
      "reason": "need_2000_fills_have_917",
      "threshold_bps": 15.0,
      "min_sample_size": 2000
    },
    "BTC-USD_alpaca": {
      "total_fills": 305,
      "p95_slippage_bps": 9.285559636336627,
      "mean_slippage_bps": 4.149283618777531,
      "median_slippage_bps": 3.395442495932867,
      "p99_slippage_bps": 20.419818832425204,
      "maker_ratio": 0.7,
      "fills_under_threshold": 295,
      "pct_under_threshold": 0.9672131147540983,
      "gate_status": "INSUFFICIENT_DATA",
      "reason": "need_2000_fills_have_305",
      "threshold_bps": 15.0,
      "min_sample_size": 2000
    },
    "BTC-USD_binance": {
      "total_fills": 308,
      "p95_slippage_bps": 8.246356835431452,
      "mean_slippage_bps": 3.8578961078637946,
      "median_slippage_bps": 3.355739460773063,
      "p99_slippage_bps": 17.725380990921668,
      "maker_ratio": 0.7,
      "fills_under_threshold": 302,
      "pct_under_threshold": 0.9805194805194806,
      "gate_status": "INSUFFICIENT_DATA",
      "reason": "need_2000_fills_have_308",
      "threshold_bps": 15.0,
      "min_sample_size": 2000
    },
    "BTC-USD_coinbase": {
      "total_fills": 299,
      "p95_slippage_bps": 9.299075925551351,
      "mean_slippage_bps": 3.736925848998231,
      "median_slippage_bps": 3.1012669060105984,
      "p99_slippage_bps": 17.942258932171853,
      "maker_ratio": 0.7,
      "fills_under_threshold": 293,
      "pct_under_threshold": 0.979933110367893,
      "gate_status": "INSUFFICIENT_DATA",
      "reason": "need_2000_fills_have_299",
      "threshold_bps": 15.0,
      "min_sample_size": 2000
    },
    "ETH-USD_alpaca": {
      "total_fills": 320,
      "p95_slippage_bps": 9.021624367892548,
      "mean_slippage_bps": 3.9711647869914706,
      "median_slippage_bps": 3.4815777286092953,
      "p99_slippage_bps": 19.20362129502165,
      "maker_ratio": 0.7,
      "fills_under_threshold": 316,
      "pct_under_threshold": 0.9875,
      "gate_status": "INSUFFICIENT_DATA",
      "reason": "need_2000_fills_have_320",
      "threshold_bps": 15.0,
      "min_sample_size": 2000
    },
    "ETH-USD_binance": {
      "total_fills": 293,
      "p95_slippage_bps": 8.293206183372392,
      "mean_slippage_bps": 3.800439694678158,
      "median_slippage_bps": 3.2719097008314,
      "p99_slippage_bps": 18.876710026810176,
      "maker_ratio": 0.7,
      "fills_under_threshold": 286,
      "pct_under_threshold": 0.9761092150170648,
      "gate_status": "INSUFFICIENT_DATA",
      "reason": "need_2000_fills_have_293",
      "threshold_bps": 15.0,
      "min_sample_size": 2000
    },
    "ETH-USD_coinbase": {
      "total_fills": 325,
      "p95_slippage_bps": 9.41182972694936,
      "mean_slippage_bps": 4.0981939341469475,
      "median_slippage_bps": 3.306324896670905,
      "p99_slippage_bps": 20.039872886454667,
      "maker_ratio": 0.7,
      "fills_under_threshold": 314,
      "pct_under_threshold": 0.9661538461538461,
      "gate_status": "INSUFFICIENT_DATA",
      "reason": "need_2000_fills_have_325",
      "threshold_bps": 15.0,
      "min_sample_size": 2000
    },
    "NVDA_alpaca": {
      "total_fills": 295,
      "p95_slippage_bps": 9.824346123490068,
      "mean_slippage_bps": 4.110133051458648,
      "median_slippage_bps": 3.3628410129137833,
      "p99_slippage_bps": 18.787685213443574,
      "maker_ratio": 0.7,
      "fills_under_threshold": 285,
      "pct_under_threshold": 0.9661016949152542,
      "gate_status": "INSUFFICIENT_DATA",
      "reason": "need_2000_fills_have_295",
      "threshold_bps": 15.0,
      "min_sample_size": 2000
    },
    "NVDA_binance": {
      "total_fills": 316,
      "p95_slippage_bps": 12.600510563245788,
      "mean_slippage_bps": 4.4187241712470975,
      "median_slippage_bps": 3.4420291484674603,
      "p99_slippage_bps": 19.64538330968137,
      "maker_ratio": 0.7,
      "fills_under_threshold": 305,
      "pct_under_threshold": 0.9651898734177216,
      "gate_status": "INSUFFICIENT_DATA",
      "reason": "need_2000_fills_have_316",
      "threshold_bps": 15.0,
      "min_sample_size": 2000
    },
    "NVDA_coinbase": {
      "total_fills": 287,
      "p95_slippage_bps": 12.623658022756576,
      "mean_slippage_bps": 4.281411281107007,
      "median_slippage_bps": 3.234052426654708,
      "p99_slippage_bps": 20.61000504372086,
      "maker_ratio": 0.7,
      "fills_under_threshold": 276,
      "pct_under_threshold": 0.9616724738675958,
      "gate_status": "INSUFFICIENT_DATA",
      "reason": "need_2000_fills_have_287",