{
  "timestamp": "2025-08-16T08:11:27.812032+00:00",
  "window_hours": 48,
  "threshold_bps": 15.0,
  "min_sample_size": 2000,
  "overall_metrics": {
    "total_fills": 2602,
    "p95_slippage_bps": 9.727027494206594,
    "mean_slippage_bps": 4.099440765189796,
    "median_slippage_bps": 3.388754698475707,
    "p99_slippage_bps": 18.818882630075187,
    "maker_ratio": 0.7,
    "fills_under_threshold": 2542,
    "pct_under_threshold": 0.9769408147578785,
    "gate_status": "PASS",
    "reason": "criteria_met",
    "threshold_bps": 15.0,
    "min_sample_size": 2000
  },
  "breakdown_metrics": {
    "asset_ETH-USD": {
      "total_fills": 891,
      "p95_slippage_bps": 9.605492078105582,
      "mean_slippage_bps": 3.99548353821297,
      "median_slippage_bps": 3.320002025688713,
      "p99_slippage_bps": 18.14096576638722,
      "maker_ratio": 0.7,
      "fills_under_threshold": 873,
      "pct_under_threshold": 0.9797979797979798,
      "gate_status": "INSUFFICIENT_DATA",
      "reason": "need_2000_fills_have_891",
      "threshold_bps": 15.0,
      "min_sample_size": 2000
    },
    "asset_BTC-USD": {
      "total_fills": 855,
      "p95_slippage_bps": 10.404829956512208,
      "mean_slippage_bps": 4.317415637046919,
      "median_slippage_bps": 3.4706900307653363,
      "p99_slippage_bps": 20.561260927556745,
      "maker_ratio": 0.7,
      "fills_under_threshold": 828,
      "pct_under_threshold": 0.968421052631579,
      "gate_status": "INSUFFICIENT_DATA",
      "reason": "need_2000_fills_have_855",
      "threshold_bps": 15.0,
      "min_sample_size": 2000
    },
    "asset_NVDA": {
      "total_fills": 856,
      "p95_slippage_bps": 9.19027963501718,
      "mean_slippage_bps": 3.9899283514030115,
      "median_slippage_bps": 3.3931398804884516,
      "p99_slippage_bps": 17.951541281979466,
      "maker_ratio": 0.7,
      "fills_under_threshold": 841,
      "pct_under_threshold": 0.9824766355140186,
      "gate_status": "INSUFFICIENT_DATA",
      "reason": "need_2000_fills_have_856",
      "threshold_bps": 15.0,
      "min_sample_size": 2000
    },
    "venue_binance": {
      "total_fills": 878,
      "p95_slippage_bps": 9.646924455315462,
      "mean_slippage_bps": 4.079530033413439,
      "median_slippage_bps": 3.4103561387305756,
      "p99_slippage_bps": 17.990209221173846,
      "maker_ratio": 0.7,
      "fills_under_threshold": 857,
      "pct_under_threshold": 0.9760820045558086,
      "gate_status": "INSUFFICIENT_DATA",
      "reason": "need_2000_fills_have_878",
      "threshold_bps": 15.0,
      "min_sample_size": 2000
    },
    "venue_alpaca": {
      "total_fills": 847,
      "p95_slippage_bps": 9.671644382447033,
      "mean_slippage_bps": 4.108374780055195,
      "median_slippage_bps": 3.3488259187950966,
      "p99_slippage_bps": 19.591009940664463,
      "maker_ratio": 0.7,
      "fills_under_threshold": 829,
      "pct_under_threshold": 0.9787485242030697,
      "gate_status": "INSUFFICIENT_DATA",
      "reason": "need_2000_fills_have_847",
      "threshold_bps": 15.0,
      "min_sample_size": 2000
    },
    "venue_coinbase": {
      "total_fills": 877,
      "p95_slippage_bps": 9.895551126227277,
      "mean_slippage_bps": 4.110745795872406,
      "median_slippage_bps": 3.3974159714012897,
      "p99_slippage_bps": 19.393519657269813,
      "maker_ratio": 0.7,
      "fills_under_threshold": 856,
      "pct_under_threshold": 0.976054732041049,
      "gate_status": "INSUFFICIENT_DATA",
      "reason": "need_2000_fills_have_877",
      "threshold_bps": 15.0,
      "min_sample_size": 2000
    },
    "BTC-USD_alpaca": {
      "total_fills": 275,
      "p95_slippage_bps": 10.472669135860777,
      "mean_slippage_bps": 4.374006057624367,
      "median_slippage_bps": 3.4185202746081735,
      "p99_slippage_bps": 20.962275304359544,
      "maker_ratio": 0.7,
      "fills_under_threshold": 265,
      "pct_under_threshold": 0.9636363636363636,
      "gate_status": "INSUFFICIENT_DATA",
      "reason": "need_2000_fills_have_275",
      "threshold_bps": 15.0,
      "min_sample_size": 2000
    },
    "BTC-USD_binance": {
      "total_fills": 278,
      "p95_slippage_bps": 10.876814973713689,
      "mean_slippage_bps": 4.30446334110263,
      "median_slippage_bps": 3.4397421657406224,
      "p99_slippage_bps": 19.966267564123097,
      "maker_ratio": 0.7,
      "fills_under_threshold": 268,
      "pct_under_threshold": 0.9640287769784173,
      "gate_status": "INSUFFICIENT_DATA",
      "reason": "need_2000_fills_have_278",
      "threshold_bps": 15.0,
      "min_sample_size": 2000
    },
    "BTC-USD_coinbase": {
      "total_fills": 302,
      "p95_slippage_bps": 10.212984656717287,
      "mean_slippage_bps": 4.277807599343983,
      "median_slippage_bps": 3.608287626656498,
      "p99_slippage_bps": 18.324392719510968,
      "maker_ratio": 0.7,
      "fills_under_threshold": 295,
      "pct_under_threshold": 0.9768211920529801,
      "gate_status": "INSUFFICIENT_DATA",
      "reason": "need_2000_fills_have_302",
      "threshold_bps": 15.0,
      "min_sample_size": 2000
    },
    "ETH-USD_alpaca": {
      "total_fills": 293,
      "p95_slippage_bps": 8.665331273644362,
      "mean_slippage_bps": 3.8631135344336234,
      "median_slippage_bps": 3.2809752360390054,
      "p99_slippage_bps": 13.719901027201251,
      "maker_ratio": 0.7,
      "fills_under_threshold": 291,
      "pct_under_threshold": 0.9931740614334471,
      "gate_status": "INSUFFICIENT_DATA",
      "reason": "need_2000_fills_have_293",
      "threshold_bps": 15.0,
      "min_sample_size": 2000
    },
    "ETH-USD_binance": {
      "total_fills": 300,
      "p95_slippage_bps": 9.622178249376557,
      "mean_slippage_bps": 4.033419315621004,
      "median_slippage_bps": 3.3816007531410155,
      "p99_slippage_bps": 17.782231484028955,
      "maker_ratio": 0.7,
      "fills_under_threshold": 292,
      "pct_under_threshold": 0.9733333333333334,
      "gate_status": "INSUFFICIENT_DATA",
      "reason": "need_2000_fills_have_300",
      "threshold_bps": 15.0,
      "min_sample_size": 2000
    },
    "ETH-USD_coinbase": {
      "total_fills": 298,
      "p95_slippage_bps": 10.722393911992647,
      "mean_slippage_bps": 4.087442188833569,
      "median_slippage_bps": 3.254679247477482,
      "p99_slippage_bps": 19.907563283491648,
      "maker_ratio": 0.7,
      "fills_under_threshold": 290,
      "pct_under_threshold": 0.9731543624161074,
      "gate_status": "INSUFFICIENT_DATA",
      "reason": "need_2000_fills_have_298",
      "threshold_bps": 15.0,
      "min_sample_size": 2000
    },
    "NVDA_alpaca": {
      "total_fills": 279,
      "p95_slippage_bps": 10.212412346814068,
      "mean_slippage_bps": 4.104120097745512,
      "median_slippage_bps": 3.3250794604582397,
      "p99_slippage_bps": 16.533625599826635,
      "maker_ratio": 0.7,
      "fills_under_threshold": 273,
      "pct_under_threshold": 0.978494623655914,
      "gate_status": "INSUFFICIENT_DATA",
      "reason": "need_2000_fills_have_279",
      "threshold_bps": 15.0,
      "min_sample_size": 2000
    },
    "NVDA_binance": {
      "total_fills": 300,
      "p95_slippage_bps": 9.030285500699106,
      "mean_slippage_bps": 3.9172025527472245,
      "median_slippage_bps": 3.4341649584058263,
      "p99_slippage_bps": 14.14546837785557,
      "maker_ratio": 0.7,
      "fills_under_threshold": 297,
      "pct_under_threshold": 0.99,
      "gate_status": "INSUFFICIENT_DATA",
      "reason": "need_2000_fills_have_300",
      "threshold_bps": 15.0,
      "min_sample_size": 2000
    },
    "NVDA_coinbase": {
      "total_fills": 277,
      "p95_slippage_bps": 8.623556881576684,
      "mean_slippage_bps": 3.9536765187935488,
      "median_slippage_bps": 3.4178216143857854,
      "p99_slippage_bps": 18.691502916405522,
      "maker_ratio": 0.7,
      "fills_under_threshold": 271,
      "pct_under_threshold": 0.9783393501805054,
      "gate_status": "INSUFFICIENT_DATA",
      "reason": "need_2000_fills_have_277",