{
  "timestamp": "2025-08-16T23:25:19.250619+00:00",
  "window_hours": 48,
  "threshold_bps": 15.0,
  "min_sample_size": 2000,
  "overall_metrics": {
    "total_fills": 2744,
    "p95_slippage_bps": 9.214620773780839,
    "mean_slippage_bps": 4.1313217138421985,
    "median_slippage_bps": 3.465209336327107,
    "p99_slippage_bps": 19.673694015728945,
    "maker_ratio": 0.7,
    "fills_under_threshold": 2672,
    "pct_under_threshold": 0.9737609329446064,
    "gate_status": "PASS",
    "reason": "criteria_met",
    "threshold_bps": 15.0,
    "min_sample_size": 2000
  },
  "breakdown_metrics": {
    "asset_NVDA": {
      "total_fills": 910,
      "p95_slippage_bps": 8.517786122335673,
      "mean_slippage_bps": 4.059838644639741,
      "median_slippage_bps": 3.4174032706557838,
      "p99_slippage_bps": 18.718094766619977,
      "maker_ratio": 0.7,
      "fills_under_threshold": 888,
      "pct_under_threshold": 0.9758241758241758,
      "gate_status": "INSUFFICIENT_DATA",
      "reason": "need_2000_fills_have_910",
      "threshold_bps": 15.0,
      "min_sample_size": 2000
    },
    "asset_BTC-USD": {
      "total_fills": 898,
      "p95_slippage_bps": 9.22348707946733,
      "mean_slippage_bps": 4.096450943991688,
      "median_slippage_bps": 3.442845425696061,
      "p99_slippage_bps": 19.936677600846554,
      "maker_ratio": 0.7,
      "fills_under_threshold": 875,
      "pct_under_threshold": 0.9743875278396437,
      "gate_status": "INSUFFICIENT_DATA",
      "reason": "need_2000_fills_have_898",
      "threshold_bps": 15.0,
      "min_sample_size": 2000
    },
    "asset_ETH-USD": {
      "total_fills": 936,
      "p95_slippage_bps": 10.677063794954126,
      "mean_slippage_bps": 4.234274218436209,
      "median_slippage_bps": 3.5208074948247536,
      "p99_slippage_bps": 19.623718992040956,
      "maker_ratio": 0.7,
      "fills_under_threshold": 909,
      "pct_under_threshold": 0.9711538461538461,
      "gate_status": "INSUFFICIENT_DATA",
      "reason": "need_2000_fills_have_936",
      "threshold_bps": 15.0,
      "min_sample_size": 2000
    },
    "venue_binance": {
      "total_fills": 926,
      "p95_slippage_bps": 8.907770742309742,
      "mean_slippage_bps": 4.142244157060588,
      "median_slippage_bps": 3.5572694646335483,
      "p99_slippage_bps": 19.2642462185525,
      "maker_ratio": 0.7,
      "fills_under_threshold": 902,
      "pct_under_threshold": 0.9740820734341252,
      "gate_status": "INSUFFICIENT_DATA",
      "reason": "need_2000_fills_have_926",
      "threshold_bps": 15.0,
      "min_sample_size": 2000
    },
    "venue_coinbase": {
      "total_fills": 934,
      "p95_slippage_bps": 9.14824902536795,
      "mean_slippage_bps": 3.956145307719352,
      "median_slippage_bps": 3.320080113483547,
      "p99_slippage_bps": 19.644869974806067,
      "maker_ratio": 0.7,
      "fills_under_threshold": 914,
      "pct_under_threshold": 0.9785867237687366,
      "gate_status": "INSUFFICIENT_DATA",
      "reason": "need_2000_fills_have_934",
      "threshold_bps": 15.0,
      "min_sample_size": 2000
    },
    "venue_alpaca": {
      "total_fills": 884,
      "p95_slippage_bps": 9.75782351591658,
      "mean_slippage_bps": 4.3049649049038585,
      "median_slippage_bps": 3.5794621566167297,
      "p99_slippage_bps": 19.93015636887252,
      "maker_ratio": 0.7,
      "fills_under_threshold": 856,
      "pct_under_threshold": 0.9683257918552036,
      "gate_status": "INSUFFICIENT_DATA",
      "reason": "need_2000_fills_have_884",
      "threshold_bps": 15.0,
      "min_sample_size": 2000
    },
    "BTC-USD_alpaca": {
      "total_fills": 298,
      "p95_slippage_bps": 9.989940243449334,
      "mean_slippage_bps": 4.354470866737134,
      "median_slippage_bps": 3.4660601273015534,
      "p99_slippage_bps": 19.936677600846554,
      "maker_ratio": 0.7,
      "fills_under_threshold": 288,
      "pct_under_threshold": 0.9664429530201343,
      "gate_status": "INSUFFICIENT_DATA",
      "reason": "need_2000_fills_have_298",
      "threshold_bps": 15.0,
      "min_sample_size": 2000
    },
    "BTC-USD_binance": {
      "total_fills": 299,
      "p95_slippage_bps": 8.296610467766163,
      "mean_slippage_bps": 3.938877759347213,
      "median_slippage_bps": 3.5574199370048887,
      "p99_slippage_bps": 15.96907101701745,
      "maker_ratio": 0.7,
      "fills_under_threshold": 293,
      "pct_under_threshold": 0.979933110367893,
      "gate_status": "INSUFFICIENT_DATA",
      "reason": "need_2000_fills_have_299",
      "threshold_bps": 15.0,
      "min_sample_size": 2000
    },
    "BTC-USD_coinbase": {
      "total_fills": 301,
      "p95_slippage_bps": 9.273193133497308,
      "mean_slippage_bps": 3.997528835123101,
      "median_slippage_bps": 3.3680633408615788,
      "p99_slippage_bps": 20.5275617095871,
      "maker_ratio": 0.7,
      "fills_under_threshold": 294,
      "pct_under_threshold": 0.9767441860465116,
      "gate_status": "INSUFFICIENT_DATA",
      "reason": "need_2000_fills_have_301",
      "threshold_bps": 15.0,
      "min_sample_size": 2000
    },
    "ETH-USD_alpaca": {
      "total_fills": 294,
      "p95_slippage_bps": 11.509458362710793,
      "mean_slippage_bps": 4.33341012436724,
      "median_slippage_bps": 3.6464519867612895,
      "p99_slippage_bps": 18.4423557933873,
      "maker_ratio": 0.7,
      "fills_under_threshold": 284,
      "pct_under_threshold": 0.9659863945578231,
      "gate_status": "INSUFFICIENT_DATA",
      "reason": "need_2000_fills_have_294",
      "threshold_bps": 15.0,
      "min_sample_size": 2000
    },
    "ETH-USD_binance": {
      "total_fills": 304,
      "p95_slippage_bps": 10.964832426451515,
      "mean_slippage_bps": 4.351852231997513,
      "median_slippage_bps": 3.5644319585853674,
      "p99_slippage_bps": 22.125903788956848,
      "maker_ratio": 0.7,
      "fills_under_threshold": 293,
      "pct_under_threshold": 0.9638157894736842,
      "gate_status": "INSUFFICIENT_DATA",
      "reason": "need_2000_fills_have_304",
      "threshold_bps": 15.0,
      "min_sample_size": 2000
    },
    "ETH-USD_coinbase": {
      "total_fills": 338,
      "p95_slippage_bps": 9.229312156221706,
      "mean_slippage_bps": 4.042292938949939,
      "median_slippage_bps": 3.3710140813550242,
      "p99_slippage_bps": 16.35443320888585,
      "maker_ratio": 0.7,
      "fills_under_threshold": 332,
      "pct_under_threshold": 0.9822485207100592,
      "gate_status": "INSUFFICIENT_DATA",
      "reason": "need_2000_fills_have_338",
      "threshold_bps": 15.0,
      "min_sample_size": 2000
    },
    "NVDA_alpaca": {
      "total_fills": 292,
      "p95_slippage_bps": 8.458817616304444,
      "mean_slippage_bps": 4.225801647545811,
      "median_slippage_bps": 3.582327745137971,
      "p99_slippage_bps": 18.923389768935934,
      "maker_ratio": 0.7,
      "fills_under_threshold": 284,
      "pct_under_threshold": 0.9726027397260274,
      "gate_status": "INSUFFICIENT_DATA",
      "reason": "need_2000_fills_have_292",
      "threshold_bps": 15.0,
      "min_sample_size": 2000
    },
    "NVDA_binance": {
      "total_fills": 323,
      "p95_slippage_bps": 8.61037308077299,
      "mean_slippage_bps": 4.133221550668868,
      "median_slippage_bps": 3.5412849772431083,
      "p99_slippage_bps": 17.093891741950895,
      "maker_ratio": 0.7,
      "fills_under_threshold": 316,
      "pct_under_threshold": 0.978328173374613,
      "gate_status": "INSUFFICIENT_DATA",
      "reason": "need_2000_fills_have_323",
      "threshold_bps": 15.0,
      "min_sample_size": 2000
    },
    "NVDA_coinbase": {
      "total_fills": 295,
      "p95_slippage_bps": 8.477629399393864,
      "mean_slippage_bps": 3.815215337873702,
      "median_slippage_bps": 3.270329472344355,
      "p99_slippage_bps": 19.35545106962523,
      "maker_ratio": 0.7,
      "fills_under_threshold": 288,
      "pct_under_threshold": 0.976271186440678,
      "gate_status": "INSUFFICIENT_DATA",
      "reason": "need_2000_fills_have_295",