{
  "timestamp": "2025-08-16T13:01:59.156210+00:00",
  "window_hours": 48,
  "threshold_bps": 15.0,
  "min_sample_size": 2000,
  "overall_metrics": {
    "total_fills": 2759,
    "p95_slippage_bps": 9.173677405143765,
    "mean_slippage_bps": 4.095269366925316,
    "median_slippage_bps": 3.4351538539724578,
    "p99_slippage_bps": 18.931131570139893,
    "maker_ratio": 0.7,
    "fills_under_threshold": 2696,
    "pct_under_threshold": 0.9771656397245378,
    "gate_status": "PASS",
    "reason": "criteria_met",
    "threshold_bps": 15.0,
    "min_sample_size": 2000
  },
  "breakdown_metrics": {
    "asset_ETH-USD": {
      "total_fills": 918,
      "p95_slippage_bps": 9.560026072576218,
      "mean_slippage_bps": 4.162965225710712,
      "median_slippage_bps": 3.4691387513403473,
      "p99_slippage_bps": 19.262356749329708,
      "maker_ratio": 0.7,
      "fills_under_threshold": 896,
      "pct_under_threshold": 0.9760348583877996,
      "gate_status": "INSUFFICIENT_DATA",
      "reason": "need_2000_fills_have_918",
      "threshold_bps": 15.0,
      "min_sample_size": 2000
    },
    "asset_BTC-USD": {
      "total_fills": 897,
      "p95_slippage_bps": 8.836960473275143,
      "mean_slippage_bps": 3.998916704500957,
      "median_slippage_bps": 3.405809248681695,
      "p99_slippage_bps": 19.181449014751255,
      "maker_ratio": 0.7,
      "fills_under_threshold": 878,
      "pct_under_threshold": 0.9788182831661093,
      "gate_status": "INSUFFICIENT_DATA",
      "reason": "need_2000_fills_have_897",
      "threshold_bps": 15.0,
      "min_sample_size": 2000
    },
    "asset_NVDA": {
      "total_fills": 944,
      "p95_slippage_bps": 8.916126166250766,
      "mean_slippage_bps": 4.120993455727918,
      "median_slippage_bps": 3.4562136396627254,
      "p99_slippage_bps": 17.582853341752063,
      "maker_ratio": 0.7,
      "fills_under_threshold": 922,
      "pct_under_threshold": 0.9766949152542372,
      "gate_status": "INSUFFICIENT_DATA",
      "reason": "need_2000_fills_have_944",
      "threshold_bps": 15.0,
      "min_sample_size": 2000
    },
    "venue_alpaca": {
      "total_fills": 910,
      "p95_slippage_bps": 9.756100424845796,
      "mean_slippage_bps": 4.153270017920042,
      "median_slippage_bps": 3.5085500028651664,
      "p99_slippage_bps": 19.7506202395398,
      "maker_ratio": 0.7,
      "fills_under_threshold": 888,
      "pct_under_threshold": 0.9758241758241758,
      "gate_status": "INSUFFICIENT_DATA",
      "reason": "need_2000_fills_have_910",
      "threshold_bps": 15.0,
      "min_sample_size": 2000
    },
    "venue_coinbase": {
      "total_fills": 885,
      "p95_slippage_bps": 9.178977451527476,
      "mean_slippage_bps": 4.148927209932897,
      "median_slippage_bps": 3.4275071628716893,
      "p99_slippage_bps": 17.786815955233703,
      "maker_ratio": 0.7,
      "fills_under_threshold": 865,
      "pct_under_threshold": 0.9774011299435028,
      "gate_status": "INSUFFICIENT_DATA",
      "reason": "need_2000_fills_have_885",
      "threshold_bps": 15.0,
      "min_sample_size": 2000
    },
    "venue_binance": {
      "total_fills": 964,
      "p95_slippage_bps": 8.811651331880524,
      "mean_slippage_bps": 3.9912571434119237,
      "median_slippage_bps": 3.382679301717025,
      "p99_slippage_bps": 18.043397341910367,
      "maker_ratio": 0.7,
      "fills_under_threshold": 943,
      "pct_under_threshold": 0.9782157676348547,
      "gate_status": "INSUFFICIENT_DATA",
      "reason": "need_2000_fills_have_964",
      "threshold_bps": 15.0,
      "min_sample_size": 2000
    },
    "BTC-USD_alpaca": {
      "total_fills": 297,
      "p95_slippage_bps": 8.826748486947395,
      "mean_slippage_bps": 4.026727016213413,
      "median_slippage_bps": 3.453539515604079,
      "p99_slippage_bps": 17.74941232342868,
      "maker_ratio": 0.7,
      "fills_under_threshold": 291,
      "pct_under_threshold": 0.9797979797979798,
      "gate_status": "INSUFFICIENT_DATA",
      "reason": "need_2000_fills_have_297",
      "threshold_bps": 15.0,
      "min_sample_size": 2000
    },
    "BTC-USD_binance": {
      "total_fills": 314,
      "p95_slippage_bps": 8.112979301580504,
      "mean_slippage_bps": 3.846458558135682,
      "median_slippage_bps": 3.2244447139080874,
      "p99_slippage_bps": 18.88492070189538,
      "maker_ratio": 0.7,
      "fills_under_threshold": 307,
      "pct_under_threshold": 0.9777070063694268,
      "gate_status": "INSUFFICIENT_DATA",
      "reason": "need_2000_fills_have_314",
      "threshold_bps": 15.0,
      "min_sample_size": 2000
    },
    "BTC-USD_coinbase": {
      "total_fills": 286,
      "p95_slippage_bps": 9.079458603594235,
      "mean_slippage_bps": 4.137420884151646,
      "median_slippage_bps": 3.4514723875550826,
      "p99_slippage_bps": 20.48903656102298,
      "maker_ratio": 0.7,
      "fills_under_threshold": 280,
      "pct_under_threshold": 0.9790209790209791,
      "gate_status": "INSUFFICIENT_DATA",
      "reason": "need_2000_fills_have_286",
      "threshold_bps": 15.0,
      "min_sample_size": 2000
    },
    "ETH-USD_alpaca": {
      "total_fills": 291,
      "p95_slippage_bps": 10.140659400359272,
      "mean_slippage_bps": 4.241709620652486,
      "median_slippage_bps": 3.4509775934812383,
      "p99_slippage_bps": 20.243647209071103,
      "maker_ratio": 0.7,
      "fills_under_threshold": 283,
      "pct_under_threshold": 0.9725085910652921,
      "gate_status": "INSUFFICIENT_DATA",
      "reason": "need_2000_fills_have_291",
      "threshold_bps": 15.0,
      "min_sample_size": 2000
    },
    "ETH-USD_binance": {
      "total_fills": 314,
      "p95_slippage_bps": 9.362891089295065,
      "mean_slippage_bps": 4.230827148220209,
      "median_slippage_bps": 3.6133616000061144,
      "p99_slippage_bps": 17.273454074013785,
      "maker_ratio": 0.7,
      "fills_under_threshold": 306,
      "pct_under_threshold": 0.9745222929936306,
      "gate_status": "INSUFFICIENT_DATA",
      "reason": "need_2000_fills_have_314",
      "threshold_bps": 15.0,
      "min_sample_size": 2000
    },
    "ETH-USD_coinbase": {
      "total_fills": 313,
      "p95_slippage_bps": 9.096566911936526,
      "mean_slippage_bps": 4.021676846809631,
      "median_slippage_bps": 3.321709605691849,
      "p99_slippage_bps": 16.122057914177937,
      "maker_ratio": 0.7,
      "fills_under_threshold": 307,
      "pct_under_threshold": 0.9808306709265175,
      "gate_status": "INSUFFICIENT_DATA",
      "reason": "need_2000_fills_have_313",
      "threshold_bps": 15.0,
      "min_sample_size": 2000
    },
    "NVDA_alpaca": {
      "total_fills": 322,
      "p95_slippage_bps": 9.799139015424924,
      "mean_slippage_bps": 4.190063021372612,
      "median_slippage_bps": 3.571150016766283,
      "p99_slippage_bps": 21.14104014442073,
      "maker_ratio": 0.7,
      "fills_under_threshold": 314,
      "pct_under_threshold": 0.9751552795031055,
      "gate_status": "INSUFFICIENT_DATA",
      "reason": "need_2000_fills_have_322",
      "threshold_bps": 15.0,
      "min_sample_size": 2000
    },
    "NVDA_binance": {
      "total_fills": 336,
      "p95_slippage_bps": 8.108428265238025,
      "mean_slippage_bps": 3.9026909953968594,
      "median_slippage_bps": 3.2969993306032093,
      "p99_slippage_bps": 16.13941776571051,
      "maker_ratio": 0.7,
      "fills_under_threshold": 330,
      "pct_under_threshold": 0.9821428571428571,
      "gate_status": "INSUFFICIENT_DATA",
      "reason": "need_2000_fills_have_336",
      "threshold_bps": 15.0,
      "min_sample_size": 2000
    },
    "NVDA_coinbase": {
      "total_fills": 286,
      "p95_slippage_bps": 10.383394047379559,
      "mean_slippage_bps": 4.299697045006393,
      "median_slippage_bps": 3.5069810133587405,
      "p99_slippage_bps": 17.393354440378626,
      "maker_ratio": 0.7,
      "fills_under_threshold": 278,
      "pct_under_threshold": 0.972027972027972,
      "gate_status": "INSUFFICIENT_DATA",