{
  "timestamp": "2025-08-16T18:23:36.182919+00:00",
  "window_hours": 48,
  "threshold_bps": 15.0,
  "min_sample_size": 2000,
  "overall_metrics": {
    "total_fills": 2752,
    "p95_slippage_bps": 8.724845868275734,
    "mean_slippage_bps": 3.9166179591194457,
    "median_slippage_bps": 3.360850078310129,
    "p99_slippage_bps": 17.5169198082765,
    "maker_ratio": 0.7,
    "fills_under_threshold": 2701,
    "pct_under_threshold": 0.981468023255814,
    "gate_status": "PASS",
    "reason": "criteria_met",
    "threshold_bps": 15.0,
    "min_sample_size": 2000
  },
  "breakdown_metrics": {
    "asset_ETH-USD": {
      "total_fills": 939,
      "p95_slippage_bps": 8.8692036003066,
      "mean_slippage_bps": 3.952680999764591,
      "median_slippage_bps": 3.381922117185429,
      "p99_slippage_bps": 19.033692622517457,
      "maker_ratio": 0.7,
      "fills_under_threshold": 922,
      "pct_under_threshold": 0.9818956336528222,
      "gate_status": "INSUFFICIENT_DATA",
      "reason": "need_2000_fills_have_939",
      "threshold_bps": 15.0,
      "min_sample_size": 2000
    },
    "asset_NVDA": {
      "total_fills": 933,
      "p95_slippage_bps": 8.509046204705822,
      "mean_slippage_bps": 3.8564722033611853,
      "median_slippage_bps": 3.3006930700500323,
      "p99_slippage_bps": 17.583664535347204,
      "maker_ratio": 0.7,
      "fills_under_threshold": 913,
      "pct_under_threshold": 0.9785637727759914,
      "gate_status": "INSUFFICIENT_DATA",
      "reason": "need_2000_fills_have_933",
      "threshold_bps": 15.0,
      "min_sample_size": 2000
    },
    "asset_BTC-USD": {
      "total_fills": 880,
      "p95_slippage_bps": 8.51215366765349,
      "mean_slippage_bps": 3.9419052261156584,
      "median_slippage_bps": 3.4116524288427748,
      "p99_slippage_bps": 16.33900116613956,
      "maker_ratio": 0.7,
      "fills_under_threshold": 866,
      "pct_under_threshold": 0.9840909090909091,
      "gate_status": "INSUFFICIENT_DATA",
      "reason": "need_2000_fills_have_880",
      "threshold_bps": 15.0,
      "min_sample_size": 2000
    },
    "venue_coinbase": {
      "total_fills": 919,
      "p95_slippage_bps": 8.858060909014586,
      "mean_slippage_bps": 3.9852899907116863,
      "median_slippage_bps": 3.367412154810077,
      "p99_slippage_bps": 17.359726508444222,
      "maker_ratio": 0.7,
      "fills_under_threshold": 899,
      "pct_under_threshold": 0.9782372143634385,
      "gate_status": "INSUFFICIENT_DATA",
      "reason": "need_2000_fills_have_919",
      "threshold_bps": 15.0,
      "min_sample_size": 2000
    },
    "venue_binance": {
      "total_fills": 913,
      "p95_slippage_bps": 8.534906531835464,
      "mean_slippage_bps": 3.890656880284425,
      "median_slippage_bps": 3.3605245841702014,
      "p99_slippage_bps": 17.74856229353378,
      "maker_ratio": 0.7,
      "fills_under_threshold": 896,
      "pct_under_threshold": 0.9813800657174151,
      "gate_status": "INSUFFICIENT_DATA",
      "reason": "need_2000_fills_have_913",
      "threshold_bps": 15.0,
      "min_sample_size": 2000
    },
    "venue_alpaca": {
      "total_fills": 920,
      "p95_slippage_bps": 8.728044165119137,
      "mean_slippage_bps": 3.8737841199271705,
      "median_slippage_bps": 3.3395541318244457,
      "p99_slippage_bps": 17.22231778955157,
      "maker_ratio": 0.7,
      "fills_under_threshold": 906,
      "pct_under_threshold": 0.9847826086956522,
      "gate_status": "INSUFFICIENT_DATA",
      "reason": "need_2000_fills_have_920",
      "threshold_bps": 15.0,
      "min_sample_size": 2000
    },
    "BTC-USD_alpaca": {
      "total_fills": 286,
      "p95_slippage_bps": 8.219035889007188,
      "mean_slippage_bps": 4.004864787153821,
      "median_slippage_bps": 3.4132326154792794,
      "p99_slippage_bps": 14.776222048351018,
      "maker_ratio": 0.7,
      "fills_under_threshold": 283,
      "pct_under_threshold": 0.9895104895104895,
      "gate_status": "INSUFFICIENT_DATA",
      "reason": "need_2000_fills_have_286",
      "threshold_bps": 15.0,
      "min_sample_size": 2000
    },
    "BTC-USD_binance": {
      "total_fills": 313,
      "p95_slippage_bps": 7.76958641898296,
      "mean_slippage_bps": 3.78224849963149,
      "median_slippage_bps": 3.334415204367261,
      "p99_slippage_bps": 16.535005871494036,
      "maker_ratio": 0.7,
      "fills_under_threshold": 308,
      "pct_under_threshold": 0.9840255591054313,
      "gate_status": "INSUFFICIENT_DATA",
      "reason": "need_2000_fills_have_313",
      "threshold_bps": 15.0,
      "min_sample_size": 2000
    },
    "BTC-USD_coinbase": {
      "total_fills": 281,
      "p95_slippage_bps": 9.33634645549406,
      "mean_slippage_bps": 4.055663663598327,
      "median_slippage_bps": 3.474288029895727,
      "p99_slippage_bps": 15.80288856092494,
      "maker_ratio": 0.7,
      "fills_under_threshold": 275,
      "pct_under_threshold": 0.9786476868327402,
      "gate_status": "INSUFFICIENT_DATA",
      "reason": "need_2000_fills_have_281",
      "threshold_bps": 15.0,
      "min_sample_size": 2000
    },
    "ETH-USD_alpaca": {
      "total_fills": 329,
      "p95_slippage_bps": 8.755992978753785,
      "mean_slippage_bps": 3.769582214565163,
      "median_slippage_bps": 3.203526535797719,
      "p99_slippage_bps": 18.44422489611112,
      "maker_ratio": 0.7,
      "fills_under_threshold": 324,
      "pct_under_threshold": 0.9848024316109423,
      "gate_status": "INSUFFICIENT_DATA",
      "reason": "need_2000_fills_have_329",
      "threshold_bps": 15.0,
      "min_sample_size": 2000
    },
    "ETH-USD_binance": {
      "total_fills": 296,
      "p95_slippage_bps": 10.00745513803653,
      "mean_slippage_bps": 4.199480034187516,
      "median_slippage_bps": 3.432721132473503,
      "p99_slippage_bps": 20.399992514401294,
      "maker_ratio": 0.7,
      "fills_under_threshold": 288,
      "pct_under_threshold": 0.972972972972973,
      "gate_status": "INSUFFICIENT_DATA",
      "reason": "need_2000_fills_have_296",
      "threshold_bps": 15.0,
      "min_sample_size": 2000
    },
    "ETH-USD_coinbase": {
      "total_fills": 314,
      "p95_slippage_bps": 8.66034976597841,
      "mean_slippage_bps": 3.9118752231449294,
      "median_slippage_bps": 3.3984490940390115,
      "p99_slippage_bps": 15.392846413812041,
      "maker_ratio": 0.7,
      "fills_under_threshold": 310,
      "pct_under_threshold": 0.9872611464968153,
      "gate_status": "INSUFFICIENT_DATA",
      "reason": "need_2000_fills_have_314",
      "threshold_bps": 15.0,
      "min_sample_size": 2000
    },
    "NVDA_alpaca": {
      "total_fills": 305,
      "p95_slippage_bps": 8.536451338983724,
      "mean_slippage_bps": 3.8632705331641475,
      "median_slippage_bps": 3.3402777672169273,
      "p99_slippage_bps": 16.39240328514217,
      "maker_ratio": 0.7,
      "fills_under_threshold": 299,
      "pct_under_threshold": 0.980327868852459,
      "gate_status": "INSUFFICIENT_DATA",
      "reason": "need_2000_fills_have_305",
      "threshold_bps": 15.0,
      "min_sample_size": 2000
    },
    "NVDA_binance": {
      "total_fills": 304,
      "p95_slippage_bps": 7.838622457572734,
      "mean_slippage_bps": 3.7015784907747324,
      "median_slippage_bps": 3.2718086033257903,
      "p99_slippage_bps": 15.333190009378374,
      "maker_ratio": 0.7,
      "fills_under_threshold": 300,
      "pct_under_threshold": 0.9868421052631579,
      "gate_status": "INSUFFICIENT_DATA",
      "reason": "need_2000_fills_have_304",
      "threshold_bps": 15.0,
      "min_sample_size": 2000
    },
    "NVDA_coinbase": {
      "total_fills": 324,
      "p95_slippage_bps": 8.466175000517042,
      "mean_slippage_bps": 3.9954049133500065,
      "median_slippage_bps": 3.303984913594731,
      "p99_slippage_bps": 19.14653010688495,
      "maker_ratio": 0.7,
      "fills_under_threshold": 314,
      "pct_under_threshold": 0.9691358024691358,
      "gate_status": "INSUFFICIENT_DATA",
      "reason": "need_2000_fills_have_324",