{
  "timestamp": "2025-08-16T20:43:39.937246+00:00",
  "window_hours": 48,
  "threshold_bps": 15.0,
  "min_sample_size": 2000,
  "overall_metrics": {
    "total_fills": 2765,
    "p95_slippage_bps": 9.221902234775602,
    "mean_slippage_bps": 4.030768253401738,
    "median_slippage_bps": 3.4009528707242316,
    "p99_slippage_bps": 19.292201330953283,
    "maker_ratio": 0.7,
    "fills_under_threshold": 2708,
    "pct_under_threshold": 0.9793851717902351,
    "gate_status": "PASS",
    "reason": "criteria_met",
    "threshold_bps": 15.0,
    "min_sample_size": 2000
  },
  "breakdown_metrics": {
    "asset_ETH-USD": {
      "total_fills": 941,
      "p95_slippage_bps": 9.24319544897457,
      "mean_slippage_bps": 4.131081326335501,
      "median_slippage_bps": 3.428155416952608,
      "p99_slippage_bps": 20.863067068795193,
      "maker_ratio": 0.7,
      "fills_under_threshold": 916,
      "pct_under_threshold": 0.973432518597237,
      "gate_status": "INSUFFICIENT_DATA",
      "reason": "need_2000_fills_have_941",
      "threshold_bps": 15.0,
      "min_sample_size": 2000
    },
    "asset_BTC-USD": {
      "total_fills": 894,
      "p95_slippage_bps": 9.27083312086659,
      "mean_slippage_bps": 3.9615995604117744,
      "median_slippage_bps": 3.3994133571956695,
      "p99_slippage_bps": 19.087969824200282,
      "maker_ratio": 0.7,
      "fills_under_threshold": 878,
      "pct_under_threshold": 0.9821029082774049,
      "gate_status": "INSUFFICIENT_DATA",
      "reason": "need_2000_fills_have_894",
      "threshold_bps": 15.0,
      "min_sample_size": 2000
    },
    "asset_NVDA": {
      "total_fills": 930,
      "p95_slippage_bps": 9.034253422473364,
      "mean_slippage_bps": 3.9957598769526568,
      "median_slippage_bps": 3.3789007329845475,
      "p99_slippage_bps": 17.740167764734622,
      "maker_ratio": 0.7,
      "fills_under_threshold": 914,
      "pct_under_threshold": 0.9827956989247312,
      "gate_status": "INSUFFICIENT_DATA",
      "reason": "need_2000_fills_have_930",
      "threshold_bps": 15.0,
      "min_sample_size": 2000
    },
    "venue_alpaca": {
      "total_fills": 943,
      "p95_slippage_bps": 8.671109138770658,
      "mean_slippage_bps": 3.981131509613024,
      "median_slippage_bps": 3.429677620480648,
      "p99_slippage_bps": 19.576989584641773,
      "maker_ratio": 0.7,
      "fills_under_threshold": 928,
      "pct_under_threshold": 0.9840933191940615,
      "gate_status": "INSUFFICIENT_DATA",
      "reason": "need_2000_fills_have_943",
      "threshold_bps": 15.0,
      "min_sample_size": 2000
    },
    "venue_binance": {
      "total_fills": 953,
      "p95_slippage_bps": 9.35436058796231,
      "mean_slippage_bps": 4.121150531176294,
      "median_slippage_bps": 3.436658934829612,
      "p99_slippage_bps": 19.268283828430228,
      "maker_ratio": 0.7,
      "fills_under_threshold": 931,
      "pct_under_threshold": 0.9769150052465897,
      "gate_status": "INSUFFICIENT_DATA",
      "reason": "need_2000_fills_have_953",
      "threshold_bps": 15.0,
      "min_sample_size": 2000
    },
    "venue_coinbase": {
      "total_fills": 869,
      "p95_slippage_bps": 9.634797408815086,
      "mean_slippage_bps": 3.9855129469271735,
      "median_slippage_bps": 3.3059700665403944,
      "p99_slippage_bps": 19.052013467614017,
      "maker_ratio": 0.7,
      "fills_under_threshold": 849,
      "pct_under_threshold": 0.9769850402761795,
      "gate_status": "INSUFFICIENT_DATA",
      "reason": "need_2000_fills_have_869",
      "threshold_bps": 15.0,
      "min_sample_size": 2000
    },
    "BTC-USD_alpaca": {
      "total_fills": 305,
      "p95_slippage_bps": 8.460699542180173,
      "mean_slippage_bps": 3.7298291668210517,
      "median_slippage_bps": 3.342580036405068,
      "p99_slippage_bps": 12.694243568778731,
      "maker_ratio": 0.7,
      "fills_under_threshold": 304,
      "pct_under_threshold": 0.9967213114754099,
      "gate_status": "INSUFFICIENT_DATA",
      "reason": "need_2000_fills_have_305",
      "threshold_bps": 15.0,
      "min_sample_size": 2000
    },
    "BTC-USD_binance": {
      "total_fills": 303,
      "p95_slippage_bps": 9.382903830066654,
      "mean_slippage_bps": 4.166099805122435,
      "median_slippage_bps": 3.614089135022828,
      "p99_slippage_bps": 19.8400786295002,
      "maker_ratio": 0.7,
      "fills_under_threshold": 296,
      "pct_under_threshold": 0.976897689768977,
      "gate_status": "INSUFFICIENT_DATA",
      "reason": "need_2000_fills_have_303",
      "threshold_bps": 15.0,
      "min_sample_size": 2000
    },
    "BTC-USD_coinbase": {
      "total_fills": 286,
      "p95_slippage_bps": 9.499305835671663,
      "mean_slippage_bps": 3.9921114341804484,
      "median_slippage_bps": 3.2713925143174793,
      "p99_slippage_bps": 19.98284450182943,
      "maker_ratio": 0.7,
      "fills_under_threshold": 278,
      "pct_under_threshold": 0.972027972027972,
      "gate_status": "INSUFFICIENT_DATA",
      "reason": "need_2000_fills_have_286",
      "threshold_bps": 15.0,
      "min_sample_size": 2000
    },
    "ETH-USD_alpaca": {
      "total_fills": 325,
      "p95_slippage_bps": 9.119123030583369,
      "mean_slippage_bps": 4.251056226411155,
      "median_slippage_bps": 3.5008839757394346,
      "p99_slippage_bps": 21.25727729045219,
      "maker_ratio": 0.7,
      "fills_under_threshold": 315,
      "pct_under_threshold": 0.9692307692307692,
      "gate_status": "INSUFFICIENT_DATA",
      "reason": "need_2000_fills_have_325",
      "threshold_bps": 15.0,
      "min_sample_size": 2000
    },
    "ETH-USD_binance": {
      "total_fills": 343,
      "p95_slippage_bps": 8.841818682143465,
      "mean_slippage_bps": 4.07536297718211,
      "median_slippage_bps": 3.3235261340606037,
      "p99_slippage_bps": 18.30679937440125,
      "maker_ratio": 0.7,
      "fills_under_threshold": 335,
      "pct_under_threshold": 0.9766763848396501,
      "gate_status": "INSUFFICIENT_DATA",
      "reason": "need_2000_fills_have_343",
      "threshold_bps": 15.0,
      "min_sample_size": 2000
    },
    "ETH-USD_coinbase": {
      "total_fills": 273,
      "p95_slippage_bps": 9.826987434638012,
      "mean_slippage_bps": 4.058259169687245,
      "median_slippage_bps": 3.3866239673046366,
      "p99_slippage_bps": 18.912578836506626,
      "maker_ratio": 0.7,
      "fills_under_threshold": 266,
      "pct_under_threshold": 0.9743589743589743,
      "gate_status": "INSUFFICIENT_DATA",
      "reason": "need_2000_fills_have_273",
      "threshold_bps": 15.0,
      "min_sample_size": 2000
    },
    "NVDA_alpaca": {
      "total_fills": 313,
      "p95_slippage_bps": 8.53175509182465,
      "mean_slippage_bps": 3.9457375210895727,
      "median_slippage_bps": 3.429677620480648,
      "p99_slippage_bps": 16.73795412364426,
      "maker_ratio": 0.7,
      "fills_under_threshold": 309,
      "pct_under_threshold": 0.987220447284345,
      "gate_status": "INSUFFICIENT_DATA",
      "reason": "need_2000_fills_have_313",
      "threshold_bps": 15.0,
      "min_sample_size": 2000
    },
    "NVDA_binance": {
      "total_fills": 307,
      "p95_slippage_bps": 9.360593879161316,
      "mean_slippage_bps": 4.127943694089404,
      "median_slippage_bps": 3.404425598822278,
      "p99_slippage_bps": 18.791764401915064,
      "maker_ratio": 0.7,
      "fills_under_threshold": 300,
      "pct_under_threshold": 0.9771986970684039,
      "gate_status": "INSUFFICIENT_DATA",
      "reason": "need_2000_fills_have_307",
      "threshold_bps": 15.0,
      "min_sample_size": 2000
    },
    "NVDA_coinbase": {
      "total_fills": 310,
      "p95_slippage_bps": 8.952583316773948,
      "mean_slippage_bps": 3.915361701224154,
      "median_slippage_bps": 3.2939100018151883,
      "p99_slippage_bps": 16.986184080668327,
      "maker_ratio": 0.7,
      "fills_under_threshold": 305,
      "pct_under_threshold": 0.9838709677419355,
      "gate_status": "INSUFFICIENT_DATA",
      "reason": "need_2000_fills_have_310",