{
  "timestamp": "2025-08-16T09:03:20.002318+00:00",
  "window_hours": 48,
  "threshold_bps": 15.0,
  "min_sample_size": 2000,
  "overall_metrics": {
    "total_fills": 2771,
    "p95_slippage_bps": 8.840789155683707,
    "mean_slippage_bps": 3.9450250163158644,
    "median_slippage_bps": 3.330383250511452,
    "p99_slippage_bps": 18.77023923084643,
    "maker_ratio": 0.7,
    "fills_under_threshold": 2711,
    "pct_under_threshold": 0.978347167087694,
    "gate_status": "PASS",
    "reason": "criteria_met",
    "threshold_bps": 15.0,
    "min_sample_size": 2000
  },
  "breakdown_metrics": {
    "asset_BTC-USD": {
      "total_fills": 911,
      "p95_slippage_bps": 8.690753193545714,
      "mean_slippage_bps": 3.8958693011812757,
      "median_slippage_bps": 3.2797759298080136,
      "p99_slippage_bps": 18.412688518236028,
      "maker_ratio": 0.7,
      "fills_under_threshold": 892,
      "pct_under_threshold": 0.9791437980241493,
      "gate_status": "INSUFFICIENT_DATA",
      "reason": "need_2000_fills_have_911",
      "threshold_bps": 15.0,
      "min_sample_size": 2000
    },
    "asset_NVDA": {
      "total_fills": 920,
      "p95_slippage_bps": 9.42774431921822,
      "mean_slippage_bps": 4.004130285040789,
      "median_slippage_bps": 3.3696675956916664,
      "p99_slippage_bps": 19.018957926799715,
      "maker_ratio": 0.7,
      "fills_under_threshold": 899,
      "pct_under_threshold": 0.9771739130434782,
      "gate_status": "INSUFFICIENT_DATA",
      "reason": "need_2000_fills_have_920",
      "threshold_bps": 15.0,
      "min_sample_size": 2000
    },
    "asset_ETH-USD": {
      "total_fills": 940,
      "p95_slippage_bps": 8.450157482150011,
      "mean_slippage_bps": 3.934816515529357,
      "median_slippage_bps": 3.3417449722623944,
      "p99_slippage_bps": 18.952255031348056,
      "maker_ratio": 0.7,
      "fills_under_threshold": 920,
      "pct_under_threshold": 0.9787234042553191,
      "gate_status": "INSUFFICIENT_DATA",
      "reason": "need_2000_fills_have_940",
      "threshold_bps": 15.0,
      "min_sample_size": 2000
    },
    "venue_binance": {
      "total_fills": 912,
      "p95_slippage_bps": 8.556812093575491,
      "mean_slippage_bps": 3.8646927867354957,
      "median_slippage_bps": 3.3098169320676956,
      "p99_slippage_bps": 18.307893560027704,
      "maker_ratio": 0.7,
      "fills_under_threshold": 894,
      "pct_under_threshold": 0.9802631578947368,
      "gate_status": "INSUFFICIENT_DATA",
      "reason": "need_2000_fills_have_912",
      "threshold_bps": 15.0,
      "min_sample_size": 2000
    },
    "venue_coinbase": {
      "total_fills": 895,
      "p95_slippage_bps": 8.912982556313645,
      "mean_slippage_bps": 4.021500053474023,
      "median_slippage_bps": 3.4192715371539713,
      "p99_slippage_bps": 18.44315814064626,
      "maker_ratio": 0.7,
      "fills_under_threshold": 876,
      "pct_under_threshold": 0.9787709497206704,
      "gate_status": "INSUFFICIENT_DATA",
      "reason": "need_2000_fills_have_895",
      "threshold_bps": 15.0,
      "min_sample_size": 2000
    },
    "venue_alpaca": {
      "total_fills": 964,
      "p95_slippage_bps": 9.300722375983485,
      "mean_slippage_bps": 3.9500227705904982,
      "median_slippage_bps": 3.2793531418898842,
      "p99_slippage_bps": 19.88289709877443,
      "maker_ratio": 0.7,
      "fills_under_threshold": 941,
      "pct_under_threshold": 0.9761410788381742,
      "gate_status": "INSUFFICIENT_DATA",
      "reason": "need_2000_fills_have_964",
      "threshold_bps": 15.0,
      "min_sample_size": 2000
    },
    "BTC-USD_alpaca": {
      "total_fills": 324,
      "p95_slippage_bps": 8.209617716092371,
      "mean_slippage_bps": 3.668287665582938,
      "median_slippage_bps": 3.2197031744888127,
      "p99_slippage_bps": 13.882199839288951,
      "maker_ratio": 0.7,
      "fills_under_threshold": 321,
      "pct_under_threshold": 0.9907407407407407,
      "gate_status": "INSUFFICIENT_DATA",
      "reason": "need_2000_fills_have_324",
      "threshold_bps": 15.0,
      "min_sample_size": 2000
    },
    "BTC-USD_binance": {
      "total_fills": 307,
      "p95_slippage_bps": 9.100983997100172,
      "mean_slippage_bps": 4.084617577070707,
      "median_slippage_bps": 3.3502490102520333,
      "p99_slippage_bps": 18.734449475238794,
      "maker_ratio": 0.7,
      "fills_under_threshold": 297,
      "pct_under_threshold": 0.9674267100977199,
      "gate_status": "INSUFFICIENT_DATA",
      "reason": "need_2000_fills_have_307",
      "threshold_bps": 15.0,
      "min_sample_size": 2000
    },
    "BTC-USD_coinbase": {
      "total_fills": 280,
      "p95_slippage_bps": 7.762655527024164,
      "mean_slippage_bps": 3.9522647627377245,
      "median_slippage_bps": 3.379863832281239,
      "p99_slippage_bps": 18.71709520955669,
      "maker_ratio": 0.7,
      "fills_under_threshold": 274,
      "pct_under_threshold": 0.9785714285714285,
      "gate_status": "INSUFFICIENT_DATA",
      "reason": "need_2000_fills_have_280",
      "threshold_bps": 15.0,
      "min_sample_size": 2000
    },
    "ETH-USD_alpaca": {
      "total_fills": 326,
      "p95_slippage_bps": 8.81003506616969,
      "mean_slippage_bps": 4.123356491871463,
      "median_slippage_bps": 3.477453782513476,
      "p99_slippage_bps": 22.0011918886259,
      "maker_ratio": 0.7,
      "fills_under_threshold": 316,
      "pct_under_threshold": 0.9693251533742331,
      "gate_status": "INSUFFICIENT_DATA",
      "reason": "need_2000_fills_have_326",
      "threshold_bps": 15.0,
      "min_sample_size": 2000
    },
    "ETH-USD_binance": {
      "total_fills": 282,
      "p95_slippage_bps": 7.668813824074018,
      "mean_slippage_bps": 3.6831977983719972,
      "median_slippage_bps": 3.2919550902189254,
      "p99_slippage_bps": 16.521849851104285,
      "maker_ratio": 0.7,
      "fills_under_threshold": 278,
      "pct_under_threshold": 0.9858156028368794,
      "gate_status": "INSUFFICIENT_DATA",
      "reason": "need_2000_fills_have_282",
      "threshold_bps": 15.0,
      "min_sample_size": 2000
    },
    "ETH-USD_coinbase": {
      "total_fills": 332,
      "p95_slippage_bps": 8.830282224727164,
      "mean_slippage_bps": 3.963408220200589,
      "median_slippage_bps": 3.3310305254177104,
      "p99_slippage_bps": 17.108710286506966,
      "maker_ratio": 0.7,
      "fills_under_threshold": 326,
      "pct_under_threshold": 0.9819277108433735,
      "gate_status": "INSUFFICIENT_DATA",
      "reason": "need_2000_fills_have_332",
      "threshold_bps": 15.0,
      "min_sample_size": 2000
    },
    "NVDA_alpaca": {
      "total_fills": 314,
      "p95_slippage_bps": 10.031357670091463,
      "mean_slippage_bps": 4.060772391242903,
      "median_slippage_bps": 3.2602299571690776,
      "p99_slippage_bps": 20.816813388528914,
      "maker_ratio": 0.7,
      "fills_under_threshold": 304,
      "pct_under_threshold": 0.9681528662420382,
      "gate_status": "INSUFFICIENT_DATA",
      "reason": "need_2000_fills_have_314",
      "threshold_bps": 15.0,
      "min_sample_size": 2000
    },
    "NVDA_binance": {
      "total_fills": 323,
      "p95_slippage_bps": 8.356334674255473,
      "mean_slippage_bps": 3.81411902848657,
      "median_slippage_bps": 3.343628063915099,
      "p99_slippage_bps": 14.398832580106532,
      "maker_ratio": 0.7,
      "fills_under_threshold": 319,
      "pct_under_threshold": 0.9876160990712074,
      "gate_status": "INSUFFICIENT_DATA",
      "reason": "need_2000_fills_have_323",
      "threshold_bps": 15.0,
      "min_sample_size": 2000
    },
    "NVDA_coinbase": {
      "total_fills": 283,
      "p95_slippage_bps": 10.317260329284,
      "mean_slippage_bps": 4.158151537760043,
      "median_slippage_bps": 3.5766402112086557,
      "p99_slippage_bps": 18.0832223786637,
      "maker_ratio": 0.7,
      "fills_under_threshold": 276,
      "pct_under_threshold": 0.9752650176678446,
      "gate_status": "INSUFFICIENT_DATA",
      "reason": "need_2000_fills_have_283",