{
  "timestamp": "2025-08-16T05:04:42.057272+00:00",
  "window_hours": 48,
  "threshold_bps": 15.0,
  "min_sample_size": 2000,
  "overall_metrics": {
    "total_fills": 2598,
    "p95_slippage_bps": 8.876634862324332,
    "mean_slippage_bps": 3.8862787548141884,
    "median_slippage_bps": 3.3020476326029176,
    "p99_slippage_bps": 17.868709866651077,
    "maker_ratio": 0.7,
    "fills_under_threshold": 2555,
    "pct_under_threshold": 0.9834488067744419,
    "gate_status": "PASS",
    "reason": "criteria_met",
    "threshold_bps": 15.0,
    "min_sample_size": 2000
  },
  "breakdown_metrics": {
    "asset_ETH-USD": {
      "total_fills": 843,
      "p95_slippage_bps": 8.51790947911751,
      "mean_slippage_bps": 3.8486999160661846,
      "median_slippage_bps": 3.276626104932304,
      "p99_slippage_bps": 17.17729134079647,
      "maker_ratio": 0.7,
      "fills_under_threshold": 828,
      "pct_under_threshold": 0.9822064056939501,
      "gate_status": "INSUFFICIENT_DATA",
      "reason": "need_2000_fills_have_843",
      "threshold_bps": 15.0,
      "min_sample_size": 2000
    },
    "asset_NVDA": {
      "total_fills": 871,
      "p95_slippage_bps": 8.914060074153511,
      "mean_slippage_bps": 3.931259976096932,
      "median_slippage_bps": 3.260618528441901,
      "p99_slippage_bps": 18.83024334868925,
      "maker_ratio": 0.7,
      "fills_under_threshold": 854,
      "pct_under_threshold": 0.9804822043628014,
      "gate_status": "INSUFFICIENT_DATA",
      "reason": "need_2000_fills_have_871",
      "threshold_bps": 15.0,
      "min_sample_size": 2000
    },
    "asset_BTC-USD": {
      "total_fills": 884,
      "p95_slippage_bps": 9.073569950396557,
      "mean_slippage_bps": 3.877794950885791,
      "median_slippage_bps": 3.3736231821059315,
      "p99_slippage_bps": 16.341309841499466,
      "maker_ratio": 0.7,
      "fills_under_threshold": 873,
      "pct_under_threshold": 0.9875565610859729,
      "gate_status": "INSUFFICIENT_DATA",
      "reason": "need_2000_fills_have_884",
      "threshold_bps": 15.0,
      "min_sample_size": 2000
    },
    "venue_coinbase": {
      "total_fills": 887,
      "p95_slippage_bps": 8.566629584743774,
      "mean_slippage_bps": 3.8168094934981913,
      "median_slippage_bps": 3.3406631821759616,
      "p99_slippage_bps": 16.33186071729182,
      "maker_ratio": 0.7,
      "fills_under_threshold": 876,
      "pct_under_threshold": 0.9875986471251409,
      "gate_status": "INSUFFICIENT_DATA",
      "reason": "need_2000_fills_have_887",
      "threshold_bps": 15.0,
      "min_sample_size": 2000
    },
    "venue_alpaca": {
      "total_fills": 846,
      "p95_slippage_bps": 9.802037410931614,
      "mean_slippage_bps": 4.011170965354471,
      "median_slippage_bps": 3.28226933451373,
      "p99_slippage_bps": 20.152756091141363,
      "maker_ratio": 0.7,
      "fills_under_threshold": 828,
      "pct_under_threshold": 0.9787234042553191,
      "gate_status": "INSUFFICIENT_DATA",
      "reason": "need_2000_fills_have_846",
      "threshold_bps": 15.0,
      "min_sample_size": 2000
    },
    "venue_binance": {
      "total_fills": 865,
      "p95_slippage_bps": 8.344257940500007,
      "mean_slippage_bps": 3.83536595096472,
      "median_slippage_bps": 3.2787944610490207,
      "p99_slippage_bps": 20.274679211973776,
      "maker_ratio": 0.7,
      "fills_under_threshold": 851,
      "pct_under_threshold": 0.9838150289017341,
      "gate_status": "INSUFFICIENT_DATA",
      "reason": "need_2000_fills_have_865",
      "threshold_bps": 15.0,
      "min_sample_size": 2000
    },
    "BTC-USD_alpaca": {
      "total_fills": 272,
      "p95_slippage_bps": 10.137109536668175,
      "mean_slippage_bps": 4.090643664436755,
      "median_slippage_bps": 3.4899443220581876,
      "p99_slippage_bps": 18.006852903429277,
      "maker_ratio": 0.7,
      "fills_under_threshold": 267,
      "pct_under_threshold": 0.9816176470588235,
      "gate_status": "INSUFFICIENT_DATA",
      "reason": "need_2000_fills_have_272",
      "threshold_bps": 15.0,
      "min_sample_size": 2000
    },
    "BTC-USD_binance": {
      "total_fills": 300,
      "p95_slippage_bps": 8.248681029607555,
      "mean_slippage_bps": 3.717393216596318,
      "median_slippage_bps": 3.1686004243120416,
      "p99_slippage_bps": 13.94631944927779,
      "maker_ratio": 0.7,
      "fills_under_threshold": 298,
      "pct_under_threshold": 0.9933333333333333,
      "gate_status": "INSUFFICIENT_DATA",
      "reason": "need_2000_fills_have_300",
      "threshold_bps": 15.0,
      "min_sample_size": 2000
    },
    "BTC-USD_coinbase": {
      "total_fills": 312,
      "p95_slippage_bps": 9.178324326164953,
      "mean_slippage_bps": 3.8464669707607264,
      "median_slippage_bps": 3.36210004637543,
      "p99_slippage_bps": 14.715044111421413,
      "maker_ratio": 0.7,
      "fills_under_threshold": 308,
      "pct_under_threshold": 0.9871794871794872,
      "gate_status": "INSUFFICIENT_DATA",
      "reason": "need_2000_fills_have_312",
      "threshold_bps": 15.0,
      "min_sample_size": 2000
    },
    "ETH-USD_alpaca": {
      "total_fills": 270,
      "p95_slippage_bps": 8.932977583331297,
      "mean_slippage_bps": 3.927597946883411,
      "median_slippage_bps": 3.2843582538577403,
      "p99_slippage_bps": 18.15099975576137,
      "maker_ratio": 0.7,
      "fills_under_threshold": 265,
      "pct_under_threshold": 0.9814814814814815,
      "gate_status": "INSUFFICIENT_DATA",
      "reason": "need_2000_fills_have_270",
      "threshold_bps": 15.0,
      "min_sample_size": 2000
    },
    "ETH-USD_binance": {
      "total_fills": 289,
      "p95_slippage_bps": 8.314571298235421,
      "mean_slippage_bps": 3.79673132127844,
      "median_slippage_bps": 3.2762574757947345,
      "p99_slippage_bps": 20.48662313760749,
      "maker_ratio": 0.7,
      "fills_under_threshold": 283,
      "pct_under_threshold": 0.9792387543252595,
      "gate_status": "INSUFFICIENT_DATA",
      "reason": "need_2000_fills_have_289",
      "threshold_bps": 15.0,
      "min_sample_size": 2000
    },
    "ETH-USD_coinbase": {
      "total_fills": 284,
      "p95_slippage_bps": 7.450459130900183,
      "mean_slippage_bps": 3.826574759633111,
      "median_slippage_bps": 3.3028898342794397,
      "p99_slippage_bps": 16.570964184457587,
      "maker_ratio": 0.7,
      "fills_under_threshold": 280,
      "pct_under_threshold": 0.9859154929577465,
      "gate_status": "INSUFFICIENT_DATA",
      "reason": "need_2000_fills_have_284",
      "threshold_bps": 15.0,
      "min_sample_size": 2000
    },
    "NVDA_alpaca": {
      "total_fills": 304,
      "p95_slippage_bps": 10.387399742801074,
      "mean_slippage_bps": 4.014289849686065,
      "median_slippage_bps": 3.0538976572826586,
      "p99_slippage_bps": 20.220299449439214,
      "maker_ratio": 0.7,
      "fills_under_threshold": 296,
      "pct_under_threshold": 0.9736842105263158,
      "gate_status": "INSUFFICIENT_DATA",
      "reason": "need_2000_fills_have_304",
      "threshold_bps": 15.0,
      "min_sample_size": 2000
    },
    "NVDA_binance": {
      "total_fills": 276,
      "p95_slippage_bps": 8.729370515589794,
      "mean_slippage_bps": 4.004051560710574,
      "median_slippage_bps": 3.4771953829427766,
      "p99_slippage_bps": 22.69200771621395,
      "maker_ratio": 0.7,
      "fills_under_threshold": 270,
      "pct_under_threshold": 0.9782608695652174,
      "gate_status": "INSUFFICIENT_DATA",
      "reason": "need_2000_fills_have_276",
      "threshold_bps": 15.0,
      "min_sample_size": 2000
    },
    "NVDA_coinbase": {
      "total_fills": 291,
      "p95_slippage_bps": 8.20676433463945,
      "mean_slippage_bps": 3.7754814230919087,
      "median_slippage_bps": 3.3406631821759616,
      "p99_slippage_bps": 13.534225007405936,
      "maker_ratio": 0.7,
      "fills_under_threshold": 288,
      "pct_under_threshold": 0.9896907216494846,
      "gate_status": "INSUFFICIENT_DATA",
      "reason": "need_2000_fills_have_291",