{
  "timestamp": "2025-08-16T10:47:07.931103+00:00",
  "window_hours": 48,
  "threshold_bps": 15.0,
  "min_sample_size": 2000,
  "overall_metrics": {
    "total_fills": 2757,
    "p95_slippage_bps": 8.745123123564767,
    "mean_slippage_bps": 3.937350450744256,
    "median_slippage_bps": 3.403777294375993,
    "p99_slippage_bps": 17.8572937229516,
    "maker_ratio": 0.7,
    "fills_under_threshold": 2709,
    "pct_under_threshold": 0.9825897714907508,
    "gate_status": "PASS",
    "reason": "criteria_met",
    "threshold_bps": 15.0,
    "min_sample_size": 2000
  },
  "breakdown_metrics": {
    "asset_BTC-USD": {
      "total_fills": 905,
      "p95_slippage_bps": 8.537005649334565,
      "mean_slippage_bps": 3.8558414043807074,
      "median_slippage_bps": 3.3560587864264844,
      "p99_slippage_bps": 17.545826557328038,
      "maker_ratio": 0.7,
      "fills_under_threshold": 891,
      "pct_under_threshold": 0.9845303867403314,
      "gate_status": "INSUFFICIENT_DATA",
      "reason": "need_2000_fills_have_905",
      "threshold_bps": 15.0,
      "min_sample_size": 2000
    },
    "asset_ETH-USD": {
      "total_fills": 904,
      "p95_slippage_bps": 8.725382377855842,
      "mean_slippage_bps": 3.926536058565329,
      "median_slippage_bps": 3.4229720587152865,
      "p99_slippage_bps": 16.472258302512227,
      "maker_ratio": 0.7,
      "fills_under_threshold": 892,
      "pct_under_threshold": 0.9867256637168141,
      "gate_status": "INSUFFICIENT_DATA",
      "reason": "need_2000_fills_have_904",
      "threshold_bps": 15.0,
      "min_sample_size": 2000
    },
    "asset_NVDA": {
      "total_fills": 948,
      "p95_slippage_bps": 8.941231307750561,
      "mean_slippage_bps": 4.025474815183878,
      "median_slippage_bps": 3.4148881383719836,
      "p99_slippage_bps": 19.22963650700876,
      "maker_ratio": 0.7,
      "fills_under_threshold": 926,
      "pct_under_threshold": 0.9767932489451476,
      "gate_status": "INSUFFICIENT_DATA",
      "reason": "need_2000_fills_have_948",
      "threshold_bps": 15.0,
      "min_sample_size": 2000
    },
    "venue_binance": {
      "total_fills": 910,
      "p95_slippage_bps": 9.044588270276778,
      "mean_slippage_bps": 3.923658445816685,
      "median_slippage_bps": 3.365407459818222,
      "p99_slippage_bps": 17.5359036611519,
      "maker_ratio": 0.7,
      "fills_under_threshold": 893,
      "pct_under_threshold": 0.9813186813186813,
      "gate_status": "INSUFFICIENT_DATA",
      "reason": "need_2000_fills_have_910",
      "threshold_bps": 15.0,
      "min_sample_size": 2000
    },
    "venue_coinbase": {
      "total_fills": 967,
      "p95_slippage_bps": 8.449504650728942,
      "mean_slippage_bps": 3.8875941456385004,
      "median_slippage_bps": 3.4134165343316614,
      "p99_slippage_bps": 17.528726408747318,
      "maker_ratio": 0.7,
      "fills_under_threshold": 954,
      "pct_under_threshold": 0.9865563598759048,
      "gate_status": "INSUFFICIENT_DATA",
      "reason": "need_2000_fills_have_967",
      "threshold_bps": 15.0,
      "min_sample_size": 2000
    },
    "venue_alpaca": {
      "total_fills": 880,
      "p95_slippage_bps": 8.873482045451219,
      "mean_slippage_bps": 4.006184622927615,
      "median_slippage_bps": 3.41910727859491,
      "p99_slippage_bps": 17.98827188308435,
      "maker_ratio": 0.7,
      "fills_under_threshold": 862,
      "pct_under_threshold": 0.9795454545454545,
      "gate_status": "INSUFFICIENT_DATA",
      "reason": "need_2000_fills_have_880",
      "threshold_bps": 15.0,
      "min_sample_size": 2000
    },
    "BTC-USD_alpaca": {
      "total_fills": 287,
      "p95_slippage_bps": 8.958179929455122,
      "mean_slippage_bps": 4.018089897294177,
      "median_slippage_bps": 3.4792025593911418,
      "p99_slippage_bps": 17.59036659873643,
      "maker_ratio": 0.7,
      "fills_under_threshold": 281,
      "pct_under_threshold": 0.9790940766550522,
      "gate_status": "INSUFFICIENT_DATA",
      "reason": "need_2000_fills_have_287",
      "threshold_bps": 15.0,
      "min_sample_size": 2000
    },
    "BTC-USD_binance": {
      "total_fills": 313,
      "p95_slippage_bps": 8.199573878163827,
      "mean_slippage_bps": 3.753345100078802,
      "median_slippage_bps": 3.334447908820195,
      "p99_slippage_bps": 17.575124074312633,
      "maker_ratio": 0.7,
      "fills_under_threshold": 309,
      "pct_under_threshold": 0.987220447284345,
      "gate_status": "INSUFFICIENT_DATA",
      "reason": "need_2000_fills_have_313",
      "threshold_bps": 15.0,
      "min_sample_size": 2000
    },
    "BTC-USD_coinbase": {
      "total_fills": 305,
      "p95_slippage_bps": 8.537005649334567,
      "mean_slippage_bps": 3.8083529643162173,
      "median_slippage_bps": 3.30972186743434,
      "p99_slippage_bps": 16.84520550469338,
      "maker_ratio": 0.7,
      "fills_under_threshold": 301,
      "pct_under_threshold": 0.9868852459016394,
      "gate_status": "INSUFFICIENT_DATA",
      "reason": "need_2000_fills_have_305",
      "threshold_bps": 15.0,
      "min_sample_size": 2000
    },
    "ETH-USD_alpaca": {
      "total_fills": 287,
      "p95_slippage_bps": 8.05433986368664,
      "mean_slippage_bps": 3.777969362609254,
      "median_slippage_bps": 3.317758240700119,
      "p99_slippage_bps": 13.327432676905268,
      "maker_ratio": 0.7,
      "fills_under_threshold": 284,
      "pct_under_threshold": 0.9895470383275261,
      "gate_status": "INSUFFICIENT_DATA",
      "reason": "need_2000_fills_have_287",
      "threshold_bps": 15.0,
      "min_sample_size": 2000
    },
    "ETH-USD_binance": {
      "total_fills": 289,
      "p95_slippage_bps": 9.06675540162902,
      "mean_slippage_bps": 4.0315497868213495,
      "median_slippage_bps": 3.3974461913228926,
      "p99_slippage_bps": 17.579204999189052,
      "maker_ratio": 0.7,
      "fills_under_threshold": 283,
      "pct_under_threshold": 0.9792387543252595,
      "gate_status": "INSUFFICIENT_DATA",
      "reason": "need_2000_fills_have_289",
      "threshold_bps": 15.0,
      "min_sample_size": 2000
    },
    "ETH-USD_coinbase": {
      "total_fills": 328,
      "p95_slippage_bps": 8.83788166411125,
      "mean_slippage_bps": 3.9640045776915604,
      "median_slippage_bps": 3.5611722145485127,
      "p99_slippage_bps": 13.31260478608544,
      "maker_ratio": 0.7,
      "fills_under_threshold": 325,
      "pct_under_threshold": 0.9908536585365854,
      "gate_status": "INSUFFICIENT_DATA",
      "reason": "need_2000_fills_have_328",
      "threshold_bps": 15.0,
      "min_sample_size": 2000
    },
    "NVDA_alpaca": {
      "total_fills": 306,
      "p95_slippage_bps": 9.42533099553636,
      "mean_slippage_bps": 4.2090635966797905,
      "median_slippage_bps": 3.557077024706683,
      "p99_slippage_bps": 20.334154081476456,
      "maker_ratio": 0.7,
      "fills_under_threshold": 297,
      "pct_under_threshold": 0.9705882352941176,
      "gate_status": "INSUFFICIENT_DATA",
      "reason": "need_2000_fills_have_306",
      "threshold_bps": 15.0,
      "min_sample_size": 2000
    },
    "NVDA_binance": {
      "total_fills": 308,
      "p95_slippage_bps": 9.293413989039879,
      "mean_slippage_bps": 3.9955009122634686,
      "median_slippage_bps": 3.3569034230483563,
      "p99_slippage_bps": 17.17778314624589,
      "maker_ratio": 0.7,
      "fills_under_threshold": 301,
      "pct_under_threshold": 0.9772727272727273,
      "gate_status": "INSUFFICIENT_DATA",
      "reason": "need_2000_fills_have_308",
      "threshold_bps": 15.0,
      "min_sample_size": 2000
    },
    "NVDA_coinbase": {
      "total_fills": 334,
      "p95_slippage_bps": 8.031264003564148,
      "mean_slippage_bps": 3.884917315069317,
      "median_slippage_bps": 3.3679578904928062,
      "p99_slippage_bps": 19.237028144337938,
      "maker_ratio": 0.7,
      "fills_under_threshold": 328,
      "pct_under_threshold": 0.9820359281437125,
      "gate_status": "INSUFFICIENT_DATA",
      "reason": "need_2000_fills_have_334",