{
  "timestamp": "2025-08-15T08:27:25.374186+00:00",
  "window_hours": 48,
  "threshold_bps": 15.0,
  "min_sample_size": 2000,
  "overall_metrics": {
    "total_fills": 3000,
    "p95_slippage_bps": 38.37730461813858,
    "mean_slippage_bps": 16.47790446712986,
    "median_slippage_bps": 13.645836961301061,
    "p99_slippage_bps": 64.99823585427572,
    "maker_ratio": 0.701,
    "fills_under_threshold": 1639,
    "pct_under_threshold": 0.5463333333333333,
    "gate_status": "FAIL",
    "reason": "p95_38.4bp_exceeds_15.0bp",
    "threshold_bps": 15.0,
    "min_sample_size": 2000
  },
  "breakdown_metrics": {
    "asset_BTC-USD": {
      "total_fills": 723,
      "p95_slippage_bps": 33.79288192119551,
      "mean_slippage_bps": 15.56041921960504,
      "median_slippage_bps": 12.838322061808537,
      "p99_slippage_bps": 54.034936320452886,
      "maker_ratio": 0.710926694329184,
      "fills_under_threshold": 405,
      "pct_under_threshold": 0.5601659751037344,
      "gate_status": "INSUFFICIENT_DATA",
      "reason": "need_2000_fills_have_723",
      "threshold_bps": 15.0,
      "min_sample_size": 2000
    },
    "asset_NVDA": {
      "total_fills": 776,
      "p95_slippage_bps": 37.069853597607576,
      "mean_slippage_bps": 16.152451647816914,
      "median_slippage_bps": 13.615392928344807,
      "p99_slippage_bps": 64.49575854831477,
      "maker_ratio": 0.7164948453608248,
      "fills_under_threshold": 430,
      "pct_under_threshold": 0.5541237113402062,
      "gate_status": "INSUFFICIENT_DATA",
      "reason": "need_2000_fills_have_776",
      "threshold_bps": 15.0,
      "min_sample_size": 2000
    },
    "asset_ETH-USD": {
      "total_fills": 725,
      "p95_slippage_bps": 38.27679974558971,
      "mean_slippage_bps": 16.681683112921057,
      "median_slippage_bps": 14.077179586140138,
      "p99_slippage_bps": 62.911133990389615,
      "maker_ratio": 0.68,
      "fills_under_threshold": 389,
      "pct_under_threshold": 0.5365517241379311,
      "gate_status": "INSUFFICIENT_DATA",
      "reason": "need_2000_fills_have_725",
      "threshold_bps": 15.0,
      "min_sample_size": 2000
    },
    "asset_SOL-USD": {
      "total_fills": 776,
      "p95_slippage_bps": 45.24418776303129,
      "mean_slippage_bps": 17.467793260362676,
      "median_slippage_bps": 13.966506120923572,
      "p99_slippage_bps": 74.79807453368004,
      "maker_ratio": 0.6958762886597938,
      "fills_under_threshold": 415,
      "pct_under_threshold": 0.5347938144329897,
      "gate_status": "INSUFFICIENT_DATA",
      "reason": "need_2000_fills_have_776",
      "threshold_bps": 15.0,
      "min_sample_size": 2000
    },
    "venue_binance": {
      "total_fills": 764,
      "p95_slippage_bps": 35.75161857745404,
      "mean_slippage_bps": 16.365083739594162,
      "median_slippage_bps": 13.727076527761941,
      "p99_slippage_bps": 60.62051924221648,
      "maker_ratio": 0.7068062827225131,
      "fills_under_threshold": 414,
      "pct_under_threshold": 0.5418848167539267,
      "gate_status": "INSUFFICIENT_DATA",
      "reason": "need_2000_fills_have_764",
      "threshold_bps": 15.0,
      "min_sample_size": 2000
    },
    "venue_alpaca": {
      "total_fills": 1139,
      "p95_slippage_bps": 39.152843314696895,
      "mean_slippage_bps": 16.663793199826976,
      "median_slippage_bps": 13.580193331278778,
      "p99_slippage_bps": 76.28578904105372,
      "maker_ratio": 0.6918349429323969,
      "fills_under_threshold": 637,
      "pct_under_threshold": 0.559262510974539,
      "gate_status": "INSUFFICIENT_DATA",
      "reason": "need_2000_fills_have_1139",
      "threshold_bps": 15.0,
      "min_sample_size": 2000
    },
    "venue_coinbase": {
      "total_fills": 1097,
      "p95_slippage_bps": 39.187393205145426,
      "mean_slippage_bps": 16.363472169313315,
      "median_slippage_bps": 13.65407162625637,
      "p99_slippage_bps": 63.55056600728697,
      "maker_ratio": 0.7064721969006381,
      "fills_under_threshold": 588,
      "pct_under_threshold": 0.536007292616226,
      "gate_status": "INSUFFICIENT_DATA",
      "reason": "need_2000_fills_have_1097",
      "threshold_bps": 15.0,
      "min_sample_size": 2000
    },
    "BTC-USD_alpaca": {
      "total_fills": 224,
      "p95_slippage_bps": 33.94165583521813,
      "mean_slippage_bps": 15.922683971956605,
      "median_slippage_bps": 14.16232483306992,
      "p99_slippage_bps": 53.751907934639085,
      "maker_ratio": 0.6785714285714286,
      "fills_under_threshold": 117,
      "pct_under_threshold": 0.5223214285714286,
      "gate_status": "INSUFFICIENT_DATA",
      "reason": "need_2000_fills_have_224",
      "threshold_bps": 15.0,
      "min_sample_size": 2000
    },
    "BTC-USD_binance": {
      "total_fills": 258,
      "p95_slippage_bps": 32.692823161370626,
      "mean_slippage_bps": 14.64918857836541,
      "median_slippage_bps": 11.654167936694877,
      "p99_slippage_bps": 45.96460214980206,
      "maker_ratio": 0.7325581395348837,
      "fills_under_threshold": 157,
      "pct_under_threshold": 0.6085271317829457,
      "gate_status": "INSUFFICIENT_DATA",
      "reason": "need_2000_fills_have_258",
      "threshold_bps": 15.0,
      "min_sample_size": 2000
    },
    "BTC-USD_coinbase": {
      "total_fills": 241,
      "p95_slippage_bps": 35.62461282046832,
      "mean_slippage_bps": 16.19921673376717,
      "median_slippage_bps": 13.395816633557224,
      "p99_slippage_bps": 64.4078157197758,
      "maker_ratio": 0.7178423236514523,
      "fills_under_threshold": 131,
      "pct_under_threshold": 0.5435684647302904,
      "gate_status": "INSUFFICIENT_DATA",
      "reason": "need_2000_fills_have_241",
      "threshold_bps": 15.0,
      "min_sample_size": 2000
    },
    "ETH-USD_alpaca": {
      "total_fills": 255,
      "p95_slippage_bps": 43.570604544329164,
      "mean_slippage_bps": 17.909411068214133,
      "median_slippage_bps": 14.736744485021614,
      "p99_slippage_bps": 71.5562720884057,
      "maker_ratio": 0.6588235294117647,
      "fills_under_threshold": 131,
      "pct_under_threshold": 0.5137254901960784,
      "gate_status": "INSUFFICIENT_DATA",
      "reason": "need_2000_fills_have_255",
      "threshold_bps": 15.0,
      "min_sample_size": 2000
    },
    "ETH-USD_binance": {
      "total_fills": 253,
      "p95_slippage_bps": 33.174326914199796,
      "mean_slippage_bps": 16.62935567194028,
      "median_slippage_bps": 14.793808105144816,
      "p99_slippage_bps": 61.04186709803891,
      "maker_ratio": 0.6956521739130435,
      "fills_under_threshold": 128,
      "pct_under_threshold": 0.5059288537549407,
      "gate_status": "INSUFFICIENT_DATA",
      "reason": "need_2000_fills_have_253",
      "threshold_bps": 15.0,
      "min_sample_size": 2000
    },
    "ETH-USD_coinbase": {
      "total_fills": 217,
      "p95_slippage_bps": 34.84261164514943,
      "mean_slippage_bps": 15.299969813236274,
      "median_slippage_bps": 12.584396163904316,
      "p99_slippage_bps": 52.48959734376831,
      "maker_ratio": 0.6866359447004609,
      "fills_under_threshold": 130,
      "pct_under_threshold": 0.5990783410138248,
      "gate_status": "INSUFFICIENT_DATA",
      "reason": "need_2000_fills_have_217",
      "threshold_bps": 15.0,
      "min_sample_size": 2000
    },
    "NVDA_alpaca": {
      "total_fills": 395,
      "p95_slippage_bps": 32.1753188067641,
      "mean_slippage_bps": 15.288201275241759,
      "median_slippage_bps": 12.514105382330108,
      "p99_slippage_bps": 63.06601114169604,
      "maker_ratio": 0.7265822784810126,
      "fills_under_threshold": 239,
      "pct_under_threshold": 0.6050632911392405,
      "gate_status": "INSUFFICIENT_DATA",
      "reason": "need_2000_fills_have_395",
      "threshold_bps": 15.0,
      "min_sample_size": 2000
    },
    "NVDA_coinbase": {
      "total_fills": 381,
      "p95_slippage_bps": 40.42497916107412,
      "mean_slippage_bps": 17.04845925193027,
      "median_slippage_bps": 14.89021432803015,