{
  "timestamp": "2025-08-16T09:08:31.296701+00:00",
  "window_hours": 48,
  "threshold_bps": 15.0,
  "min_sample_size": 2000,
  "overall_metrics": {
    "total_fills": 2746,
    "p95_slippage_bps": 8.998314705384026,
    "mean_slippage_bps": 4.035390282685615,
    "median_slippage_bps": 3.470648988451018,
    "p99_slippage_bps": 19.42193538165624,
    "maker_ratio": 0.7,
    "fills_under_threshold": 2696,
    "pct_under_threshold": 0.9817916970138383,
    "gate_status": "PASS",
    "reason": "criteria_met",
    "threshold_bps": 15.0,
    "min_sample_size": 2000
  },
  "breakdown_metrics": {
    "asset_NVDA": {
      "total_fills": 896,
      "p95_slippage_bps": 9.407418959997829,
      "mean_slippage_bps": 4.075909454122476,
      "median_slippage_bps": 3.4925763850392375,
      "p99_slippage_bps": 21.027730112635673,
      "maker_ratio": 0.7,
      "fills_under_threshold": 879,
      "pct_under_threshold": 0.9810267857142857,
      "gate_status": "INSUFFICIENT_DATA",
      "reason": "need_2000_fills_have_896",
      "threshold_bps": 15.0,
      "min_sample_size": 2000
    },
    "asset_BTC-USD": {
      "total_fills": 951,
      "p95_slippage_bps": 9.264839398570372,
      "mean_slippage_bps": 4.120403397484413,
      "median_slippage_bps": 3.518061059851696,
      "p99_slippage_bps": 19.278523904627512,
      "maker_ratio": 0.7,
      "fills_under_threshold": 929,
      "pct_under_threshold": 0.9768664563617245,
      "gate_status": "INSUFFICIENT_DATA",
      "reason": "need_2000_fills_have_951",
      "threshold_bps": 15.0,
      "min_sample_size": 2000
    },
    "asset_ETH-USD": {
      "total_fills": 899,
      "p95_slippage_bps": 8.126317876652273,
      "mean_slippage_bps": 3.905075878034797,
      "median_slippage_bps": 3.4299881152393144,
      "p99_slippage_bps": 16.77568846094658,
      "maker_ratio": 0.7,
      "fills_under_threshold": 888,
      "pct_under_threshold": 0.9877641824249166,
      "gate_status": "INSUFFICIENT_DATA",
      "reason": "need_2000_fills_have_899",
      "threshold_bps": 15.0,
      "min_sample_size": 2000
    },
    "venue_binance": {
      "total_fills": 891,
      "p95_slippage_bps": 8.498480326879868,
      "mean_slippage_bps": 3.984612683379407,
      "median_slippage_bps": 3.494233205054584,
      "p99_slippage_bps": 18.97926881545857,
      "maker_ratio": 0.7,
      "fills_under_threshold": 875,
      "pct_under_threshold": 0.9820426487093153,
      "gate_status": "INSUFFICIENT_DATA",
      "reason": "need_2000_fills_have_891",
      "threshold_bps": 15.0,
      "min_sample_size": 2000
    },
    "venue_alpaca": {
      "total_fills": 931,
      "p95_slippage_bps": 9.04955616505502,
      "mean_slippage_bps": 4.022128284938877,
      "median_slippage_bps": 3.3706910836188078,
      "p99_slippage_bps": 19.851191702041586,
      "maker_ratio": 0.7,
      "fills_under_threshold": 912,
      "pct_under_threshold": 0.9795918367346939,
      "gate_status": "INSUFFICIENT_DATA",
      "reason": "need_2000_fills_have_931",
      "threshold_bps": 15.0,
      "min_sample_size": 2000
    },
    "venue_coinbase": {
      "total_fills": 924,
      "p95_slippage_bps": 9.128223184385119,
      "mean_slippage_bps": 4.097716863728951,
      "median_slippage_bps": 3.566991177455561,
      "p99_slippage_bps": 18.546066248747827,
      "maker_ratio": 0.7,
      "fills_under_threshold": 909,
      "pct_under_threshold": 0.9837662337662337,
      "gate_status": "INSUFFICIENT_DATA",
      "reason": "need_2000_fills_have_924",
      "threshold_bps": 15.0,
      "min_sample_size": 2000
    },
    "BTC-USD_alpaca": {
      "total_fills": 330,
      "p95_slippage_bps": 9.39006787578215,
      "mean_slippage_bps": 4.088636862675747,
      "median_slippage_bps": 3.54593396958434,
      "p99_slippage_bps": 19.438661846586015,
      "maker_ratio": 0.7,
      "fills_under_threshold": 323,
      "pct_under_threshold": 0.9787878787878788,
      "gate_status": "INSUFFICIENT_DATA",
      "reason": "need_2000_fills_have_330",
      "threshold_bps": 15.0,
      "min_sample_size": 2000
    },
    "BTC-USD_binance": {
      "total_fills": 297,
      "p95_slippage_bps": 8.724310256096405,
      "mean_slippage_bps": 4.053620302773018,
      "median_slippage_bps": 3.474859491474016,
      "p99_slippage_bps": 16.98331341801032,
      "maker_ratio": 0.7,
      "fills_under_threshold": 290,
      "pct_under_threshold": 0.9764309764309764,
      "gate_status": "INSUFFICIENT_DATA",
      "reason": "need_2000_fills_have_297",
      "threshold_bps": 15.0,
      "min_sample_size": 2000
    },
    "BTC-USD_coinbase": {
      "total_fills": 324,
      "p95_slippage_bps": 9.09851040997061,
      "mean_slippage_bps": 4.213976038274979,
      "median_slippage_bps": 3.5224366879409947,
      "p99_slippage_bps": 19.178062006423144,
      "maker_ratio": 0.7,
      "fills_under_threshold": 316,
      "pct_under_threshold": 0.9753086419753086,
      "gate_status": "INSUFFICIENT_DATA",
      "reason": "need_2000_fills_have_324",
      "threshold_bps": 15.0,
      "min_sample_size": 2000
    },
    "ETH-USD_alpaca": {
      "total_fills": 294,
      "p95_slippage_bps": 8.500261056011539,
      "mean_slippage_bps": 4.086862070705232,
      "median_slippage_bps": 3.3245728447790066,
      "p99_slippage_bps": 17.885238517706068,
      "maker_ratio": 0.7,
      "fills_under_threshold": 288,
      "pct_under_threshold": 0.9795918367346939,
      "gate_status": "INSUFFICIENT_DATA",
      "reason": "need_2000_fills_have_294",
      "threshold_bps": 15.0,
      "min_sample_size": 2000
    },
    "ETH-USD_binance": {
      "total_fills": 301,
      "p95_slippage_bps": 7.5088330935976355,
      "mean_slippage_bps": 3.829650262312292,
      "median_slippage_bps": 3.3440689776470007,
      "p99_slippage_bps": 18.89140996660897,
      "maker_ratio": 0.7,
      "fills_under_threshold": 296,
      "pct_under_threshold": 0.9833887043189369,
      "gate_status": "INSUFFICIENT_DATA",
      "reason": "need_2000_fills_have_301",
      "threshold_bps": 15.0,
      "min_sample_size": 2000
    },
    "ETH-USD_coinbase": {
      "total_fills": 304,
      "p95_slippage_bps": 7.74626432186026,
      "mean_slippage_bps": 3.803950778322188,
      "median_slippage_bps": 3.5830096948770986,
      "p99_slippage_bps": 11.503344491730092,
      "maker_ratio": 0.7,
      "fills_under_threshold": 304,
      "pct_under_threshold": 1.0,
      "gate_status": "INSUFFICIENT_DATA",
      "reason": "need_2000_fills_have_304",
      "threshold_bps": 15.0,
      "min_sample_size": 2000
    },
    "NVDA_alpaca": {
      "total_fills": 307,
      "p95_slippage_bps": 8.705751294664921,
      "mean_slippage_bps": 3.8886443641946578,
      "median_slippage_bps": 3.3038107730484647,
      "p99_slippage_bps": 23.676463908283246,
      "maker_ratio": 0.7,
      "fills_under_threshold": 301,
      "pct_under_threshold": 0.9804560260586319,
      "gate_status": "INSUFFICIENT_DATA",
      "reason": "need_2000_fills_have_307",
      "threshold_bps": 15.0,
      "min_sample_size": 2000
    },
    "NVDA_binance": {
      "total_fills": 293,
      "p95_slippage_bps": 9.094089605631348,
      "mean_slippage_bps": 4.073856457377015,
      "median_slippage_bps": 3.588003850484964,
      "p99_slippage_bps": 19.87740055370496,
      "maker_ratio": 0.7,
      "fills_under_threshold": 289,
      "pct_under_threshold": 0.9863481228668942,
      "gate_status": "INSUFFICIENT_DATA",
      "reason": "need_2000_fills_have_293",
      "threshold_bps": 15.0,
      "min_sample_size": 2000
    },
    "NVDA_coinbase": {
      "total_fills": 296,
      "p95_slippage_bps": 10.102895797305564,
      "mean_slippage_bps": 4.272165909035515,
      "median_slippage_bps": 3.5864848706156947,
      "p99_slippage_bps": 19.710248159059795,
      "maker_ratio": 0.7,
      "fills_under_threshold": 289,
      "pct_under_threshold": 0.9763513513513513,
      "gate_status": "INSUFFICIENT_DATA",
      "reason": "need_2000_fills_have_296",