{
  "timestamp": "2025-08-16T21:35:34.625244+00:00",
  "window_hours": 48,
  "threshold_bps": 15.0,
  "min_sample_size": 2000,
  "overall_metrics": {
    "total_fills": 2755,
    "p95_slippage_bps": 9.595464543531136,
    "mean_slippage_bps": 4.1498196323123,
    "median_slippage_bps": 3.4491299930382113,
    "p99_slippage_bps": 18.809688727877127,
    "maker_ratio": 0.7,
    "fills_under_threshold": 2686,
    "pct_under_threshold": 0.9749546279491833,
    "gate_status": "PASS",
    "reason": "criteria_met",
    "threshold_bps": 15.0,
    "min_sample_size": 2000
  },
  "breakdown_metrics": {
    "asset_ETH-USD": {
      "total_fills": 920,
      "p95_slippage_bps": 9.091193107148513,
      "mean_slippage_bps": 3.9714947820867703,
      "median_slippage_bps": 3.34913702013335,
      "p99_slippage_bps": 18.66008025506971,
      "maker_ratio": 0.7,
      "fills_under_threshold": 903,
      "pct_under_threshold": 0.9815217391304348,
      "gate_status": "INSUFFICIENT_DATA",
      "reason": "need_2000_fills_have_920",
      "threshold_bps": 15.0,
      "min_sample_size": 2000
    },
    "asset_NVDA": {
      "total_fills": 918,
      "p95_slippage_bps": 9.589806281664535,
      "mean_slippage_bps": 4.244177753484879,
      "median_slippage_bps": 3.5080431314024993,
      "p99_slippage_bps": 20.23410169161697,
      "maker_ratio": 0.7,
      "fills_under_threshold": 892,
      "pct_under_threshold": 0.971677559912854,
      "gate_status": "INSUFFICIENT_DATA",
      "reason": "need_2000_fills_have_918",
      "threshold_bps": 15.0,
      "min_sample_size": 2000
    },
    "asset_BTC-USD": {
      "total_fills": 917,
      "p95_slippage_bps": 9.870439475921236,
      "mean_slippage_bps": 4.2342668591073505,
      "median_slippage_bps": 3.472131622298249,
      "p99_slippage_bps": 18.017515859117044,
      "maker_ratio": 0.7,
      "fills_under_threshold": 891,
      "pct_under_threshold": 0.9716466739367503,
      "gate_status": "INSUFFICIENT_DATA",
      "reason": "need_2000_fills_have_917",
      "threshold_bps": 15.0,
      "min_sample_size": 2000
    },
    "venue_binance": {
      "total_fills": 959,
      "p95_slippage_bps": 9.590328084560245,
      "mean_slippage_bps": 4.068002950354937,
      "median_slippage_bps": 3.4144178404832872,
      "p99_slippage_bps": 16.89601012748448,
      "maker_ratio": 0.7,
      "fills_under_threshold": 938,
      "pct_under_threshold": 0.9781021897810219,
      "gate_status": "INSUFFICIENT_DATA",
      "reason": "need_2000_fills_have_959",
      "threshold_bps": 15.0,
      "min_sample_size": 2000
    },
    "venue_coinbase": {
      "total_fills": 897,
      "p95_slippage_bps": 9.222754248779216,
      "mean_slippage_bps": 4.110468973558997,
      "median_slippage_bps": 3.4530987478482413,
      "p99_slippage_bps": 18.76910380972516,
      "maker_ratio": 0.7,
      "fills_under_threshold": 877,
      "pct_under_threshold": 0.9777034559643255,
      "gate_status": "INSUFFICIENT_DATA",
      "reason": "need_2000_fills_have_897",
      "threshold_bps": 15.0,
      "min_sample_size": 2000
    },
    "venue_alpaca": {
      "total_fills": 899,
      "p95_slippage_bps": 9.970794488731226,
      "mean_slippage_bps": 4.276359942544586,
      "median_slippage_bps": 3.472131622298249,
      "p99_slippage_bps": 19.96212060384568,
      "maker_ratio": 0.7,
      "fills_under_threshold": 871,
      "pct_under_threshold": 0.9688542825361512,
      "gate_status": "INSUFFICIENT_DATA",
      "reason": "need_2000_fills_have_899",
      "threshold_bps": 15.0,
      "min_sample_size": 2000
    },
    "BTC-USD_alpaca": {
      "total_fills": 305,
      "p95_slippage_bps": 12.180902145128691,
      "mean_slippage_bps": 4.483033568307011,
      "median_slippage_bps": 3.514283459630818,
      "p99_slippage_bps": 18.41993048348377,
      "maker_ratio": 0.7,
      "fills_under_threshold": 294,
      "pct_under_threshold": 0.9639344262295082,
      "gate_status": "INSUFFICIENT_DATA",
      "reason": "need_2000_fills_have_305",
      "threshold_bps": 15.0,
      "min_sample_size": 2000
    },
    "BTC-USD_binance": {
      "total_fills": 318,
      "p95_slippage_bps": 11.206047893740255,
      "mean_slippage_bps": 4.060020796563854,
      "median_slippage_bps": 3.3362183102785634,
      "p99_slippage_bps": 16.719729575068992,
      "maker_ratio": 0.7,
      "fills_under_threshold": 309,
      "pct_under_threshold": 0.9716981132075472,
      "gate_status": "INSUFFICIENT_DATA",
      "reason": "need_2000_fills_have_318",
      "threshold_bps": 15.0,
      "min_sample_size": 2000
    },
    "BTC-USD_coinbase": {
      "total_fills": 294,
      "p95_slippage_bps": 9.00036539965202,
      "mean_slippage_bps": 4.164662782858832,
      "median_slippage_bps": 3.567421948823239,
      "p99_slippage_bps": 18.080709031215775,
      "maker_ratio": 0.7,
      "fills_under_threshold": 288,
      "pct_under_threshold": 0.9795918367346939,
      "gate_status": "INSUFFICIENT_DATA",
      "reason": "need_2000_fills_have_294",
      "threshold_bps": 15.0,
      "min_sample_size": 2000
    },
    "ETH-USD_alpaca": {
      "total_fills": 302,
      "p95_slippage_bps": 8.31157475938354,
      "mean_slippage_bps": 3.796118434228359,
      "median_slippage_bps": 3.31975066380367,
      "p99_slippage_bps": 16.822261017937336,
      "maker_ratio": 0.7,
      "fills_under_threshold": 298,
      "pct_under_threshold": 0.9867549668874173,
      "gate_status": "INSUFFICIENT_DATA",
      "reason": "need_2000_fills_have_302",
      "threshold_bps": 15.0,
      "min_sample_size": 2000
    },
    "ETH-USD_binance": {
      "total_fills": 310,
      "p95_slippage_bps": 9.139716693825434,
      "mean_slippage_bps": 4.05800177280143,
      "median_slippage_bps": 3.384807042389309,
      "p99_slippage_bps": 16.03446216072374,
      "maker_ratio": 0.7,
      "fills_under_threshold": 305,
      "pct_under_threshold": 0.9838709677419355,
      "gate_status": "INSUFFICIENT_DATA",
      "reason": "need_2000_fills_have_310",
      "threshold_bps": 15.0,
      "min_sample_size": 2000
    },
    "ETH-USD_coinbase": {
      "total_fills": 308,
      "p95_slippage_bps": 9.67633705189506,
      "mean_slippage_bps": 4.056385983163706,
      "median_slippage_bps": 3.3419378738106422,
      "p99_slippage_bps": 19.695868523373328,
      "maker_ratio": 0.7,
      "fills_under_threshold": 300,
      "pct_under_threshold": 0.974025974025974,
      "gate_status": "INSUFFICIENT_DATA",
      "reason": "need_2000_fills_have_308",
      "threshold_bps": 15.0,
      "min_sample_size": 2000
    },
    "NVDA_alpaca": {
      "total_fills": 292,
      "p95_slippage_bps": 12.697880291379054,
      "mean_slippage_bps": 4.557173229030754,
      "median_slippage_bps": 3.549503806822575,
      "p99_slippage_bps": 25.276601518288356,
      "maker_ratio": 0.7,
      "fills_under_threshold": 279,
      "pct_under_threshold": 0.9554794520547946,
      "gate_status": "INSUFFICIENT_DATA",
      "reason": "need_2000_fills_have_292",
      "threshold_bps": 15.0,
      "min_sample_size": 2000
    },
    "NVDA_binance": {
      "total_fills": 331,
      "p95_slippage_bps": 8.869495186444253,
      "mean_slippage_bps": 4.085038267415818,
      "median_slippage_bps": 3.512768058814117,
      "p99_slippage_bps": 16.929376417306745,
      "maker_ratio": 0.7,
      "fills_under_threshold": 324,
      "pct_under_threshold": 0.9788519637462235,
      "gate_status": "INSUFFICIENT_DATA",
      "reason": "need_2000_fills_have_331",
      "threshold_bps": 15.0,
      "min_sample_size": 2000
    },
    "NVDA_coinbase": {
      "total_fills": 295,
      "p95_slippage_bps": 9.331265002907676,
      "mean_slippage_bps": 4.112925180703398,
      "median_slippage_bps": 3.379799529309241,
      "p99_slippage_bps": 17.662379336310533,
      "maker_ratio": 0.7,
      "fills_under_threshold": 289,
      "pct_under_threshold": 0.9796610169491525,
      "gate_status": "INSUFFICIENT_DATA",
      "reason": "need_2000_fills_have_295",