{
  "timestamp": "2025-08-16T16:45:02.883799+00:00",
  "window_hours": 48,
  "threshold_bps": 15.0,
  "min_sample_size": 2000,
  "overall_metrics": {
    "total_fills": 2727,
    "p95_slippage_bps": 9.069035409256132,
    "mean_slippage_bps": 4.0535831778222535,
    "median_slippage_bps": 3.3672651078347733,
    "p99_slippage_bps": 19.733199717910935,
    "maker_ratio": 0.7,
    "fills_under_threshold": 2666,
    "pct_under_threshold": 0.9776310964429776,
    "gate_status": "PASS",
    "reason": "criteria_met",
    "threshold_bps": 15.0,
    "min_sample_size": 2000
  },
  "breakdown_metrics": {
    "asset_NVDA": {
      "total_fills": 875,
      "p95_slippage_bps": 9.312740959464024,
      "mean_slippage_bps": 4.106495424738863,
      "median_slippage_bps": 3.4360429942322455,
      "p99_slippage_bps": 20.09038632094714,
      "maker_ratio": 0.7,
      "fills_under_threshold": 855,
      "pct_under_threshold": 0.9771428571428571,
      "gate_status": "INSUFFICIENT_DATA",
      "reason": "need_2000_fills_have_875",
      "threshold_bps": 15.0,
      "min_sample_size": 2000
    },
    "asset_BTC-USD": {
      "total_fills": 918,
      "p95_slippage_bps": 9.030618432820516,
      "mean_slippage_bps": 4.030936853761788,
      "median_slippage_bps": 3.351467526639715,
      "p99_slippage_bps": 19.81203993249493,
      "maker_ratio": 0.7,
      "fills_under_threshold": 898,
      "pct_under_threshold": 0.9782135076252724,
      "gate_status": "INSUFFICIENT_DATA",
      "reason": "need_2000_fills_have_918",
      "threshold_bps": 15.0,
      "min_sample_size": 2000
    },
    "asset_ETH-USD": {
      "total_fills": 934,
      "p95_slippage_bps": 8.91714345654509,
      "mean_slippage_bps": 4.026271731821691,
      "median_slippage_bps": 3.3325064676289706,
      "p99_slippage_bps": 18.712381194798024,
      "maker_ratio": 0.7,
      "fills_under_threshold": 913,
      "pct_under_threshold": 0.9775160599571735,
      "gate_status": "INSUFFICIENT_DATA",
      "reason": "need_2000_fills_have_934",
      "threshold_bps": 15.0,
      "min_sample_size": 2000
    },
    "venue_coinbase": {
      "total_fills": 883,
      "p95_slippage_bps": 9.112907941501787,
      "mean_slippage_bps": 4.121944130766377,
      "median_slippage_bps": 3.352542410551945,
      "p99_slippage_bps": 20.246003065913936,
      "maker_ratio": 0.7,
      "fills_under_threshold": 860,
      "pct_under_threshold": 0.9739524348810872,
      "gate_status": "INSUFFICIENT_DATA",
      "reason": "need_2000_fills_have_883",
      "threshold_bps": 15.0,
      "min_sample_size": 2000
    },
    "venue_binance": {
      "total_fills": 937,
      "p95_slippage_bps": 9.044675732427459,
      "mean_slippage_bps": 3.999093165272712,
      "median_slippage_bps": 3.3184070463735074,
      "p99_slippage_bps": 18.952297647759416,
      "maker_ratio": 0.7,
      "fills_under_threshold": 917,
      "pct_under_threshold": 0.9786552828175027,
      "gate_status": "INSUFFICIENT_DATA",
      "reason": "need_2000_fills_have_937",
      "threshold_bps": 15.0,
      "min_sample_size": 2000
    },
    "venue_alpaca": {
      "total_fills": 907,
      "p95_slippage_bps": 9.018414242458359,
      "mean_slippage_bps": 4.043323442771822,
      "median_slippage_bps": 3.423887863454253,
      "p99_slippage_bps": 19.25353232098758,
      "maker_ratio": 0.7,
      "fills_under_threshold": 889,
      "pct_under_threshold": 0.980154355016538,
      "gate_status": "INSUFFICIENT_DATA",
      "reason": "need_2000_fills_have_907",
      "threshold_bps": 15.0,
      "min_sample_size": 2000
    },
    "BTC-USD_alpaca": {
      "total_fills": 313,
      "p95_slippage_bps": 9.234198785792692,
      "mean_slippage_bps": 4.124203717809832,
      "median_slippage_bps": 3.3857907386979944,
      "p99_slippage_bps": 20.09956313257944,
      "maker_ratio": 0.7,
      "fills_under_threshold": 306,
      "pct_under_threshold": 0.9776357827476039,
      "gate_status": "INSUFFICIENT_DATA",
      "reason": "need_2000_fills_have_313",
      "threshold_bps": 15.0,
      "min_sample_size": 2000
    },
    "BTC-USD_binance": {
      "total_fills": 310,
      "p95_slippage_bps": 8.31178233658198,
      "mean_slippage_bps": 3.9791570608267266,
      "median_slippage_bps": 3.3781143347947795,
      "p99_slippage_bps": 19.55744906517628,
      "maker_ratio": 0.7,
      "fills_under_threshold": 304,
      "pct_under_threshold": 0.9806451612903225,
      "gate_status": "INSUFFICIENT_DATA",
      "reason": "need_2000_fills_have_310",
      "threshold_bps": 15.0,
      "min_sample_size": 2000
    },
    "BTC-USD_coinbase": {
      "total_fills": 295,
      "p95_slippage_bps": 9.09640389074474,
      "mean_slippage_bps": 3.9863917939747746,
      "median_slippage_bps": 3.2420492982196047,
      "p99_slippage_bps": 18.37581147156083,
      "maker_ratio": 0.7,
      "fills_under_threshold": 288,
      "pct_under_threshold": 0.976271186440678,
      "gate_status": "INSUFFICIENT_DATA",
      "reason": "need_2000_fills_have_295",
      "threshold_bps": 15.0,
      "min_sample_size": 2000
    },
    "ETH-USD_alpaca": {
      "total_fills": 297,
      "p95_slippage_bps": 8.974269917423925,
      "mean_slippage_bps": 4.0520765720577145,
      "median_slippage_bps": 3.3384763408129254,
      "p99_slippage_bps": 19.427012943002982,
      "maker_ratio": 0.7,
      "fills_under_threshold": 289,
      "pct_under_threshold": 0.9730639730639731,
      "gate_status": "INSUFFICIENT_DATA",
      "reason": "need_2000_fills_have_297",
      "threshold_bps": 15.0,
      "min_sample_size": 2000
    },
    "ETH-USD_binance": {
      "total_fills": 323,
      "p95_slippage_bps": 8.924240696180261,
      "mean_slippage_bps": 3.9586180834022673,
      "median_slippage_bps": 3.318232754218794,
      "p99_slippage_bps": 17.60663627516334,
      "maker_ratio": 0.7,
      "fills_under_threshold": 317,
      "pct_under_threshold": 0.9814241486068112,
      "gate_status": "INSUFFICIENT_DATA",
      "reason": "need_2000_fills_have_323",
      "threshold_bps": 15.0,
      "min_sample_size": 2000
    },
    "ETH-USD_coinbase": {
      "total_fills": 314,
      "p95_slippage_bps": 8.596149848806526,
      "mean_slippage_bps": 4.071456734654093,
      "median_slippage_bps": 3.386625692359922,
      "p99_slippage_bps": 17.338758569338232,
      "maker_ratio": 0.7,
      "fills_under_threshold": 307,
      "pct_under_threshold": 0.9777070063694268,
      "gate_status": "INSUFFICIENT_DATA",
      "reason": "need_2000_fills_have_314",
      "threshold_bps": 15.0,
      "min_sample_size": 2000
    },
    "NVDA_alpaca": {
      "total_fills": 297,
      "p95_slippage_bps": 8.539798834838294,
      "mean_slippage_bps": 3.9493328519138853,
      "median_slippage_bps": 3.578458566751059,
      "p99_slippage_bps": 13.964807305985817,
      "maker_ratio": 0.7,
      "fills_under_threshold": 294,
      "pct_under_threshold": 0.98989898989899,
      "gate_status": "INSUFFICIENT_DATA",
      "reason": "need_2000_fills_have_297",
      "threshold_bps": 15.0,
      "min_sample_size": 2000
    },
    "NVDA_binance": {
      "total_fills": 304,
      "p95_slippage_bps": 9.696895628610093,
      "mean_slippage_bps": 4.06242751995169,
      "median_slippage_bps": 3.2721147186477992,
      "p99_slippage_bps": 19.414919513736205,
      "maker_ratio": 0.7,
      "fills_under_threshold": 296,
      "pct_under_threshold": 0.9736842105263158,
      "gate_status": "INSUFFICIENT_DATA",
      "reason": "need_2000_fills_have_304",
      "threshold_bps": 15.0,
      "min_sample_size": 2000
    },
    "NVDA_coinbase": {
      "total_fills": 274,
      "p95_slippage_bps": 10.04648390904852,
      "mean_slippage_bps": 4.325743334170683,
      "median_slippage_bps": 3.4385343624600337,
      "p99_slippage_bps": 21.34714594285743,
      "maker_ratio": 0.7,
      "fills_under_threshold": 265,
      "pct_under_threshold": 0.9671532846715328,
      "gate_status": "INSUFFICIENT_DATA",
      "reason": "need_2000_fills_have_274",