{
  "timestamp": "2025-08-16T15:16:52.385768+00:00",
  "window_hours": 48,
  "threshold_bps": 15.0,
  "min_sample_size": 2000,
  "overall_metrics": {
    "total_fills": 2745,
    "p95_slippage_bps": 9.470885495286208,
    "mean_slippage_bps": 4.166055304274521,
    "median_slippage_bps": 3.490224470889418,
    "p99_slippage_bps": 20.38207097798536,
    "maker_ratio": 0.7,
    "fills_under_threshold": 2671,
    "pct_under_threshold": 0.9730418943533697,
    "gate_status": "PASS",
    "reason": "criteria_met",
    "threshold_bps": 15.0,
    "min_sample_size": 2000
  },
  "breakdown_metrics": {
    "asset_ETH-USD": {
      "total_fills": 915,
      "p95_slippage_bps": 9.65656286707554,
      "mean_slippage_bps": 4.320661511383712,
      "median_slippage_bps": 3.5102830983967244,
      "p99_slippage_bps": 20.93326577906992,
      "maker_ratio": 0.7,
      "fills_under_threshold": 883,
      "pct_under_threshold": 0.9650273224043716,
      "gate_status": "INSUFFICIENT_DATA",
      "reason": "need_2000_fills_have_915",
      "threshold_bps": 15.0,
      "min_sample_size": 2000
    },
    "asset_BTC-USD": {
      "total_fills": 920,
      "p95_slippage_bps": 8.708602475403476,
      "mean_slippage_bps": 3.9343918447135042,
      "median_slippage_bps": 3.4289930183225357,
      "p99_slippage_bps": 17.229958190357465,
      "maker_ratio": 0.7,
      "fills_under_threshold": 903,
      "pct_under_threshold": 0.9815217391304348,
      "gate_status": "INSUFFICIENT_DATA",
      "reason": "need_2000_fills_have_920",
      "threshold_bps": 15.0,
      "min_sample_size": 2000
    },
    "asset_NVDA": {
      "total_fills": 910,
      "p95_slippage_bps": 9.785505358433854,
      "mean_slippage_bps": 4.244808824374769,
      "median_slippage_bps": 3.5330718651273214,
      "p99_slippage_bps": 20.314622459773318,
      "maker_ratio": 0.7,
      "fills_under_threshold": 885,
      "pct_under_threshold": 0.9725274725274725,
      "gate_status": "INSUFFICIENT_DATA",
      "reason": "need_2000_fills_have_910",
      "threshold_bps": 15.0,
      "min_sample_size": 2000
    },
    "venue_binance": {
      "total_fills": 899,
      "p95_slippage_bps": 9.515247909399152,
      "mean_slippage_bps": 4.178437983377451,
      "median_slippage_bps": 3.5259881311090435,
      "p99_slippage_bps": 19.081371708949447,
      "maker_ratio": 0.7,
      "fills_under_threshold": 874,
      "pct_under_threshold": 0.9721913236929922,
      "gate_status": "INSUFFICIENT_DATA",
      "reason": "need_2000_fills_have_899",
      "threshold_bps": 15.0,
      "min_sample_size": 2000
    },
    "venue_coinbase": {
      "total_fills": 914,
      "p95_slippage_bps": 9.257449409478484,
      "mean_slippage_bps": 4.082667921962302,
      "median_slippage_bps": 3.5046810268470305,
      "p99_slippage_bps": 18.552210793967927,
      "maker_ratio": 0.7,
      "fills_under_threshold": 897,
      "pct_under_threshold": 0.9814004376367614,
      "gate_status": "INSUFFICIENT_DATA",
      "reason": "need_2000_fills_have_914",
      "threshold_bps": 15.0,
      "min_sample_size": 2000
    },
    "venue_alpaca": {
      "total_fills": 932,
      "p95_slippage_bps": 9.477423200305957,
      "mean_slippage_bps": 4.23588796405975,
      "median_slippage_bps": 3.461390600821923,
      "p99_slippage_bps": 21.482599384415913,
      "maker_ratio": 0.7,
      "fills_under_threshold": 900,
      "pct_under_threshold": 0.9656652360515021,
      "gate_status": "INSUFFICIENT_DATA",
      "reason": "need_2000_fills_have_932",
      "threshold_bps": 15.0,
      "min_sample_size": 2000
    },
    "BTC-USD_alpaca": {
      "total_fills": 311,
      "p95_slippage_bps": 8.08935124104793,
      "mean_slippage_bps": 3.8542509045874764,
      "median_slippage_bps": 3.39339554095612,
      "p99_slippage_bps": 18.551099800889922,
      "maker_ratio": 0.7,
      "fills_under_threshold": 303,
      "pct_under_threshold": 0.9742765273311897,
      "gate_status": "INSUFFICIENT_DATA",
      "reason": "need_2000_fills_have_311",
      "threshold_bps": 15.0,
      "min_sample_size": 2000
    },
    "BTC-USD_binance": {
      "total_fills": 310,
      "p95_slippage_bps": 9.13651931505725,
      "mean_slippage_bps": 3.969482341777788,
      "median_slippage_bps": 3.430194790116966,
      "p99_slippage_bps": 16.85209053996354,
      "maker_ratio": 0.7,
      "fills_under_threshold": 304,
      "pct_under_threshold": 0.9806451612903225,
      "gate_status": "INSUFFICIENT_DATA",
      "reason": "need_2000_fills_have_310",
      "threshold_bps": 15.0,
      "min_sample_size": 2000
    },
    "BTC-USD_coinbase": {
      "total_fills": 299,
      "p95_slippage_bps": 8.941144505940782,
      "mean_slippage_bps": 3.9813676918347984,
      "median_slippage_bps": 3.5274595603700054,
      "p99_slippage_bps": 14.316383387693147,
      "maker_ratio": 0.7,
      "fills_under_threshold": 296,
      "pct_under_threshold": 0.9899665551839465,
      "gate_status": "INSUFFICIENT_DATA",
      "reason": "need_2000_fills_have_299",
      "threshold_bps": 15.0,
      "min_sample_size": 2000
    },
    "ETH-USD_alpaca": {
      "total_fills": 308,
      "p95_slippage_bps": 13.76196899354713,
      "mean_slippage_bps": 4.491778124511453,
      "median_slippage_bps": 3.505012941299304,
      "p99_slippage_bps": 21.636083800819446,
      "maker_ratio": 0.7,
      "fills_under_threshold": 294,
      "pct_under_threshold": 0.9545454545454546,
      "gate_status": "INSUFFICIENT_DATA",
      "reason": "need_2000_fills_have_308",
      "threshold_bps": 15.0,
      "min_sample_size": 2000
    },
    "ETH-USD_binance": {
      "total_fills": 288,
      "p95_slippage_bps": 9.766937261458871,
      "mean_slippage_bps": 4.379990732668464,
      "median_slippage_bps": 3.5525979660484817,
      "p99_slippage_bps": 20.536888455423277,
      "maker_ratio": 0.7,
      "fills_under_threshold": 277,
      "pct_under_threshold": 0.9618055555555556,
      "gate_status": "INSUFFICIENT_DATA",
      "reason": "need_2000_fills_have_288",
      "threshold_bps": 15.0,
      "min_sample_size": 2000
    },
    "ETH-USD_coinbase": {
      "total_fills": 319,
      "p95_slippage_bps": 8.855096513509263,
      "mean_slippage_bps": 4.101881785448434,
      "median_slippage_bps": 3.5007962822432606,
      "p99_slippage_bps": 20.463346286619707,
      "maker_ratio": 0.7,
      "fills_under_threshold": 312,
      "pct_under_threshold": 0.9780564263322884,
      "gate_status": "INSUFFICIENT_DATA",
      "reason": "need_2000_fills_have_319",
      "threshold_bps": 15.0,
      "min_sample_size": 2000
    },
    "NVDA_alpaca": {
      "total_fills": 313,
      "p95_slippage_bps": 9.801033183407634,
      "mean_slippage_bps": 4.363283989864072,
      "median_slippage_bps": 3.525680994416942,
      "p99_slippage_bps": 21.54200251003128,
      "maker_ratio": 0.7,
      "fills_under_threshold": 303,
      "pct_under_threshold": 0.9680511182108626,
      "gate_status": "INSUFFICIENT_DATA",
      "reason": "need_2000_fills_have_313",
      "threshold_bps": 15.0,
      "min_sample_size": 2000
    },
    "NVDA_binance": {
      "total_fills": 301,
      "p95_slippage_bps": 9.511308716110294,
      "mean_slippage_bps": 4.200793654806302,
      "median_slippage_bps": 3.6051961154033414,
      "p99_slippage_bps": 17.554544196650287,
      "maker_ratio": 0.7,
      "fills_under_threshold": 293,
      "pct_under_threshold": 0.973421926910299,
      "gate_status": "INSUFFICIENT_DATA",
      "reason": "need_2000_fills_have_301",
      "threshold_bps": 15.0,
      "min_sample_size": 2000
    },
    "NVDA_coinbase": {
      "total_fills": 296,
      "p95_slippage_bps": 9.800616333278256,
      "mean_slippage_bps": 4.164288011003002,
      "median_slippage_bps": 3.4954311047306987,
      "p99_slippage_bps": 17.39207154428875,
      "maker_ratio": 0.7,
      "fills_under_threshold": 289,
      "pct_under_threshold": 0.9763513513513513,
      "gate_status": "INSUFFICIENT_DATA",
      "reason": "need_2000_fills_have_296",