{
  "timestamp": "2025-08-16T06:12:07.989167+00:00",
  "window_hours": 48,
  "threshold_bps": 15.0,
  "min_sample_size": 2000,
  "overall_metrics": {
    "total_fills": 2576,
    "p95_slippage_bps": 9.15916931348192,
    "mean_slippage_bps": 3.9687412948822542,
    "median_slippage_bps": 3.3641617227939213,
    "p99_slippage_bps": 18.969917446515602,
    "maker_ratio": 0.7,
    "fills_under_threshold": 2517,
    "pct_under_threshold": 0.9770962732919255,
    "gate_status": "PASS",
    "reason": "criteria_met",
    "threshold_bps": 15.0,
    "min_sample_size": 2000
  },
  "breakdown_metrics": {
    "asset_NVDA": {
      "total_fills": 844,
      "p95_slippage_bps": 9.292387207944929,
      "mean_slippage_bps": 3.96044538114116,
      "median_slippage_bps": 3.199950200163693,
      "p99_slippage_bps": 19.444350079028677,
      "maker_ratio": 0.7,
      "fills_under_threshold": 820,
      "pct_under_threshold": 0.9715639810426541,
      "gate_status": "INSUFFICIENT_DATA",
      "reason": "need_2000_fills_have_844",
      "threshold_bps": 15.0,
      "min_sample_size": 2000
    },
    "asset_ETH-USD": {
      "total_fills": 841,
      "p95_slippage_bps": 8.58104211602151,
      "mean_slippage_bps": 3.969332118554869,
      "median_slippage_bps": 3.409662114410144,
      "p99_slippage_bps": 19.05740720432541,
      "maker_ratio": 0.7,
      "fills_under_threshold": 822,
      "pct_under_threshold": 0.9774078478002378,
      "gate_status": "INSUFFICIENT_DATA",
      "reason": "need_2000_fills_have_841",
      "threshold_bps": 15.0,
      "min_sample_size": 2000
    },
    "asset_BTC-USD": {
      "total_fills": 891,
      "p95_slippage_bps": 9.510603940928316,
      "mean_slippage_bps": 3.9760419329168397,
      "median_slippage_bps": 3.392825439475831,
      "p99_slippage_bps": 18.18999542874947,
      "maker_ratio": 0.7,
      "fills_under_threshold": 875,
      "pct_under_threshold": 0.9820426487093153,
      "gate_status": "INSUFFICIENT_DATA",
      "reason": "need_2000_fills_have_891",
      "threshold_bps": 15.0,
      "min_sample_size": 2000
    },
    "venue_coinbase": {
      "total_fills": 857,
      "p95_slippage_bps": 8.613722635218199,
      "mean_slippage_bps": 3.842886693727782,
      "median_slippage_bps": 3.2484150802788374,
      "p99_slippage_bps": 18.160425015975886,
      "maker_ratio": 0.7,
      "fills_under_threshold": 839,
      "pct_under_threshold": 0.9789964994165694,
      "gate_status": "INSUFFICIENT_DATA",
      "reason": "need_2000_fills_have_857",
      "threshold_bps": 15.0,
      "min_sample_size": 2000
    },
    "venue_binance": {
      "total_fills": 864,
      "p95_slippage_bps": 9.124088645608808,
      "mean_slippage_bps": 3.9966466464472847,
      "median_slippage_bps": 3.387790195844334,
      "p99_slippage_bps": 18.470052899968266,
      "maker_ratio": 0.7,
      "fills_under_threshold": 845,
      "pct_under_threshold": 0.9780092592592593,
      "gate_status": "INSUFFICIENT_DATA",
      "reason": "need_2000_fills_have_864",
      "threshold_bps": 15.0,
      "min_sample_size": 2000
    },
    "venue_alpaca": {
      "total_fills": 855,
      "p95_slippage_bps": 9.680197891271455,
      "mean_slippage_bps": 4.066691200656755,
      "median_slippage_bps": 3.406309487906301,
      "p99_slippage_bps": 19.206869828904047,
      "maker_ratio": 0.7,
      "fills_under_threshold": 833,
      "pct_under_threshold": 0.9742690058479532,
      "gate_status": "INSUFFICIENT_DATA",
      "reason": "need_2000_fills_have_855",
      "threshold_bps": 15.0,
      "min_sample_size": 2000
    },
    "BTC-USD_alpaca": {
      "total_fills": 289,
      "p95_slippage_bps": 10.326952962050134,
      "mean_slippage_bps": 4.0830107721974285,
      "median_slippage_bps": 3.3658262469499465,
      "p99_slippage_bps": 18.28611098143768,
      "maker_ratio": 0.7,
      "fills_under_threshold": 282,
      "pct_under_threshold": 0.9757785467128027,
      "gate_status": "INSUFFICIENT_DATA",
      "reason": "need_2000_fills_have_289",
      "threshold_bps": 15.0,
      "min_sample_size": 2000
    },
    "BTC-USD_binance": {
      "total_fills": 293,
      "p95_slippage_bps": 9.259741511694337,
      "mean_slippage_bps": 3.9935115570919337,
      "median_slippage_bps": 3.4153473805183014,
      "p99_slippage_bps": 19.062661885668895,
      "maker_ratio": 0.7,
      "fills_under_threshold": 288,
      "pct_under_threshold": 0.9829351535836177,
      "gate_status": "INSUFFICIENT_DATA",
      "reason": "need_2000_fills_have_293",
      "threshold_bps": 15.0,
      "min_sample_size": 2000
    },
    "BTC-USD_coinbase": {
      "total_fills": 309,
      "p95_slippage_bps": 8.65791883140181,
      "mean_slippage_bps": 3.8594315949382225,
      "median_slippage_bps": 3.366397244324613,
      "p99_slippage_bps": 15.312229409263923,
      "maker_ratio": 0.7,
      "fills_under_threshold": 305,
      "pct_under_threshold": 0.9870550161812298,
      "gate_status": "INSUFFICIENT_DATA",
      "reason": "need_2000_fills_have_309",
      "threshold_bps": 15.0,
      "min_sample_size": 2000
    },
    "ETH-USD_alpaca": {
      "total_fills": 283,
      "p95_slippage_bps": 8.941688489155041,
      "mean_slippage_bps": 4.008897286127524,
      "median_slippage_bps": 3.5279760949713848,
      "p99_slippage_bps": 20.010225203508963,
      "maker_ratio": 0.7,
      "fills_under_threshold": 276,
      "pct_under_threshold": 0.9752650176678446,
      "gate_status": "INSUFFICIENT_DATA",
      "reason": "need_2000_fills_have_283",
      "threshold_bps": 15.0,
      "min_sample_size": 2000
    },
    "ETH-USD_binance": {
      "total_fills": 288,
      "p95_slippage_bps": 8.310199239111393,
      "mean_slippage_bps": 4.0491917454177395,
      "median_slippage_bps": 3.404865176286118,
      "p99_slippage_bps": 19.01700288466373,
      "maker_ratio": 0.7,
      "fills_under_threshold": 281,
      "pct_under_threshold": 0.9756944444444444,
      "gate_status": "INSUFFICIENT_DATA",
      "reason": "need_2000_fills_have_288",
      "threshold_bps": 15.0,
      "min_sample_size": 2000
    },
    "ETH-USD_coinbase": {
      "total_fills": 270,
      "p95_slippage_bps": 8.493169288393561,
      "mean_slippage_bps": 3.842678359445358,
      "median_slippage_bps": 3.3827109276788256,
      "p99_slippage_bps": 17.340892625666633,
      "maker_ratio": 0.7,
      "fills_under_threshold": 265,
      "pct_under_threshold": 0.9814814814814815,
      "gate_status": "INSUFFICIENT_DATA",
      "reason": "need_2000_fills_have_270",
      "threshold_bps": 15.0,
      "min_sample_size": 2000
    },
    "NVDA_alpaca": {
      "total_fills": 283,
      "p95_slippage_bps": 9.295311010906437,
      "mean_slippage_bps": 4.107819545662118,
      "median_slippage_bps": 3.31715555991162,
      "p99_slippage_bps": 19.39818719780532,
      "maker_ratio": 0.7,
      "fills_under_threshold": 275,
      "pct_under_threshold": 0.9717314487632509,
      "gate_status": "INSUFFICIENT_DATA",
      "reason": "need_2000_fills_have_283",
      "threshold_bps": 15.0,
      "min_sample_size": 2000
    },
    "NVDA_binance": {
      "total_fills": 283,
      "p95_slippage_bps": 9.253696958759457,
      "mean_slippage_bps": 3.9464190587357173,
      "median_slippage_bps": 3.273825012216463,
      "p99_slippage_bps": 16.612078875344768,
      "maker_ratio": 0.7,
      "fills_under_threshold": 276,
      "pct_under_threshold": 0.9752650176678446,
      "gate_status": "INSUFFICIENT_DATA",
      "reason": "need_2000_fills_have_283",
      "threshold_bps": 15.0,
      "min_sample_size": 2000
    },
    "NVDA_coinbase": {
      "total_fills": 278,
      "p95_slippage_bps": 8.72983331563204,
      "mean_slippage_bps": 3.8246991965415504,
      "median_slippage_bps": 3.0301416519640876,
      "p99_slippage_bps": 20.025055878811177,
      "maker_ratio": 0.7,
      "fills_under_threshold": 269,
      "pct_under_threshold": 0.9676258992805755,
      "gate_status": "INSUFFICIENT_DATA",
      "reason": "need_2000_fills_have_278",