{
  "timestamp": "2025-08-16T19:25:50.927041+00:00",
  "window_hours": 48,
  "threshold_bps": 15.0,
  "min_sample_size": 2000,
  "overall_metrics": {
    "total_fills": 2738,
    "p95_slippage_bps": 8.703412083001064,
    "mean_slippage_bps": 3.95792083659517,
    "median_slippage_bps": 3.4090149444571436,
    "p99_slippage_bps": 18.740929177133626,
    "maker_ratio": 0.7,
    "fills_under_threshold": 2683,
    "pct_under_threshold": 0.9799123447772097,
    "gate_status": "PASS",
    "reason": "criteria_met",
    "threshold_bps": 15.0,
    "min_sample_size": 2000
  },
  "breakdown_metrics": {
    "asset_NVDA": {
      "total_fills": 937,
      "p95_slippage_bps": 8.415142850098366,
      "mean_slippage_bps": 3.966319220727565,
      "median_slippage_bps": 3.362665122266552,
      "p99_slippage_bps": 20.205807739117724,
      "maker_ratio": 0.7,
      "fills_under_threshold": 918,
      "pct_under_threshold": 0.9797225186766275,
      "gate_status": "INSUFFICIENT_DATA",
      "reason": "need_2000_fills_have_937",
      "threshold_bps": 15.0,
      "min_sample_size": 2000
    },
    "asset_BTC-USD": {
      "total_fills": 929,
      "p95_slippage_bps": 8.277531100849282,
      "mean_slippage_bps": 3.858530747673619,
      "median_slippage_bps": 3.4202427422539343,
      "p99_slippage_bps": 17.720035854083495,
      "maker_ratio": 0.7,
      "fills_under_threshold": 916,
      "pct_under_threshold": 0.9860064585575888,
      "gate_status": "INSUFFICIENT_DATA",
      "reason": "need_2000_fills_have_929",
      "threshold_bps": 15.0,
      "min_sample_size": 2000
    },
    "asset_ETH-USD": {
      "total_fills": 872,
      "p95_slippage_bps": 9.03790936207717,
      "mean_slippage_bps": 4.054783344251211,
      "median_slippage_bps": 3.4486003704761625,
      "p99_slippage_bps": 19.12186386395564,
      "maker_ratio": 0.7,
      "fills_under_threshold": 849,
      "pct_under_threshold": 0.9736238532110092,
      "gate_status": "INSUFFICIENT_DATA",
      "reason": "need_2000_fills_have_872",
      "threshold_bps": 15.0,
      "min_sample_size": 2000
    },
    "venue_alpaca": {
      "total_fills": 933,
      "p95_slippage_bps": 8.97681149291679,
      "mean_slippage_bps": 4.0112835389334665,
      "median_slippage_bps": 3.475753952912863,
      "p99_slippage_bps": 18.568694734145133,
      "maker_ratio": 0.7,
      "fills_under_threshold": 914,
      "pct_under_threshold": 0.9796355841371919,
      "gate_status": "INSUFFICIENT_DATA",
      "reason": "need_2000_fills_have_933",
      "threshold_bps": 15.0,
      "min_sample_size": 2000
    },
    "venue_coinbase": {
      "total_fills": 918,
      "p95_slippage_bps": 8.382107114825967,
      "mean_slippage_bps": 3.9386030555310616,
      "median_slippage_bps": 3.3758680172878597,
      "p99_slippage_bps": 18.864837611662203,
      "maker_ratio": 0.7,
      "fills_under_threshold": 899,
      "pct_under_threshold": 0.9793028322440087,
      "gate_status": "INSUFFICIENT_DATA",
      "reason": "need_2000_fills_have_918",
      "threshold_bps": 15.0,
      "min_sample_size": 2000
    },
    "venue_binance": {
      "total_fills": 887,
      "p95_slippage_bps": 8.310801271963719,
      "mean_slippage_bps": 3.9217836570407414,
      "median_slippage_bps": 3.3942572957098465,
      "p99_slippage_bps": 18.254023350782933,
      "maker_ratio": 0.7,
      "fills_under_threshold": 870,
      "pct_under_threshold": 0.9808342728297632,
      "gate_status": "INSUFFICIENT_DATA",
      "reason": "need_2000_fills_have_887",
      "threshold_bps": 15.0,
      "min_sample_size": 2000
    },
    "BTC-USD_alpaca": {
      "total_fills": 305,
      "p95_slippage_bps": 8.860831038850193,
      "mean_slippage_bps": 3.9282569685589506,
      "median_slippage_bps": 3.4183681247330053,
      "p99_slippage_bps": 16.282583506012532,
      "maker_ratio": 0.7,
      "fills_under_threshold": 300,
      "pct_under_threshold": 0.9836065573770492,
      "gate_status": "INSUFFICIENT_DATA",
      "reason": "need_2000_fills_have_305",
      "threshold_bps": 15.0,
      "min_sample_size": 2000
    },
    "BTC-USD_binance": {
      "total_fills": 296,
      "p95_slippage_bps": 7.308454812698102,
      "mean_slippage_bps": 3.7518906638778686,
      "median_slippage_bps": 3.4009806487520633,
      "p99_slippage_bps": 13.011140393965038,
      "maker_ratio": 0.7,
      "fills_under_threshold": 294,
      "pct_under_threshold": 0.9932432432432432,
      "gate_status": "INSUFFICIENT_DATA",
      "reason": "need_2000_fills_have_296",
      "threshold_bps": 15.0,
      "min_sample_size": 2000
    },
    "BTC-USD_coinbase": {
      "total_fills": 328,
      "p95_slippage_bps": 8.25868387081656,
      "mean_slippage_bps": 3.8899300386294615,
      "median_slippage_bps": 3.4485010408155508,
      "p99_slippage_bps": 18.837581278705354,
      "maker_ratio": 0.7,
      "fills_under_threshold": 322,
      "pct_under_threshold": 0.9817073170731707,
      "gate_status": "INSUFFICIENT_DATA",
      "reason": "need_2000_fills_have_328",
      "threshold_bps": 15.0,
      "min_sample_size": 2000
    },
    "ETH-USD_alpaca": {
      "total_fills": 311,
      "p95_slippage_bps": 10.225588483565849,
      "mean_slippage_bps": 4.117612756203115,
      "median_slippage_bps": 3.4831641342196162,
      "p99_slippage_bps": 17.20254065627794,
      "maker_ratio": 0.7,
      "fills_under_threshold": 304,
      "pct_under_threshold": 0.977491961414791,
      "gate_status": "INSUFFICIENT_DATA",
      "reason": "need_2000_fills_have_311",
      "threshold_bps": 15.0,
      "min_sample_size": 2000
    },
    "ETH-USD_binance": {
      "total_fills": 275,
      "p95_slippage_bps": 8.228588033886677,
      "mean_slippage_bps": 4.034066194025967,
      "median_slippage_bps": 3.560101757093406,
      "p99_slippage_bps": 20.310455623544122,
      "maker_ratio": 0.7,
      "fills_under_threshold": 268,
      "pct_under_threshold": 0.9745454545454545,
      "gate_status": "INSUFFICIENT_DATA",
      "reason": "need_2000_fills_have_275",
      "threshold_bps": 15.0,
      "min_sample_size": 2000
    },
    "ETH-USD_coinbase": {
      "total_fills": 286,
      "p95_slippage_bps": 9.268744902355584,
      "mean_slippage_bps": 4.006382187590024,
      "median_slippage_bps": 3.311555979607358,
      "p99_slippage_bps": 19.149982626256403,
      "maker_ratio": 0.7,
      "fills_under_threshold": 277,
      "pct_under_threshold": 0.9685314685314685,
      "gate_status": "INSUFFICIENT_DATA",
      "reason": "need_2000_fills_have_286",
      "threshold_bps": 15.0,
      "min_sample_size": 2000
    },
    "NVDA_alpaca": {
      "total_fills": 317,
      "p95_slippage_bps": 8.53188503662198,
      "mean_slippage_bps": 3.9868504707737396,
      "median_slippage_bps": 3.5169587258995727,
      "p99_slippage_bps": 20.54072833256913,
      "maker_ratio": 0.7,
      "fills_under_threshold": 310,
      "pct_under_threshold": 0.9779179810725552,
      "gate_status": "INSUFFICIENT_DATA",
      "reason": "need_2000_fills_have_317",
      "threshold_bps": 15.0,
      "min_sample_size": 2000
    },
    "NVDA_binance": {
      "total_fills": 316,
      "p95_slippage_bps": 8.83980851989611,
      "mean_slippage_bps": 3.9832096959814813,
      "median_slippage_bps": 3.208157284977868,
      "p99_slippage_bps": 18.149536650480304,
      "maker_ratio": 0.7,
      "fills_under_threshold": 308,
      "pct_under_threshold": 0.9746835443037974,
      "gate_status": "INSUFFICIENT_DATA",
      "reason": "need_2000_fills_have_316",
      "threshold_bps": 15.0,
      "min_sample_size": 2000
    },
    "NVDA_coinbase": {
      "total_fills": 304,
      "p95_slippage_bps": 7.646761550819776,
      "mean_slippage_bps": 3.9273527850536336,
      "median_slippage_bps": 3.352369480505127,
      "p99_slippage_bps": 18.489396439227104,
      "maker_ratio": 0.7,
      "fills_under_threshold": 300,
      "pct_under_threshold": 0.9868421052631579,
      "gate_status": "INSUFFICIENT_DATA",