{
  "timestamp": "2025-08-16T23:03:45.158601+00:00",
  "window_hours": 48,
  "threshold_bps": 15.0,
  "min_sample_size": 2000,
  "overall_metrics": {
    "total_fills": 2754,
    "p95_slippage_bps": 9.374407030639524,
    "mean_slippage_bps": 4.021748713417756,
    "median_slippage_bps": 3.3718566259596163,
    "p99_slippage_bps": 17.93777276521226,
    "maker_ratio": 0.7,
    "fills_under_threshold": 2700,
    "pct_under_threshold": 0.9803921568627451,
    "gate_status": "PASS",
    "reason": "criteria_met",
    "threshold_bps": 15.0,
    "min_sample_size": 2000
  },
  "breakdown_metrics": {
    "asset_ETH-USD": {
      "total_fills": 903,
      "p95_slippage_bps": 9.674247383812068,
      "mean_slippage_bps": 3.986576570405207,
      "median_slippage_bps": 3.3644976693508353,
      "p99_slippage_bps": 18.041957160072844,
      "maker_ratio": 0.7,
      "fills_under_threshold": 885,
      "pct_under_threshold": 0.9800664451827242,
      "gate_status": "INSUFFICIENT_DATA",
      "reason": "need_2000_fills_have_903",
      "threshold_bps": 15.0,
      "min_sample_size": 2000
    },
    "asset_BTC-USD": {
      "total_fills": 920,
      "p95_slippage_bps": 9.855314387512198,
      "mean_slippage_bps": 4.205914719796129,
      "median_slippage_bps": 3.4652722408192678,
      "p99_slippage_bps": 19.04767984998633,
      "maker_ratio": 0.7,
      "fills_under_threshold": 897,
      "pct_under_threshold": 0.975,
      "gate_status": "INSUFFICIENT_DATA",
      "reason": "need_2000_fills_have_920",
      "threshold_bps": 15.0,
      "min_sample_size": 2000
    },
    "asset_NVDA": {
      "total_fills": 931,
      "p95_slippage_bps": 9.041958837956205,
      "mean_slippage_bps": 3.87387300909147,
      "median_slippage_bps": 3.3043538113412914,
      "p99_slippage_bps": 16.1596990945032,
      "maker_ratio": 0.7,
      "fills_under_threshold": 918,
      "pct_under_threshold": 0.9860365198711063,
      "gate_status": "INSUFFICIENT_DATA",
      "reason": "need_2000_fills_have_931",
      "threshold_bps": 15.0,
      "min_sample_size": 2000
    },
    "venue_binance": {
      "total_fills": 893,
      "p95_slippage_bps": 9.283176351331553,
      "mean_slippage_bps": 3.9884960047756843,
      "median_slippage_bps": 3.379209291858646,
      "p99_slippage_bps": 17.568341954902078,
      "maker_ratio": 0.7,
      "fills_under_threshold": 878,
      "pct_under_threshold": 0.9832026875699889,
      "gate_status": "INSUFFICIENT_DATA",
      "reason": "need_2000_fills_have_893",
      "threshold_bps": 15.0,
      "min_sample_size": 2000
    },
    "venue_alpaca": {
      "total_fills": 904,
      "p95_slippage_bps": 9.007262812106367,
      "mean_slippage_bps": 3.986677609583565,
      "median_slippage_bps": 3.340405919570977,
      "p99_slippage_bps": 18.413296952101184,
      "maker_ratio": 0.7,
      "fills_under_threshold": 884,
      "pct_under_threshold": 0.9778761061946902,
      "gate_status": "INSUFFICIENT_DATA",
      "reason": "need_2000_fills_have_904",
      "threshold_bps": 15.0,
      "min_sample_size": 2000
    },
    "venue_coinbase": {
      "total_fills": 957,
      "p95_slippage_bps": 9.588651034890992,
      "mean_slippage_bps": 4.085906442449604,
      "median_slippage_bps": 3.438169357175643,
      "p99_slippage_bps": 17.61425669217007,
      "maker_ratio": 0.7,
      "fills_under_threshold": 938,
      "pct_under_threshold": 0.9801462904911181,
      "gate_status": "INSUFFICIENT_DATA",
      "reason": "need_2000_fills_have_957",
      "threshold_bps": 15.0,
      "min_sample_size": 2000
    },
    "BTC-USD_alpaca": {
      "total_fills": 322,
      "p95_slippage_bps": 8.568837201935493,
      "mean_slippage_bps": 4.00795806434908,
      "median_slippage_bps": 3.3751955929930806,
      "p99_slippage_bps": 17.561482514680574,
      "maker_ratio": 0.7,
      "fills_under_threshold": 316,
      "pct_under_threshold": 0.9813664596273292,
      "gate_status": "INSUFFICIENT_DATA",
      "reason": "need_2000_fills_have_322",
      "threshold_bps": 15.0,
      "min_sample_size": 2000
    },
    "BTC-USD_binance": {
      "total_fills": 298,
      "p95_slippage_bps": 8.778331220396,
      "mean_slippage_bps": 4.084813688539653,
      "median_slippage_bps": 3.364090630638649,
      "p99_slippage_bps": 20.88888822892906,
      "maker_ratio": 0.7,
      "fills_under_threshold": 291,
      "pct_under_threshold": 0.9765100671140939,
      "gate_status": "INSUFFICIENT_DATA",
      "reason": "need_2000_fills_have_298",
      "threshold_bps": 15.0,
      "min_sample_size": 2000
    },
    "BTC-USD_coinbase": {
      "total_fills": 300,
      "p95_slippage_bps": 10.925274133947406,
      "mean_slippage_bps": 4.53868188769073,
      "median_slippage_bps": 3.6754265684321363,
      "p99_slippage_bps": 18.224039840506467,
      "maker_ratio": 0.7,
      "fills_under_threshold": 290,
      "pct_under_threshold": 0.9666666666666667,
      "gate_status": "INSUFFICIENT_DATA",
      "reason": "need_2000_fills_have_300",
      "threshold_bps": 15.0,
      "min_sample_size": 2000
    },
    "ETH-USD_alpaca": {
      "total_fills": 298,
      "p95_slippage_bps": 9.639029930934239,
      "mean_slippage_bps": 4.019764738417858,
      "median_slippage_bps": 3.281634048330539,
      "p99_slippage_bps": 19.43625920239146,
      "maker_ratio": 0.7,
      "fills_under_threshold": 289,
      "pct_under_threshold": 0.9697986577181208,
      "gate_status": "INSUFFICIENT_DATA",
      "reason": "need_2000_fills_have_298",
      "threshold_bps": 15.0,
      "min_sample_size": 2000
    },
    "ETH-USD_binance": {
      "total_fills": 291,
      "p95_slippage_bps": 9.989747748572892,
      "mean_slippage_bps": 4.065770271805802,
      "median_slippage_bps": 3.3741824550996657,
      "p99_slippage_bps": 16.519734345120714,
      "maker_ratio": 0.7,
      "fills_under_threshold": 285,
      "pct_under_threshold": 0.979381443298969,
      "gate_status": "INSUFFICIENT_DATA",
      "reason": "need_2000_fills_have_291",
      "threshold_bps": 15.0,
      "min_sample_size": 2000
    },
    "ETH-USD_coinbase": {
      "total_fills": 314,
      "p95_slippage_bps": 9.014096759854072,
      "mean_slippage_bps": 3.881686630356342,
      "median_slippage_bps": 3.477524209645218,
      "p99_slippage_bps": 13.018127128558815,
      "maker_ratio": 0.7,
      "fills_under_threshold": 311,
      "pct_under_threshold": 0.9904458598726115,
      "gate_status": "INSUFFICIENT_DATA",
      "reason": "need_2000_fills_have_314",
      "threshold_bps": 15.0,
      "min_sample_size": 2000
    },
    "NVDA_alpaca": {
      "total_fills": 284,
      "p95_slippage_bps": 8.743007487735115,
      "mean_slippage_bps": 3.927831585544428,
      "median_slippage_bps": 3.341897598415554,
      "p99_slippage_bps": 17.104641347383684,
      "maker_ratio": 0.7,
      "fills_under_threshold": 279,
      "pct_under_threshold": 0.9823943661971831,
      "gate_status": "INSUFFICIENT_DATA",
      "reason": "need_2000_fills_have_284",
      "threshold_bps": 15.0,
      "min_sample_size": 2000
    },
    "NVDA_binance": {
      "total_fills": 304,
      "p95_slippage_bps": 9.202668660153487,
      "mean_slippage_bps": 3.8201095525802007,
      "median_slippage_bps": 3.3810498350862552,
      "p99_slippage_bps": 13.961830286858904,
      "maker_ratio": 0.7,
      "fills_under_threshold": 302,
      "pct_under_threshold": 0.993421052631579,
      "gate_status": "INSUFFICIENT_DATA",
      "reason": "need_2000_fills_have_304",
      "threshold_bps": 15.0,
      "min_sample_size": 2000
    },
    "NVDA_coinbase": {
      "total_fills": 343,
      "p95_slippage_bps": 8.973148810614184,
      "mean_slippage_bps": 3.8768463474786,
      "median_slippage_bps": 3.2039826836921357,
      "p99_slippage_bps": 16.195256184187492,
      "maker_ratio": 0.7,
      "fills_under_threshold": 337,
      "pct_under_threshold": 0.9825072886297376,
      "gate_status": "INSUFFICIENT_DATA",
      "reason": "need_2000_fills_have_343",