{
  "timestamp": "2025-08-16T19:15:28.584261+00:00",
  "window_hours": 48,
  "threshold_bps": 15.0,
  "min_sample_size": 2000,
  "overall_metrics": {
    "total_fills": 2786,
    "p95_slippage_bps": 9.33045178243537,
    "mean_slippage_bps": 4.029367879892479,
    "median_slippage_bps": 3.433260081232242,
    "p99_slippage_bps": 17.82465635912353,
    "maker_ratio": 0.7,
    "fills_under_threshold": 2730,
    "pct_under_threshold": 0.9798994974874372,
    "gate_status": "PASS",
    "reason": "criteria_met",
    "threshold_bps": 15.0,
    "min_sample_size": 2000
  },
  "breakdown_metrics": {
    "asset_NVDA": {
      "total_fills": 920,
      "p95_slippage_bps": 9.752626402673846,
      "mean_slippage_bps": 4.089763853554603,
      "median_slippage_bps": 3.4599853466669916,
      "p99_slippage_bps": 18.44746269981179,
      "maker_ratio": 0.7,
      "fills_under_threshold": 901,
      "pct_under_threshold": 0.9793478260869565,
      "gate_status": "INSUFFICIENT_DATA",
      "reason": "need_2000_fills_have_920",
      "threshold_bps": 15.0,
      "min_sample_size": 2000
    },
    "asset_BTC-USD": {
      "total_fills": 954,
      "p95_slippage_bps": 8.830814351635528,
      "mean_slippage_bps": 3.9945480137620875,
      "median_slippage_bps": 3.4523344287884066,
      "p99_slippage_bps": 17.10286777095126,
      "maker_ratio": 0.7,
      "fills_under_threshold": 937,
      "pct_under_threshold": 0.9821802935010482,
      "gate_status": "INSUFFICIENT_DATA",
      "reason": "need_2000_fills_have_954",
      "threshold_bps": 15.0,
      "min_sample_size": 2000
    },
    "asset_ETH-USD": {
      "total_fills": 912,
      "p95_slippage_bps": 9.352248310402606,
      "mean_slippage_bps": 4.0048655295846265,
      "median_slippage_bps": 3.3984528400392167,
      "p99_slippage_bps": 17.635973908044672,
      "maker_ratio": 0.7,
      "fills_under_threshold": 892,
      "pct_under_threshold": 0.9780701754385965,
      "gate_status": "INSUFFICIENT_DATA",
      "reason": "need_2000_fills_have_912",
      "threshold_bps": 15.0,
      "min_sample_size": 2000
    },
    "venue_coinbase": {
      "total_fills": 931,
      "p95_slippage_bps": 9.14892326232265,
      "mean_slippage_bps": 3.9907677214531487,
      "median_slippage_bps": 3.438940232537194,
      "p99_slippage_bps": 16.755756775624675,
      "maker_ratio": 0.7,
      "fills_under_threshold": 912,
      "pct_under_threshold": 0.9795918367346939,
      "gate_status": "INSUFFICIENT_DATA",
      "reason": "need_2000_fills_have_931",
      "threshold_bps": 15.0,
      "min_sample_size": 2000
    },
    "venue_binance": {
      "total_fills": 893,
      "p95_slippage_bps": 9.69789244555482,
      "mean_slippage_bps": 3.9756731611186433,
      "median_slippage_bps": 3.398392748763519,
      "p99_slippage_bps": 18.303341621695992,
      "maker_ratio": 0.7,
      "fills_under_threshold": 878,
      "pct_under_threshold": 0.9832026875699889,
      "gate_status": "INSUFFICIENT_DATA",
      "reason": "need_2000_fills_have_893",
      "threshold_bps": 15.0,
      "min_sample_size": 2000
    },
    "venue_alpaca": {
      "total_fills": 962,
      "p95_slippage_bps": 9.141269589426303,
      "mean_slippage_bps": 4.116567600653447,
      "median_slippage_bps": 3.45479333737579,
      "p99_slippage_bps": 17.95741462648069,
      "maker_ratio": 0.7,
      "fills_under_threshold": 940,
      "pct_under_threshold": 0.9771309771309772,
      "gate_status": "INSUFFICIENT_DATA",
      "reason": "need_2000_fills_have_962",
      "threshold_bps": 15.0,
      "min_sample_size": 2000
    },
    "BTC-USD_alpaca": {
      "total_fills": 319,
      "p95_slippage_bps": 9.158952720220626,
      "mean_slippage_bps": 4.020992366859397,
      "median_slippage_bps": 3.4187859062143167,
      "p99_slippage_bps": 17.205074043493973,
      "maker_ratio": 0.7,
      "fills_under_threshold": 313,
      "pct_under_threshold": 0.9811912225705329,
      "gate_status": "INSUFFICIENT_DATA",
      "reason": "need_2000_fills_have_319",
      "threshold_bps": 15.0,
      "min_sample_size": 2000
    },
    "BTC-USD_binance": {
      "total_fills": 318,
      "p95_slippage_bps": 8.54998966091827,
      "mean_slippage_bps": 3.995171759701203,
      "median_slippage_bps": 3.5711845860141804,
      "p99_slippage_bps": 15.201396023690481,
      "maker_ratio": 0.7,
      "fills_under_threshold": 314,
      "pct_under_threshold": 0.9874213836477987,
      "gate_status": "INSUFFICIENT_DATA",
      "reason": "need_2000_fills_have_318",
      "threshold_bps": 15.0,
      "min_sample_size": 2000
    },
    "BTC-USD_coinbase": {
      "total_fills": 317,
      "p95_slippage_bps": 8.496473552481369,
      "mean_slippage_bps": 3.9673111057283945,
      "median_slippage_bps": 3.424103243295002,
      "p99_slippage_bps": 16.904130870003904,
      "maker_ratio": 0.7,
      "fills_under_threshold": 310,
      "pct_under_threshold": 0.9779179810725552,
      "gate_status": "INSUFFICIENT_DATA",
      "reason": "need_2000_fills_have_317",
      "threshold_bps": 15.0,
      "min_sample_size": 2000
    },
    "ETH-USD_alpaca": {
      "total_fills": 318,
      "p95_slippage_bps": 8.304425848816873,
      "mean_slippage_bps": 4.0663872263439105,
      "median_slippage_bps": 3.551336269189897,
      "p99_slippage_bps": 17.20912327723974,
      "maker_ratio": 0.7,
      "fills_under_threshold": 310,
      "pct_under_threshold": 0.9748427672955975,
      "gate_status": "INSUFFICIENT_DATA",
      "reason": "need_2000_fills_have_318",
      "threshold_bps": 15.0,
      "min_sample_size": 2000
    },
    "ETH-USD_binance": {
      "total_fills": 274,
      "p95_slippage_bps": 10.275953530862594,
      "mean_slippage_bps": 4.040342131558797,
      "median_slippage_bps": 3.179509350147322,
      "p99_slippage_bps": 19.08582991691824,
      "maker_ratio": 0.7,
      "fills_under_threshold": 268,
      "pct_under_threshold": 0.9781021897810219,
      "gate_status": "INSUFFICIENT_DATA",
      "reason": "need_2000_fills_have_274",
      "threshold_bps": 15.0,
      "min_sample_size": 2000
    },
    "ETH-USD_coinbase": {
      "total_fills": 320,
      "p95_slippage_bps": 8.879376560512378,
      "mean_slippage_bps": 3.9133515029897046,
      "median_slippage_bps": 3.428213502870243,
      "p99_slippage_bps": 15.575982708168706,
      "maker_ratio": 0.7,
      "fills_under_threshold": 314,
      "pct_under_threshold": 0.98125,
      "gate_status": "INSUFFICIENT_DATA",
      "reason": "need_2000_fills_have_320",
      "threshold_bps": 15.0,
      "min_sample_size": 2000
    },
    "NVDA_alpaca": {
      "total_fills": 325,
      "p95_slippage_bps": 9.686029758026526,
      "mean_slippage_bps": 4.259477934840322,
      "median_slippage_bps": 3.5091105077810423,
      "p99_slippage_bps": 19.21487615253404,
      "maker_ratio": 0.7,
      "fills_under_threshold": 317,
      "pct_under_threshold": 0.9753846153846154,
      "gate_status": "INSUFFICIENT_DATA",
      "reason": "need_2000_fills_have_325",
      "threshold_bps": 15.0,
      "min_sample_size": 2000
    },
    "NVDA_binance": {
      "total_fills": 301,
      "p95_slippage_bps": 10.135064440185301,
      "mean_slippage_bps": 3.896205213444704,
      "median_slippage_bps": 3.376387206145936,
      "p99_slippage_bps": 18.292484969954696,
      "maker_ratio": 0.7,
      "fills_under_threshold": 296,
      "pct_under_threshold": 0.9833887043189369,
      "gate_status": "INSUFFICIENT_DATA",
      "reason": "need_2000_fills_have_301",
      "threshold_bps": 15.0,
      "min_sample_size": 2000
    },
    "NVDA_coinbase": {
      "total_fills": 294,
      "p95_slippage_bps": 9.748009499187338,
      "mean_slippage_bps": 4.100321929252634,
      "median_slippage_bps": 3.4955405301430256,
      "p99_slippage_bps": 17.03347081607827,
      "maker_ratio": 0.7,
      "fills_under_threshold": 288,
      "pct_under_threshold": 0.9795918367346939,
      "gate_status": "INSUFFICIENT_DATA",
      "reason": "need_2000_fills_have_294",