{
  "timestamp": "2025-08-16T13:17:32.941149+00:00",
  "window_hours": 48,
  "threshold_bps": 15.0,
  "min_sample_size": 2000,
  "overall_metrics": {
    "total_fills": 2766,
    "p95_slippage_bps": 9.173538088700063,
    "mean_slippage_bps": 4.057041399236073,
    "median_slippage_bps": 3.466472551341449,
    "p99_slippage_bps": 18.523782502380083,
    "maker_ratio": 0.7,
    "fills_under_threshold": 2711,
    "pct_under_threshold": 0.980115690527838,
    "gate_status": "PASS",
    "reason": "criteria_met",
    "threshold_bps": 15.0,
    "min_sample_size": 2000
  },
  "breakdown_metrics": {
    "asset_BTC-USD": {
      "total_fills": 947,
      "p95_slippage_bps": 9.43207616701727,
      "mean_slippage_bps": 4.113338504206895,
      "median_slippage_bps": 3.4431517851818674,
      "p99_slippage_bps": 18.77918093304026,
      "maker_ratio": 0.7,
      "fills_under_threshold": 927,
      "pct_under_threshold": 0.9788806758183738,
      "gate_status": "INSUFFICIENT_DATA",
      "reason": "need_2000_fills_have_947",
      "threshold_bps": 15.0,
      "min_sample_size": 2000
    },
    "asset_NVDA": {
      "total_fills": 931,
      "p95_slippage_bps": 9.08699746539309,
      "mean_slippage_bps": 4.149582778586627,
      "median_slippage_bps": 3.480684183473261,
      "p99_slippage_bps": 19.38635274167268,
      "maker_ratio": 0.7,
      "fills_under_threshold": 908,
      "pct_under_threshold": 0.9752953813104189,
      "gate_status": "INSUFFICIENT_DATA",
      "reason": "need_2000_fills_have_931",
      "threshold_bps": 15.0,
      "min_sample_size": 2000
    },
    "asset_ETH-USD": {
      "total_fills": 888,
      "p95_slippage_bps": 8.534326774207136,
      "mean_slippage_bps": 3.899981283714977,
      "median_slippage_bps": 3.435723941058374,
      "p99_slippage_bps": 17.063931123468475,
      "maker_ratio": 0.7,
      "fills_under_threshold": 876,
      "pct_under_threshold": 0.9864864864864865,
      "gate_status": "INSUFFICIENT_DATA",
      "reason": "need_2000_fills_have_888",
      "threshold_bps": 15.0,
      "min_sample_size": 2000
    },
    "venue_alpaca": {
      "total_fills": 917,
      "p95_slippage_bps": 9.0959744340941,
      "mean_slippage_bps": 4.067710999088316,
      "median_slippage_bps": 3.4171283772319208,
      "p99_slippage_bps": 18.552400155465943,
      "maker_ratio": 0.7,
      "fills_under_threshold": 898,
      "pct_under_threshold": 0.9792802617230099,
      "gate_status": "INSUFFICIENT_DATA",
      "reason": "need_2000_fills_have_917",
      "threshold_bps": 15.0,
      "min_sample_size": 2000
    },
    "venue_coinbase": {
      "total_fills": 923,
      "p95_slippage_bps": 9.495559654098013,
      "mean_slippage_bps": 4.031234303801619,
      "median_slippage_bps": 3.3714119876563644,
      "p99_slippage_bps": 19.170869847929033,
      "maker_ratio": 0.7,
      "fills_under_threshold": 904,
      "pct_under_threshold": 0.9794149512459371,
      "gate_status": "INSUFFICIENT_DATA",
      "reason": "need_2000_fills_have_923",
      "threshold_bps": 15.0,
      "min_sample_size": 2000
    },
    "venue_binance": {
      "total_fills": 926,
      "p95_slippage_bps": 8.972475508801043,
      "mean_slippage_bps": 4.072198986732288,
      "median_slippage_bps": 3.5781179528579097,
      "p99_slippage_bps": 17.219649431872526,
      "maker_ratio": 0.7,
      "fills_under_threshold": 909,
      "pct_under_threshold": 0.9816414686825053,
      "gate_status": "INSUFFICIENT_DATA",
      "reason": "need_2000_fills_have_926",
      "threshold_bps": 15.0,
      "min_sample_size": 2000
    },
    "BTC-USD_alpaca": {
      "total_fills": 326,
      "p95_slippage_bps": 9.309950337775856,
      "mean_slippage_bps": 4.215846886655519,
      "median_slippage_bps": 3.4077789970022225,
      "p99_slippage_bps": 18.34123038119824,
      "maker_ratio": 0.7,
      "fills_under_threshold": 318,
      "pct_under_threshold": 0.9754601226993865,
      "gate_status": "INSUFFICIENT_DATA",
      "reason": "need_2000_fills_have_326",
      "threshold_bps": 15.0,
      "min_sample_size": 2000
    },
    "BTC-USD_binance": {
      "total_fills": 318,
      "p95_slippage_bps": 9.666122737258704,
      "mean_slippage_bps": 4.079410938490611,
      "median_slippage_bps": 3.595573966929125,
      "p99_slippage_bps": 15.371372498916172,
      "maker_ratio": 0.7,
      "fills_under_threshold": 314,
      "pct_under_threshold": 0.9874213836477987,
      "gate_status": "INSUFFICIENT_DATA",
      "reason": "need_2000_fills_have_318",
      "threshold_bps": 15.0,
      "min_sample_size": 2000
    },
    "BTC-USD_coinbase": {
      "total_fills": 303,
      "p95_slippage_bps": 9.23728709243723,
      "mean_slippage_bps": 4.038656105591473,
      "median_slippage_bps": 3.3161161532806602,
      "p99_slippage_bps": 19.285903439560407,
      "maker_ratio": 0.7,
      "fills_under_threshold": 295,
      "pct_under_threshold": 0.9735973597359736,
      "gate_status": "INSUFFICIENT_DATA",
      "reason": "need_2000_fills_have_303",
      "threshold_bps": 15.0,
      "min_sample_size": 2000
    },
    "ETH-USD_alpaca": {
      "total_fills": 284,
      "p95_slippage_bps": 8.187901547312997,
      "mean_slippage_bps": 3.8195814658797356,
      "median_slippage_bps": 3.3071697815280396,
      "p99_slippage_bps": 16.065209992745316,
      "maker_ratio": 0.7,
      "fills_under_threshold": 280,
      "pct_under_threshold": 0.9859154929577465,
      "gate_status": "INSUFFICIENT_DATA",
      "reason": "need_2000_fills_have_284",
      "threshold_bps": 15.0,
      "min_sample_size": 2000
    },
    "ETH-USD_binance": {
      "total_fills": 308,
      "p95_slippage_bps": 8.455026221464884,
      "mean_slippage_bps": 3.8619524526635187,
      "median_slippage_bps": 3.539739467895809,
      "p99_slippage_bps": 15.054885893601172,
      "maker_ratio": 0.7,
      "fills_under_threshold": 304,
      "pct_under_threshold": 0.987012987012987,
      "gate_status": "INSUFFICIENT_DATA",
      "reason": "need_2000_fills_have_308",
      "threshold_bps": 15.0,
      "min_sample_size": 2000
    },
    "ETH-USD_coinbase": {
      "total_fills": 296,
      "p95_slippage_bps": 9.83263825601819,
      "mean_slippage_bps": 4.016692189894227,
      "median_slippage_bps": 3.489038404256359,
      "p99_slippage_bps": 17.77231244480559,
      "maker_ratio": 0.7,
      "fills_under_threshold": 292,
      "pct_under_threshold": 0.9864864864864865,
      "gate_status": "INSUFFICIENT_DATA",
      "reason": "need_2000_fills_have_296",
      "threshold_bps": 15.0,
      "min_sample_size": 2000
    },
    "NVDA_alpaca": {
      "total_fills": 307,
      "p95_slippage_bps": 8.968536558542198,
      "mean_slippage_bps": 4.139947116626846,
      "median_slippage_bps": 3.485616876894143,
      "p99_slippage_bps": 18.984749899478253,
      "maker_ratio": 0.7,
      "fills_under_threshold": 300,
      "pct_under_threshold": 0.9771986970684039,
      "gate_status": "INSUFFICIENT_DATA",
      "reason": "need_2000_fills_have_307",
      "threshold_bps": 15.0,
      "min_sample_size": 2000
    },
    "NVDA_binance": {
      "total_fills": 300,
      "p95_slippage_bps": 8.976017261277928,
      "mean_slippage_bps": 4.28040742617907,
      "median_slippage_bps": 3.611328935757495,
      "p99_slippage_bps": 19.617756589225834,
      "maker_ratio": 0.7,
      "fills_under_threshold": 291,
      "pct_under_threshold": 0.97,
      "gate_status": "INSUFFICIENT_DATA",
      "reason": "need_2000_fills_have_300",
      "threshold_bps": 15.0,
      "min_sample_size": 2000
    },
    "NVDA_coinbase": {
      "total_fills": 324,
      "p95_slippage_bps": 9.72222274097699,
      "mean_slippage_bps": 4.037578932734527,
      "median_slippage_bps": 3.368407463195946,
      "p99_slippage_bps": 19.074642286258452,
      "maker_ratio": 0.7,
      "fills_under_threshold": 317,
      "pct_under_threshold": 0.9783950617283951,
      "gate_status": "INSUFFICIENT_DATA",
      "reason": "need_2000_fills_have_324",