{
  "timestamp": "2025-08-16T16:03:34.024011+00:00",
  "window_hours": 48,
  "threshold_bps": 15.0,
  "min_sample_size": 2000,
  "overall_metrics": {
    "total_fills": 2777,
    "p95_slippage_bps": 8.791261932974837,
    "mean_slippage_bps": 4.027297609977391,
    "median_slippage_bps": 3.446875656973484,
    "p99_slippage_bps": 18.777274873058797,
    "maker_ratio": 0.7,
    "fills_under_threshold": 2726,
    "pct_under_threshold": 0.9816348577601729,
    "gate_status": "PASS",
    "reason": "criteria_met",
    "threshold_bps": 15.0,
    "min_sample_size": 2000
  },
  "breakdown_metrics": {
    "asset_BTC-USD": {
      "total_fills": 947,
      "p95_slippage_bps": 8.631087865118566,
      "mean_slippage_bps": 4.026116766907445,
      "median_slippage_bps": 3.4366848625312802,
      "p99_slippage_bps": 19.705163030861662,
      "maker_ratio": 0.7,
      "fills_under_threshold": 927,
      "pct_under_threshold": 0.9788806758183738,
      "gate_status": "INSUFFICIENT_DATA",
      "reason": "need_2000_fills_have_947",
      "threshold_bps": 15.0,
      "min_sample_size": 2000
    },
    "asset_ETH-USD": {
      "total_fills": 931,
      "p95_slippage_bps": 8.7541551082053,
      "mean_slippage_bps": 3.990139587720158,
      "median_slippage_bps": 3.4184046513104045,
      "p99_slippage_bps": 15.827910570131278,
      "maker_ratio": 0.7,
      "fills_under_threshold": 917,
      "pct_under_threshold": 0.9849624060150376,
      "gate_status": "INSUFFICIENT_DATA",
      "reason": "need_2000_fills_have_931",
      "threshold_bps": 15.0,
      "min_sample_size": 2000
    },
    "asset_NVDA": {
      "total_fills": 899,
      "p95_slippage_bps": 9.058140721819175,
      "mean_slippage_bps": 4.067022167384203,
      "median_slippage_bps": 3.4759984292363786,
      "p99_slippage_bps": 19.1498232291433,
      "maker_ratio": 0.7,
      "fills_under_threshold": 882,
      "pct_under_threshold": 0.9810901001112347,
      "gate_status": "INSUFFICIENT_DATA",
      "reason": "need_2000_fills_have_899",
      "threshold_bps": 15.0,
      "min_sample_size": 2000
    },
    "venue_binance": {
      "total_fills": 920,
      "p95_slippage_bps": 8.517661340334078,
      "mean_slippage_bps": 3.923268166445855,
      "median_slippage_bps": 3.371780583025649,
      "p99_slippage_bps": 19.06401702918852,
      "maker_ratio": 0.7,
      "fills_under_threshold": 906,
      "pct_under_threshold": 0.9847826086956522,
      "gate_status": "INSUFFICIENT_DATA",
      "reason": "need_2000_fills_have_920",
      "threshold_bps": 15.0,
      "min_sample_size": 2000
    },
    "venue_coinbase": {
      "total_fills": 935,
      "p95_slippage_bps": 8.382641309590776,
      "mean_slippage_bps": 3.978037253049053,
      "median_slippage_bps": 3.489844805544403,
      "p99_slippage_bps": 16.8487580711506,
      "maker_ratio": 0.7,
      "fills_under_threshold": 918,
      "pct_under_threshold": 0.9818181818181818,
      "gate_status": "INSUFFICIENT_DATA",
      "reason": "need_2000_fills_have_935",
      "threshold_bps": 15.0,
      "min_sample_size": 2000
    },
    "venue_alpaca": {
      "total_fills": 922,
      "p95_slippage_bps": 9.027831291911369,
      "mean_slippage_bps": 4.181056310386296,
      "median_slippage_bps": 3.487022414886784,
      "p99_slippage_bps": 18.950859613351753,
      "maker_ratio": 0.7,
      "fills_under_threshold": 902,
      "pct_under_threshold": 0.9783080260303688,
      "gate_status": "INSUFFICIENT_DATA",
      "reason": "need_2000_fills_have_922",
      "threshold_bps": 15.0,
      "min_sample_size": 2000
    },
    "BTC-USD_alpaca": {
      "total_fills": 326,
      "p95_slippage_bps": 8.635154472770207,
      "mean_slippage_bps": 4.135200201419206,
      "median_slippage_bps": 3.474362471374609,
      "p99_slippage_bps": 18.412089871088114,
      "maker_ratio": 0.7,
      "fills_under_threshold": 318,
      "pct_under_threshold": 0.9754601226993865,
      "gate_status": "INSUFFICIENT_DATA",
      "reason": "need_2000_fills_have_326",
      "threshold_bps": 15.0,
      "min_sample_size": 2000
    },
    "BTC-USD_binance": {
      "total_fills": 295,
      "p95_slippage_bps": 8.075682874240348,
      "mean_slippage_bps": 3.7696221344246217,
      "median_slippage_bps": 3.3289711055667426,
      "p99_slippage_bps": 11.591894094142255,
      "maker_ratio": 0.7,
      "fills_under_threshold": 292,
      "pct_under_threshold": 0.9898305084745763,
      "gate_status": "INSUFFICIENT_DATA",
      "reason": "need_2000_fills_have_295",
      "threshold_bps": 15.0,
      "min_sample_size": 2000
    },
    "BTC-USD_coinbase": {
      "total_fills": 326,
      "p95_slippage_bps": 9.792601167360829,
      "mean_slippage_bps": 4.149137370992104,
      "median_slippage_bps": 3.5167396198054734,
      "p99_slippage_bps": 20.0199426640667,
      "maker_ratio": 0.7,
      "fills_under_threshold": 317,
      "pct_under_threshold": 0.9723926380368099,
      "gate_status": "INSUFFICIENT_DATA",
      "reason": "need_2000_fills_have_326",
      "threshold_bps": 15.0,
      "min_sample_size": 2000
    },
    "ETH-USD_alpaca": {
      "total_fills": 315,
      "p95_slippage_bps": 9.270025521376422,
      "mean_slippage_bps": 4.207404653892285,
      "median_slippage_bps": 3.448902034457211,
      "p99_slippage_bps": 18.90877262716194,
      "maker_ratio": 0.7,
      "fills_under_threshold": 308,
      "pct_under_threshold": 0.9777777777777777,
      "gate_status": "INSUFFICIENT_DATA",
      "reason": "need_2000_fills_have_315",
      "threshold_bps": 15.0,
      "min_sample_size": 2000
    },
    "ETH-USD_binance": {
      "total_fills": 319,
      "p95_slippage_bps": 8.26287814688074,
      "mean_slippage_bps": 3.9460435920208536,
      "median_slippage_bps": 3.4184046513104045,
      "p99_slippage_bps": 14.48558605641561,
      "maker_ratio": 0.7,
      "fills_under_threshold": 316,
      "pct_under_threshold": 0.9905956112852664,
      "gate_status": "INSUFFICIENT_DATA",
      "reason": "need_2000_fills_have_319",
      "threshold_bps": 15.0,
      "min_sample_size": 2000
    },
    "ETH-USD_coinbase": {
      "total_fills": 297,
      "p95_slippage_bps": 8.003810094794789,
      "mean_slippage_bps": 3.8070693075311275,
      "median_slippage_bps": 3.412360584163522,
      "p99_slippage_bps": 15.183398018692921,
      "maker_ratio": 0.7,
      "fills_under_threshold": 293,
      "pct_under_threshold": 0.9865319865319865,
      "gate_status": "INSUFFICIENT_DATA",
      "reason": "need_2000_fills_have_297",
      "threshold_bps": 15.0,
      "min_sample_size": 2000
    },
    "NVDA_alpaca": {
      "total_fills": 281,
      "p95_slippage_bps": 9.055298239283559,
      "mean_slippage_bps": 4.204719525044248,
      "median_slippage_bps": 3.5397725354394542,
      "p99_slippage_bps": 18.676692534836803,
      "maker_ratio": 0.7,
      "fills_under_threshold": 276,
      "pct_under_threshold": 0.9822064056939501,
      "gate_status": "INSUFFICIENT_DATA",
      "reason": "need_2000_fills_have_281",
      "threshold_bps": 15.0,
      "min_sample_size": 2000
    },
    "NVDA_binance": {
      "total_fills": 306,
      "p95_slippage_bps": 9.387576463515435,
      "mean_slippage_bps": 4.047647966079317,
      "median_slippage_bps": 3.336569666594812,
      "p99_slippage_bps": 19.984156827363325,
      "maker_ratio": 0.7,
      "fills_under_threshold": 298,
      "pct_under_threshold": 0.9738562091503268,
      "gate_status": "INSUFFICIENT_DATA",
      "reason": "need_2000_fills_have_306",
      "threshold_bps": 15.0,
      "min_sample_size": 2000
    },
    "NVDA_coinbase": {
      "total_fills": 312,
      "p95_slippage_bps": 7.9152190693506475,
      "mean_slippage_bps": 3.962007898463761,
      "median_slippage_bps": 3.516210017372739,
      "p99_slippage_bps": 15.872275447794507,
      "maker_ratio": 0.7,
      "fills_under_threshold": 308,
      "pct_under_threshold": 0.9871794871794872,
      "gate_status": "INSUFFICIENT_DATA",
      "reason": "need_2000_fills_have_312",