{
  "timestamp": "2025-08-16T21:56:19.163789+00:00",
  "window_hours": 48,
  "threshold_bps": 15.0,
  "min_sample_size": 2000,
  "overall_metrics": {
    "total_fills": 2770,
    "p95_slippage_bps": 9.289412895549754,
    "mean_slippage_bps": 3.9741514788739725,
    "median_slippage_bps": 3.3929848662618296,
    "p99_slippage_bps": 19.223109210336492,
    "maker_ratio": 0.7,
    "fills_under_threshold": 2715,
    "pct_under_threshold": 0.98014440433213,
    "gate_status": "PASS",
    "reason": "criteria_met",
    "threshold_bps": 15.0,
    "min_sample_size": 2000
  },
  "breakdown_metrics": {
    "asset_ETH-USD": {
      "total_fills": 925,
      "p95_slippage_bps": 9.343388447572956,
      "mean_slippage_bps": 4.0052142016829855,
      "median_slippage_bps": 3.355454693746411,
      "p99_slippage_bps": 19.434081553949447,
      "maker_ratio": 0.7,
      "fills_under_threshold": 906,
      "pct_under_threshold": 0.9794594594594594,
      "gate_status": "INSUFFICIENT_DATA",
      "reason": "need_2000_fills_have_925",
      "threshold_bps": 15.0,
      "min_sample_size": 2000
    },
    "asset_BTC-USD": {
      "total_fills": 918,
      "p95_slippage_bps": 8.835655517232972,
      "mean_slippage_bps": 3.881834613061661,
      "median_slippage_bps": 3.4472481836256357,
      "p99_slippage_bps": 15.074186738125489,
      "maker_ratio": 0.7,
      "fills_under_threshold": 907,
      "pct_under_threshold": 0.9880174291938998,
      "gate_status": "INSUFFICIENT_DATA",
      "reason": "need_2000_fills_have_918",
      "threshold_bps": 15.0,
      "min_sample_size": 2000
    },
    "asset_NVDA": {
      "total_fills": 927,
      "p95_slippage_bps": 9.510346050175523,
      "mean_slippage_bps": 4.034576359367355,
      "median_slippage_bps": 3.2867274327802214,
      "p99_slippage_bps": 19.558647186591333,
      "maker_ratio": 0.7,
      "fills_under_threshold": 902,
      "pct_under_threshold": 0.9730312837108953,
      "gate_status": "INSUFFICIENT_DATA",
      "reason": "need_2000_fills_have_927",
      "threshold_bps": 15.0,
      "min_sample_size": 2000
    },
    "venue_coinbase": {
      "total_fills": 942,
      "p95_slippage_bps": 8.922196034262848,
      "mean_slippage_bps": 3.827371538312875,
      "median_slippage_bps": 3.338314021589044,
      "p99_slippage_bps": 18.32098412582043,
      "maker_ratio": 0.7,
      "fills_under_threshold": 929,
      "pct_under_threshold": 0.9861995753715499,
      "gate_status": "INSUFFICIENT_DATA",
      "reason": "need_2000_fills_have_942",
      "threshold_bps": 15.0,
      "min_sample_size": 2000
    },
    "venue_alpaca": {
      "total_fills": 902,
      "p95_slippage_bps": 9.349242714987042,
      "mean_slippage_bps": 4.114390008772531,
      "median_slippage_bps": 3.459079932090987,
      "p99_slippage_bps": 20.12203682405443,
      "maker_ratio": 0.7,
      "fills_under_threshold": 883,
      "pct_under_threshold": 0.9789356984478935,
      "gate_status": "INSUFFICIENT_DATA",
      "reason": "need_2000_fills_have_902",
      "threshold_bps": 15.0,
      "min_sample_size": 2000
    },
    "venue_binance": {
      "total_fills": 926,
      "p95_slippage_bps": 9.565694822324913,
      "mean_slippage_bps": 3.986863735936666,
      "median_slippage_bps": 3.3358765659790466,
      "p99_slippage_bps": 18.86067146001732,
      "maker_ratio": 0.7,
      "fills_under_threshold": 903,
      "pct_under_threshold": 0.9751619870410367,
      "gate_status": "INSUFFICIENT_DATA",
      "reason": "need_2000_fills_have_926",
      "threshold_bps": 15.0,
      "min_sample_size": 2000
    },
    "BTC-USD_alpaca": {
      "total_fills": 311,
      "p95_slippage_bps": 8.138127550670562,
      "mean_slippage_bps": 3.821780748077574,
      "median_slippage_bps": 3.465473986188097,
      "p99_slippage_bps": 13.525748812309837,
      "maker_ratio": 0.7,
      "fills_under_threshold": 310,
      "pct_under_threshold": 0.9967845659163987,
      "gate_status": "INSUFFICIENT_DATA",
      "reason": "need_2000_fills_have_311",
      "threshold_bps": 15.0,
      "min_sample_size": 2000
    },
    "BTC-USD_binance": {
      "total_fills": 298,
      "p95_slippage_bps": 9.107608892765244,
      "mean_slippage_bps": 3.9391289271273418,
      "median_slippage_bps": 3.482434303601088,
      "p99_slippage_bps": 15.829417375206237,
      "maker_ratio": 0.7,
      "fills_under_threshold": 292,
      "pct_under_threshold": 0.9798657718120806,
      "gate_status": "INSUFFICIENT_DATA",
      "reason": "need_2000_fills_have_298",
      "threshold_bps": 15.0,
      "min_sample_size": 2000
    },
    "BTC-USD_coinbase": {
      "total_fills": 309,
      "p95_slippage_bps": 9.092684064304756,
      "mean_slippage_bps": 3.8870224655486436,
      "median_slippage_bps": 3.431478786374172,
      "p99_slippage_bps": 15.032237909693396,
      "maker_ratio": 0.7,
      "fills_under_threshold": 305,
      "pct_under_threshold": 0.9870550161812298,
      "gate_status": "INSUFFICIENT_DATA",
      "reason": "need_2000_fills_have_309",
      "threshold_bps": 15.0,
      "min_sample_size": 2000
    },
    "ETH-USD_alpaca": {
      "total_fills": 306,
      "p95_slippage_bps": 9.634113699103288,
      "mean_slippage_bps": 4.103006444341557,
      "median_slippage_bps": 3.3928169892941495,
      "p99_slippage_bps": 19.993600177608553,
      "maker_ratio": 0.7,
      "fills_under_threshold": 299,
      "pct_under_threshold": 0.9771241830065359,
      "gate_status": "INSUFFICIENT_DATA",
      "reason": "need_2000_fills_have_306",
      "threshold_bps": 15.0,
      "min_sample_size": 2000
    },
    "ETH-USD_binance": {
      "total_fills": 306,
      "p95_slippage_bps": 9.431754385558305,
      "mean_slippage_bps": 3.9816170003366516,
      "median_slippage_bps": 3.289689656636094,
      "p99_slippage_bps": 16.545451749634346,
      "maker_ratio": 0.7,
      "fills_under_threshold": 300,
      "pct_under_threshold": 0.9803921568627451,
      "gate_status": "INSUFFICIENT_DATA",
      "reason": "need_2000_fills_have_306",
      "threshold_bps": 15.0,
      "min_sample_size": 2000
    },
    "ETH-USD_coinbase": {
      "total_fills": 313,
      "p95_slippage_bps": 9.092386314439628,
      "mean_slippage_bps": 3.932678474393706,
      "median_slippage_bps": 3.320887469675208,
      "p99_slippage_bps": 20.04561080831996,
      "maker_ratio": 0.7,
      "fills_under_threshold": 307,
      "pct_under_threshold": 0.9808306709265175,
      "gate_status": "INSUFFICIENT_DATA",
      "reason": "need_2000_fills_have_313",
      "threshold_bps": 15.0,
      "min_sample_size": 2000
    },
    "NVDA_alpaca": {
      "total_fills": 285,
      "p95_slippage_bps": 10.089138517150117,
      "mean_slippage_bps": 4.445915801025198,
      "median_slippage_bps": 3.512608803991565,
      "p99_slippage_bps": 21.524233893155664,
      "maker_ratio": 0.7,
      "fills_under_threshold": 274,
      "pct_under_threshold": 0.9614035087719298,
      "gate_status": "INSUFFICIENT_DATA",
      "reason": "need_2000_fills_have_285",
      "threshold_bps": 15.0,
      "min_sample_size": 2000
    },
    "NVDA_binance": {
      "total_fills": 322,
      "p95_slippage_bps": 9.766907155460196,
      "mean_slippage_bps": 4.036026699038477,
      "median_slippage_bps": 3.245389694287722,
      "p99_slippage_bps": 19.499394651875946,
      "maker_ratio": 0.7,
      "fills_under_threshold": 311,
      "pct_under_threshold": 0.9658385093167702,
      "gate_status": "INSUFFICIENT_DATA",
      "reason": "need_2000_fills_have_322",
      "threshold_bps": 15.0,
      "min_sample_size": 2000
    },
    "NVDA_coinbase": {
      "total_fills": 320,
      "p95_slippage_bps": 8.703628105941426,
      "mean_slippage_bps": 3.666767764846772,
      "median_slippage_bps": 3.1832096330623747,
      "p99_slippage_bps": 11.9167712581366,
      "maker_ratio": 0.7,
      "fills_under_threshold": 317,
      "pct_under_threshold": 0.990625,
      "gate_status": "INSUFFICIENT_DATA",
      "reason": "need_2000_fills_have_320",