{
  "timestamp": "2025-08-16T15:53:11.536297+00:00",
  "window_hours": 48,
  "threshold_bps": 15.0,
  "min_sample_size": 2000,
  "overall_metrics": {
    "total_fills": 2771,
    "p95_slippage_bps": 9.099177797662104,
    "mean_slippage_bps": 4.046735751425951,
    "median_slippage_bps": 3.4275656799085286,
    "p99_slippage_bps": 18.8840126401287,
    "maker_ratio": 0.7,
    "fills_under_threshold": 2712,
    "pct_under_threshold": 0.9787080476362324,
    "gate_status": "PASS",
    "reason": "criteria_met",
    "threshold_bps": 15.0,
    "min_sample_size": 2000
  },
  "breakdown_metrics": {
    "asset_ETH-USD": {
      "total_fills": 942,
      "p95_slippage_bps": 9.25775524148616,
      "mean_slippage_bps": 3.9885812768523072,
      "median_slippage_bps": 3.3821572613986173,
      "p99_slippage_bps": 18.227319070074135,
      "maker_ratio": 0.7,
      "fills_under_threshold": 923,
      "pct_under_threshold": 0.9798301486199575,
      "gate_status": "INSUFFICIENT_DATA",
      "reason": "need_2000_fills_have_942",
      "threshold_bps": 15.0,
      "min_sample_size": 2000
    },
    "asset_NVDA": {
      "total_fills": 919,
      "p95_slippage_bps": 8.93138406991883,
      "mean_slippage_bps": 4.058954199584675,
      "median_slippage_bps": 3.383746909379105,
      "p99_slippage_bps": 19.649015323324356,
      "maker_ratio": 0.7,
      "fills_under_threshold": 896,
      "pct_under_threshold": 0.9749727965179543,
      "gate_status": "INSUFFICIENT_DATA",
      "reason": "need_2000_fills_have_919",
      "threshold_bps": 15.0,
      "min_sample_size": 2000
    },
    "asset_BTC-USD": {
      "total_fills": 910,
      "p95_slippage_bps": 9.005943340591115,
      "mean_slippage_bps": 4.094595928558376,
      "median_slippage_bps": 3.5064027909653506,
      "p99_slippage_bps": 18.44064366289257,
      "maker_ratio": 0.7,
      "fills_under_threshold": 893,
      "pct_under_threshold": 0.9813186813186813,
      "gate_status": "INSUFFICIENT_DATA",
      "reason": "need_2000_fills_have_910",
      "threshold_bps": 15.0,
      "min_sample_size": 2000
    },
    "venue_binance": {
      "total_fills": 947,
      "p95_slippage_bps": 9.380934768363561,
      "mean_slippage_bps": 4.10853735051845,
      "median_slippage_bps": 3.4968262209495613,
      "p99_slippage_bps": 18.609548970624093,
      "maker_ratio": 0.7,
      "fills_under_threshold": 927,
      "pct_under_threshold": 0.9788806758183738,
      "gate_status": "INSUFFICIENT_DATA",
      "reason": "need_2000_fills_have_947",
      "threshold_bps": 15.0,
      "min_sample_size": 2000
    },
    "venue_alpaca": {
      "total_fills": 865,
      "p95_slippage_bps": 8.747021836216037,
      "mean_slippage_bps": 3.9783017428852983,
      "median_slippage_bps": 3.3863826854643073,
      "p99_slippage_bps": 18.412895416690986,
      "maker_ratio": 0.7,
      "fills_under_threshold": 850,
      "pct_under_threshold": 0.9826589595375722,
      "gate_status": "INSUFFICIENT_DATA",
      "reason": "need_2000_fills_have_865",
      "threshold_bps": 15.0,
      "min_sample_size": 2000
    },
    "venue_coinbase": {
      "total_fills": 959,
      "p95_slippage_bps": 9.060623309097773,
      "mean_slippage_bps": 4.047433669097556,
      "median_slippage_bps": 3.405990502819486,
      "p99_slippage_bps": 20.448534622409476,
      "maker_ratio": 0.7,
      "fills_under_threshold": 935,
      "pct_under_threshold": 0.9749739311783108,
      "gate_status": "INSUFFICIENT_DATA",
      "reason": "need_2000_fills_have_959",
      "threshold_bps": 15.0,
      "min_sample_size": 2000
    },
    "BTC-USD_alpaca": {
      "total_fills": 296,
      "p95_slippage_bps": 7.918408673319868,
      "mean_slippage_bps": 3.729786177111033,
      "median_slippage_bps": 3.2425936715910475,
      "p99_slippage_bps": 15.031356788838133,
      "maker_ratio": 0.7,
      "fills_under_threshold": 293,
      "pct_under_threshold": 0.9898648648648649,
      "gate_status": "INSUFFICIENT_DATA",
      "reason": "need_2000_fills_have_296",
      "threshold_bps": 15.0,
      "min_sample_size": 2000
    },
    "BTC-USD_binance": {
      "total_fills": 306,
      "p95_slippage_bps": 9.08495452768981,
      "mean_slippage_bps": 4.25939523089725,
      "median_slippage_bps": 3.7483192321137357,
      "p99_slippage_bps": 18.43099714437556,
      "maker_ratio": 0.7,
      "fills_under_threshold": 299,
      "pct_under_threshold": 0.9771241830065359,
      "gate_status": "INSUFFICIENT_DATA",
      "reason": "need_2000_fills_have_306",
      "threshold_bps": 15.0,
      "min_sample_size": 2000
    },
    "BTC-USD_coinbase": {
      "total_fills": 308,
      "p95_slippage_bps": 9.784036159350132,
      "mean_slippage_bps": 4.281463136067201,
      "median_slippage_bps": 3.5372975509944355,
      "p99_slippage_bps": 21.1908674749403,
      "maker_ratio": 0.7,
      "fills_under_threshold": 301,
      "pct_under_threshold": 0.9772727272727273,
      "gate_status": "INSUFFICIENT_DATA",
      "reason": "need_2000_fills_have_308",
      "threshold_bps": 15.0,
      "min_sample_size": 2000
    },
    "ETH-USD_alpaca": {
      "total_fills": 283,
      "p95_slippage_bps": 9.081966976771646,
      "mean_slippage_bps": 3.9613267974464237,
      "median_slippage_bps": 3.4084479695313346,
      "p99_slippage_bps": 17.211118701196167,
      "maker_ratio": 0.7,
      "fills_under_threshold": 278,
      "pct_under_threshold": 0.9823321554770318,
      "gate_status": "INSUFFICIENT_DATA",
      "reason": "need_2000_fills_have_283",
      "threshold_bps": 15.0,
      "min_sample_size": 2000
    },
    "ETH-USD_binance": {
      "total_fills": 319,
      "p95_slippage_bps": 9.672981705273978,
      "mean_slippage_bps": 4.1005899227089975,
      "median_slippage_bps": 3.5120567987216784,
      "p99_slippage_bps": 16.541714223486224,
      "maker_ratio": 0.7,
      "fills_under_threshold": 314,
      "pct_under_threshold": 0.9843260188087775,
      "gate_status": "INSUFFICIENT_DATA",
      "reason": "need_2000_fills_have_319",
      "threshold_bps": 15.0,
      "min_sample_size": 2000
    },
    "ETH-USD_coinbase": {
      "total_fills": 340,
      "p95_slippage_bps": 8.839319612728344,
      "mean_slippage_bps": 3.906176158156957,
      "median_slippage_bps": 3.2394371938150615,
      "p99_slippage_bps": 18.835520866809468,
      "maker_ratio": 0.7,
      "fills_under_threshold": 331,
      "pct_under_threshold": 0.9735294117647059,
      "gate_status": "INSUFFICIENT_DATA",
      "reason": "need_2000_fills_have_340",
      "threshold_bps": 15.0,
      "min_sample_size": 2000
    },
    "NVDA_alpaca": {
      "total_fills": 286,
      "p95_slippage_bps": 8.814869104327745,
      "mean_slippage_bps": 4.252303550676851,
      "median_slippage_bps": 3.51285845780822,
      "p99_slippage_bps": 19.16263108605208,
      "maker_ratio": 0.7,
      "fills_under_threshold": 279,
      "pct_under_threshold": 0.9755244755244755,
      "gate_status": "INSUFFICIENT_DATA",
      "reason": "need_2000_fills_have_286",
      "threshold_bps": 15.0,
      "min_sample_size": 2000
    },
    "NVDA_binance": {
      "total_fills": 322,
      "p95_slippage_bps": 8.247515772286283,
      "mean_slippage_bps": 3.9730488973361604,
      "median_slippage_bps": 3.2870532210648324,
      "p99_slippage_bps": 18.808712287954222,
      "maker_ratio": 0.7,
      "fills_under_threshold": 314,
      "pct_under_threshold": 0.9751552795031055,
      "gate_status": "INSUFFICIENT_DATA",
      "reason": "need_2000_fills_have_322",
      "threshold_bps": 15.0,
      "min_sample_size": 2000
    },
    "NVDA_coinbase": {
      "total_fills": 311,
      "p95_slippage_bps": 8.994247011064726,
      "mean_slippage_bps": 3.970091154284543,
      "median_slippage_bps": 3.383746909379105,
      "p99_slippage_bps": 20.277155887732434,
      "maker_ratio": 0.7,
      "fills_under_threshold": 303,
      "pct_under_threshold": 0.9742765273311897,
      "gate_status": "INSUFFICIENT_DATA",
      "reason": "need_2000_fills_have_311",