{
  "timestamp": "2025-08-16T13:12:21.651308+00:00",
  "window_hours": 48,
  "threshold_bps": 15.0,
  "min_sample_size": 2000,
  "overall_metrics": {
    "total_fills": 2774,
    "p95_slippage_bps": 9.326577152578697,
    "mean_slippage_bps": 3.9995081232684995,
    "median_slippage_bps": 3.352161399727625,
    "p99_slippage_bps": 18.443321399634137,
    "maker_ratio": 0.7,
    "fills_under_threshold": 2712,
    "pct_under_threshold": 0.9776496034607065,
    "gate_status": "PASS",
    "reason": "criteria_met",
    "threshold_bps": 15.0,
    "min_sample_size": 2000
  },
  "breakdown_metrics": {
    "asset_ETH-USD": {
      "total_fills": 911,
      "p95_slippage_bps": 8.484636958727389,
      "mean_slippage_bps": 3.856464884569725,
      "median_slippage_bps": 3.330817813142347,
      "p99_slippage_bps": 16.53899845848877,
      "maker_ratio": 0.7,
      "fills_under_threshold": 896,
      "pct_under_threshold": 0.9835345773874863,
      "gate_status": "INSUFFICIENT_DATA",
      "reason": "need_2000_fills_have_911",
      "threshold_bps": 15.0,
      "min_sample_size": 2000
    },
    "asset_BTC-USD": {
      "total_fills": 917,
      "p95_slippage_bps": 9.293391120558622,
      "mean_slippage_bps": 4.002880511622541,
      "median_slippage_bps": 3.3436087212811088,
      "p99_slippage_bps": 18.645276408147293,
      "maker_ratio": 0.7,
      "fills_under_threshold": 897,
      "pct_under_threshold": 0.9781897491821155,
      "gate_status": "INSUFFICIENT_DATA",
      "reason": "need_2000_fills_have_917",
      "threshold_bps": 15.0,
      "min_sample_size": 2000
    },
    "asset_NVDA": {
      "total_fills": 946,
      "p95_slippage_bps": 9.959880003405562,
      "mean_slippage_bps": 4.133990058082376,
      "median_slippage_bps": 3.3974195089030226,
      "p99_slippage_bps": 18.591672375774685,
      "maker_ratio": 0.7,
      "fills_under_threshold": 919,
      "pct_under_threshold": 0.9714587737843552,
      "gate_status": "INSUFFICIENT_DATA",
      "reason": "need_2000_fills_have_946",
      "threshold_bps": 15.0,
      "min_sample_size": 2000
    },
    "venue_binance": {
      "total_fills": 909,
      "p95_slippage_bps": 10.044202851165677,
      "mean_slippage_bps": 4.112097960687693,
      "median_slippage_bps": 3.3795820196937365,
      "p99_slippage_bps": 18.034395343050193,
      "maker_ratio": 0.7,
      "fills_under_threshold": 890,
      "pct_under_threshold": 0.9790979097909791,
      "gate_status": "INSUFFICIENT_DATA",
      "reason": "need_2000_fills_have_909",
      "threshold_bps": 15.0,
      "min_sample_size": 2000
    },
    "venue_coinbase": {
      "total_fills": 979,
      "p95_slippage_bps": 9.631934565617604,
      "mean_slippage_bps": 4.029653851990402,
      "median_slippage_bps": 3.389914323618008,
      "p99_slippage_bps": 18.681359704342956,
      "maker_ratio": 0.7,
      "fills_under_threshold": 954,
      "pct_under_threshold": 0.9744637385086823,
      "gate_status": "INSUFFICIENT_DATA",
      "reason": "need_2000_fills_have_979",
      "threshold_bps": 15.0,
      "min_sample_size": 2000
    },
    "venue_alpaca": {
      "total_fills": 886,
      "p95_slippage_bps": 8.470695953871804,
      "mean_slippage_bps": 3.8506855153308135,
      "median_slippage_bps": 3.3029611537819985,
      "p99_slippage_bps": 18.633591775489077,
      "maker_ratio": 0.7,
      "fills_under_threshold": 868,
      "pct_under_threshold": 0.9796839729119639,
      "gate_status": "INSUFFICIENT_DATA",
      "reason": "need_2000_fills_have_886",
      "threshold_bps": 15.0,
      "min_sample_size": 2000
    },
    "BTC-USD_alpaca": {
      "total_fills": 288,
      "p95_slippage_bps": 8.391591029439825,
      "mean_slippage_bps": 3.8299159400743625,
      "median_slippage_bps": 3.2070698154435386,
      "p99_slippage_bps": 19.280392724684585,
      "maker_ratio": 0.7,
      "fills_under_threshold": 281,
      "pct_under_threshold": 0.9756944444444444,
      "gate_status": "INSUFFICIENT_DATA",
      "reason": "need_2000_fills_have_288",
      "threshold_bps": 15.0,
      "min_sample_size": 2000
    },
    "BTC-USD_binance": {
      "total_fills": 304,
      "p95_slippage_bps": 10.529669149239881,
      "mean_slippage_bps": 4.090405813414006,
      "median_slippage_bps": 3.3545842274685738,
      "p99_slippage_bps": 16.411737578890726,
      "maker_ratio": 0.7,
      "fills_under_threshold": 299,
      "pct_under_threshold": 0.9835526315789473,
      "gate_status": "INSUFFICIENT_DATA",
      "reason": "need_2000_fills_have_304",
      "threshold_bps": 15.0,
      "min_sample_size": 2000
    },
    "BTC-USD_coinbase": {
      "total_fills": 325,
      "p95_slippage_bps": 9.175101318409226,
      "mean_slippage_bps": 4.074283911195681,
      "median_slippage_bps": 3.4259424666292424,
      "p99_slippage_bps": 20.071034165548973,
      "maker_ratio": 0.7,
      "fills_under_threshold": 317,
      "pct_under_threshold": 0.9753846153846154,
      "gate_status": "INSUFFICIENT_DATA",
      "reason": "need_2000_fills_have_325",
      "threshold_bps": 15.0,
      "min_sample_size": 2000
    },
    "ETH-USD_alpaca": {
      "total_fills": 293,
      "p95_slippage_bps": 7.88449844900346,
      "mean_slippage_bps": 3.79206861134521,
      "median_slippage_bps": 3.3944564861011064,
      "p99_slippage_bps": 16.508176632756456,
      "maker_ratio": 0.7,
      "fills_under_threshold": 287,
      "pct_under_threshold": 0.9795221843003413,
      "gate_status": "INSUFFICIENT_DATA",
      "reason": "need_2000_fills_have_293",
      "threshold_bps": 15.0,
      "min_sample_size": 2000
    },
    "ETH-USD_binance": {
      "total_fills": 283,
      "p95_slippage_bps": 8.845550813316176,
      "mean_slippage_bps": 4.000320053436937,
      "median_slippage_bps": 3.3795820196937365,
      "p99_slippage_bps": 17.30952085680154,
      "maker_ratio": 0.7,
      "fills_under_threshold": 279,
      "pct_under_threshold": 0.9858657243816255,
      "gate_status": "INSUFFICIENT_DATA",
      "reason": "need_2000_fills_have_283",
      "threshold_bps": 15.0,
      "min_sample_size": 2000
    },
    "ETH-USD_coinbase": {
      "total_fills": 335,
      "p95_slippage_bps": 8.258666095085854,
      "mean_slippage_bps": 3.791262183869312,
      "median_slippage_bps": 3.242860158763963,
      "p99_slippage_bps": 15.579588659994451,
      "maker_ratio": 0.7,
      "fills_under_threshold": 330,
      "pct_under_threshold": 0.9850746268656716,
      "gate_status": "INSUFFICIENT_DATA",
      "reason": "need_2000_fills_have_335",
      "threshold_bps": 15.0,
      "min_sample_size": 2000
    },
    "NVDA_alpaca": {
      "total_fills": 305,
      "p95_slippage_bps": 8.619838545161777,
      "mean_slippage_bps": 3.9266081072706145,
      "median_slippage_bps": 3.3032636844922796,
      "p99_slippage_bps": 18.068477854992313,
      "maker_ratio": 0.7,
      "fills_under_threshold": 300,
      "pct_under_threshold": 0.9836065573770492,
      "gate_status": "INSUFFICIENT_DATA",
      "reason": "need_2000_fills_have_305",
      "threshold_bps": 15.0,
      "min_sample_size": 2000
    },
    "NVDA_binance": {
      "total_fills": 322,
      "p95_slippage_bps": 10.544185531997748,
      "mean_slippage_bps": 4.230817092747213,
      "median_slippage_bps": 3.4082088469226823,
      "p99_slippage_bps": 18.397708601002535,
      "maker_ratio": 0.7,
      "fills_under_threshold": 312,
      "pct_under_threshold": 0.968944099378882,
      "gate_status": "INSUFFICIENT_DATA",
      "reason": "need_2000_fills_have_322",
      "threshold_bps": 15.0,
      "min_sample_size": 2000
    },
    "NVDA_coinbase": {
      "total_fills": 319,
      "p95_slippage_bps": 11.384546030235354,
      "mean_slippage_bps": 4.234532972927235,
      "median_slippage_bps": 3.484801271372529,
      "p99_slippage_bps": 18.684055890947807,
      "maker_ratio": 0.7,
      "fills_under_threshold": 307,
      "pct_under_threshold": 0.9623824451410659,
      "gate_status": "INSUFFICIENT_DATA",