{
  "timestamp": "2025-08-16T20:07:20.137103+00:00",
  "window_hours": 48,
  "threshold_bps": 15.0,
  "min_sample_size": 2000,
  "overall_metrics": {
    "total_fills": 2771,
    "p95_slippage_bps": 9.052162393648704,
    "mean_slippage_bps": 4.035397731776884,
    "median_slippage_bps": 3.4168601194462225,
    "p99_slippage_bps": 18.2829436818251,
    "maker_ratio": 0.7,
    "fills_under_threshold": 2711,
    "pct_under_threshold": 0.978347167087694,
    "gate_status": "PASS",
    "reason": "criteria_met",
    "threshold_bps": 15.0,
    "min_sample_size": 2000
  },
  "breakdown_metrics": {
    "asset_BTC-USD": {
      "total_fills": 906,
      "p95_slippage_bps": 8.56407476111159,
      "mean_slippage_bps": 3.9680026754674302,
      "median_slippage_bps": 3.417545850649658,
      "p99_slippage_bps": 18.81139774980922,
      "maker_ratio": 0.7,
      "fills_under_threshold": 884,
      "pct_under_threshold": 0.9757174392935982,
      "gate_status": "INSUFFICIENT_DATA",
      "reason": "need_2000_fills_have_906",
      "threshold_bps": 15.0,
      "min_sample_size": 2000
    },
    "asset_NVDA": {
      "total_fills": 940,
      "p95_slippage_bps": 9.379793571935114,
      "mean_slippage_bps": 4.150665763978074,
      "median_slippage_bps": 3.550016519941276,
      "p99_slippage_bps": 18.17029559213016,
      "maker_ratio": 0.7,
      "fills_under_threshold": 921,
      "pct_under_threshold": 0.9797872340425532,
      "gate_status": "INSUFFICIENT_DATA",
      "reason": "need_2000_fills_have_940",
      "threshold_bps": 15.0,
      "min_sample_size": 2000
    },
    "asset_ETH-USD": {
      "total_fills": 925,
      "p95_slippage_bps": 9.991154090538576,
      "mean_slippage_bps": 3.984271213665798,
      "median_slippage_bps": 3.330074019518419,
      "p99_slippage_bps": 17.576486854287108,
      "maker_ratio": 0.7,
      "fills_under_threshold": 906,
      "pct_under_threshold": 0.9794594594594594,
      "gate_status": "INSUFFICIENT_DATA",
      "reason": "need_2000_fills_have_925",
      "threshold_bps": 15.0,
      "min_sample_size": 2000
    },
    "venue_binance": {
      "total_fills": 935,
      "p95_slippage_bps": 9.325376832596064,
      "mean_slippage_bps": 4.047343669512585,
      "median_slippage_bps": 3.3881413634407367,
      "p99_slippage_bps": 17.95011527259774,
      "maker_ratio": 0.7,
      "fills_under_threshold": 909,
      "pct_under_threshold": 0.9721925133689839,
      "gate_status": "INSUFFICIENT_DATA",
      "reason": "need_2000_fills_have_935",
      "threshold_bps": 15.0,
      "min_sample_size": 2000
    },
    "venue_alpaca": {
      "total_fills": 934,
      "p95_slippage_bps": 8.801211635125203,
      "mean_slippage_bps": 4.030756467753611,
      "median_slippage_bps": 3.5040604961607418,
      "p99_slippage_bps": 18.052030950179002,
      "maker_ratio": 0.7,
      "fills_under_threshold": 919,
      "pct_under_threshold": 0.9839400428265525,
      "gate_status": "INSUFFICIENT_DATA",
      "reason": "need_2000_fills_have_934",
      "threshold_bps": 15.0,
      "min_sample_size": 2000
    },
    "venue_coinbase": {
      "total_fills": 902,
      "p95_slippage_bps": 8.87443970848299,
      "mean_slippage_bps": 4.0278206683787205,
      "median_slippage_bps": 3.3679211241895146,
      "p99_slippage_bps": 18.678353918816093,
      "maker_ratio": 0.7,
      "fills_under_threshold": 883,
      "pct_under_threshold": 0.9789356984478935,
      "gate_status": "INSUFFICIENT_DATA",
      "reason": "need_2000_fills_have_902",
      "threshold_bps": 15.0,
      "min_sample_size": 2000
    },
    "BTC-USD_alpaca": {
      "total_fills": 330,
      "p95_slippage_bps": 8.636246145411823,
      "mean_slippage_bps": 4.087594884279529,
      "median_slippage_bps": 3.519639226382755,
      "p99_slippage_bps": 19.400058869209946,
      "maker_ratio": 0.7,
      "fills_under_threshold": 323,
      "pct_under_threshold": 0.9787878787878788,
      "gate_status": "INSUFFICIENT_DATA",
      "reason": "need_2000_fills_have_330",
      "threshold_bps": 15.0,
      "min_sample_size": 2000
    },
    "BTC-USD_binance": {
      "total_fills": 299,
      "p95_slippage_bps": 8.624869480262706,
      "mean_slippage_bps": 3.8719907982214274,
      "median_slippage_bps": 3.3613393045117714,
      "p99_slippage_bps": 16.66248194179203,
      "maker_ratio": 0.7,
      "fills_under_threshold": 291,
      "pct_under_threshold": 0.9732441471571907,
      "gate_status": "INSUFFICIENT_DATA",
      "reason": "need_2000_fills_have_299",
      "threshold_bps": 15.0,
      "min_sample_size": 2000
    },
    "BTC-USD_coinbase": {
      "total_fills": 277,
      "p95_slippage_bps": 8.290717959282157,
      "mean_slippage_bps": 3.929165572177042,
      "median_slippage_bps": 3.3096488404071707,
      "p99_slippage_bps": 18.7665415273216,
      "maker_ratio": 0.7,
      "fills_under_threshold": 270,
      "pct_under_threshold": 0.9747292418772563,
      "gate_status": "INSUFFICIENT_DATA",
      "reason": "need_2000_fills_have_277",
      "threshold_bps": 15.0,
      "min_sample_size": 2000
    },
    "ETH-USD_alpaca": {
      "total_fills": 305,
      "p95_slippage_bps": 9.559088162711427,
      "mean_slippage_bps": 4.055680658000126,
      "median_slippage_bps": 3.3578575950607927,
      "p99_slippage_bps": 16.838772589092855,
      "maker_ratio": 0.7,
      "fills_under_threshold": 301,
      "pct_under_threshold": 0.9868852459016394,
      "gate_status": "INSUFFICIENT_DATA",
      "reason": "need_2000_fills_have_305",
      "threshold_bps": 15.0,
      "min_sample_size": 2000
    },
    "ETH-USD_binance": {
      "total_fills": 307,
      "p95_slippage_bps": 10.87619110960523,
      "mean_slippage_bps": 4.151911106796593,
      "median_slippage_bps": 3.2992001859566074,
      "p99_slippage_bps": 18.873038001130322,
      "maker_ratio": 0.7,
      "fills_under_threshold": 295,
      "pct_under_threshold": 0.9609120521172638,
      "gate_status": "INSUFFICIENT_DATA",
      "reason": "need_2000_fills_have_307",
      "threshold_bps": 15.0,
      "min_sample_size": 2000
    },
    "ETH-USD_coinbase": {
      "total_fills": 313,
      "p95_slippage_bps": 7.908305811397533,
      "mean_slippage_bps": 3.750260581994475,
      "median_slippage_bps": 3.3326279231370277,
      "p99_slippage_bps": 13.99678059796808,
      "maker_ratio": 0.7,
      "fills_under_threshold": 310,
      "pct_under_threshold": 0.9904153354632588,
      "gate_status": "INSUFFICIENT_DATA",
      "reason": "need_2000_fills_have_313",
      "threshold_bps": 15.0,
      "min_sample_size": 2000
    },
    "NVDA_alpaca": {
      "total_fills": 299,
      "p95_slippage_bps": 8.61796367543186,
      "mean_slippage_bps": 3.942600763811336,
      "median_slippage_bps": 3.5747486371813215,
      "p99_slippage_bps": 16.353737726619748,
      "maker_ratio": 0.7,
      "fills_under_threshold": 295,
      "pct_under_threshold": 0.9866220735785953,
      "gate_status": "INSUFFICIENT_DATA",
      "reason": "need_2000_fills_have_299",
      "threshold_bps": 15.0,
      "min_sample_size": 2000
    },
    "NVDA_binance": {
      "total_fills": 329,
      "p95_slippage_bps": 8.975491868717596,
      "mean_slippage_bps": 4.10913183142707,
      "median_slippage_bps": 3.6257574546688507,
      "p99_slippage_bps": 17.34752501997302,
      "maker_ratio": 0.7,
      "fills_under_threshold": 323,
      "pct_under_threshold": 0.9817629179331308,
      "gate_status": "INSUFFICIENT_DATA",
      "reason": "need_2000_fills_have_329",
      "threshold_bps": 15.0,
      "min_sample_size": 2000
    },
    "NVDA_coinbase": {
      "total_fills": 312,
      "p95_slippage_bps": 11.264544346598518,
      "mean_slippage_bps": 4.393858388526585,
      "median_slippage_bps": 3.44749454629617,
      "p99_slippage_bps": 19.883917464938705,
      "maker_ratio": 0.7,
      "fills_under_threshold": 303,
      "pct_under_threshold": 0.9711538461538461,
      "gate_status": "INSUFFICIENT_DATA",
      "reason": "need_2000_fills_have_312",