{
  "timestamp": "2025-08-16T10:57:30.615514+00:00",
  "window_hours": 48,
  "threshold_bps": 15.0,
  "min_sample_size": 2000,
  "overall_metrics": {
    "total_fills": 2759,
    "p95_slippage_bps": 8.843414603265185,
    "mean_slippage_bps": 3.9658697338462274,
    "median_slippage_bps": 3.408751114416762,
    "p99_slippage_bps": 18.756911290422323,
    "maker_ratio": 0.7,
    "fills_under_threshold": 2710,
    "pct_under_threshold": 0.9822399420079739,
    "gate_status": "PASS",
    "reason": "criteria_met",
    "threshold_bps": 15.0,
    "min_sample_size": 2000
  },
  "breakdown_metrics": {
    "asset_NVDA": {
      "total_fills": 954,
      "p95_slippage_bps": 8.911904335821788,
      "mean_slippage_bps": 3.936261522555911,
      "median_slippage_bps": 3.349522211675578,
      "p99_slippage_bps": 17.250561266564223,
      "maker_ratio": 0.7,
      "fills_under_threshold": 937,
      "pct_under_threshold": 0.9821802935010482,
      "gate_status": "INSUFFICIENT_DATA",
      "reason": "need_2000_fills_have_954",
      "threshold_bps": 15.0,
      "min_sample_size": 2000
    },
    "asset_ETH-USD": {
      "total_fills": 907,
      "p95_slippage_bps": 8.962912323437278,
      "mean_slippage_bps": 3.9311744528933326,
      "median_slippage_bps": 3.39925310903298,
      "p99_slippage_bps": 17.7784731021813,
      "maker_ratio": 0.7,
      "fills_under_threshold": 894,
      "pct_under_threshold": 0.9856670341786108,
      "gate_status": "INSUFFICIENT_DATA",
      "reason": "need_2000_fills_have_907",
      "threshold_bps": 15.0,
      "min_sample_size": 2000
    },
    "asset_BTC-USD": {
      "total_fills": 898,
      "p95_slippage_bps": 8.667134873967226,
      "mean_slippage_bps": 4.032367343417761,
      "median_slippage_bps": 3.519051696219416,
      "p99_slippage_bps": 18.829589213070868,
      "maker_ratio": 0.7,
      "fills_under_threshold": 879,
      "pct_under_threshold": 0.9788418708240535,
      "gate_status": "INSUFFICIENT_DATA",
      "reason": "need_2000_fills_have_898",
      "threshold_bps": 15.0,
      "min_sample_size": 2000
    },
    "venue_alpaca": {
      "total_fills": 926,
      "p95_slippage_bps": 8.881098083489887,
      "mean_slippage_bps": 3.9283511332293997,
      "median_slippage_bps": 3.4083439860820626,
      "p99_slippage_bps": 18.504451339225653,
      "maker_ratio": 0.7,
      "fills_under_threshold": 909,
      "pct_under_threshold": 0.9816414686825053,
      "gate_status": "INSUFFICIENT_DATA",
      "reason": "need_2000_fills_have_926",
      "threshold_bps": 15.0,
      "min_sample_size": 2000
    },
    "venue_binance": {
      "total_fills": 908,
      "p95_slippage_bps": 8.686934542829249,
      "mean_slippage_bps": 3.868013581528071,
      "median_slippage_bps": 3.3580218475481933,
      "p99_slippage_bps": 15.352572347805724,
      "maker_ratio": 0.7,
      "fills_under_threshold": 898,
      "pct_under_threshold": 0.9889867841409692,
      "gate_status": "INSUFFICIENT_DATA",
      "reason": "need_2000_fills_have_908",
      "threshold_bps": 15.0,
      "min_sample_size": 2000
    },
    "venue_coinbase": {
      "total_fills": 925,
      "p95_slippage_bps": 9.197850965781189,
      "mean_slippage_bps": 4.099486610036571,
      "median_slippage_bps": 3.4665666838342233,
      "p99_slippage_bps": 19.89030022543654,
      "maker_ratio": 0.7,
      "fills_under_threshold": 903,
      "pct_under_threshold": 0.9762162162162162,
      "gate_status": "INSUFFICIENT_DATA",
      "reason": "need_2000_fills_have_925",
      "threshold_bps": 15.0,
      "min_sample_size": 2000
    },
    "BTC-USD_alpaca": {
      "total_fills": 285,
      "p95_slippage_bps": 8.415863348050411,
      "mean_slippage_bps": 3.9874987164071545,
      "median_slippage_bps": 3.5191209482818557,
      "p99_slippage_bps": 19.686106207261133,
      "maker_ratio": 0.7,
      "fills_under_threshold": 278,
      "pct_under_threshold": 0.9754385964912281,
      "gate_status": "INSUFFICIENT_DATA",
      "reason": "need_2000_fills_have_285",
      "threshold_bps": 15.0,
      "min_sample_size": 2000
    },
    "BTC-USD_binance": {
      "total_fills": 297,
      "p95_slippage_bps": 8.666343575170837,
      "mean_slippage_bps": 4.060442796238696,
      "median_slippage_bps": 3.5797321115370058,
      "p99_slippage_bps": 16.865099308877966,
      "maker_ratio": 0.7,
      "fills_under_threshold": 292,
      "pct_under_threshold": 0.9831649831649831,
      "gate_status": "INSUFFICIENT_DATA",
      "reason": "need_2000_fills_have_297",
      "threshold_bps": 15.0,
      "min_sample_size": 2000
    },
    "BTC-USD_coinbase": {
      "total_fills": 316,
      "p95_slippage_bps": 9.35034340465608,
      "mean_slippage_bps": 4.046446929526003,
      "median_slippage_bps": 3.388832077643062,
      "p99_slippage_bps": 17.746563213685757,
      "maker_ratio": 0.7,
      "fills_under_threshold": 309,
      "pct_under_threshold": 0.9778481012658228,
      "gate_status": "INSUFFICIENT_DATA",
      "reason": "need_2000_fills_have_316",
      "threshold_bps": 15.0,
      "min_sample_size": 2000
    },
    "ETH-USD_alpaca": {
      "total_fills": 310,
      "p95_slippage_bps": 9.032149201203435,
      "mean_slippage_bps": 3.8621915084679572,
      "median_slippage_bps": 3.4173404580002313,
      "p99_slippage_bps": 13.706299323123918,
      "maker_ratio": 0.7,
      "fills_under_threshold": 308,
      "pct_under_threshold": 0.9935483870967742,
      "gate_status": "INSUFFICIENT_DATA",
      "reason": "need_2000_fills_have_310",
      "threshold_bps": 15.0,
      "min_sample_size": 2000
    },
    "ETH-USD_binance": {
      "total_fills": 292,
      "p95_slippage_bps": 8.507693124840994,
      "mean_slippage_bps": 3.7737389547945885,
      "median_slippage_bps": 3.2913675846858648,
      "p99_slippage_bps": 14.235097078804447,
      "maker_ratio": 0.7,
      "fills_under_threshold": 289,
      "pct_under_threshold": 0.9897260273972602,
      "gate_status": "INSUFFICIENT_DATA",
      "reason": "need_2000_fills_have_292",
      "threshold_bps": 15.0,
      "min_sample_size": 2000
    },
    "ETH-USD_coinbase": {
      "total_fills": 305,
      "p95_slippage_bps": 8.967012104050713,
      "mean_slippage_bps": 4.152013397866118,
      "median_slippage_bps": 3.4368332184389168,
      "p99_slippage_bps": 20.71337110850674,
      "maker_ratio": 0.7,
      "fills_under_threshold": 297,
      "pct_under_threshold": 0.9737704918032787,
      "gate_status": "INSUFFICIENT_DATA",
      "reason": "need_2000_fills_have_305",
      "threshold_bps": 15.0,
      "min_sample_size": 2000
    },
    "NVDA_alpaca": {
      "total_fills": 331,
      "p95_slippage_bps": 9.008404425729562,
      "mean_slippage_bps": 3.939385642203378,
      "median_slippage_bps": 3.3013756334088957,
      "p99_slippage_bps": 17.38883168918528,
      "maker_ratio": 0.7,
      "fills_under_threshold": 323,
      "pct_under_threshold": 0.9758308157099698,
      "gate_status": "INSUFFICIENT_DATA",
      "reason": "need_2000_fills_have_331",
      "threshold_bps": 15.0,
      "min_sample_size": 2000
    },
    "NVDA_binance": {
      "total_fills": 319,
      "p95_slippage_bps": 8.740090035920451,
      "mean_slippage_bps": 3.775150616754156,
      "median_slippage_bps": 3.2386506912412276,
      "p99_slippage_bps": 13.304165955673378,
      "maker_ratio": 0.7,
      "fills_under_threshold": 317,
      "pct_under_threshold": 0.9937304075235109,
      "gate_status": "INSUFFICIENT_DATA",
      "reason": "need_2000_fills_have_319",
      "threshold_bps": 15.0,
      "min_sample_size": 2000
    },
    "NVDA_coinbase": {
      "total_fills": 304,
      "p95_slippage_bps": 8.923623199479788,
      "mean_slippage_bps": 4.101920388830411,
      "median_slippage_bps": 3.558726451259937,
      "p99_slippage_bps": 19.65756102654706,
      "maker_ratio": 0.7,
      "fills_under_threshold": 297,
      "pct_under_threshold": 0.9769736842105263,
      "gate_status": "INSUFFICIENT_DATA",