{
  "timestamp": "2025-08-16T08:01:04.919306+00:00",
  "window_hours": 48,
  "threshold_bps": 15.0,
  "min_sample_size": 2000,
  "overall_metrics": {
    "total_fills": 2542,
    "p95_slippage_bps": 8.787433598403382,
    "mean_slippage_bps": 4.029242162473745,
    "median_slippage_bps": 3.4091366897893094,
    "p99_slippage_bps": 18.885568257896065,
    "maker_ratio": 0.7,
    "fills_under_threshold": 2489,
    "pct_under_threshold": 0.9791502753737215,
    "gate_status": "PASS",
    "reason": "criteria_met",
    "threshold_bps": 15.0,
    "min_sample_size": 2000
  },
  "breakdown_metrics": {
    "asset_ETH-USD": {
      "total_fills": 855,
      "p95_slippage_bps": 9.0054736674556,
      "mean_slippage_bps": 4.101217877179411,
      "median_slippage_bps": 3.4716807943399988,
      "p99_slippage_bps": 19.201160048186782,
      "maker_ratio": 0.7,
      "fills_under_threshold": 833,
      "pct_under_threshold": 0.9742690058479532,
      "gate_status": "INSUFFICIENT_DATA",
      "reason": "need_2000_fills_have_855",
      "threshold_bps": 15.0,
      "min_sample_size": 2000
    },
    "asset_NVDA": {
      "total_fills": 843,
      "p95_slippage_bps": 8.777899926154879,
      "mean_slippage_bps": 4.008269585851638,
      "median_slippage_bps": 3.392280652892699,
      "p99_slippage_bps": 18.722766195595522,
      "maker_ratio": 0.7,
      "fills_under_threshold": 828,
      "pct_under_threshold": 0.9822064056939501,
      "gate_status": "INSUFFICIENT_DATA",
      "reason": "need_2000_fills_have_843",
      "threshold_bps": 15.0,
      "min_sample_size": 2000
    },
    "asset_BTC-USD": {
      "total_fills": 844,
      "p95_slippage_bps": 8.37655357832733,
      "mean_slippage_bps": 3.9772761032546597,
      "median_slippage_bps": 3.3865561594747478,
      "p99_slippage_bps": 18.70996659695338,
      "maker_ratio": 0.7,
      "fills_under_threshold": 828,
      "pct_under_threshold": 0.981042654028436,
      "gate_status": "INSUFFICIENT_DATA",
      "reason": "need_2000_fills_have_844",
      "threshold_bps": 15.0,
      "min_sample_size": 2000
    },
    "venue_alpaca": {
      "total_fills": 849,
      "p95_slippage_bps": 8.774140965482193,
      "mean_slippage_bps": 4.046669848524939,
      "median_slippage_bps": 3.42846682316863,
      "p99_slippage_bps": 18.659655916877607,
      "maker_ratio": 0.7,
      "fills_under_threshold": 835,
      "pct_under_threshold": 0.983510011778563,
      "gate_status": "INSUFFICIENT_DATA",
      "reason": "need_2000_fills_have_849",
      "threshold_bps": 15.0,
      "min_sample_size": 2000
    },
    "venue_binance": {
      "total_fills": 857,
      "p95_slippage_bps": 8.891706562059442,
      "mean_slippage_bps": 4.036504139507273,
      "median_slippage_bps": 3.4612467247770864,
      "p99_slippage_bps": 18.881821379515426,
      "maker_ratio": 0.7,
      "fills_under_threshold": 838,
      "pct_under_threshold": 0.9778296382730455,
      "gate_status": "INSUFFICIENT_DATA",
      "reason": "need_2000_fills_have_857",
      "threshold_bps": 15.0,
      "min_sample_size": 2000
    },
    "venue_coinbase": {
      "total_fills": 836,
      "p95_slippage_bps": 8.685431072491426,
      "mean_slippage_bps": 4.004099076618246,
      "median_slippage_bps": 3.385453709829415,
      "p99_slippage_bps": 19.485470910510728,
      "maker_ratio": 0.7,
      "fills_under_threshold": 816,
      "pct_under_threshold": 0.9760765550239234,
      "gate_status": "INSUFFICIENT_DATA",
      "reason": "need_2000_fills_have_836",
      "threshold_bps": 15.0,
      "min_sample_size": 2000
    },
    "BTC-USD_alpaca": {
      "total_fills": 288,
      "p95_slippage_bps": 8.238071998160875,
      "mean_slippage_bps": 4.042868268897896,
      "median_slippage_bps": 3.3738507599373295,
      "p99_slippage_bps": 21.670578557793107,
      "maker_ratio": 0.7,
      "fills_under_threshold": 282,
      "pct_under_threshold": 0.9791666666666666,
      "gate_status": "INSUFFICIENT_DATA",
      "reason": "need_2000_fills_have_288",
      "threshold_bps": 15.0,
      "min_sample_size": 2000
    },
    "BTC-USD_binance": {
      "total_fills": 290,
      "p95_slippage_bps": 8.312222038096433,
      "mean_slippage_bps": 3.9665140799969936,
      "median_slippage_bps": 3.42639034586818,
      "p99_slippage_bps": 18.72858432149988,
      "maker_ratio": 0.7,
      "fills_under_threshold": 283,
      "pct_under_threshold": 0.9758620689655172,
      "gate_status": "INSUFFICIENT_DATA",
      "reason": "need_2000_fills_have_290",
      "threshold_bps": 15.0,
      "min_sample_size": 2000
    },
    "BTC-USD_coinbase": {
      "total_fills": 266,
      "p95_slippage_bps": 8.431417519540075,
      "mean_slippage_bps": 3.9179920545308677,
      "median_slippage_bps": 3.3603509844639543,
      "p99_slippage_bps": 14.874621125094063,
      "maker_ratio": 0.7,
      "fills_under_threshold": 263,
      "pct_under_threshold": 0.9887218045112782,
      "gate_status": "INSUFFICIENT_DATA",
      "reason": "need_2000_fills_have_266",
      "threshold_bps": 15.0,
      "min_sample_size": 2000
    },
    "ETH-USD_alpaca": {
      "total_fills": 285,
      "p95_slippage_bps": 8.89139545063126,
      "mean_slippage_bps": 4.054942412512815,
      "median_slippage_bps": 3.467231126851986,
      "p99_slippage_bps": 17.961025138798774,
      "maker_ratio": 0.7,
      "fills_under_threshold": 280,
      "pct_under_threshold": 0.9824561403508771,
      "gate_status": "INSUFFICIENT_DATA",
      "reason": "need_2000_fills_have_285",
      "threshold_bps": 15.0,
      "min_sample_size": 2000
    },
    "ETH-USD_binance": {
      "total_fills": 296,
      "p95_slippage_bps": 8.950547163568144,
      "mean_slippage_bps": 4.1508333957770205,
      "median_slippage_bps": 3.7094968820860927,
      "p99_slippage_bps": 17.831401825790195,
      "maker_ratio": 0.7,
      "fills_under_threshold": 289,
      "pct_under_threshold": 0.9763513513513513,
      "gate_status": "INSUFFICIENT_DATA",
      "reason": "need_2000_fills_have_296",
      "threshold_bps": 15.0,
      "min_sample_size": 2000
    },
    "ETH-USD_coinbase": {
      "total_fills": 274,
      "p95_slippage_bps": 9.431846350034263,
      "mean_slippage_bps": 4.095751869606738,
      "median_slippage_bps": 3.3524002035456024,
      "p99_slippage_bps": 20.738941379897316,
      "maker_ratio": 0.7,
      "fills_under_threshold": 264,
      "pct_under_threshold": 0.9635036496350365,
      "gate_status": "INSUFFICIENT_DATA",
      "reason": "need_2000_fills_have_274",
      "threshold_bps": 15.0,
      "min_sample_size": 2000
    },
    "NVDA_alpaca": {
      "total_fills": 276,
      "p95_slippage_bps": 8.622826135893348,
      "mean_slippage_bps": 4.042094392713504,
      "median_slippage_bps": 3.4601476591750595,
      "p99_slippage_bps": 15.179565240472908,
      "maker_ratio": 0.7,
      "fills_under_threshold": 273,
      "pct_under_threshold": 0.9891304347826086,
      "gate_status": "INSUFFICIENT_DATA",
      "reason": "need_2000_fills_have_276",
      "threshold_bps": 15.0,
      "min_sample_size": 2000
    },
    "NVDA_binance": {
      "total_fills": 271,
      "p95_slippage_bps": 9.060410158675442,
      "mean_slippage_bps": 3.986525015529916,
      "median_slippage_bps": 3.218939903426207,
      "p99_slippage_bps": 18.91850018528396,
      "maker_ratio": 0.7,
      "fills_under_threshold": 266,
      "pct_under_threshold": 0.981549815498155,
      "gate_status": "INSUFFICIENT_DATA",
      "reason": "need_2000_fills_have_271",
      "threshold_bps": 15.0,
      "min_sample_size": 2000
    },
    "NVDA_coinbase": {
      "total_fills": 296,
      "p95_slippage_bps": 8.51050381223833,
      "mean_slippage_bps": 3.996638274579044,
      "median_slippage_bps": 3.4522369422154338,
      "p99_slippage_bps": 18.562531558868272,
      "maker_ratio": 0.7,
      "fills_under_threshold": 289,
      "pct_under_threshold": 0.9763513513513513,
      "gate_status": "INSUFFICIENT_DATA",
      "reason": "need_2000_fills_have_296",