{
  "timestamp": "2025-08-16T09:29:17.285003+00:00",
  "window_hours": 48,
  "threshold_bps": 15.0,
  "min_sample_size": 2000,
  "overall_metrics": {
    "total_fills": 2716,
    "p95_slippage_bps": 9.437883597494734,
    "mean_slippage_bps": 4.055943745179745,
    "median_slippage_bps": 3.29971396960953,
    "p99_slippage_bps": 19.30862789739606,
    "maker_ratio": 0.7,
    "fills_under_threshold": 2647,
    "pct_under_threshold": 0.9745949926362297,
    "gate_status": "PASS",
    "reason": "criteria_met",
    "threshold_bps": 15.0,
    "min_sample_size": 2000
  },
  "breakdown_metrics": {
    "asset_ETH-USD": {
      "total_fills": 858,
      "p95_slippage_bps": 8.829179415445282,
      "mean_slippage_bps": 4.060949730202702,
      "median_slippage_bps": 3.329513700005619,
      "p99_slippage_bps": 19.634266602131145,
      "maker_ratio": 0.7,
      "fills_under_threshold": 835,
      "pct_under_threshold": 0.9731934731934732,
      "gate_status": "INSUFFICIENT_DATA",
      "reason": "need_2000_fills_have_858",
      "threshold_bps": 15.0,
      "min_sample_size": 2000
    },
    "asset_NVDA": {
      "total_fills": 935,
      "p95_slippage_bps": 9.282787439125142,
      "mean_slippage_bps": 4.001375933685764,
      "median_slippage_bps": 3.2966748225373235,
      "p99_slippage_bps": 18.125564897532154,
      "maker_ratio": 0.7,
      "fills_under_threshold": 916,
      "pct_under_threshold": 0.9796791443850268,
      "gate_status": "INSUFFICIENT_DATA",
      "reason": "need_2000_fills_have_935",
      "threshold_bps": 15.0,
      "min_sample_size": 2000
    },
    "asset_BTC-USD": {
      "total_fills": 923,
      "p95_slippage_bps": 9.846560034392363,
      "mean_slippage_bps": 4.106567546476792,
      "median_slippage_bps": 3.2800273163419575,
      "p99_slippage_bps": 20.07820028887218,
      "maker_ratio": 0.7,
      "fills_under_threshold": 896,
      "pct_under_threshold": 0.9707475622968581,
      "gate_status": "INSUFFICIENT_DATA",
      "reason": "need_2000_fills_have_923",
      "threshold_bps": 15.0,
      "min_sample_size": 2000
    },
    "venue_binance": {
      "total_fills": 920,
      "p95_slippage_bps": 8.982894725455695,
      "mean_slippage_bps": 4.029556103566589,
      "median_slippage_bps": 3.380197973297501,
      "p99_slippage_bps": 17.160192455384117,
      "maker_ratio": 0.7,
      "fills_under_threshold": 901,
      "pct_under_threshold": 0.9793478260869565,
      "gate_status": "INSUFFICIENT_DATA",
      "reason": "need_2000_fills_have_920",
      "threshold_bps": 15.0,
      "min_sample_size": 2000
    },
    "venue_coinbase": {
      "total_fills": 889,
      "p95_slippage_bps": 9.794258649375266,
      "mean_slippage_bps": 4.188702608420237,
      "median_slippage_bps": 3.340513327876602,
      "p99_slippage_bps": 20.159590115317457,
      "maker_ratio": 0.7,
      "fills_under_threshold": 858,
      "pct_under_threshold": 0.9651293588301463,
      "gate_status": "INSUFFICIENT_DATA",
      "reason": "need_2000_fills_have_889",
      "threshold_bps": 15.0,
      "min_sample_size": 2000
    },
    "venue_alpaca": {
      "total_fills": 907,
      "p95_slippage_bps": 9.247997152126606,
      "mean_slippage_bps": 3.952585421986034,
      "median_slippage_bps": 3.2304389252107404,
      "p99_slippage_bps": 17.688570435097432,
      "maker_ratio": 0.7,
      "fills_under_threshold": 888,
      "pct_under_threshold": 0.9790518191841234,
      "gate_status": "INSUFFICIENT_DATA",
      "reason": "need_2000_fills_have_907",
      "threshold_bps": 15.0,
      "min_sample_size": 2000
    },
    "BTC-USD_alpaca": {
      "total_fills": 303,
      "p95_slippage_bps": 9.160264781313327,
      "mean_slippage_bps": 3.936230797521086,
      "median_slippage_bps": 3.2335685217687993,
      "p99_slippage_bps": 18.192510571726707,
      "maker_ratio": 0.7,
      "fills_under_threshold": 298,
      "pct_under_threshold": 0.9834983498349835,
      "gate_status": "INSUFFICIENT_DATA",
      "reason": "need_2000_fills_have_303",
      "threshold_bps": 15.0,
      "min_sample_size": 2000
    },
    "BTC-USD_binance": {
      "total_fills": 298,
      "p95_slippage_bps": 10.026501821993357,
      "mean_slippage_bps": 4.197268154441509,
      "median_slippage_bps": 3.3937804266058844,
      "p99_slippage_bps": 21.83350475603354,
      "maker_ratio": 0.7,
      "fills_under_threshold": 289,
      "pct_under_threshold": 0.9697986577181208,
      "gate_status": "INSUFFICIENT_DATA",
      "reason": "need_2000_fills_have_298",
      "threshold_bps": 15.0,
      "min_sample_size": 2000
    },
    "BTC-USD_coinbase": {
      "total_fills": 322,
      "p95_slippage_bps": 10.603955181173818,
      "mean_slippage_bps": 4.182913055048511,
      "median_slippage_bps": 3.2665776809044136,
      "p99_slippage_bps": 20.081687345149145,
      "maker_ratio": 0.7,
      "fills_under_threshold": 309,
      "pct_under_threshold": 0.9596273291925466,
      "gate_status": "INSUFFICIENT_DATA",
      "reason": "need_2000_fills_have_322",
      "threshold_bps": 15.0,
      "min_sample_size": 2000
    },
    "ETH-USD_alpaca": {
      "total_fills": 280,
      "p95_slippage_bps": 9.067473991360561,
      "mean_slippage_bps": 4.006361311712929,
      "median_slippage_bps": 3.2419944898697173,
      "p99_slippage_bps": 18.044410948648668,
      "maker_ratio": 0.7,
      "fills_under_threshold": 273,
      "pct_under_threshold": 0.975,
      "gate_status": "INSUFFICIENT_DATA",
      "reason": "need_2000_fills_have_280",
      "threshold_bps": 15.0,
      "min_sample_size": 2000
    },
    "ETH-USD_binance": {
      "total_fills": 303,
      "p95_slippage_bps": 8.50345849845185,
      "mean_slippage_bps": 3.977493472885426,
      "median_slippage_bps": 3.4306945825105655,
      "p99_slippage_bps": 15.987245806696075,
      "maker_ratio": 0.7,
      "fills_under_threshold": 297,
      "pct_under_threshold": 0.9801980198019802,
      "gate_status": "INSUFFICIENT_DATA",
      "reason": "need_2000_fills_have_303",
      "threshold_bps": 15.0,
      "min_sample_size": 2000
    },
    "ETH-USD_coinbase": {
      "total_fills": 275,
      "p95_slippage_bps": 9.590706785356645,
      "mean_slippage_bps": 4.20848428709096,
      "median_slippage_bps": 3.4441175902216092,
      "p99_slippage_bps": 20.844818559182134,
      "maker_ratio": 0.7,
      "fills_under_threshold": 265,
      "pct_under_threshold": 0.9636363636363636,
      "gate_status": "INSUFFICIENT_DATA",
      "reason": "need_2000_fills_have_275",
      "threshold_bps": 15.0,
      "min_sample_size": 2000
    },
    "NVDA_alpaca": {
      "total_fills": 324,
      "p95_slippage_bps": 9.476439079787387,
      "mean_slippage_bps": 3.9214070333729127,
      "median_slippage_bps": 3.1516799428556337,
      "p99_slippage_bps": 16.25778955149269,
      "maker_ratio": 0.7,
      "fills_under_threshold": 317,
      "pct_under_threshold": 0.9783950617283951,
      "gate_status": "INSUFFICIENT_DATA",
      "reason": "need_2000_fills_have_324",
      "threshold_bps": 15.0,
      "min_sample_size": 2000
    },
    "NVDA_binance": {
      "total_fills": 319,
      "p95_slippage_bps": 8.919674017314568,
      "mean_slippage_bps": 3.9223359967818454,
      "median_slippage_bps": 3.3012451874910456,
      "p99_slippage_bps": 15.118852589554061,
      "maker_ratio": 0.7,
      "fills_under_threshold": 315,
      "pct_under_threshold": 0.987460815047022,
      "gate_status": "INSUFFICIENT_DATA",
      "reason": "need_2000_fills_have_319",
      "threshold_bps": 15.0,
      "min_sample_size": 2000
    },
    "NVDA_coinbase": {
      "total_fills": 292,
      "p95_slippage_bps": 9.49313594783838,
      "mean_slippage_bps": 4.176456973321768,
      "median_slippage_bps": 3.3885931469951283,
      "p99_slippage_bps": 19.388309081670176,
      "maker_ratio": 0.7,
      "fills_under_threshold": 284,
      "pct_under_threshold": 0.9726027397260274,
      "gate_status": "INSUFFICIENT_DATA",
      "reason": "need_2000_fills_have_292",