{
  "timestamp": "2025-08-16T21:40:45.893211+00:00",
  "window_hours": 48,
  "threshold_bps": 15.0,
  "min_sample_size": 2000,
  "overall_metrics": {
    "total_fills": 2731,
    "p95_slippage_bps": 9.52494021949776,
    "mean_slippage_bps": 4.165824364889489,
    "median_slippage_bps": 3.4858581600140806,
    "p99_slippage_bps": 19.625395148608657,
    "maker_ratio": 0.7,
    "fills_under_threshold": 2673,
    "pct_under_threshold": 0.9787623581105822,
    "gate_status": "PASS",
    "reason": "criteria_met",
    "threshold_bps": 15.0,
    "min_sample_size": 2000
  },
  "breakdown_metrics": {
    "asset_NVDA": {
      "total_fills": 896,
      "p95_slippage_bps": 9.124411544124602,
      "mean_slippage_bps": 4.050824218574377,
      "median_slippage_bps": 3.453580782769711,
      "p99_slippage_bps": 19.002579325138804,
      "maker_ratio": 0.7,
      "fills_under_threshold": 878,
      "pct_under_threshold": 0.9799107142857143,
      "gate_status": "INSUFFICIENT_DATA",
      "reason": "need_2000_fills_have_896",
      "threshold_bps": 15.0,
      "min_sample_size": 2000
    },
    "asset_BTC-USD": {
      "total_fills": 913,
      "p95_slippage_bps": 9.267716013341097,
      "mean_slippage_bps": 4.169917127188362,
      "median_slippage_bps": 3.467750178714709,
      "p99_slippage_bps": 21.301956819005923,
      "maker_ratio": 0.7,
      "fills_under_threshold": 894,
      "pct_under_threshold": 0.9791894852135816,
      "gate_status": "INSUFFICIENT_DATA",
      "reason": "need_2000_fills_have_913",
      "threshold_bps": 15.0,
      "min_sample_size": 2000
    },
    "asset_ETH-USD": {
      "total_fills": 922,
      "p95_slippage_bps": 10.01806654358291,
      "mean_slippage_bps": 4.27352874571321,
      "median_slippage_bps": 3.5674777304551175,
      "p99_slippage_bps": 19.22443266693612,
      "maker_ratio": 0.7,
      "fills_under_threshold": 901,
      "pct_under_threshold": 0.9772234273318872,
      "gate_status": "INSUFFICIENT_DATA",
      "reason": "need_2000_fills_have_922",
      "threshold_bps": 15.0,
      "min_sample_size": 2000
    },
    "venue_coinbase": {
      "total_fills": 943,
      "p95_slippage_bps": 8.902645056139018,
      "mean_slippage_bps": 4.035975461259273,
      "median_slippage_bps": 3.468599736800795,
      "p99_slippage_bps": 15.712591070914462,
      "maker_ratio": 0.7,
      "fills_under_threshold": 932,
      "pct_under_threshold": 0.9883351007423118,
      "gate_status": "INSUFFICIENT_DATA",
      "reason": "need_2000_fills_have_943",
      "threshold_bps": 15.0,
      "min_sample_size": 2000
    },
    "venue_binance": {
      "total_fills": 870,
      "p95_slippage_bps": 9.31072192170516,
      "mean_slippage_bps": 4.143359828962333,
      "median_slippage_bps": 3.4445391756863453,
      "p99_slippage_bps": 18.640663436808406,
      "maker_ratio": 0.7,
      "fills_under_threshold": 852,
      "pct_under_threshold": 0.9793103448275862,
      "gate_status": "INSUFFICIENT_DATA",
      "reason": "need_2000_fills_have_870",
      "threshold_bps": 15.0,
      "min_sample_size": 2000
    },
    "venue_alpaca": {
      "total_fills": 918,
      "p95_slippage_bps": 10.108474995628464,
      "mean_slippage_bps": 4.320499378375242,
      "median_slippage_bps": 3.592701901071333,
      "p99_slippage_bps": 20.05223784736327,
      "maker_ratio": 0.7,
      "fills_under_threshold": 889,
      "pct_under_threshold": 0.9684095860566448,
      "gate_status": "INSUFFICIENT_DATA",
      "reason": "need_2000_fills_have_918",
      "threshold_bps": 15.0,
      "min_sample_size": 2000
    },
    "BTC-USD_alpaca": {
      "total_fills": 320,
      "p95_slippage_bps": 11.84650856690738,
      "mean_slippage_bps": 4.378776835770999,
      "median_slippage_bps": 3.4946662038672933,
      "p99_slippage_bps": 23.03459609913286,
      "maker_ratio": 0.7,
      "fills_under_threshold": 308,
      "pct_under_threshold": 0.9625,
      "gate_status": "INSUFFICIENT_DATA",
      "reason": "need_2000_fills_have_320",
      "threshold_bps": 15.0,
      "min_sample_size": 2000
    },
    "BTC-USD_binance": {
      "total_fills": 292,
      "p95_slippage_bps": 7.961492402982193,
      "mean_slippage_bps": 3.9311568502665915,
      "median_slippage_bps": 3.29499340428702,
      "p99_slippage_bps": 18.477372385073103,
      "maker_ratio": 0.7,
      "fills_under_threshold": 288,
      "pct_under_threshold": 0.9863013698630136,
      "gate_status": "INSUFFICIENT_DATA",
      "reason": "need_2000_fills_have_292",
      "threshold_bps": 15.0,
      "min_sample_size": 2000
    },
    "BTC-USD_coinbase": {
      "total_fills": 301,
      "p95_slippage_bps": 8.831191773525799,
      "mean_slippage_bps": 4.179494848499699,
      "median_slippage_bps": 3.668673450457606,
      "p99_slippage_bps": 14.03169813545076,
      "maker_ratio": 0.7,
      "fills_under_threshold": 298,
      "pct_under_threshold": 0.9900332225913622,
      "gate_status": "INSUFFICIENT_DATA",
      "reason": "need_2000_fills_have_301",
      "threshold_bps": 15.0,
      "min_sample_size": 2000
    },
    "ETH-USD_alpaca": {
      "total_fills": 313,
      "p95_slippage_bps": 10.235900567336648,
      "mean_slippage_bps": 4.42623267604982,
      "median_slippage_bps": 3.66963133402709,
      "p99_slippage_bps": 19.79618396890254,
      "maker_ratio": 0.7,
      "fills_under_threshold": 303,
      "pct_under_threshold": 0.9680511182108626,
      "gate_status": "INSUFFICIENT_DATA",
      "reason": "need_2000_fills_have_313",
      "threshold_bps": 15.0,
      "min_sample_size": 2000
    },
    "ETH-USD_binance": {
      "total_fills": 300,
      "p95_slippage_bps": 9.92741632451522,
      "mean_slippage_bps": 4.393375360247236,
      "median_slippage_bps": 3.774228558215814,
      "p99_slippage_bps": 18.473393486075004,
      "maker_ratio": 0.7,
      "fills_under_threshold": 293,
      "pct_under_threshold": 0.9766666666666667,
      "gate_status": "INSUFFICIENT_DATA",
      "reason": "need_2000_fills_have_300",
      "threshold_bps": 15.0,
      "min_sample_size": 2000
    },
    "ETH-USD_coinbase": {
      "total_fills": 309,
      "p95_slippage_bps": 9.511691028718802,
      "mean_slippage_bps": 4.002492129028531,
      "median_slippage_bps": 3.3341833134571353,
      "p99_slippage_bps": 14.991119857014112,
      "maker_ratio": 0.7,
      "fills_under_threshold": 305,
      "pct_under_threshold": 0.9870550161812298,
      "gate_status": "INSUFFICIENT_DATA",
      "reason": "need_2000_fills_have_309",
      "threshold_bps": 15.0,
      "min_sample_size": 2000
    },
    "NVDA_alpaca": {
      "total_fills": 285,
      "p95_slippage_bps": 9.855538323159706,
      "mean_slippage_bps": 4.138943909818103,
      "median_slippage_bps": 3.581183341251349,
      "p99_slippage_bps": 19.146182719167342,
      "maker_ratio": 0.7,
      "fills_under_threshold": 278,
      "pct_under_threshold": 0.9754385964912281,
      "gate_status": "INSUFFICIENT_DATA",
      "reason": "need_2000_fills_have_285",
      "threshold_bps": 15.0,
      "min_sample_size": 2000
    },
    "NVDA_binance": {
      "total_fills": 278,
      "p95_slippage_bps": 9.202889617338595,
      "mean_slippage_bps": 4.096448355558321,
      "median_slippage_bps": 3.3910466757292923,
      "p99_slippage_bps": 18.082552769155892,
      "maker_ratio": 0.7,
      "fills_under_threshold": 271,
      "pct_under_threshold": 0.9748201438848921,
      "gate_status": "INSUFFICIENT_DATA",
      "reason": "need_2000_fills_have_278",
      "threshold_bps": 15.0,
      "min_sample_size": 2000
    },
    "NVDA_coinbase": {
      "total_fills": 333,
      "p95_slippage_bps": 8.483489934457936,
      "mean_slippage_bps": 3.93731784594375,
      "median_slippage_bps": 3.4553405034078373,
      "p99_slippage_bps": 15.623781156364378,
      "maker_ratio": 0.7,
      "fills_under_threshold": 329,
      "pct_under_threshold": 0.987987987987988,
      "gate_status": "INSUFFICIENT_DATA",
      "reason": "need_2000_fills_have_333",