{
  "timestamp": "2025-08-16T13:07:10.422522+00:00",
  "window_hours": 48,
  "threshold_bps": 15.0,
  "min_sample_size": 2000,
  "overall_metrics": {
    "total_fills": 2780,
    "p95_slippage_bps": 8.754899918738223,
    "mean_slippage_bps": 3.973839093135574,
    "median_slippage_bps": 3.474308659225148,
    "p99_slippage_bps": 18.39439672177829,
    "maker_ratio": 0.7,
    "fills_under_threshold": 2733,
    "pct_under_threshold": 0.9830935251798562,
    "gate_status": "PASS",
    "reason": "criteria_met",
    "threshold_bps": 15.0,
    "min_sample_size": 2000
  },
  "breakdown_metrics": {
    "asset_BTC-USD": {
      "total_fills": 908,
      "p95_slippage_bps": 9.032869634282937,
      "mean_slippage_bps": 4.013377414518347,
      "median_slippage_bps": 3.5356029651008862,
      "p99_slippage_bps": 18.35348220889142,
      "maker_ratio": 0.7,
      "fills_under_threshold": 895,
      "pct_under_threshold": 0.98568281938326,
      "gate_status": "INSUFFICIENT_DATA",
      "reason": "need_2000_fills_have_908",
      "threshold_bps": 15.0,
      "min_sample_size": 2000
    },
    "asset_NVDA": {
      "total_fills": 935,
      "p95_slippage_bps": 8.413221710695792,
      "mean_slippage_bps": 3.8076805365622817,
      "median_slippage_bps": 3.324900275011386,
      "p99_slippage_bps": 15.791660806364433,
      "maker_ratio": 0.7,
      "fills_under_threshold": 924,
      "pct_under_threshold": 0.9882352941176471,
      "gate_status": "INSUFFICIENT_DATA",
      "reason": "need_2000_fills_have_935",
      "threshold_bps": 15.0,
      "min_sample_size": 2000
    },
    "asset_ETH-USD": {
      "total_fills": 937,
      "p95_slippage_bps": 8.889248265014047,
      "mean_slippage_bps": 4.101328372303631,
      "median_slippage_bps": 3.5777268035142042,
      "p99_slippage_bps": 20.30614544013175,
      "maker_ratio": 0.7,
      "fills_under_threshold": 914,
      "pct_under_threshold": 0.9754535752401281,
      "gate_status": "INSUFFICIENT_DATA",
      "reason": "need_2000_fills_have_937",
      "threshold_bps": 15.0,
      "min_sample_size": 2000
    },
    "venue_coinbase": {
      "total_fills": 921,
      "p95_slippage_bps": 9.127928290143984,
      "mean_slippage_bps": 4.022843617227566,
      "median_slippage_bps": 3.582236320061484,
      "p99_slippage_bps": 17.804177028090148,
      "maker_ratio": 0.7,
      "fills_under_threshold": 906,
      "pct_under_threshold": 0.9837133550488599,
      "gate_status": "INSUFFICIENT_DATA",
      "reason": "need_2000_fills_have_921",
      "threshold_bps": 15.0,
      "min_sample_size": 2000
    },
    "venue_alpaca": {
      "total_fills": 958,
      "p95_slippage_bps": 8.836623557657298,
      "mean_slippage_bps": 4.089485454599035,
      "median_slippage_bps": 3.468285468744587,
      "p99_slippage_bps": 21.09503401667539,
      "maker_ratio": 0.7,
      "fills_under_threshold": 937,
      "pct_under_threshold": 0.9780793319415448,
      "gate_status": "INSUFFICIENT_DATA",
      "reason": "need_2000_fills_have_958",
      "threshold_bps": 15.0,
      "min_sample_size": 2000
    },
    "venue_binance": {
      "total_fills": 901,
      "p95_slippage_bps": 8.333044183435131,
      "mean_slippage_bps": 3.800784286286826,
      "median_slippage_bps": 3.4142093943985934,
      "p99_slippage_bps": 15.457689988066543,
      "maker_ratio": 0.7,
      "fills_under_threshold": 890,
      "pct_under_threshold": 0.9877913429522752,
      "gate_status": "INSUFFICIENT_DATA",
      "reason": "need_2000_fills_have_901",
      "threshold_bps": 15.0,
      "min_sample_size": 2000
    },
    "BTC-USD_alpaca": {
      "total_fills": 322,
      "p95_slippage_bps": 8.390720328000592,
      "mean_slippage_bps": 4.0874894761672484,
      "median_slippage_bps": 3.6021039156261034,
      "p99_slippage_bps": 20.621868502211264,
      "maker_ratio": 0.7,
      "fills_under_threshold": 316,
      "pct_under_threshold": 0.9813664596273292,
      "gate_status": "INSUFFICIENT_DATA",
      "reason": "need_2000_fills_have_322",
      "threshold_bps": 15.0,
      "min_sample_size": 2000
    },
    "BTC-USD_binance": {
      "total_fills": 290,
      "p95_slippage_bps": 8.478352223379222,
      "mean_slippage_bps": 3.9089694510639594,
      "median_slippage_bps": 3.475672685863022,
      "p99_slippage_bps": 14.14958205946666,
      "maker_ratio": 0.7,
      "fills_under_threshold": 287,
      "pct_under_threshold": 0.9896551724137931,
      "gate_status": "INSUFFICIENT_DATA",
      "reason": "need_2000_fills_have_290",
      "threshold_bps": 15.0,
      "min_sample_size": 2000
    },
    "BTC-USD_coinbase": {
      "total_fills": 296,
      "p95_slippage_bps": 9.364763568562815,
      "mean_slippage_bps": 4.035047095433299,
      "median_slippage_bps": 3.5698776067945817,
      "p99_slippage_bps": 17.127368032980105,
      "maker_ratio": 0.7,
      "fills_under_threshold": 292,
      "pct_under_threshold": 0.9864864864864865,
      "gate_status": "INSUFFICIENT_DATA",
      "reason": "need_2000_fills_have_296",
      "threshold_bps": 15.0,
      "min_sample_size": 2000
    },
    "ETH-USD_alpaca": {
      "total_fills": 344,
      "p95_slippage_bps": 8.871535440088916,
      "mean_slippage_bps": 4.21219047816467,
      "median_slippage_bps": 3.495879488472231,
      "p99_slippage_bps": 21.31115174575202,
      "maker_ratio": 0.7,
      "fills_under_threshold": 336,
      "pct_under_threshold": 0.9767441860465116,
      "gate_status": "INSUFFICIENT_DATA",
      "reason": "need_2000_fills_have_344",
      "threshold_bps": 15.0,
      "min_sample_size": 2000
    },
    "ETH-USD_binance": {
      "total_fills": 311,
      "p95_slippage_bps": 8.527104761679201,
      "mean_slippage_bps": 3.952968000334024,
      "median_slippage_bps": 3.4554350187796357,
      "p99_slippage_bps": 19.38054989529472,
      "maker_ratio": 0.7,
      "fills_under_threshold": 303,
      "pct_under_threshold": 0.9742765273311897,
      "gate_status": "INSUFFICIENT_DATA",
      "reason": "need_2000_fills_have_311",
      "threshold_bps": 15.0,
      "min_sample_size": 2000
    },
    "ETH-USD_coinbase": {
      "total_fills": 282,
      "p95_slippage_bps": 9.143464635608929,
      "mean_slippage_bps": 4.129709617928986,
      "median_slippage_bps": 3.7056371032312976,
      "p99_slippage_bps": 21.283402708072952,
      "maker_ratio": 0.7,
      "fills_under_threshold": 275,
      "pct_under_threshold": 0.975177304964539,
      "gate_status": "INSUFFICIENT_DATA",
      "reason": "need_2000_fills_have_282",
      "threshold_bps": 15.0,
      "min_sample_size": 2000
    },
    "NVDA_alpaca": {
      "total_fills": 292,
      "p95_slippage_bps": 8.651374139661543,
      "mean_slippage_bps": 3.9471298962033408,
      "median_slippage_bps": 3.314913757603165,
      "p99_slippage_bps": 17.535597312450435,
      "maker_ratio": 0.7,
      "fills_under_threshold": 285,
      "pct_under_threshold": 0.976027397260274,
      "gate_status": "INSUFFICIENT_DATA",
      "reason": "need_2000_fills_have_292",
      "threshold_bps": 15.0,
      "min_sample_size": 2000
    },
    "NVDA_binance": {
      "total_fills": 300,
      "p95_slippage_bps": 7.858278851235407,
      "mean_slippage_bps": 3.5384415101066695,
      "median_slippage_bps": 3.29416886903807,
      "p99_slippage_bps": 10.537840902580855,
      "maker_ratio": 0.7,
      "fills_under_threshold": 300,
      "pct_under_threshold": 1.0,
      "gate_status": "INSUFFICIENT_DATA",
      "reason": "need_2000_fills_have_300",
      "threshold_bps": 15.0,
      "min_sample_size": 2000
    },
    "NVDA_coinbase": {
      "total_fills": 343,
      "p95_slippage_bps": 8.62202431015105,
      "mean_slippage_bps": 3.924451658782382,
      "median_slippage_bps": 3.4158775447642817,
      "p99_slippage_bps": 14.613475785553975,
      "maker_ratio": 0.7,
      "fills_under_threshold": 339,
      "pct_under_threshold": 0.9883381924198251,
      "gate_status": "INSUFFICIENT_DATA",
      "reason": "need_2000_fills_have_343",