{
  "timestamp": "2025-08-16T18:33:58.796880+00:00",
  "window_hours": 48,
  "threshold_bps": 15.0,
  "min_sample_size": 2000,
  "overall_metrics": {
    "total_fills": 2761,
    "p95_slippage_bps": 9.175214249717397,
    "mean_slippage_bps": 4.084376242180304,
    "median_slippage_bps": 3.468883389863467,
    "p99_slippage_bps": 19.852820857332926,
    "maker_ratio": 0.7,
    "fills_under_threshold": 2703,
    "pct_under_threshold": 0.9789931184353495,
    "gate_status": "PASS",
    "reason": "criteria_met",
    "threshold_bps": 15.0,
    "min_sample_size": 2000
  },
  "breakdown_metrics": {
    "asset_NVDA": {
      "total_fills": 911,
      "p95_slippage_bps": 8.980027384254846,
      "mean_slippage_bps": 4.083148779119727,
      "median_slippage_bps": 3.4724612860402493,
      "p99_slippage_bps": 20.396981595800582,
      "maker_ratio": 0.7,
      "fills_under_threshold": 893,
      "pct_under_threshold": 0.9802414928649835,
      "gate_status": "INSUFFICIENT_DATA",
      "reason": "need_2000_fills_have_911",
      "threshold_bps": 15.0,
      "min_sample_size": 2000
    },
    "asset_BTC-USD": {
      "total_fills": 892,
      "p95_slippage_bps": 9.004138061609467,
      "mean_slippage_bps": 4.142415520712729,
      "median_slippage_bps": 3.5191747201833223,
      "p99_slippage_bps": 20.20007351627387,
      "maker_ratio": 0.7,
      "fills_under_threshold": 872,
      "pct_under_threshold": 0.9775784753363229,
      "gate_status": "INSUFFICIENT_DATA",
      "reason": "need_2000_fills_have_892",
      "threshold_bps": 15.0,
      "min_sample_size": 2000
    },
    "asset_ETH-USD": {
      "total_fills": 958,
      "p95_slippage_bps": 9.54801495293406,
      "mean_slippage_bps": 4.031502737375775,
      "median_slippage_bps": 3.442237515171256,
      "p99_slippage_bps": 18.788737047281575,
      "maker_ratio": 0.7,
      "fills_under_threshold": 938,
      "pct_under_threshold": 0.9791231732776617,
      "gate_status": "INSUFFICIENT_DATA",
      "reason": "need_2000_fills_have_958",
      "threshold_bps": 15.0,
      "min_sample_size": 2000
    },
    "venue_binance": {
      "total_fills": 911,
      "p95_slippage_bps": 9.024438460533588,
      "mean_slippage_bps": 4.138750398393646,
      "median_slippage_bps": 3.449388470450197,
      "p99_slippage_bps": 20.61238020455952,
      "maker_ratio": 0.7,
      "fills_under_threshold": 892,
      "pct_under_threshold": 0.9791437980241493,
      "gate_status": "INSUFFICIENT_DATA",
      "reason": "need_2000_fills_have_911",
      "threshold_bps": 15.0,
      "min_sample_size": 2000
    },
    "venue_alpaca": {
      "total_fills": 901,
      "p95_slippage_bps": 9.03410930783188,
      "mean_slippage_bps": 3.963136796669829,
      "median_slippage_bps": 3.4710430294544063,
      "p99_slippage_bps": 16.803302827068826,
      "maker_ratio": 0.7,
      "fills_under_threshold": 887,
      "pct_under_threshold": 0.9844617092119867,
      "gate_status": "INSUFFICIENT_DATA",
      "reason": "need_2000_fills_have_901",
      "threshold_bps": 15.0,
      "min_sample_size": 2000
    },
    "venue_coinbase": {
      "total_fills": 949,
      "p95_slippage_bps": 9.47941435436351,
      "mean_slippage_bps": 4.147286552079758,
      "median_slippage_bps": 3.475578427038464,
      "p99_slippage_bps": 20.529680133750755,
      "maker_ratio": 0.7,
      "fills_under_threshold": 924,
      "pct_under_threshold": 0.9736564805057956,
      "gate_status": "INSUFFICIENT_DATA",
      "reason": "need_2000_fills_have_949",
      "threshold_bps": 15.0,
      "min_sample_size": 2000
    },
    "BTC-USD_alpaca": {
      "total_fills": 306,
      "p95_slippage_bps": 8.31273905191236,
      "mean_slippage_bps": 3.957276933384154,
      "median_slippage_bps": 3.416994146654851,
      "p99_slippage_bps": 19.694353650588628,
      "maker_ratio": 0.7,
      "fills_under_threshold": 301,
      "pct_under_threshold": 0.9836601307189542,
      "gate_status": "INSUFFICIENT_DATA",
      "reason": "need_2000_fills_have_306",
      "threshold_bps": 15.0,
      "min_sample_size": 2000
    },
    "BTC-USD_binance": {
      "total_fills": 267,
      "p95_slippage_bps": 8.958301733875812,
      "mean_slippage_bps": 4.312818791509674,
      "median_slippage_bps": 3.6477927148708575,
      "p99_slippage_bps": 19.246079943623755,
      "maker_ratio": 0.7,
      "fills_under_threshold": 260,
      "pct_under_threshold": 0.9737827715355806,
      "gate_status": "INSUFFICIENT_DATA",
      "reason": "need_2000_fills_have_267",
      "threshold_bps": 15.0,
      "min_sample_size": 2000
    },
    "BTC-USD_coinbase": {
      "total_fills": 319,
      "p95_slippage_bps": 9.501357899843875,
      "mean_slippage_bps": 4.177383340210406,
      "median_slippage_bps": 3.481575745645111,
      "p99_slippage_bps": 21.228513636916183,
      "maker_ratio": 0.7,
      "fills_under_threshold": 311,
      "pct_under_threshold": 0.9749216300940439,
      "gate_status": "INSUFFICIENT_DATA",
      "reason": "need_2000_fills_have_319",
      "threshold_bps": 15.0,
      "min_sample_size": 2000
    },
    "ETH-USD_alpaca": {
      "total_fills": 319,
      "p95_slippage_bps": 9.63260312769623,
      "mean_slippage_bps": 4.071713498396998,
      "median_slippage_bps": 3.436461871080596,
      "p99_slippage_bps": 16.81389439412982,
      "maker_ratio": 0.7,
      "fills_under_threshold": 312,
      "pct_under_threshold": 0.9780564263322884,
      "gate_status": "INSUFFICIENT_DATA",
      "reason": "need_2000_fills_have_319",
      "threshold_bps": 15.0,
      "min_sample_size": 2000
    },
    "ETH-USD_binance": {
      "total_fills": 332,
      "p95_slippage_bps": 9.215503578235802,
      "mean_slippage_bps": 4.004490970024321,
      "median_slippage_bps": 3.5573713888921317,
      "p99_slippage_bps": 15.349047989023106,
      "maker_ratio": 0.7,
      "fills_under_threshold": 328,
      "pct_under_threshold": 0.9879518072289156,
      "gate_status": "INSUFFICIENT_DATA",
      "reason": "need_2000_fills_have_332",
      "threshold_bps": 15.0,
      "min_sample_size": 2000
    },
    "ETH-USD_coinbase": {
      "total_fills": 307,
      "p95_slippage_bps": 9.475579139705241,
      "mean_slippage_bps": 4.018931642896664,
      "median_slippage_bps": 3.3217445308901588,
      "p99_slippage_bps": 19.57906128716956,
      "maker_ratio": 0.7,
      "fills_under_threshold": 298,
      "pct_under_threshold": 0.9706840390879479,
      "gate_status": "INSUFFICIENT_DATA",
      "reason": "need_2000_fills_have_307",
      "threshold_bps": 15.0,
      "min_sample_size": 2000
    },
    "NVDA_alpaca": {
      "total_fills": 276,
      "p95_slippage_bps": 7.45159512389558,
      "mean_slippage_bps": 3.8441409644758058,
      "median_slippage_bps": 3.5765185176663623,
      "p99_slippage_bps": 14.555213158821587,
      "maker_ratio": 0.7,
      "fills_under_threshold": 274,
      "pct_under_threshold": 0.9927536231884058,
      "gate_status": "INSUFFICIENT_DATA",
      "reason": "need_2000_fills_have_276",
      "threshold_bps": 15.0,
      "min_sample_size": 2000
    },
    "NVDA_binance": {
      "total_fills": 312,
      "p95_slippage_bps": 8.889354913219796,
      "mean_slippage_bps": 4.1326538254982506,
      "median_slippage_bps": 3.2982534086688426,
      "p99_slippage_bps": 21.16794632146816,
      "maker_ratio": 0.7,
      "fills_under_threshold": 304,
      "pct_under_threshold": 0.9743589743589743,
      "gate_status": "INSUFFICIENT_DATA",
      "reason": "need_2000_fills_have_312",
      "threshold_bps": 15.0,
      "min_sample_size": 2000
    },
    "NVDA_coinbase": {
      "total_fills": 323,
      "p95_slippage_bps": 9.476782364140139,
      "mean_slippage_bps": 4.239559250858497,
      "median_slippage_bps": 3.60499125103885,
      "p99_slippage_bps": 20.473388939200778,
      "maker_ratio": 0.7,
      "fills_under_threshold": 315,
      "pct_under_threshold": 0.9752321981424149,
      "gate_status": "INSUFFICIENT_DATA",
      "reason": "need_2000_fills_have_323",