{
  "timestamp": "2025-08-16T05:15:03.828793+00:00",
  "window_hours": 48,
  "threshold_bps": 15.0,
  "min_sample_size": 2000,
  "overall_metrics": {
    "total_fills": 2582,
    "p95_slippage_bps": 9.429234379514037,
    "mean_slippage_bps": 4.05225744795016,
    "median_slippage_bps": 3.42640443125705,
    "p99_slippage_bps": 19.432133346590874,
    "maker_ratio": 0.7,
    "fills_under_threshold": 2519,
    "pct_under_threshold": 0.9756003098373354,
    "gate_status": "PASS",
    "reason": "criteria_met",
    "threshold_bps": 15.0,
    "min_sample_size": 2000
  },
  "breakdown_metrics": {
    "asset_ETH-USD": {
      "total_fills": 895,
      "p95_slippage_bps": 9.126082124694108,
      "mean_slippage_bps": 3.9053344011895414,
      "median_slippage_bps": 3.3695412435167125,
      "p99_slippage_bps": 17.79469791541511,
      "maker_ratio": 0.7,
      "fills_under_threshold": 878,
      "pct_under_threshold": 0.9810055865921787,
      "gate_status": "INSUFFICIENT_DATA",
      "reason": "need_2000_fills_have_895",
      "threshold_bps": 15.0,
      "min_sample_size": 2000
    },
    "asset_NVDA": {
      "total_fills": 857,
      "p95_slippage_bps": 9.575227163900221,
      "mean_slippage_bps": 4.126176714472048,
      "median_slippage_bps": 3.4831276846663006,
      "p99_slippage_bps": 18.879513370693882,
      "maker_ratio": 0.7,
      "fills_under_threshold": 836,
      "pct_under_threshold": 0.9754959159859977,
      "gate_status": "INSUFFICIENT_DATA",
      "reason": "need_2000_fills_have_857",
      "threshold_bps": 15.0,
      "min_sample_size": 2000
    },
    "asset_BTC-USD": {
      "total_fills": 830,
      "p95_slippage_bps": 10.131200775581924,
      "mean_slippage_bps": 4.134362647277262,
      "median_slippage_bps": 3.4486203063967733,
      "p99_slippage_bps": 20.157237514002507,
      "maker_ratio": 0.7,
      "fills_under_threshold": 805,
      "pct_under_threshold": 0.9698795180722891,
      "gate_status": "INSUFFICIENT_DATA",
      "reason": "need_2000_fills_have_830",
      "threshold_bps": 15.0,
      "min_sample_size": 2000
    },
    "venue_coinbase": {
      "total_fills": 841,
      "p95_slippage_bps": 9.575375952087937,
      "mean_slippage_bps": 4.117476072527745,
      "median_slippage_bps": 3.4485248493225056,
      "p99_slippage_bps": 19.343303755917983,
      "maker_ratio": 0.7,
      "fills_under_threshold": 819,
      "pct_under_threshold": 0.9738406658739596,
      "gate_status": "INSUFFICIENT_DATA",
      "reason": "need_2000_fills_have_841",
      "threshold_bps": 15.0,
      "min_sample_size": 2000
    },
    "venue_alpaca": {
      "total_fills": 839,
      "p95_slippage_bps": 9.14088126995236,
      "mean_slippage_bps": 3.9902959425778532,
      "median_slippage_bps": 3.4874253952566026,
      "p99_slippage_bps": 18.938769138310466,
      "maker_ratio": 0.7,
      "fills_under_threshold": 824,
      "pct_under_threshold": 0.9821215733015495,
      "gate_status": "INSUFFICIENT_DATA",
      "reason": "need_2000_fills_have_839",
      "threshold_bps": 15.0,
      "min_sample_size": 2000
    },
    "venue_binance": {
      "total_fills": 902,
      "p95_slippage_bps": 9.60376127797262,
      "mean_slippage_bps": 4.049083212626011,
      "median_slippage_bps": 3.3732831044193055,
      "p99_slippage_bps": 19.775034558973267,
      "maker_ratio": 0.7,
      "fills_under_threshold": 876,
      "pct_under_threshold": 0.9711751662971175,
      "gate_status": "INSUFFICIENT_DATA",
      "reason": "need_2000_fills_have_902",
      "threshold_bps": 15.0,
      "min_sample_size": 2000
    },
    "BTC-USD_alpaca": {
      "total_fills": 259,
      "p95_slippage_bps": 9.312487446123237,
      "mean_slippage_bps": 3.969965613688145,
      "median_slippage_bps": 3.419495714080574,
      "p99_slippage_bps": 20.74556684731245,
      "maker_ratio": 0.7,
      "fills_under_threshold": 253,
      "pct_under_threshold": 0.9768339768339769,
      "gate_status": "INSUFFICIENT_DATA",
      "reason": "need_2000_fills_have_259",
      "threshold_bps": 15.0,
      "min_sample_size": 2000
    },
    "BTC-USD_binance": {
      "total_fills": 301,
      "p95_slippage_bps": 8.966372882054863,
      "mean_slippage_bps": 4.049148774579919,
      "median_slippage_bps": 3.4281443813491217,
      "p99_slippage_bps": 18.615690106955316,
      "maker_ratio": 0.7,
      "fills_under_threshold": 293,
      "pct_under_threshold": 0.973421926910299,
      "gate_status": "INSUFFICIENT_DATA",
      "reason": "need_2000_fills_have_301",
      "threshold_bps": 15.0,
      "min_sample_size": 2000
    },
    "BTC-USD_coinbase": {
      "total_fills": 270,
      "p95_slippage_bps": 11.73508884600145,
      "mean_slippage_bps": 4.387059711653123,
      "median_slippage_bps": 3.5155377182902905,
      "p99_slippage_bps": 20.320567241619063,
      "maker_ratio": 0.7,
      "fills_under_threshold": 259,
      "pct_under_threshold": 0.9592592592592593,
      "gate_status": "INSUFFICIENT_DATA",
      "reason": "need_2000_fills_have_270",
      "threshold_bps": 15.0,
      "min_sample_size": 2000
    },
    "ETH-USD_alpaca": {
      "total_fills": 296,
      "p95_slippage_bps": 8.9019430212027,
      "mean_slippage_bps": 4.095739868325176,
      "median_slippage_bps": 3.507845281658806,
      "p99_slippage_bps": 17.66961091962503,
      "maker_ratio": 0.7,
      "fills_under_threshold": 291,
      "pct_under_threshold": 0.9831081081081081,
      "gate_status": "INSUFFICIENT_DATA",
      "reason": "need_2000_fills_have_296",
      "threshold_bps": 15.0,
      "min_sample_size": 2000
    },
    "ETH-USD_binance": {
      "total_fills": 298,
      "p95_slippage_bps": 9.48792229209051,
      "mean_slippage_bps": 3.9872789070905035,
      "median_slippage_bps": 3.2726739176117414,
      "p99_slippage_bps": 20.247335211208842,
      "maker_ratio": 0.7,
      "fills_under_threshold": 289,
      "pct_under_threshold": 0.9697986577181208,
      "gate_status": "INSUFFICIENT_DATA",
      "reason": "need_2000_fills_have_298",
      "threshold_bps": 15.0,
      "min_sample_size": 2000
    },
    "ETH-USD_coinbase": {
      "total_fills": 301,
      "p95_slippage_bps": 8.234444856870272,
      "mean_slippage_bps": 3.636964032317002,
      "median_slippage_bps": 3.2129299486763836,
      "p99_slippage_bps": 10.339772048814549,
      "maker_ratio": 0.7,
      "fills_under_threshold": 298,
      "pct_under_threshold": 0.9900332225913622,
      "gate_status": "INSUFFICIENT_DATA",
      "reason": "need_2000_fills_have_301",
      "threshold_bps": 15.0,
      "min_sample_size": 2000
    },
    "NVDA_alpaca": {
      "total_fills": 284,
      "p95_slippage_bps": 8.889633535188448,
      "mean_slippage_bps": 3.89893732694837,
      "median_slippage_bps": 3.485826588857094,
      "p99_slippage_bps": 16.173145273426485,
      "maker_ratio": 0.7,
      "fills_under_threshold": 280,
      "pct_under_threshold": 0.9859154929577465,
      "gate_status": "INSUFFICIENT_DATA",
      "reason": "need_2000_fills_have_284",
      "threshold_bps": 15.0,
      "min_sample_size": 2000
    },
    "NVDA_binance": {
      "total_fills": 303,
      "p95_slippage_bps": 9.668918666386665,
      "mean_slippage_bps": 4.109802515931141,
      "median_slippage_bps": 3.4059340023632325,
      "p99_slippage_bps": 19.43786261811598,
      "maker_ratio": 0.7,
      "fills_under_threshold": 294,
      "pct_under_threshold": 0.9702970297029703,
      "gate_status": "INSUFFICIENT_DATA",
      "reason": "need_2000_fills_have_303",
      "threshold_bps": 15.0,
      "min_sample_size": 2000
    },
    "NVDA_coinbase": {
      "total_fills": 270,
      "p95_slippage_bps": 10.105063577083675,
      "mean_slippage_bps": 4.383574374526196,
      "median_slippage_bps": 3.672953536916916,
      "p99_slippage_bps": 17.274954095358535,
      "maker_ratio": 0.7,
      "fills_under_threshold": 262,
      "pct_under_threshold": 0.9703703703703703,
      "gate_status": "INSUFFICIENT_DATA",
      "reason": "need_2000_fills_have_270",