{
  "timestamp": "2025-08-16T10:05:36.998080+00:00",
  "window_hours": 48,
  "threshold_bps": 15.0,
  "min_sample_size": 2000,
  "overall_metrics": {
    "total_fills": 2759,
    "p95_slippage_bps": 9.071166151915964,
    "mean_slippage_bps": 4.084554425493958,
    "median_slippage_bps": 3.4367757108018915,
    "p99_slippage_bps": 19.696020091330738,
    "maker_ratio": 0.7,
    "fills_under_threshold": 2699,
    "pct_under_threshold": 0.9782529902138456,
    "gate_status": "PASS",
    "reason": "criteria_met",
    "threshold_bps": 15.0,
    "min_sample_size": 2000
  },
  "breakdown_metrics": {
    "asset_ETH-USD": {
      "total_fills": 928,
      "p95_slippage_bps": 8.60493934038345,
      "mean_slippage_bps": 3.926855336316709,
      "median_slippage_bps": 3.3530825448931765,
      "p99_slippage_bps": 18.682591922011355,
      "maker_ratio": 0.7,
      "fills_under_threshold": 912,
      "pct_under_threshold": 0.9827586206896551,
      "gate_status": "INSUFFICIENT_DATA",
      "reason": "need_2000_fills_have_928",
      "threshold_bps": 15.0,
      "min_sample_size": 2000
    },
    "asset_NVDA": {
      "total_fills": 869,
      "p95_slippage_bps": 10.388808259414297,
      "mean_slippage_bps": 4.384565578350508,
      "median_slippage_bps": 3.5583306624654947,
      "p99_slippage_bps": 20.660393791009128,
      "maker_ratio": 0.7,
      "fills_under_threshold": 842,
      "pct_under_threshold": 0.9689298043728424,
      "gate_status": "INSUFFICIENT_DATA",
      "reason": "need_2000_fills_have_869",
      "threshold_bps": 15.0,
      "min_sample_size": 2000
    },
    "asset_BTC-USD": {
      "total_fills": 962,
      "p95_slippage_bps": 8.332825889522146,
      "mean_slippage_bps": 3.9656719545211367,
      "median_slippage_bps": 3.446831365386924,
      "p99_slippage_bps": 18.795997952709826,
      "maker_ratio": 0.7,
      "fills_under_threshold": 945,
      "pct_under_threshold": 0.9823284823284824,
      "gate_status": "INSUFFICIENT_DATA",
      "reason": "need_2000_fills_have_962",
      "threshold_bps": 15.0,
      "min_sample_size": 2000
    },
    "venue_coinbase": {
      "total_fills": 854,
      "p95_slippage_bps": 9.267591489571616,
      "mean_slippage_bps": 4.1367726253388275,
      "median_slippage_bps": 3.4952246769446114,
      "p99_slippage_bps": 18.566141922195836,
      "maker_ratio": 0.7,
      "fills_under_threshold": 836,
      "pct_under_threshold": 0.9789227166276346,
      "gate_status": "INSUFFICIENT_DATA",
      "reason": "need_2000_fills_have_854",
      "threshold_bps": 15.0,
      "min_sample_size": 2000
    },
    "venue_alpaca": {
      "total_fills": 969,
      "p95_slippage_bps": 8.944452414707621,
      "mean_slippage_bps": 4.060742654970513,
      "median_slippage_bps": 3.3775920044017007,
      "p99_slippage_bps": 20.044223348175013,
      "maker_ratio": 0.7,
      "fills_under_threshold": 950,
      "pct_under_threshold": 0.9803921568627451,
      "gate_status": "INSUFFICIENT_DATA",
      "reason": "need_2000_fills_have_969",
      "threshold_bps": 15.0,
      "min_sample_size": 2000
    },
    "venue_binance": {
      "total_fills": 936,
      "p95_slippage_bps": 8.641349574592194,
      "mean_slippage_bps": 4.061562185076972,
      "median_slippage_bps": 3.4507507927006476,
      "p99_slippage_bps": 19.966988521102138,
      "maker_ratio": 0.7,
      "fills_under_threshold": 913,
      "pct_under_threshold": 0.9754273504273504,
      "gate_status": "INSUFFICIENT_DATA",
      "reason": "need_2000_fills_have_936",
      "threshold_bps": 15.0,
      "min_sample_size": 2000
    },
    "BTC-USD_alpaca": {
      "total_fills": 317,
      "p95_slippage_bps": 8.267952922406401,
      "mean_slippage_bps": 4.049657092574291,
      "median_slippage_bps": 3.4345508827069313,
      "p99_slippage_bps": 19.35121904997992,
      "maker_ratio": 0.7,
      "fills_under_threshold": 311,
      "pct_under_threshold": 0.9810725552050473,
      "gate_status": "INSUFFICIENT_DATA",
      "reason": "need_2000_fills_have_317",
      "threshold_bps": 15.0,
      "min_sample_size": 2000
    },
    "BTC-USD_binance": {
      "total_fills": 335,
      "p95_slippage_bps": 8.337391524600097,
      "mean_slippage_bps": 4.016093895072136,
      "median_slippage_bps": 3.4858093284651344,
      "p99_slippage_bps": 18.237577190009667,
      "maker_ratio": 0.7,
      "fills_under_threshold": 329,
      "pct_under_threshold": 0.982089552238806,
      "gate_status": "INSUFFICIENT_DATA",
      "reason": "need_2000_fills_have_335",
      "threshold_bps": 15.0,
      "min_sample_size": 2000
    },
    "BTC-USD_coinbase": {
      "total_fills": 310,
      "p95_slippage_bps": 8.241546904034234,
      "mean_slippage_bps": 3.8253021517874752,
      "median_slippage_bps": 3.394073344455612,
      "p99_slippage_bps": 17.063213193341173,
      "maker_ratio": 0.7,
      "fills_under_threshold": 305,
      "pct_under_threshold": 0.9838709677419355,
      "gate_status": "INSUFFICIENT_DATA",
      "reason": "need_2000_fills_have_310",
      "threshold_bps": 15.0,
      "min_sample_size": 2000
    },
    "ETH-USD_alpaca": {
      "total_fills": 342,
      "p95_slippage_bps": 8.731934870187384,
      "mean_slippage_bps": 3.8793634459547413,
      "median_slippage_bps": 3.240500890043683,
      "p99_slippage_bps": 17.919253814605586,
      "maker_ratio": 0.7,
      "fills_under_threshold": 337,
      "pct_under_threshold": 0.9853801169590644,
      "gate_status": "INSUFFICIENT_DATA",
      "reason": "need_2000_fills_have_342",
      "threshold_bps": 15.0,
      "min_sample_size": 2000
    },
    "ETH-USD_binance": {
      "total_fills": 303,
      "p95_slippage_bps": 7.9373208685181185,
      "mean_slippage_bps": 3.7842608477069453,
      "median_slippage_bps": 3.3502307048704894,
      "p99_slippage_bps": 18.65030822555786,
      "maker_ratio": 0.7,
      "fills_under_threshold": 297,
      "pct_under_threshold": 0.9801980198019802,
      "gate_status": "INSUFFICIENT_DATA",
      "reason": "need_2000_fills_have_303",
      "threshold_bps": 15.0,
      "min_sample_size": 2000
    },
    "ETH-USD_coinbase": {
      "total_fills": 283,
      "p95_slippage_bps": 8.696239631238948,
      "mean_slippage_bps": 4.136920200459999,
      "median_slippage_bps": 3.517653408473468,
      "p99_slippage_bps": 18.690650998995736,
      "maker_ratio": 0.7,
      "fills_under_threshold": 278,
      "pct_under_threshold": 0.9823321554770318,
      "gate_status": "INSUFFICIENT_DATA",
      "reason": "need_2000_fills_have_283",
      "threshold_bps": 15.0,
      "min_sample_size": 2000
    },
    "NVDA_alpaca": {
      "total_fills": 310,
      "p95_slippage_bps": 9.78905979825242,
      "mean_slippage_bps": 4.272180760657597,
      "median_slippage_bps": 3.5208996550448104,
      "p99_slippage_bps": 20.54994604560083,
      "maker_ratio": 0.7,
      "fills_under_threshold": 302,
      "pct_under_threshold": 0.9741935483870968,
      "gate_status": "INSUFFICIENT_DATA",
      "reason": "need_2000_fills_have_310",
      "threshold_bps": 15.0,
      "min_sample_size": 2000
    },
    "NVDA_binance": {
      "total_fills": 298,
      "p95_slippage_bps": 10.63620084958413,
      "mean_slippage_bps": 4.394629911166694,
      "median_slippage_bps": 3.5546270245604283,
      "p99_slippage_bps": 21.370646451845907,
      "maker_ratio": 0.7,
      "fills_under_threshold": 287,
      "pct_under_threshold": 0.9630872483221476,
      "gate_status": "INSUFFICIENT_DATA",
      "reason": "need_2000_fills_have_298",
      "threshold_bps": 15.0,
      "min_sample_size": 2000
    },
    "NVDA_coinbase": {
      "total_fills": 261,
      "p95_slippage_bps": 10.268189283752086,
      "mean_slippage_bps": 4.506558384119011,
      "median_slippage_bps": 3.6038286408118747,
      "p99_slippage_bps": 19.34770707669136,
      "maker_ratio": 0.7,
      "fills_under_threshold": 253,
      "pct_under_threshold": 0.9693486590038314,
      "gate_status": "INSUFFICIENT_DATA",