{
  "timestamp": "2025-08-16T22:06:41.020071+00:00",
  "window_hours": 48,
  "threshold_bps": 15.0,
  "min_sample_size": 2000,
  "overall_metrics": {
    "total_fills": 2767,
    "p95_slippage_bps": 9.30117389590411,
    "mean_slippage_bps": 4.042533379102612,
    "median_slippage_bps": 3.39364581656792,
    "p99_slippage_bps": 18.4834082306763,
    "maker_ratio": 0.7,
    "fills_under_threshold": 2699,
    "pct_under_threshold": 0.9754246476328153,
    "gate_status": "PASS",
    "reason": "criteria_met",
    "threshold_bps": 15.0,
    "min_sample_size": 2000
  },
  "breakdown_metrics": {
    "asset_BTC-USD": {
      "total_fills": 933,
      "p95_slippage_bps": 8.96295121773553,
      "mean_slippage_bps": 3.93938206475479,
      "median_slippage_bps": 3.4350970885821783,
      "p99_slippage_bps": 17.980644725163202,
      "maker_ratio": 0.7,
      "fills_under_threshold": 914,
      "pct_under_threshold": 0.9796355841371919,
      "gate_status": "INSUFFICIENT_DATA",
      "reason": "need_2000_fills_have_933",
      "threshold_bps": 15.0,
      "min_sample_size": 2000
    },
    "asset_NVDA": {
      "total_fills": 868,
      "p95_slippage_bps": 9.419698714462928,
      "mean_slippage_bps": 4.105304483237471,
      "median_slippage_bps": 3.3975651358508836,
      "p99_slippage_bps": 18.397591882427044,
      "maker_ratio": 0.7,
      "fills_under_threshold": 844,
      "pct_under_threshold": 0.9723502304147466,
      "gate_status": "INSUFFICIENT_DATA",
      "reason": "need_2000_fills_have_868",
      "threshold_bps": 15.0,
      "min_sample_size": 2000
    },
    "asset_ETH-USD": {
      "total_fills": 966,
      "p95_slippage_bps": 9.573280657372505,
      "mean_slippage_bps": 4.085757869679692,
      "median_slippage_bps": 3.348870797805014,
      "p99_slippage_bps": 18.485404572209873,
      "maker_ratio": 0.7,
      "fills_under_threshold": 941,
      "pct_under_threshold": 0.974120082815735,
      "gate_status": "INSUFFICIENT_DATA",
      "reason": "need_2000_fills_have_966",
      "threshold_bps": 15.0,
      "min_sample_size": 2000
    },
    "venue_binance": {
      "total_fills": 909,
      "p95_slippage_bps": 9.706367542181809,
      "mean_slippage_bps": 4.108911221088382,
      "median_slippage_bps": 3.4415297611070024,
      "p99_slippage_bps": 18.962384086383857,
      "maker_ratio": 0.7,
      "fills_under_threshold": 887,
      "pct_under_threshold": 0.9757975797579758,
      "gate_status": "INSUFFICIENT_DATA",
      "reason": "need_2000_fills_have_909",
      "threshold_bps": 15.0,
      "min_sample_size": 2000
    },
    "venue_alpaca": {
      "total_fills": 952,
      "p95_slippage_bps": 9.543693292084056,
      "mean_slippage_bps": 4.140532938410291,
      "median_slippage_bps": 3.424782972998159,
      "p99_slippage_bps": 17.965766061671765,
      "maker_ratio": 0.7,
      "fills_under_threshold": 927,
      "pct_under_threshold": 0.9737394957983193,
      "gate_status": "INSUFFICIENT_DATA",
      "reason": "need_2000_fills_have_952",
      "threshold_bps": 15.0,
      "min_sample_size": 2000
    },
    "venue_coinbase": {
      "total_fills": 906,
      "p95_slippage_bps": 8.622718565108134,
      "mean_slippage_bps": 3.872960488566213,
      "median_slippage_bps": 3.2494133040413224,
      "p99_slippage_bps": 18.167086331622055,
      "maker_ratio": 0.7,
      "fills_under_threshold": 885,
      "pct_under_threshold": 0.9768211920529801,
      "gate_status": "INSUFFICIENT_DATA",
      "reason": "need_2000_fills_have_906",
      "threshold_bps": 15.0,
      "min_sample_size": 2000
    },
    "BTC-USD_alpaca": {
      "total_fills": 337,
      "p95_slippage_bps": 10.665583966770033,
      "mean_slippage_bps": 4.239306158989541,
      "median_slippage_bps": 3.4650017649270004,
      "p99_slippage_bps": 17.621933787598717,
      "maker_ratio": 0.7,
      "fills_under_threshold": 327,
      "pct_under_threshold": 0.9703264094955489,
      "gate_status": "INSUFFICIENT_DATA",
      "reason": "need_2000_fills_have_337",
      "threshold_bps": 15.0,
      "min_sample_size": 2000
    },
    "BTC-USD_binance": {
      "total_fills": 327,
      "p95_slippage_bps": 7.422787566160501,
      "mean_slippage_bps": 3.7942745669632387,
      "median_slippage_bps": 3.4232320931302427,
      "p99_slippage_bps": 14.855788570100305,
      "maker_ratio": 0.7,
      "fills_under_threshold": 323,
      "pct_under_threshold": 0.9877675840978594,
      "gate_status": "INSUFFICIENT_DATA",
      "reason": "need_2000_fills_have_327",
      "threshold_bps": 15.0,
      "min_sample_size": 2000
    },
    "BTC-USD_coinbase": {
      "total_fills": 269,
      "p95_slippage_bps": 8.007976578628263,
      "mean_slippage_bps": 3.7400353436422473,
      "median_slippage_bps": 3.380479017291525,
      "p99_slippage_bps": 18.52669586537727,
      "maker_ratio": 0.7,
      "fills_under_threshold": 264,
      "pct_under_threshold": 0.9814126394052045,
      "gate_status": "INSUFFICIENT_DATA",
      "reason": "need_2000_fills_have_269",
      "threshold_bps": 15.0,
      "min_sample_size": 2000
    },
    "ETH-USD_alpaca": {
      "total_fills": 328,
      "p95_slippage_bps": 8.950862092401186,
      "mean_slippage_bps": 4.080132709463361,
      "median_slippage_bps": 3.3329357111470252,
      "p99_slippage_bps": 18.61228675798608,
      "maker_ratio": 0.7,
      "fills_under_threshold": 319,
      "pct_under_threshold": 0.9725609756097561,
      "gate_status": "INSUFFICIENT_DATA",
      "reason": "need_2000_fills_have_328",
      "threshold_bps": 15.0,
      "min_sample_size": 2000
    },
    "ETH-USD_binance": {
      "total_fills": 312,
      "p95_slippage_bps": 9.71030210544275,
      "mean_slippage_bps": 4.129320043567926,
      "median_slippage_bps": 3.4061042957998295,
      "p99_slippage_bps": 18.582786683167583,
      "maker_ratio": 0.7,
      "fills_under_threshold": 305,
      "pct_under_threshold": 0.9775641025641025,
      "gate_status": "INSUFFICIENT_DATA",
      "reason": "need_2000_fills_have_312",
      "threshold_bps": 15.0,
      "min_sample_size": 2000
    },
    "ETH-USD_coinbase": {
      "total_fills": 326,
      "p95_slippage_bps": 9.606767419131918,
      "mean_slippage_bps": 4.049726134396956,
      "median_slippage_bps": 3.2679427855057717,
      "p99_slippage_bps": 18.125587181849014,
      "maker_ratio": 0.7,
      "fills_under_threshold": 317,
      "pct_under_threshold": 0.9723926380368099,
      "gate_status": "INSUFFICIENT_DATA",
      "reason": "need_2000_fills_have_326",
      "threshold_bps": 15.0,
      "min_sample_size": 2000
    },
    "NVDA_alpaca": {
      "total_fills": 287,
      "p95_slippage_bps": 9.051890883273206,
      "mean_slippage_bps": 4.093580672763553,
      "median_slippage_bps": 3.51724630525735,
      "p99_slippage_bps": 16.79062534424756,
      "maker_ratio": 0.7,
      "fills_under_threshold": 281,
      "pct_under_threshold": 0.9790940766550522,
      "gate_status": "INSUFFICIENT_DATA",
      "reason": "need_2000_fills_have_287",
      "threshold_bps": 15.0,
      "min_sample_size": 2000
    },
    "NVDA_binance": {
      "total_fills": 270,
      "p95_slippage_bps": 12.006129767957294,
      "mean_slippage_bps": 4.466387640663584,
      "median_slippage_bps": 3.5301151881673207,
      "p99_slippage_bps": 21.25348534873395,
      "maker_ratio": 0.7,
      "fills_under_threshold": 259,
      "pct_under_threshold": 0.9592592592592593,
      "gate_status": "INSUFFICIENT_DATA",
      "reason": "need_2000_fills_have_270",
      "threshold_bps": 15.0,
      "min_sample_size": 2000
    },
    "NVDA_coinbase": {
      "total_fills": 311,
      "p95_slippage_bps": 8.244863465665297,
      "mean_slippage_bps": 3.80264300767787,
      "median_slippage_bps": 3.2008777069596963,
      "p99_slippage_bps": 17.075237958002248,
      "maker_ratio": 0.7,
      "fills_under_threshold": 304,
      "pct_under_threshold": 0.977491961414791,
      "gate_status": "INSUFFICIENT_DATA",
      "reason": "need_2000_fills_have_311",