{
  "timestamp": "2025-08-16T09:24:05.497089+00:00",
  "window_hours": 48,
  "threshold_bps": 15.0,
  "min_sample_size": 2000,
  "overall_metrics": {
    "total_fills": 2772,
    "p95_slippage_bps": 9.453256798848194,
    "mean_slippage_bps": 4.0452874878383716,
    "median_slippage_bps": 3.4679860550711368,
    "p99_slippage_bps": 17.302055347682895,
    "maker_ratio": 0.7,
    "fills_under_threshold": 2722,
    "pct_under_threshold": 0.9819624819624819,
    "gate_status": "PASS",
    "reason": "criteria_met",
    "threshold_bps": 15.0,
    "min_sample_size": 2000
  },
  "breakdown_metrics": {
    "asset_NVDA": {
      "total_fills": 942,
      "p95_slippage_bps": 9.19630635431157,
      "mean_slippage_bps": 3.9896659005577453,
      "median_slippage_bps": 3.482828773206035,
      "p99_slippage_bps": 16.836167059901445,
      "maker_ratio": 0.7,
      "fills_under_threshold": 928,
      "pct_under_threshold": 0.9851380042462845,
      "gate_status": "INSUFFICIENT_DATA",
      "reason": "need_2000_fills_have_942",
      "threshold_bps": 15.0,
      "min_sample_size": 2000
    },
    "asset_BTC-USD": {
      "total_fills": 892,
      "p95_slippage_bps": 10.042829564727064,
      "mean_slippage_bps": 4.106061117130675,
      "median_slippage_bps": 3.4692025288481547,
      "p99_slippage_bps": 16.850203945657313,
      "maker_ratio": 0.7,
      "fills_under_threshold": 877,
      "pct_under_threshold": 0.9831838565022422,
      "gate_status": "INSUFFICIENT_DATA",
      "reason": "need_2000_fills_have_892",
      "threshold_bps": 15.0,
      "min_sample_size": 2000
    },
    "asset_ETH-USD": {
      "total_fills": 938,
      "p95_slippage_bps": 9.454668106258397,
      "mean_slippage_bps": 4.043353007976553,
      "median_slippage_bps": 3.4330281380737895,
      "p99_slippage_bps": 19.123382123341287,
      "maker_ratio": 0.7,
      "fills_under_threshold": 917,
      "pct_under_threshold": 0.9776119402985075,
      "gate_status": "INSUFFICIENT_DATA",
      "reason": "need_2000_fills_have_938",
      "threshold_bps": 15.0,
      "min_sample_size": 2000
    },
    "venue_coinbase": {
      "total_fills": 868,
      "p95_slippage_bps": 8.520880354037061,
      "mean_slippage_bps": 3.8639966342625365,
      "median_slippage_bps": 3.383244802041359,
      "p99_slippage_bps": 16.11971445239624,
      "maker_ratio": 0.7,
      "fills_under_threshold": 857,
      "pct_under_threshold": 0.9873271889400922,
      "gate_status": "INSUFFICIENT_DATA",
      "reason": "need_2000_fills_have_868",
      "threshold_bps": 15.0,
      "min_sample_size": 2000
    },
    "venue_binance": {
      "total_fills": 930,
      "p95_slippage_bps": 9.877391008146715,
      "mean_slippage_bps": 4.154516497075939,
      "median_slippage_bps": 3.546444759456289,
      "p99_slippage_bps": 17.501132142487883,
      "maker_ratio": 0.7,
      "fills_under_threshold": 907,
      "pct_under_threshold": 0.975268817204301,
      "gate_status": "INSUFFICIENT_DATA",
      "reason": "need_2000_fills_have_930",
      "threshold_bps": 15.0,
      "min_sample_size": 2000
    },
    "venue_alpaca": {
      "total_fills": 974,
      "p95_slippage_bps": 9.64686034400231,
      "mean_slippage_bps": 4.10255389678384,
      "median_slippage_bps": 3.4371129912044793,
      "p99_slippage_bps": 18.886826352359716,
      "maker_ratio": 0.7,
      "fills_under_threshold": 958,
      "pct_under_threshold": 0.9835728952772074,
      "gate_status": "INSUFFICIENT_DATA",
      "reason": "need_2000_fills_have_974",
      "threshold_bps": 15.0,
      "min_sample_size": 2000
    },
    "BTC-USD_alpaca": {
      "total_fills": 307,
      "p95_slippage_bps": 9.159925278911842,
      "mean_slippage_bps": 3.9495845257461277,
      "median_slippage_bps": 3.38989948325841,
      "p99_slippage_bps": 12.826656894262708,
      "maker_ratio": 0.7,
      "fills_under_threshold": 306,
      "pct_under_threshold": 0.996742671009772,
      "gate_status": "INSUFFICIENT_DATA",
      "reason": "need_2000_fills_have_307",
      "threshold_bps": 15.0,
      "min_sample_size": 2000
    },
    "BTC-USD_binance": {
      "total_fills": 292,
      "p95_slippage_bps": 12.885939033454969,
      "mean_slippage_bps": 4.390819206805755,
      "median_slippage_bps": 3.5409399932442147,
      "p99_slippage_bps": 18.40271157036434,
      "maker_ratio": 0.7,
      "fills_under_threshold": 282,
      "pct_under_threshold": 0.9657534246575342,
      "gate_status": "INSUFFICIENT_DATA",
      "reason": "need_2000_fills_have_292",
      "threshold_bps": 15.0,
      "min_sample_size": 2000
    },
    "BTC-USD_coinbase": {
      "total_fills": 293,
      "p95_slippage_bps": 8.972319834722205,
      "mean_slippage_bps": 3.986228186652632,
      "median_slippage_bps": 3.468541088535238,
      "p99_slippage_bps": 16.016767426722513,
      "maker_ratio": 0.7,
      "fills_under_threshold": 289,
      "pct_under_threshold": 0.9863481228668942,
      "gate_status": "INSUFFICIENT_DATA",
      "reason": "need_2000_fills_have_293",
      "threshold_bps": 15.0,
      "min_sample_size": 2000
    },
    "ETH-USD_alpaca": {
      "total_fills": 332,
      "p95_slippage_bps": 9.806688330598792,
      "mean_slippage_bps": 4.114839478205747,
      "median_slippage_bps": 3.3570970268320366,
      "p99_slippage_bps": 20.63663129571291,
      "maker_ratio": 0.7,
      "fills_under_threshold": 323,
      "pct_under_threshold": 0.9728915662650602,
      "gate_status": "INSUFFICIENT_DATA",
      "reason": "need_2000_fills_have_332",
      "threshold_bps": 15.0,
      "min_sample_size": 2000
    },
    "ETH-USD_binance": {
      "total_fills": 317,
      "p95_slippage_bps": 9.663905022352452,
      "mean_slippage_bps": 4.132555398314581,
      "median_slippage_bps": 3.616380263167975,
      "p99_slippage_bps": 17.37745104811074,
      "maker_ratio": 0.7,
      "fills_under_threshold": 309,
      "pct_under_threshold": 0.9747634069400631,
      "gate_status": "INSUFFICIENT_DATA",
      "reason": "need_2000_fills_have_317",
      "threshold_bps": 15.0,
      "min_sample_size": 2000
    },
    "ETH-USD_coinbase": {
      "total_fills": 289,
      "p95_slippage_bps": 8.494038395465939,
      "mean_slippage_bps": 3.863385306062204,
      "median_slippage_bps": 3.3721213462548434,
      "p99_slippage_bps": 15.857232562651722,
      "maker_ratio": 0.7,
      "fills_under_threshold": 285,
      "pct_under_threshold": 0.986159169550173,
      "gate_status": "INSUFFICIENT_DATA",
      "reason": "need_2000_fills_have_289",
      "threshold_bps": 15.0,
      "min_sample_size": 2000
    },
    "NVDA_alpaca": {
      "total_fills": 335,
      "p95_slippage_bps": 9.96922355768305,
      "mean_slippage_bps": 4.2305622068629605,
      "median_slippage_bps": 3.6201386743606916,
      "p99_slippage_bps": 18.282117041564796,
      "maker_ratio": 0.7,
      "fills_under_threshold": 329,
      "pct_under_threshold": 0.982089552238806,
      "gate_status": "INSUFFICIENT_DATA",
      "reason": "need_2000_fills_have_335",
      "threshold_bps": 15.0,
      "min_sample_size": 2000
    },
    "NVDA_binance": {
      "total_fills": 321,
      "p95_slippage_bps": 8.66160015108847,
      "mean_slippage_bps": 3.9612494474380715,
      "median_slippage_bps": 3.5049853930958057,
      "p99_slippage_bps": 16.06724125813207,
      "maker_ratio": 0.7,
      "fills_under_threshold": 316,
      "pct_under_threshold": 0.9844236760124611,
      "gate_status": "INSUFFICIENT_DATA",
      "reason": "need_2000_fills_have_321",
      "threshold_bps": 15.0,
      "min_sample_size": 2000
    },
    "NVDA_coinbase": {
      "total_fills": 286,
      "p95_slippage_bps": 7.8968615526173345,
      "mean_slippage_bps": 3.7393911412541376,
      "median_slippage_bps": 3.3386877250816918,
      "p99_slippage_bps": 13.879471546777584,
      "maker_ratio": 0.7,
      "fills_under_threshold": 283,
      "pct_under_threshold": 0.9895104895104895,
      "gate_status": "INSUFFICIENT_DATA",
      "reason": "need_2000_fills_have_286",