{
  "timestamp": "2025-08-16T18:39:09.977380+00:00",
  "window_hours": 48,
  "threshold_bps": 15.0,
  "min_sample_size": 2000,
  "overall_metrics": {
    "total_fills": 2746,
    "p95_slippage_bps": 9.06413782556659,
    "mean_slippage_bps": 4.0655764177759925,
    "median_slippage_bps": 3.4794277791692036,
    "p99_slippage_bps": 19.254772787885813,
    "maker_ratio": 0.7,
    "fills_under_threshold": 2683,
    "pct_under_threshold": 0.9770575382374362,
    "gate_status": "PASS",
    "reason": "criteria_met",
    "threshold_bps": 15.0,
    "min_sample_size": 2000
  },
  "breakdown_metrics": {
    "asset_ETH-USD": {
      "total_fills": 952,
      "p95_slippage_bps": 9.268550472101893,
      "mean_slippage_bps": 4.001042499120012,
      "median_slippage_bps": 3.418702692735101,
      "p99_slippage_bps": 19.047856504381738,
      "maker_ratio": 0.7,
      "fills_under_threshold": 933,
      "pct_under_threshold": 0.9800420168067226,
      "gate_status": "INSUFFICIENT_DATA",
      "reason": "need_2000_fills_have_952",
      "threshold_bps": 15.0,
      "min_sample_size": 2000
    },
    "asset_NVDA": {
      "total_fills": 904,
      "p95_slippage_bps": 8.979687567149279,
      "mean_slippage_bps": 4.102819845153119,
      "median_slippage_bps": 3.5349598059253964,
      "p99_slippage_bps": 20.682996981304207,
      "maker_ratio": 0.7,
      "fills_under_threshold": 879,
      "pct_under_threshold": 0.9723451327433629,
      "gate_status": "INSUFFICIENT_DATA",
      "reason": "need_2000_fills_have_904",
      "threshold_bps": 15.0,
      "min_sample_size": 2000
    },
    "asset_BTC-USD": {
      "total_fills": 890,
      "p95_slippage_bps": 8.720807097480746,
      "mean_slippage_bps": 4.09677667868787,
      "median_slippage_bps": 3.4794277791692036,
      "p99_slippage_bps": 18.105546721870816,
      "maker_ratio": 0.7,
      "fills_under_threshold": 871,
      "pct_under_threshold": 0.9786516853932584,
      "gate_status": "INSUFFICIENT_DATA",
      "reason": "need_2000_fills_have_890",
      "threshold_bps": 15.0,
      "min_sample_size": 2000
    },
    "venue_binance": {
      "total_fills": 882,
      "p95_slippage_bps": 10.438670248708334,
      "mean_slippage_bps": 4.280893532562928,
      "median_slippage_bps": 3.4977193534474735,
      "p99_slippage_bps": 20.808977130312247,
      "maker_ratio": 0.7,
      "fills_under_threshold": 852,
      "pct_under_threshold": 0.9659863945578231,
      "gate_status": "INSUFFICIENT_DATA",
      "reason": "need_2000_fills_have_882",
      "threshold_bps": 15.0,
      "min_sample_size": 2000
    },
    "venue_alpaca": {
      "total_fills": 911,
      "p95_slippage_bps": 8.759614594927992,
      "mean_slippage_bps": 3.990920266073632,
      "median_slippage_bps": 3.423538835303599,
      "p99_slippage_bps": 18.814251043912677,
      "maker_ratio": 0.7,
      "fills_under_threshold": 896,
      "pct_under_threshold": 0.9835345773874863,
      "gate_status": "INSUFFICIENT_DATA",
      "reason": "need_2000_fills_have_911",
      "threshold_bps": 15.0,
      "min_sample_size": 2000
    },
    "venue_coinbase": {
      "total_fills": 953,
      "p95_slippage_bps": 8.891028543694583,
      "mean_slippage_bps": 3.937666720985618,
      "median_slippage_bps": 3.488308758828209,
      "p99_slippage_bps": 17.30127613630228,
      "maker_ratio": 0.7,
      "fills_under_threshold": 935,
      "pct_under_threshold": 0.9811122770199371,
      "gate_status": "INSUFFICIENT_DATA",
      "reason": "need_2000_fills_have_953",
      "threshold_bps": 15.0,
      "min_sample_size": 2000
    },
    "BTC-USD_alpaca": {
      "total_fills": 294,
      "p95_slippage_bps": 9.219210240237775,
      "mean_slippage_bps": 4.137243044337146,
      "median_slippage_bps": 3.4531448320880442,
      "p99_slippage_bps": 17.736860988903004,
      "maker_ratio": 0.7,
      "fills_under_threshold": 289,
      "pct_under_threshold": 0.9829931972789115,
      "gate_status": "INSUFFICIENT_DATA",
      "reason": "need_2000_fills_have_294",
      "threshold_bps": 15.0,
      "min_sample_size": 2000
    },
    "BTC-USD_binance": {
      "total_fills": 290,
      "p95_slippage_bps": 8.957036219017994,
      "mean_slippage_bps": 4.09928835446656,
      "median_slippage_bps": 3.2259467803167157,
      "p99_slippage_bps": 18.954698824429954,
      "maker_ratio": 0.7,
      "fills_under_threshold": 282,
      "pct_under_threshold": 0.9724137931034482,
      "gate_status": "INSUFFICIENT_DATA",
      "reason": "need_2000_fills_have_290",
      "threshold_bps": 15.0,
      "min_sample_size": 2000
    },
    "BTC-USD_coinbase": {
      "total_fills": 306,
      "p95_slippage_bps": 8.464238839920066,
      "mean_slippage_bps": 4.055516883012355,
      "median_slippage_bps": 3.637727238625529,
      "p99_slippage_bps": 17.37258695799707,
      "maker_ratio": 0.7,
      "fills_under_threshold": 300,
      "pct_under_threshold": 0.9803921568627451,
      "gate_status": "INSUFFICIENT_DATA",
      "reason": "need_2000_fills_have_306",
      "threshold_bps": 15.0,
      "min_sample_size": 2000
    },
    "ETH-USD_alpaca": {
      "total_fills": 321,
      "p95_slippage_bps": 8.45784752442674,
      "mean_slippage_bps": 3.8332259452797715,
      "median_slippage_bps": 3.340673687019387,
      "p99_slippage_bps": 15.300051874255415,
      "maker_ratio": 0.7,
      "fills_under_threshold": 317,
      "pct_under_threshold": 0.9875389408099688,
      "gate_status": "INSUFFICIENT_DATA",
      "reason": "need_2000_fills_have_321",
      "threshold_bps": 15.0,
      "min_sample_size": 2000
    },
    "ETH-USD_binance": {
      "total_fills": 284,
      "p95_slippage_bps": 11.282539883897577,
      "mean_slippage_bps": 4.396720189888483,
      "median_slippage_bps": 3.5943002477910744,
      "p99_slippage_bps": 20.871159711333938,
      "maker_ratio": 0.7,
      "fills_under_threshold": 275,
      "pct_under_threshold": 0.9683098591549296,
      "gate_status": "INSUFFICIENT_DATA",
      "reason": "need_2000_fills_have_284",
      "threshold_bps": 15.0,
      "min_sample_size": 2000
    },
    "ETH-USD_coinbase": {
      "total_fills": 347,
      "p95_slippage_bps": 9.259143072410954,
      "mean_slippage_bps": 3.8324449475478835,
      "median_slippage_bps": 3.3054396687979737,
      "p99_slippage_bps": 16.513407535607573,
      "maker_ratio": 0.7,
      "fills_under_threshold": 341,
      "pct_under_threshold": 0.9827089337175793,
      "gate_status": "INSUFFICIENT_DATA",
      "reason": "need_2000_fills_have_347",
      "threshold_bps": 15.0,
      "min_sample_size": 2000
    },
    "NVDA_alpaca": {
      "total_fills": 296,
      "p95_slippage_bps": 8.382322209896767,
      "mean_slippage_bps": 4.016599253118753,
      "median_slippage_bps": 3.5337299792466794,
      "p99_slippage_bps": 21.669925739243254,
      "maker_ratio": 0.7,
      "fills_under_threshold": 290,
      "pct_under_threshold": 0.9797297297297297,
      "gate_status": "INSUFFICIENT_DATA",
      "reason": "need_2000_fills_have_296",
      "threshold_bps": 15.0,
      "min_sample_size": 2000
    },
    "NVDA_binance": {
      "total_fills": 308,
      "p95_slippage_bps": 9.367932594360282,
      "mean_slippage_bps": 4.345084217522308,
      "median_slippage_bps": 3.6253551760553653,
      "p99_slippage_bps": 20.736956761653232,
      "maker_ratio": 0.7,
      "fills_under_threshold": 295,
      "pct_under_threshold": 0.9577922077922078,
      "gate_status": "INSUFFICIENT_DATA",
      "reason": "need_2000_fills_have_308",
      "threshold_bps": 15.0,
      "min_sample_size": 2000
    },
    "NVDA_coinbase": {
      "total_fills": 300,
      "p95_slippage_bps": 8.887778599117308,
      "mean_slippage_bps": 3.9391660736613265,
      "median_slippage_bps": 3.492126021366655,
      "p99_slippage_bps": 18.766289060228967,
      "maker_ratio": 0.7,
      "fills_under_threshold": 294,
      "pct_under_threshold": 0.98,
      "gate_status": "INSUFFICIENT_DATA",
      "reason": "need_2000_fills_have_300",