{
  "timestamp": "2025-08-16T09:39:39.972503+00:00",
  "window_hours": 48,
  "threshold_bps": 15.0,
  "min_sample_size": 2000,
  "overall_metrics": {
    "total_fills": 2764,
    "p95_slippage_bps": 9.527579363990293,
    "mean_slippage_bps": 4.078686076017747,
    "median_slippage_bps": 3.3756218275148884,
    "p99_slippage_bps": 19.80768428234795,
    "maker_ratio": 0.7,
    "fills_under_threshold": 2696,
    "pct_under_threshold": 0.975397973950796,
    "gate_status": "PASS",
    "reason": "criteria_met",
    "threshold_bps": 15.0,
    "min_sample_size": 2000
  },
  "breakdown_metrics": {
    "asset_BTC-USD": {
      "total_fills": 930,
      "p95_slippage_bps": 8.903467807103116,
      "mean_slippage_bps": 4.029141856771981,
      "median_slippage_bps": 3.3583255831274643,
      "p99_slippage_bps": 19.764487500673603,
      "maker_ratio": 0.7,
      "fills_under_threshold": 911,
      "pct_under_threshold": 0.9795698924731183,
      "gate_status": "INSUFFICIENT_DATA",
      "reason": "need_2000_fills_have_930",
      "threshold_bps": 15.0,
      "min_sample_size": 2000
    },
    "asset_NVDA": {
      "total_fills": 943,
      "p95_slippage_bps": 10.02962539690254,
      "mean_slippage_bps": 4.153077218080136,
      "median_slippage_bps": 3.3565353651749628,
      "p99_slippage_bps": 20.122346212916153,
      "maker_ratio": 0.7,
      "fills_under_threshold": 914,
      "pct_under_threshold": 0.9692470837751855,
      "gate_status": "INSUFFICIENT_DATA",
      "reason": "need_2000_fills_have_943",
      "threshold_bps": 15.0,
      "min_sample_size": 2000
    },
    "asset_ETH-USD": {
      "total_fills": 891,
      "p95_slippage_bps": 9.44427179610171,
      "mean_slippage_bps": 4.051666184809813,
      "median_slippage_bps": 3.4258945126484104,
      "p99_slippage_bps": 18.917272015760886,
      "maker_ratio": 0.7,
      "fills_under_threshold": 871,
      "pct_under_threshold": 0.9775533108866442,
      "gate_status": "INSUFFICIENT_DATA",
      "reason": "need_2000_fills_have_891",
      "threshold_bps": 15.0,
      "min_sample_size": 2000
    },
    "venue_coinbase": {
      "total_fills": 914,
      "p95_slippage_bps": 8.867839194458169,
      "mean_slippage_bps": 3.9685349131940737,
      "median_slippage_bps": 3.3568547118686385,
      "p99_slippage_bps": 19.737588416686933,
      "maker_ratio": 0.7,
      "fills_under_threshold": 895,
      "pct_under_threshold": 0.9792122538293216,
      "gate_status": "INSUFFICIENT_DATA",
      "reason": "need_2000_fills_have_914",
      "threshold_bps": 15.0,
      "min_sample_size": 2000
    },
    "venue_binance": {
      "total_fills": 946,
      "p95_slippage_bps": 9.460708188045823,
      "mean_slippage_bps": 4.080625597984336,
      "median_slippage_bps": 3.371927639437148,
      "p99_slippage_bps": 20.09343390762204,
      "maker_ratio": 0.7,
      "fills_under_threshold": 926,
      "pct_under_threshold": 0.9788583509513742,
      "gate_status": "INSUFFICIENT_DATA",
      "reason": "need_2000_fills_have_946",
      "threshold_bps": 15.0,
      "min_sample_size": 2000
    },
    "venue_alpaca": {
      "total_fills": 904,
      "p95_slippage_bps": 10.139853285321331,
      "mean_slippage_bps": 4.188026092655408,
      "median_slippage_bps": 3.4047450105459154,
      "p99_slippage_bps": 18.88800949830044,
      "maker_ratio": 0.7,
      "fills_under_threshold": 875,
      "pct_under_threshold": 0.9679203539823009,
      "gate_status": "INSUFFICIENT_DATA",
      "reason": "need_2000_fills_have_904",
      "threshold_bps": 15.0,
      "min_sample_size": 2000
    },
    "BTC-USD_alpaca": {
      "total_fills": 307,
      "p95_slippage_bps": 10.410002011007354,
      "mean_slippage_bps": 4.125541670130498,
      "median_slippage_bps": 3.2262221677935865,
      "p99_slippage_bps": 19.620871093905258,
      "maker_ratio": 0.7,
      "fills_under_threshold": 297,
      "pct_under_threshold": 0.9674267100977199,
      "gate_status": "INSUFFICIENT_DATA",
      "reason": "need_2000_fills_have_307",
      "threshold_bps": 15.0,
      "min_sample_size": 2000
    },
    "BTC-USD_binance": {
      "total_fills": 295,
      "p95_slippage_bps": 9.424176235392025,
      "mean_slippage_bps": 4.13291445531845,
      "median_slippage_bps": 3.4145088568274975,
      "p99_slippage_bps": 19.924698586685956,
      "maker_ratio": 0.7,
      "fills_under_threshold": 289,
      "pct_under_threshold": 0.9796610169491525,
      "gate_status": "INSUFFICIENT_DATA",
      "reason": "need_2000_fills_have_295",
      "threshold_bps": 15.0,
      "min_sample_size": 2000
    },
    "BTC-USD_coinbase": {
      "total_fills": 328,
      "p95_slippage_bps": 8.460883744504917,
      "mean_slippage_bps": 3.8455819199662695,
      "median_slippage_bps": 3.39804240658769,
      "p99_slippage_bps": 12.327409561679424,
      "maker_ratio": 0.7,
      "fills_under_threshold": 325,
      "pct_under_threshold": 0.9908536585365854,
      "gate_status": "INSUFFICIENT_DATA",
      "reason": "need_2000_fills_have_328",
      "threshold_bps": 15.0,
      "min_sample_size": 2000
    },
    "ETH-USD_alpaca": {
      "total_fills": 295,
      "p95_slippage_bps": 9.678863699994958,
      "mean_slippage_bps": 4.141008591220384,
      "median_slippage_bps": 3.4646396287132717,
      "p99_slippage_bps": 18.14549669921427,
      "maker_ratio": 0.7,
      "fills_under_threshold": 287,
      "pct_under_threshold": 0.9728813559322034,
      "gate_status": "INSUFFICIENT_DATA",
      "reason": "need_2000_fills_have_295",
      "threshold_bps": 15.0,
      "min_sample_size": 2000
    },
    "ETH-USD_binance": {
      "total_fills": 316,
      "p95_slippage_bps": 9.320309154089466,
      "mean_slippage_bps": 4.0361562141437295,
      "median_slippage_bps": 3.4229273784209915,
      "p99_slippage_bps": 16.95377245656755,
      "maker_ratio": 0.7,
      "fills_under_threshold": 310,
      "pct_under_threshold": 0.9810126582278481,
      "gate_status": "INSUFFICIENT_DATA",
      "reason": "need_2000_fills_have_316",
      "threshold_bps": 15.0,
      "min_sample_size": 2000
    },
    "ETH-USD_coinbase": {
      "total_fills": 280,
      "p95_slippage_bps": 8.917542359514371,
      "mean_slippage_bps": 3.9750416878075425,
      "median_slippage_bps": 3.30868703768284,
      "p99_slippage_bps": 20.522961726525683,
      "maker_ratio": 0.7,
      "fills_under_threshold": 274,
      "pct_under_threshold": 0.9785714285714285,
      "gate_status": "INSUFFICIENT_DATA",
      "reason": "need_2000_fills_have_280",
      "threshold_bps": 15.0,
      "min_sample_size": 2000
    },
    "NVDA_alpaca": {
      "total_fills": 302,
      "p95_slippage_bps": 10.18268148953101,
      "mean_slippage_bps": 4.297472717286135,
      "median_slippage_bps": 3.453804142923979,
      "p99_slippage_bps": 18.133809009961734,
      "maker_ratio": 0.7,
      "fills_under_threshold": 291,
      "pct_under_threshold": 0.9635761589403974,
      "gate_status": "INSUFFICIENT_DATA",
      "reason": "need_2000_fills_have_302",
      "threshold_bps": 15.0,
      "min_sample_size": 2000
    },
    "NVDA_binance": {
      "total_fills": 335,
      "p95_slippage_bps": 9.677151712391003,
      "mean_slippage_bps": 4.07652742598454,
      "median_slippage_bps": 3.270085030923545,
      "p99_slippage_bps": 20.46300843815152,
      "maker_ratio": 0.7,
      "fills_under_threshold": 327,
      "pct_under_threshold": 0.9761194029850746,
      "gate_status": "INSUFFICIENT_DATA",
      "reason": "need_2000_fills_have_335",
      "threshold_bps": 15.0,
      "min_sample_size": 2000
    },
    "NVDA_coinbase": {
      "total_fills": 306,
      "p95_slippage_bps": 9.307215352212829,
      "mean_slippage_bps": 4.094373752693904,
      "median_slippage_bps": 3.3684304434060865,
      "p99_slippage_bps": 19.786306599082423,
      "maker_ratio": 0.7,
      "fills_under_threshold": 296,
      "pct_under_threshold": 0.9673202614379085,
      "gate_status": "INSUFFICIENT_DATA",
      "reason": "need_2000_fills_have_306",