{
  "timestamp": "2025-08-16T17:16:10.326761+00:00",
  "window_hours": 48,
  "threshold_bps": 15.0,
  "min_sample_size": 2000,
  "overall_metrics": {
    "total_fills": 2766,
    "p95_slippage_bps": 8.986098228385194,
    "mean_slippage_bps": 3.9735370272355977,
    "median_slippage_bps": 3.4154245169890007,
    "p99_slippage_bps": 18.26813949258163,
    "maker_ratio": 0.7,
    "fills_under_threshold": 2719,
    "pct_under_threshold": 0.9830079537237889,
    "gate_status": "PASS",
    "reason": "criteria_met",
    "threshold_bps": 15.0,
    "min_sample_size": 2000
  },
  "breakdown_metrics": {
    "asset_ETH-USD": {
      "total_fills": 901,
      "p95_slippage_bps": 8.74331178302396,
      "mean_slippage_bps": 3.930226528671879,
      "median_slippage_bps": 3.381034249321415,
      "p99_slippage_bps": 19.115084465737866,
      "maker_ratio": 0.7,
      "fills_under_threshold": 884,
      "pct_under_threshold": 0.9811320754716981,
      "gate_status": "INSUFFICIENT_DATA",
      "reason": "need_2000_fills_have_901",
      "threshold_bps": 15.0,
      "min_sample_size": 2000
    },
    "asset_BTC-USD": {
      "total_fills": 937,
      "p95_slippage_bps": 9.361634404661512,
      "mean_slippage_bps": 4.030325925575815,
      "median_slippage_bps": 3.480277216914185,
      "p99_slippage_bps": 18.074167184384862,
      "maker_ratio": 0.7,
      "fills_under_threshold": 920,
      "pct_under_threshold": 0.9818569903948773,
      "gate_status": "INSUFFICIENT_DATA",
      "reason": "need_2000_fills_have_937",
      "threshold_bps": 15.0,
      "min_sample_size": 2000
    },
    "asset_NVDA": {
      "total_fills": 928,
      "p95_slippage_bps": 9.034526960836589,
      "mean_slippage_bps": 3.958247761568709,
      "median_slippage_bps": 3.364605025001341,
      "p99_slippage_bps": 17.102429876829557,
      "maker_ratio": 0.7,
      "fills_under_threshold": 915,
      "pct_under_threshold": 0.9859913793103449,
      "gate_status": "INSUFFICIENT_DATA",
      "reason": "need_2000_fills_have_928",
      "threshold_bps": 15.0,
      "min_sample_size": 2000
    },
    "venue_alpaca": {
      "total_fills": 928,
      "p95_slippage_bps": 8.755191972483258,
      "mean_slippage_bps": 3.9107621216148614,
      "median_slippage_bps": 3.4365182610729814,
      "p99_slippage_bps": 17.03983650563515,
      "maker_ratio": 0.7,
      "fills_under_threshold": 916,
      "pct_under_threshold": 0.9870689655172413,
      "gate_status": "INSUFFICIENT_DATA",
      "reason": "need_2000_fills_have_928",
      "threshold_bps": 15.0,
      "min_sample_size": 2000
    },
    "venue_coinbase": {
      "total_fills": 933,
      "p95_slippage_bps": 8.747257912693279,
      "mean_slippage_bps": 3.9249330788344126,
      "median_slippage_bps": 3.3272671579338313,
      "p99_slippage_bps": 19.243598953293635,
      "maker_ratio": 0.7,
      "fills_under_threshold": 915,
      "pct_under_threshold": 0.9807073954983923,
      "gate_status": "INSUFFICIENT_DATA",
      "reason": "need_2000_fills_have_933",
      "threshold_bps": 15.0,
      "min_sample_size": 2000
    },
    "venue_binance": {
      "total_fills": 905,
      "p95_slippage_bps": 9.60594935285708,
      "mean_slippage_bps": 4.08801503416858,
      "median_slippage_bps": 3.4691455306558945,
      "p99_slippage_bps": 17.704761858905417,
      "maker_ratio": 0.7,
      "fills_under_threshold": 888,
      "pct_under_threshold": 0.9812154696132597,
      "gate_status": "INSUFFICIENT_DATA",
      "reason": "need_2000_fills_have_905",
      "threshold_bps": 15.0,
      "min_sample_size": 2000
    },
    "BTC-USD_alpaca": {
      "total_fills": 296,
      "p95_slippage_bps": 8.36890685788038,
      "mean_slippage_bps": 4.059762736127684,
      "median_slippage_bps": 3.559916004493176,
      "p99_slippage_bps": 18.339853905079366,
      "maker_ratio": 0.7,
      "fills_under_threshold": 292,
      "pct_under_threshold": 0.9864864864864865,
      "gate_status": "INSUFFICIENT_DATA",
      "reason": "need_2000_fills_have_296",
      "threshold_bps": 15.0,
      "min_sample_size": 2000
    },
    "BTC-USD_binance": {
      "total_fills": 309,
      "p95_slippage_bps": 9.628882621698185,
      "mean_slippage_bps": 3.9356451090280427,
      "median_slippage_bps": 3.257454562119773,
      "p99_slippage_bps": 16.51822071021473,
      "maker_ratio": 0.7,
      "fills_under_threshold": 303,
      "pct_under_threshold": 0.9805825242718447,
      "gate_status": "INSUFFICIENT_DATA",
      "reason": "need_2000_fills_have_309",
      "threshold_bps": 15.0,
      "min_sample_size": 2000
    },
    "BTC-USD_coinbase": {
      "total_fills": 332,
      "p95_slippage_bps": 9.632130669485333,
      "mean_slippage_bps": 4.0922026616899965,
      "median_slippage_bps": 3.567726115374061,
      "p99_slippage_bps": 19.88228191476825,
      "maker_ratio": 0.7,
      "fills_under_threshold": 325,
      "pct_under_threshold": 0.9789156626506024,
      "gate_status": "INSUFFICIENT_DATA",
      "reason": "need_2000_fills_have_332",
      "threshold_bps": 15.0,
      "min_sample_size": 2000
    },
    "ETH-USD_alpaca": {
      "total_fills": 310,
      "p95_slippage_bps": 8.761463672209018,
      "mean_slippage_bps": 3.7618327512549294,
      "median_slippage_bps": 3.300385059691729,
      "p99_slippage_bps": 16.06808562015396,
      "maker_ratio": 0.7,
      "fills_under_threshold": 306,
      "pct_under_threshold": 0.9870967741935484,
      "gate_status": "INSUFFICIENT_DATA",
      "reason": "need_2000_fills_have_310",
      "threshold_bps": 15.0,
      "min_sample_size": 2000
    },
    "ETH-USD_binance": {
      "total_fills": 281,
      "p95_slippage_bps": 9.142283656746152,
      "mean_slippage_bps": 4.068675829543004,
      "median_slippage_bps": 3.591575949494084,
      "p99_slippage_bps": 21.72648305620799,
      "maker_ratio": 0.7,
      "fills_under_threshold": 275,
      "pct_under_threshold": 0.9786476868327402,
      "gate_status": "INSUFFICIENT_DATA",
      "reason": "need_2000_fills_have_281",
      "threshold_bps": 15.0,
      "min_sample_size": 2000
    },
    "ETH-USD_coinbase": {
      "total_fills": 310,
      "p95_slippage_bps": 8.279202405328563,
      "mean_slippage_bps": 3.9731227140088747,
      "median_slippage_bps": 3.32021419885863,
      "p99_slippage_bps": 18.98348386906611,
      "maker_ratio": 0.7,
      "fills_under_threshold": 303,
      "pct_under_threshold": 0.9774193548387097,
      "gate_status": "INSUFFICIENT_DATA",
      "reason": "need_2000_fills_have_310",
      "threshold_bps": 15.0,
      "min_sample_size": 2000
    },
    "NVDA_alpaca": {
      "total_fills": 322,
      "p95_slippage_bps": 8.739897150184106,
      "mean_slippage_bps": 3.9171718201110814,
      "median_slippage_bps": 3.3735232317293615,
      "p99_slippage_bps": 15.783106875722657,
      "maker_ratio": 0.7,
      "fills_under_threshold": 318,
      "pct_under_threshold": 0.9875776397515528,
      "gate_status": "INSUFFICIENT_DATA",
      "reason": "need_2000_fills_have_322",
      "threshold_bps": 15.0,
      "min_sample_size": 2000
    },
    "NVDA_binance": {
      "total_fills": 315,
      "p95_slippage_bps": 9.992878598632775,
      "mean_slippage_bps": 4.25473447343275,
      "median_slippage_bps": 3.593321248654557,
      "p99_slippage_bps": 16.731073562560155,
      "maker_ratio": 0.7,
      "fills_under_threshold": 310,
      "pct_under_threshold": 0.9841269841269841,
      "gate_status": "INSUFFICIENT_DATA",
      "reason": "need_2000_fills_have_315",
      "threshold_bps": 15.0,
      "min_sample_size": 2000
    },
    "NVDA_coinbase": {
      "total_fills": 291,
      "p95_slippage_bps": 8.76396395636786,
      "mean_slippage_bps": 3.682760266421571,
      "median_slippage_bps": 3.1686427933209695,
      "p99_slippage_bps": 17.286974965181823,
      "maker_ratio": 0.7,
      "fills_under_threshold": 287,
      "pct_under_threshold": 0.9862542955326461,
      "gate_status": "INSUFFICIENT_DATA",
      "reason": "need_2000_fills_have_291",