{
  "timestamp": "2025-08-16T05:30:37.927085+00:00",
  "window_hours": 48,
  "threshold_bps": 15.0,
  "min_sample_size": 2000,
  "overall_metrics": {
    "total_fills": 2610,
    "p95_slippage_bps": 9.041559377438949,
    "mean_slippage_bps": 4.006948372187626,
    "median_slippage_bps": 3.4375398289363117,
    "p99_slippage_bps": 19.317759059548663,
    "maker_ratio": 0.7,
    "fills_under_threshold": 2550,
    "pct_under_threshold": 0.9770114942528736,
    "gate_status": "PASS",
    "reason": "criteria_met",
    "threshold_bps": 15.0,
    "min_sample_size": 2000
  },
  "breakdown_metrics": {
    "asset_ETH-USD": {
      "total_fills": 893,
      "p95_slippage_bps": 8.364227700415752,
      "mean_slippage_bps": 3.9056581571480113,
      "median_slippage_bps": 3.404512133024153,
      "p99_slippage_bps": 19.52674626523138,
      "maker_ratio": 0.7,
      "fills_under_threshold": 875,
      "pct_under_threshold": 0.9798432250839866,
      "gate_status": "INSUFFICIENT_DATA",
      "reason": "need_2000_fills_have_893",
      "threshold_bps": 15.0,
      "min_sample_size": 2000
    },
    "asset_NVDA": {
      "total_fills": 836,
      "p95_slippage_bps": 9.083747484415348,
      "mean_slippage_bps": 4.024746447468801,
      "median_slippage_bps": 3.4607229399331345,
      "p99_slippage_bps": 20.015235293792447,
      "maker_ratio": 0.7,
      "fills_under_threshold": 817,
      "pct_under_threshold": 0.9772727272727273,
      "gate_status": "INSUFFICIENT_DATA",
      "reason": "need_2000_fills_have_836",
      "threshold_bps": 15.0,
      "min_sample_size": 2000
    },
    "asset_BTC-USD": {
      "total_fills": 881,
      "p95_slippage_bps": 9.872268502899468,
      "mean_slippage_bps": 4.092729270139173,
      "median_slippage_bps": 3.4610600257308253,
      "p99_slippage_bps": 18.368926301364837,
      "maker_ratio": 0.7,
      "fills_under_threshold": 858,
      "pct_under_threshold": 0.9738933030646992,
      "gate_status": "INSUFFICIENT_DATA",
      "reason": "need_2000_fills_have_881",
      "threshold_bps": 15.0,
      "min_sample_size": 2000
    },
    "venue_coinbase": {
      "total_fills": 832,
      "p95_slippage_bps": 9.420883242533668,
      "mean_slippage_bps": 4.145525597905794,
      "median_slippage_bps": 3.573929715987382,
      "p99_slippage_bps": 19.639749132091854,
      "maker_ratio": 0.7,
      "fills_under_threshold": 809,
      "pct_under_threshold": 0.9723557692307693,
      "gate_status": "INSUFFICIENT_DATA",
      "reason": "need_2000_fills_have_832",
      "threshold_bps": 15.0,
      "min_sample_size": 2000
    },
    "venue_binance": {
      "total_fills": 930,
      "p95_slippage_bps": 9.213494212167202,
      "mean_slippage_bps": 4.084201331388793,
      "median_slippage_bps": 3.451751859904604,
      "p99_slippage_bps": 19.582444076640634,
      "maker_ratio": 0.7,
      "fills_under_threshold": 906,
      "pct_under_threshold": 0.9741935483870968,
      "gate_status": "INSUFFICIENT_DATA",
      "reason": "need_2000_fills_have_930",
      "threshold_bps": 15.0,
      "min_sample_size": 2000
    },
    "venue_alpaca": {
      "total_fills": 848,
      "p95_slippage_bps": 8.487665448249974,
      "mean_slippage_bps": 3.7862626365100285,
      "median_slippage_bps": 3.338102902991829,
      "p99_slippage_bps": 17.73851694448294,
      "maker_ratio": 0.7,
      "fills_under_threshold": 835,
      "pct_under_threshold": 0.9846698113207547,
      "gate_status": "INSUFFICIENT_DATA",
      "reason": "need_2000_fills_have_848",
      "threshold_bps": 15.0,
      "min_sample_size": 2000
    },
    "BTC-USD_alpaca": {
      "total_fills": 297,
      "p95_slippage_bps": 8.502747874948511,
      "mean_slippage_bps": 3.8509824602596487,
      "median_slippage_bps": 3.3656792462467795,
      "p99_slippage_bps": 17.206000790771377,
      "maker_ratio": 0.7,
      "fills_under_threshold": 292,
      "pct_under_threshold": 0.9831649831649831,
      "gate_status": "INSUFFICIENT_DATA",
      "reason": "need_2000_fills_have_297",
      "threshold_bps": 15.0,
      "min_sample_size": 2000
    },
    "BTC-USD_binance": {
      "total_fills": 287,
      "p95_slippage_bps": 9.940224337762611,
      "mean_slippage_bps": 4.2092151603509445,
      "median_slippage_bps": 3.3830595389109233,
      "p99_slippage_bps": 19.221032647131036,
      "maker_ratio": 0.7,
      "fills_under_threshold": 278,
      "pct_under_threshold": 0.9686411149825784,
      "gate_status": "INSUFFICIENT_DATA",
      "reason": "need_2000_fills_have_287",
      "threshold_bps": 15.0,
      "min_sample_size": 2000
    },
    "BTC-USD_coinbase": {
      "total_fills": 297,
      "p95_slippage_bps": 10.538361002786138,
      "mean_slippage_bps": 4.221912273652438,
      "median_slippage_bps": 3.5812786149129407,
      "p99_slippage_bps": 17.794097355267088,
      "maker_ratio": 0.7,
      "fills_under_threshold": 288,
      "pct_under_threshold": 0.9696969696969697,
      "gate_status": "INSUFFICIENT_DATA",
      "reason": "need_2000_fills_have_297",
      "threshold_bps": 15.0,
      "min_sample_size": 2000
    },
    "ETH-USD_alpaca": {
      "total_fills": 282,
      "p95_slippage_bps": 7.891488390008032,
      "mean_slippage_bps": 3.665070714876547,
      "median_slippage_bps": 3.2465181895179,
      "p99_slippage_bps": 19.100530367192693,
      "maker_ratio": 0.7,
      "fills_under_threshold": 277,
      "pct_under_threshold": 0.9822695035460993,
      "gate_status": "INSUFFICIENT_DATA",
      "reason": "need_2000_fills_have_282",
      "threshold_bps": 15.0,
      "min_sample_size": 2000
    },
    "ETH-USD_binance": {
      "total_fills": 330,
      "p95_slippage_bps": 8.29047170159733,
      "mean_slippage_bps": 4.0534349606716695,
      "median_slippage_bps": 3.5095594299483817,
      "p99_slippage_bps": 19.58244407664063,
      "maker_ratio": 0.7,
      "fills_under_threshold": 323,
      "pct_under_threshold": 0.9787878787878788,
      "gate_status": "INSUFFICIENT_DATA",
      "reason": "need_2000_fills_have_330",
      "threshold_bps": 15.0,
      "min_sample_size": 2000
    },
    "ETH-USD_coinbase": {
      "total_fills": 281,
      "p95_slippage_bps": 8.607811973740635,
      "mean_slippage_bps": 3.9735560701648986,
      "median_slippage_bps": 3.446850903560667,
      "p99_slippage_bps": 19.251952935430957,
      "maker_ratio": 0.7,
      "fills_under_threshold": 275,
      "pct_under_threshold": 0.9786476868327402,
      "gate_status": "INSUFFICIENT_DATA",
      "reason": "need_2000_fills_have_281",
      "threshold_bps": 15.0,
      "min_sample_size": 2000
    },
    "NVDA_alpaca": {
      "total_fills": 269,
      "p95_slippage_bps": 8.76965051876112,
      "mean_slippage_bps": 3.841854957130864,
      "median_slippage_bps": 3.381522188156137,
      "p99_slippage_bps": 15.342369118154869,
      "maker_ratio": 0.7,
      "fills_under_threshold": 266,
      "pct_under_threshold": 0.9888475836431226,
      "gate_status": "INSUFFICIENT_DATA",
      "reason": "need_2000_fills_have_269",
      "threshold_bps": 15.0,
      "min_sample_size": 2000
    },
    "NVDA_binance": {
      "total_fills": 313,
      "p95_slippage_bps": 9.16812793828635,
      "mean_slippage_bps": 4.002009425396821,
      "median_slippage_bps": 3.3780530415752845,
      "p99_slippage_bps": 19.920686770827732,
      "maker_ratio": 0.7,
      "fills_under_threshold": 305,
      "pct_under_threshold": 0.9744408945686901,
      "gate_status": "INSUFFICIENT_DATA",
      "reason": "need_2000_fills_have_313",
      "threshold_bps": 15.0,
      "min_sample_size": 2000
    },
    "NVDA_coinbase": {
      "total_fills": 254,
      "p95_slippage_bps": 9.536388589418038,
      "mean_slippage_bps": 4.246457072702797,
      "median_slippage_bps": 3.651038337056903,
      "p99_slippage_bps": 20.91745522160153,
      "maker_ratio": 0.7,
      "fills_under_threshold": 246,
      "pct_under_threshold": 0.968503937007874,
      "gate_status": "INSUFFICIENT_DATA",
      "reason": "need_2000_fills_have_254",