{
  "timestamp": "2025-08-16T11:13:04.209765+00:00",
  "window_hours": 48,
  "threshold_bps": 15.0,
  "min_sample_size": 2000,
  "overall_metrics": {
    "total_fills": 2782,
    "p95_slippage_bps": 8.936050741095961,
    "mean_slippage_bps": 3.956439634019555,
    "median_slippage_bps": 3.3838506850699313,
    "p99_slippage_bps": 18.81364178195146,
    "maker_ratio": 0.7,
    "fills_under_threshold": 2730,
    "pct_under_threshold": 0.9813084112149533,
    "gate_status": "PASS",
    "reason": "criteria_met",
    "threshold_bps": 15.0,
    "min_sample_size": 2000
  },
  "breakdown_metrics": {
    "asset_BTC-USD": {
      "total_fills": 935,
      "p95_slippage_bps": 9.039588856132614,
      "mean_slippage_bps": 3.9770015341783176,
      "median_slippage_bps": 3.431355191852217,
      "p99_slippage_bps": 17.725653473595663,
      "maker_ratio": 0.7,
      "fills_under_threshold": 921,
      "pct_under_threshold": 0.9850267379679144,
      "gate_status": "INSUFFICIENT_DATA",
      "reason": "need_2000_fills_have_935",
      "threshold_bps": 15.0,
      "min_sample_size": 2000
    },
    "asset_NVDA": {
      "total_fills": 910,
      "p95_slippage_bps": 8.84744394981289,
      "mean_slippage_bps": 3.9857402148988155,
      "median_slippage_bps": 3.4672900756169005,
      "p99_slippage_bps": 18.737488909843997,
      "maker_ratio": 0.7,
      "fills_under_threshold": 890,
      "pct_under_threshold": 0.978021978021978,
      "gate_status": "INSUFFICIENT_DATA",
      "reason": "need_2000_fills_have_910",
      "threshold_bps": 15.0,
      "min_sample_size": 2000
    },
    "asset_ETH-USD": {
      "total_fills": 937,
      "p95_slippage_bps": 8.855243965279325,
      "mean_slippage_bps": 3.9074653488022975,
      "median_slippage_bps": 3.274534220069208,
      "p99_slippage_bps": 19.051618019506797,
      "maker_ratio": 0.7,
      "fills_under_threshold": 919,
      "pct_under_threshold": 0.9807897545357525,
      "gate_status": "INSUFFICIENT_DATA",
      "reason": "need_2000_fills_have_937",
      "threshold_bps": 15.0,
      "min_sample_size": 2000
    },
    "venue_alpaca": {
      "total_fills": 960,
      "p95_slippage_bps": 8.862621425313625,
      "mean_slippage_bps": 3.95937887353101,
      "median_slippage_bps": 3.3618154377497427,
      "p99_slippage_bps": 18.086236302263018,
      "maker_ratio": 0.7,
      "fills_under_threshold": 943,
      "pct_under_threshold": 0.9822916666666667,
      "gate_status": "INSUFFICIENT_DATA",
      "reason": "need_2000_fills_have_960",
      "threshold_bps": 15.0,
      "min_sample_size": 2000
    },
    "venue_coinbase": {
      "total_fills": 896,
      "p95_slippage_bps": 8.7375271416464,
      "mean_slippage_bps": 3.9543688175378926,
      "median_slippage_bps": 3.4731414726210077,
      "p99_slippage_bps": 18.80213431060288,
      "maker_ratio": 0.7,
      "fills_under_threshold": 880,
      "pct_under_threshold": 0.9821428571428571,
      "gate_status": "INSUFFICIENT_DATA",
      "reason": "need_2000_fills_have_896",
      "threshold_bps": 15.0,
      "min_sample_size": 2000
    },
    "venue_binance": {
      "total_fills": 926,
      "p95_slippage_bps": 9.113814728125613,
      "mean_slippage_bps": 3.9553962016616424,
      "median_slippage_bps": 3.3115541422288626,
      "p99_slippage_bps": 19.060221016154372,
      "maker_ratio": 0.7,
      "fills_under_threshold": 907,
      "pct_under_threshold": 0.9794816414686826,
      "gate_status": "INSUFFICIENT_DATA",
      "reason": "need_2000_fills_have_926",
      "threshold_bps": 15.0,
      "min_sample_size": 2000
    },
    "BTC-USD_alpaca": {
      "total_fills": 339,
      "p95_slippage_bps": 8.24362412213309,
      "mean_slippage_bps": 3.928438801298075,
      "median_slippage_bps": 3.4026550372613498,
      "p99_slippage_bps": 15.856156979217271,
      "maker_ratio": 0.7,
      "fills_under_threshold": 335,
      "pct_under_threshold": 0.9882005899705014,
      "gate_status": "INSUFFICIENT_DATA",
      "reason": "need_2000_fills_have_339",
      "threshold_bps": 15.0,
      "min_sample_size": 2000
    },
    "BTC-USD_binance": {
      "total_fills": 314,
      "p95_slippage_bps": 9.696098552589168,
      "mean_slippage_bps": 4.113806739486432,
      "median_slippage_bps": 3.371847170275277,
      "p99_slippage_bps": 19.422772575962043,
      "maker_ratio": 0.7,
      "fills_under_threshold": 308,
      "pct_under_threshold": 0.9808917197452229,
      "gate_status": "INSUFFICIENT_DATA",
      "reason": "need_2000_fills_have_314",
      "threshold_bps": 15.0,
      "min_sample_size": 2000
    },
    "BTC-USD_coinbase": {
      "total_fills": 282,
      "p95_slippage_bps": 8.635901563344504,
      "mean_slippage_bps": 3.88305093836149,
      "median_slippage_bps": 3.5199433384720535,
      "p99_slippage_bps": 16.42026378954816,
      "maker_ratio": 0.7,
      "fills_under_threshold": 278,
      "pct_under_threshold": 0.9858156028368794,
      "gate_status": "INSUFFICIENT_DATA",
      "reason": "need_2000_fills_have_282",
      "threshold_bps": 15.0,
      "min_sample_size": 2000
    },
    "ETH-USD_alpaca": {
      "total_fills": 327,
      "p95_slippage_bps": 8.783205302589405,
      "mean_slippage_bps": 3.8946077478838546,
      "median_slippage_bps": 3.3214412348620987,
      "p99_slippage_bps": 15.70217336083741,
      "maker_ratio": 0.7,
      "fills_under_threshold": 323,
      "pct_under_threshold": 0.9877675840978594,
      "gate_status": "INSUFFICIENT_DATA",
      "reason": "need_2000_fills_have_327",
      "threshold_bps": 15.0,
      "min_sample_size": 2000
    },
    "ETH-USD_binance": {
      "total_fills": 315,
      "p95_slippage_bps": 8.581663530378636,
      "mean_slippage_bps": 3.7230289609272598,
      "median_slippage_bps": 3.155979030529024,
      "p99_slippage_bps": 18.89991004315316,
      "maker_ratio": 0.7,
      "fills_under_threshold": 308,
      "pct_under_threshold": 0.9777777777777777,
      "gate_status": "INSUFFICIENT_DATA",
      "reason": "need_2000_fills_have_315",
      "threshold_bps": 15.0,
      "min_sample_size": 2000
    },
    "ETH-USD_coinbase": {
      "total_fills": 295,
      "p95_slippage_bps": 9.670248228443745,
      "mean_slippage_bps": 4.118658222297103,
      "median_slippage_bps": 3.4016675886486114,
      "p99_slippage_bps": 20.42323558591686,
      "maker_ratio": 0.7,
      "fills_under_threshold": 288,
      "pct_under_threshold": 0.976271186440678,
      "gate_status": "INSUFFICIENT_DATA",
      "reason": "need_2000_fills_have_295",
      "threshold_bps": 15.0,
      "min_sample_size": 2000
    },
    "NVDA_alpaca": {
      "total_fills": 294,
      "p95_slippage_bps": 9.42399606515349,
      "mean_slippage_bps": 4.0670960251418435,
      "median_slippage_bps": 3.3322102954508717,
      "p99_slippage_bps": 19.139403092061258,
      "maker_ratio": 0.7,
      "fills_under_threshold": 285,
      "pct_under_threshold": 0.9693877551020408,
      "gate_status": "INSUFFICIENT_DATA",
      "reason": "need_2000_fills_have_294",
      "threshold_bps": 15.0,
      "min_sample_size": 2000
    },
    "NVDA_binance": {
      "total_fills": 297,
      "p95_slippage_bps": 8.99205648344473,
      "mean_slippage_bps": 4.0343684978042225,
      "median_slippage_bps": 3.4915682865806756,
      "p99_slippage_bps": 18.407810508625154,
      "maker_ratio": 0.7,
      "fills_under_threshold": 291,
      "pct_under_threshold": 0.9797979797979798,
      "gate_status": "INSUFFICIENT_DATA",
      "reason": "need_2000_fills_have_297",
      "threshold_bps": 15.0,
      "min_sample_size": 2000
    },
    "NVDA_coinbase": {
      "total_fills": 319,
      "p95_slippage_bps": 8.300051040863309,
      "mean_slippage_bps": 3.865485643631241,
      "median_slippage_bps": 3.5139210948053177,
      "p99_slippage_bps": 17.168429635922454,
      "maker_ratio": 0.7,
      "fills_under_threshold": 314,
      "pct_under_threshold": 0.9843260188087775,
      "gate_status": "INSUFFICIENT_DATA",
      "reason": "need_2000_fills_have_319",