{
  "timestamp": "2025-08-16T20:28:05.789699+00:00",
  "window_hours": 48,
  "threshold_bps": 15.0,
  "min_sample_size": 2000,
  "overall_metrics": {
    "total_fills": 2764,
    "p95_slippage_bps": 9.27965107789574,
    "mean_slippage_bps": 4.093391839104042,
    "median_slippage_bps": 3.420129465719817,
    "p99_slippage_bps": 19.754391210600794,
    "maker_ratio": 0.7,
    "fills_under_threshold": 2697,
    "pct_under_threshold": 0.9757597684515196,
    "gate_status": "PASS",
    "reason": "criteria_met",
    "threshold_bps": 15.0,
    "min_sample_size": 2000
  },
  "breakdown_metrics": {
    "asset_ETH-USD": {
      "total_fills": 924,
      "p95_slippage_bps": 8.884522862080653,
      "mean_slippage_bps": 3.9594424516804163,
      "median_slippage_bps": 3.3863072639434644,
      "p99_slippage_bps": 18.53025647501542,
      "maker_ratio": 0.7,
      "fills_under_threshold": 907,
      "pct_under_threshold": 0.9816017316017316,
      "gate_status": "INSUFFICIENT_DATA",
      "reason": "need_2000_fills_have_924",
      "threshold_bps": 15.0,
      "min_sample_size": 2000
    },
    "asset_NVDA": {
      "total_fills": 939,
      "p95_slippage_bps": 9.22899353326749,
      "mean_slippage_bps": 4.11643305891134,
      "median_slippage_bps": 3.41407238969034,
      "p99_slippage_bps": 19.3030089295186,
      "maker_ratio": 0.7,
      "fills_under_threshold": 917,
      "pct_under_threshold": 0.9765708200212992,
      "gate_status": "INSUFFICIENT_DATA",
      "reason": "need_2000_fills_have_939",
      "threshold_bps": 15.0,
      "min_sample_size": 2000
    },
    "asset_BTC-USD": {
      "total_fills": 901,
      "p95_slippage_bps": 9.844364599265003,
      "mean_slippage_bps": 4.206747586696024,
      "median_slippage_bps": 3.4824879692772295,
      "p99_slippage_bps": 20.92263736904263,
      "maker_ratio": 0.7,
      "fills_under_threshold": 873,
      "pct_under_threshold": 0.9689234184239733,
      "gate_status": "INSUFFICIENT_DATA",
      "reason": "need_2000_fills_have_901",
      "threshold_bps": 15.0,
      "min_sample_size": 2000
    },
    "venue_binance": {
      "total_fills": 940,
      "p95_slippage_bps": 9.620705600231394,
      "mean_slippage_bps": 4.012024624712119,
      "median_slippage_bps": 3.337504473972986,
      "p99_slippage_bps": 19.54227626904389,
      "maker_ratio": 0.7,
      "fills_under_threshold": 914,
      "pct_under_threshold": 0.9723404255319149,
      "gate_status": "INSUFFICIENT_DATA",
      "reason": "need_2000_fills_have_940",
      "threshold_bps": 15.0,
      "min_sample_size": 2000
    },
    "venue_coinbase": {
      "total_fills": 933,
      "p95_slippage_bps": 8.891072119843074,
      "mean_slippage_bps": 4.075820368340844,
      "median_slippage_bps": 3.4904405435459487,
      "p99_slippage_bps": 18.312582828937174,
      "maker_ratio": 0.7,
      "fills_under_threshold": 919,
      "pct_under_threshold": 0.984994640943194,
      "gate_status": "INSUFFICIENT_DATA",
      "reason": "need_2000_fills_have_933",
      "threshold_bps": 15.0,
      "min_sample_size": 2000
    },
    "venue_alpaca": {
      "total_fills": 891,
      "p95_slippage_bps": 9.923556857259447,
      "mean_slippage_bps": 4.197633549261697,
      "median_slippage_bps": 3.4350560519775097,
      "p99_slippage_bps": 20.571846132838047,
      "maker_ratio": 0.7,
      "fills_under_threshold": 864,
      "pct_under_threshold": 0.9696969696969697,
      "gate_status": "INSUFFICIENT_DATA",
      "reason": "need_2000_fills_have_891",
      "threshold_bps": 15.0,
      "min_sample_size": 2000
    },
    "BTC-USD_alpaca": {
      "total_fills": 297,
      "p95_slippage_bps": 11.109979255877205,
      "mean_slippage_bps": 4.347954607643893,
      "median_slippage_bps": 3.424043460157719,
      "p99_slippage_bps": 22.54817598596493,
      "maker_ratio": 0.7,
      "fills_under_threshold": 285,
      "pct_under_threshold": 0.9595959595959596,
      "gate_status": "INSUFFICIENT_DATA",
      "reason": "need_2000_fills_have_297",
      "threshold_bps": 15.0,
      "min_sample_size": 2000
    },
    "BTC-USD_binance": {
      "total_fills": 285,
      "p95_slippage_bps": 9.494893135938458,
      "mean_slippage_bps": 4.09672097943161,
      "median_slippage_bps": 3.5013584105035545,
      "p99_slippage_bps": 19.840717829465536,
      "maker_ratio": 0.7,
      "fills_under_threshold": 276,
      "pct_under_threshold": 0.968421052631579,
      "gate_status": "INSUFFICIENT_DATA",
      "reason": "need_2000_fills_have_285",
      "threshold_bps": 15.0,
      "min_sample_size": 2000
    },
    "BTC-USD_coinbase": {
      "total_fills": 319,
      "p95_slippage_bps": 9.174385525466342,
      "mean_slippage_bps": 4.173578614435338,
      "median_slippage_bps": 3.4977131869456075,
      "p99_slippage_bps": 20.10212624135765,
      "maker_ratio": 0.7,
      "fills_under_threshold": 312,
      "pct_under_threshold": 0.9780564263322884,
      "gate_status": "INSUFFICIENT_DATA",
      "reason": "need_2000_fills_have_319",
      "threshold_bps": 15.0,
      "min_sample_size": 2000
    },
    "ETH-USD_alpaca": {
      "total_fills": 299,
      "p95_slippage_bps": 9.949518203849472,
      "mean_slippage_bps": 4.195462863277258,
      "median_slippage_bps": 3.44920154173537,
      "p99_slippage_bps": 18.998573269208563,
      "maker_ratio": 0.7,
      "fills_under_threshold": 290,
      "pct_under_threshold": 0.9698996655518395,
      "gate_status": "INSUFFICIENT_DATA",
      "reason": "need_2000_fills_have_299",
      "threshold_bps": 15.0,
      "min_sample_size": 2000
    },
    "ETH-USD_binance": {
      "total_fills": 324,
      "p95_slippage_bps": 8.61187210175903,
      "mean_slippage_bps": 3.799522313303606,
      "median_slippage_bps": 3.31923650313749,
      "p99_slippage_bps": 16.343191083564125,
      "maker_ratio": 0.7,
      "fills_under_threshold": 319,
      "pct_under_threshold": 0.9845679012345679,
      "gate_status": "INSUFFICIENT_DATA",
      "reason": "need_2000_fills_have_324",
      "threshold_bps": 15.0,
      "min_sample_size": 2000
    },
    "ETH-USD_coinbase": {
      "total_fills": 301,
      "p95_slippage_bps": 8.463689449271799,
      "mean_slippage_bps": 3.8971302316360035,
      "median_slippage_bps": 3.3915706930549208,
      "p99_slippage_bps": 14.755306576907522,
      "maker_ratio": 0.7,
      "fills_under_threshold": 298,
      "pct_under_threshold": 0.9900332225913622,
      "gate_status": "INSUFFICIENT_DATA",
      "reason": "need_2000_fills_have_301",
      "threshold_bps": 15.0,
      "min_sample_size": 2000
    },
    "NVDA_alpaca": {
      "total_fills": 295,
      "p95_slippage_bps": 8.394066614735564,
      "mean_slippage_bps": 4.0484934840746964,
      "median_slippage_bps": 3.4473168453526513,
      "p99_slippage_bps": 19.374762312637387,
      "maker_ratio": 0.7,
      "fills_under_threshold": 289,
      "pct_under_threshold": 0.9796610169491525,
      "gate_status": "INSUFFICIENT_DATA",
      "reason": "need_2000_fills_have_295",
      "threshold_bps": 15.0,
      "min_sample_size": 2000
    },
    "NVDA_binance": {
      "total_fills": 331,
      "p95_slippage_bps": 11.07654841408192,
      "mean_slippage_bps": 4.147107065199439,
      "median_slippage_bps": 3.2974270648617425,
      "p99_slippage_bps": 19.377485099168506,
      "maker_ratio": 0.7,
      "fills_under_threshold": 319,
      "pct_under_threshold": 0.9637462235649547,
      "gate_status": "INSUFFICIENT_DATA",
      "reason": "need_2000_fills_have_331",
      "threshold_bps": 15.0,
      "min_sample_size": 2000
    },
    "NVDA_coinbase": {
      "total_fills": 313,
      "p95_slippage_bps": 8.801459655066537,
      "mean_slippage_bps": 4.148027558896799,
      "median_slippage_bps": 3.5724149252957207,
      "p99_slippage_bps": 17.011692580988257,
      "maker_ratio": 0.7,
      "fills_under_threshold": 309,
      "pct_under_threshold": 0.987220447284345,
      "gate_status": "INSUFFICIENT_DATA",
      "reason": "need_2000_fills_have_313",