{
  "timestamp": "2025-08-16T17:47:18.269171+00:00",
  "window_hours": 48,
  "threshold_bps": 15.0,
  "min_sample_size": 2000,
  "overall_metrics": {
    "total_fills": 2781,
    "p95_slippage_bps": 9.166866134646211,
    "mean_slippage_bps": 4.01960418945708,
    "median_slippage_bps": 3.4660723556902733,
    "p99_slippage_bps": 18.125562418463197,
    "maker_ratio": 0.7,
    "fills_under_threshold": 2731,
    "pct_under_threshold": 0.9820208558072636,
    "gate_status": "PASS",
    "reason": "criteria_met",
    "threshold_bps": 15.0,
    "min_sample_size": 2000
  },
  "breakdown_metrics": {
    "asset_ETH-USD": {
      "total_fills": 944,
      "p95_slippage_bps": 8.88828910313497,
      "mean_slippage_bps": 4.032726395073542,
      "median_slippage_bps": 3.4615327098302924,
      "p99_slippage_bps": 18.784725908416604,
      "maker_ratio": 0.7,
      "fills_under_threshold": 926,
      "pct_under_threshold": 0.9809322033898306,
      "gate_status": "INSUFFICIENT_DATA",
      "reason": "need_2000_fills_have_944",
      "threshold_bps": 15.0,
      "min_sample_size": 2000
    },
    "asset_NVDA": {
      "total_fills": 913,
      "p95_slippage_bps": 9.28293484715897,
      "mean_slippage_bps": 3.9455051447260097,
      "median_slippage_bps": 3.3848043942140777,
      "p99_slippage_bps": 18.37383862122182,
      "maker_ratio": 0.7,
      "fills_under_threshold": 894,
      "pct_under_threshold": 0.9791894852135816,
      "gate_status": "INSUFFICIENT_DATA",
      "reason": "need_2000_fills_have_913",
      "threshold_bps": 15.0,
      "min_sample_size": 2000
    },
    "asset_BTC-USD": {
      "total_fills": 924,
      "p95_slippage_bps": 9.180226602764352,
      "mean_slippage_bps": 4.079414866662199,
      "median_slippage_bps": 3.517938077289543,
      "p99_slippage_bps": 16.25145877420587,
      "maker_ratio": 0.7,
      "fills_under_threshold": 911,
      "pct_under_threshold": 0.9859307359307359,
      "gate_status": "INSUFFICIENT_DATA",
      "reason": "need_2000_fills_have_924",
      "threshold_bps": 15.0,
      "min_sample_size": 2000
    },
    "venue_coinbase": {
      "total_fills": 963,
      "p95_slippage_bps": 9.614828264690265,
      "mean_slippage_bps": 4.042272777094048,
      "median_slippage_bps": 3.500748998974243,
      "p99_slippage_bps": 17.632943422637798,
      "maker_ratio": 0.7,
      "fills_under_threshold": 945,
      "pct_under_threshold": 0.9813084112149533,
      "gate_status": "INSUFFICIENT_DATA",
      "reason": "need_2000_fills_have_963",
      "threshold_bps": 15.0,
      "min_sample_size": 2000
    },
    "venue_binance": {
      "total_fills": 953,
      "p95_slippage_bps": 8.529527762089979,
      "mean_slippage_bps": 3.9892372268981378,
      "median_slippage_bps": 3.3839186480810604,
      "p99_slippage_bps": 18.605326656058885,
      "maker_ratio": 0.7,
      "fills_under_threshold": 934,
      "pct_under_threshold": 0.9800629590766002,
      "gate_status": "INSUFFICIENT_DATA",
      "reason": "need_2000_fills_have_953",
      "threshold_bps": 15.0,
      "min_sample_size": 2000
    },
    "venue_alpaca": {
      "total_fills": 865,
      "p95_slippage_bps": 9.15698900497706,
      "mean_slippage_bps": 4.027823687057397,
      "median_slippage_bps": 3.465613578707854,
      "p99_slippage_bps": 17.978854675960203,
      "maker_ratio": 0.7,
      "fills_under_threshold": 852,
      "pct_under_threshold": 0.9849710982658959,
      "gate_status": "INSUFFICIENT_DATA",
      "reason": "need_2000_fills_have_865",
      "threshold_bps": 15.0,
      "min_sample_size": 2000
    },
    "BTC-USD_alpaca": {
      "total_fills": 293,
      "p95_slippage_bps": 9.142732530500298,
      "mean_slippage_bps": 4.129155127786267,
      "median_slippage_bps": 3.6109542577722693,
      "p99_slippage_bps": 13.923594670335225,
      "maker_ratio": 0.7,
      "fills_under_threshold": 291,
      "pct_under_threshold": 0.9931740614334471,
      "gate_status": "INSUFFICIENT_DATA",
      "reason": "need_2000_fills_have_293",
      "threshold_bps": 15.0,
      "min_sample_size": 2000
    },
    "BTC-USD_binance": {
      "total_fills": 314,
      "p95_slippage_bps": 8.490305264277486,
      "mean_slippage_bps": 3.89444215140319,
      "median_slippage_bps": 3.3537269323196144,
      "p99_slippage_bps": 16.150157224100553,
      "maker_ratio": 0.7,
      "fills_under_threshold": 309,
      "pct_under_threshold": 0.9840764331210191,
      "gate_status": "INSUFFICIENT_DATA",
      "reason": "need_2000_fills_have_314",
      "threshold_bps": 15.0,
      "min_sample_size": 2000
    },
    "BTC-USD_coinbase": {
      "total_fills": 317,
      "p95_slippage_bps": 10.243892992772047,
      "mean_slippage_bps": 4.216662614554869,
      "median_slippage_bps": 3.6074677308280543,
      "p99_slippage_bps": 17.473416113741397,
      "maker_ratio": 0.7,
      "fills_under_threshold": 311,
      "pct_under_threshold": 0.9810725552050473,
      "gate_status": "INSUFFICIENT_DATA",
      "reason": "need_2000_fills_have_317",
      "threshold_bps": 15.0,
      "min_sample_size": 2000
    },
    "ETH-USD_alpaca": {
      "total_fills": 281,
      "p95_slippage_bps": 9.660496839232836,
      "mean_slippage_bps": 4.117011722621583,
      "median_slippage_bps": 3.424825829750924,
      "p99_slippage_bps": 18.286542182842528,
      "maker_ratio": 0.7,
      "fills_under_threshold": 275,
      "pct_under_threshold": 0.9786476868327402,
      "gate_status": "INSUFFICIENT_DATA",
      "reason": "need_2000_fills_have_281",
      "threshold_bps": 15.0,
      "min_sample_size": 2000
    },
    "ETH-USD_binance": {
      "total_fills": 322,
      "p95_slippage_bps": 8.735999902449276,
      "mean_slippage_bps": 4.104049042275205,
      "median_slippage_bps": 3.4778004424308406,
      "p99_slippage_bps": 19.17365445053771,
      "maker_ratio": 0.7,
      "fills_under_threshold": 316,
      "pct_under_threshold": 0.9813664596273292,
      "gate_status": "INSUFFICIENT_DATA",
      "reason": "need_2000_fills_have_322",
      "threshold_bps": 15.0,
      "min_sample_size": 2000
    },
    "ETH-USD_coinbase": {
      "total_fills": 341,
      "p95_slippage_bps": 8.08943787227913,
      "mean_slippage_bps": 3.895922672375787,
      "median_slippage_bps": 3.512992146526549,
      "p99_slippage_bps": 17.645569067936925,
      "maker_ratio": 0.7,
      "fills_under_threshold": 335,
      "pct_under_threshold": 0.9824046920821115,
      "gate_status": "INSUFFICIENT_DATA",
      "reason": "need_2000_fills_have_341",
      "threshold_bps": 15.0,
      "min_sample_size": 2000
    },
    "NVDA_alpaca": {
      "total_fills": 291,
      "p95_slippage_bps": 8.422663096363191,
      "mean_slippage_bps": 3.839672655692809,
      "median_slippage_bps": 3.3186644969041827,
      "p99_slippage_bps": 18.228235505765138,
      "maker_ratio": 0.7,
      "fills_under_threshold": 286,
      "pct_under_threshold": 0.9828178694158075,
      "gate_status": "INSUFFICIENT_DATA",
      "reason": "need_2000_fills_have_291",
      "threshold_bps": 15.0,
      "min_sample_size": 2000
    },
    "NVDA_binance": {
      "total_fills": 317,
      "p95_slippage_bps": 8.389471577186386,
      "mean_slippage_bps": 3.966512460822422,
      "median_slippage_bps": 3.3290824540707495,
      "p99_slippage_bps": 18.75292678916778,
      "maker_ratio": 0.7,
      "fills_under_threshold": 309,
      "pct_under_threshold": 0.9747634069400631,
      "gate_status": "INSUFFICIENT_DATA",
      "reason": "need_2000_fills_have_317",
      "threshold_bps": 15.0,
      "min_sample_size": 2000
    },
    "NVDA_coinbase": {
      "total_fills": 305,
      "p95_slippage_bps": 10.039026196423006,
      "mean_slippage_bps": 4.024645915565677,
      "median_slippage_bps": 3.422499290135877,
      "p99_slippage_bps": 16.235367421449396,
      "maker_ratio": 0.7,
      "fills_under_threshold": 299,
      "pct_under_threshold": 0.980327868852459,
      "gate_status": "INSUFFICIENT_DATA",
      "reason": "need_2000_fills_have_305",