{
  "timestamp": "2025-08-16T22:27:26.160324+00:00",
  "window_hours": 48,
  "threshold_bps": 15.0,
  "min_sample_size": 2000,
  "overall_metrics": {
    "total_fills": 2775,
    "p95_slippage_bps": 9.315400874262052,
    "mean_slippage_bps": 4.093740094730615,
    "median_slippage_bps": 3.4279911807156096,
    "p99_slippage_bps": 19.817736241011502,
    "maker_ratio": 0.7,
    "fills_under_threshold": 2720,
    "pct_under_threshold": 0.9801801801801802,
    "gate_status": "PASS",
    "reason": "criteria_met",
    "threshold_bps": 15.0,
    "min_sample_size": 2000
  },
  "breakdown_metrics": {
    "asset_BTC-USD": {
      "total_fills": 910,
      "p95_slippage_bps": 9.300522621139367,
      "mean_slippage_bps": 4.07136832780137,
      "median_slippage_bps": 3.4369198743713634,
      "p99_slippage_bps": 18.06453154961327,
      "maker_ratio": 0.7,
      "fills_under_threshold": 891,
      "pct_under_threshold": 0.9791208791208791,
      "gate_status": "INSUFFICIENT_DATA",
      "reason": "need_2000_fills_have_910",
      "threshold_bps": 15.0,
      "min_sample_size": 2000
    },
    "asset_NVDA": {
      "total_fills": 902,
      "p95_slippage_bps": 9.456023740575546,
      "mean_slippage_bps": 4.15720621007434,
      "median_slippage_bps": 3.4164386580529102,
      "p99_slippage_bps": 20.16295284029639,
      "maker_ratio": 0.7,
      "fills_under_threshold": 885,
      "pct_under_threshold": 0.9811529933481153,
      "gate_status": "INSUFFICIENT_DATA",
      "reason": "need_2000_fills_have_902",
      "threshold_bps": 15.0,
      "min_sample_size": 2000
    },
    "asset_ETH-USD": {
      "total_fills": 963,
      "p95_slippage_bps": 9.089451542713816,
      "mean_slippage_bps": 4.0554346657229035,
      "median_slippage_bps": 3.423148686800059,
      "p99_slippage_bps": 19.994248986931417,
      "maker_ratio": 0.7,
      "fills_under_threshold": 944,
      "pct_under_threshold": 0.980269989615784,
      "gate_status": "INSUFFICIENT_DATA",
      "reason": "need_2000_fills_have_963",
      "threshold_bps": 15.0,
      "min_sample_size": 2000
    },
    "venue_coinbase": {
      "total_fills": 932,
      "p95_slippage_bps": 9.771330366506639,
      "mean_slippage_bps": 4.106976790027173,
      "median_slippage_bps": 3.4620545056453835,
      "p99_slippage_bps": 19.136681857354052,
      "maker_ratio": 0.7,
      "fills_under_threshold": 912,
      "pct_under_threshold": 0.9785407725321889,
      "gate_status": "INSUFFICIENT_DATA",
      "reason": "need_2000_fills_have_932",
      "threshold_bps": 15.0,
      "min_sample_size": 2000
    },
    "venue_binance": {
      "total_fills": 950,
      "p95_slippage_bps": 9.338322190017546,
      "mean_slippage_bps": 4.1504300589217555,
      "median_slippage_bps": 3.4138038085367137,
      "p99_slippage_bps": 21.44035703726031,
      "maker_ratio": 0.7,
      "fills_under_threshold": 929,
      "pct_under_threshold": 0.9778947368421053,
      "gate_status": "INSUFFICIENT_DATA",
      "reason": "need_2000_fills_have_950",
      "threshold_bps": 15.0,
      "min_sample_size": 2000
    },
    "venue_alpaca": {
      "total_fills": 893,
      "p95_slippage_bps": 8.951498529488639,
      "mean_slippage_bps": 4.019616840533556,
      "median_slippage_bps": 3.4301327823241996,
      "p99_slippage_bps": 17.926695715540095,
      "maker_ratio": 0.7,
      "fills_under_threshold": 879,
      "pct_under_threshold": 0.9843225083986562,
      "gate_status": "INSUFFICIENT_DATA",
      "reason": "need_2000_fills_have_893",
      "threshold_bps": 15.0,
      "min_sample_size": 2000
    },
    "BTC-USD_alpaca": {
      "total_fills": 295,
      "p95_slippage_bps": 8.283372834534674,
      "mean_slippage_bps": 3.8787903470933567,
      "median_slippage_bps": 3.3918156742938717,
      "p99_slippage_bps": 17.49854781913915,
      "maker_ratio": 0.7,
      "fills_under_threshold": 291,
      "pct_under_threshold": 0.9864406779661017,
      "gate_status": "INSUFFICIENT_DATA",
      "reason": "need_2000_fills_have_295",
      "threshold_bps": 15.0,
      "min_sample_size": 2000
    },
    "BTC-USD_binance": {
      "total_fills": 310,
      "p95_slippage_bps": 9.145743194988118,
      "mean_slippage_bps": 4.106924325887334,
      "median_slippage_bps": 3.431511707599679,
      "p99_slippage_bps": 17.10574598412048,
      "maker_ratio": 0.7,
      "fills_under_threshold": 305,
      "pct_under_threshold": 0.9838709677419355,
      "gate_status": "INSUFFICIENT_DATA",
      "reason": "need_2000_fills_have_310",
      "threshold_bps": 15.0,
      "min_sample_size": 2000
    },
    "BTC-USD_coinbase": {
      "total_fills": 305,
      "p95_slippage_bps": 10.173598797464894,
      "mean_slippage_bps": 4.221493393054532,
      "median_slippage_bps": 3.5106986177977344,
      "p99_slippage_bps": 21.30279157748473,
      "maker_ratio": 0.7,
      "fills_under_threshold": 295,
      "pct_under_threshold": 0.9672131147540983,
      "gate_status": "INSUFFICIENT_DATA",
      "reason": "need_2000_fills_have_305",
      "threshold_bps": 15.0,
      "min_sample_size": 2000
    },
    "ETH-USD_alpaca": {
      "total_fills": 315,
      "p95_slippage_bps": 8.739537227295097,
      "mean_slippage_bps": 4.03774123381354,
      "median_slippage_bps": 3.4334751317698013,
      "p99_slippage_bps": 20.49609529688502,
      "maker_ratio": 0.7,
      "fills_under_threshold": 309,
      "pct_under_threshold": 0.9809523809523809,
      "gate_status": "INSUFFICIENT_DATA",
      "reason": "need_2000_fills_have_315",
      "threshold_bps": 15.0,
      "min_sample_size": 2000
    },
    "ETH-USD_binance": {
      "total_fills": 334,
      "p95_slippage_bps": 9.251502156590838,
      "mean_slippage_bps": 4.031339949869816,
      "median_slippage_bps": 3.4086027098221,
      "p99_slippage_bps": 20.52081395872571,
      "maker_ratio": 0.7,
      "fills_under_threshold": 327,
      "pct_under_threshold": 0.9790419161676647,
      "gate_status": "INSUFFICIENT_DATA",
      "reason": "need_2000_fills_have_334",
      "threshold_bps": 15.0,
      "min_sample_size": 2000
    },
    "ETH-USD_coinbase": {
      "total_fills": 314,
      "p95_slippage_bps": 9.531179074881015,
      "mean_slippage_bps": 4.098813857271889,
      "median_slippage_bps": 3.4438675353591406,
      "p99_slippage_bps": 18.38266295420087,
      "maker_ratio": 0.7,
      "fills_under_threshold": 308,
      "pct_under_threshold": 0.9808917197452229,
      "gate_status": "INSUFFICIENT_DATA",
      "reason": "need_2000_fills_have_314",
      "threshold_bps": 15.0,
      "min_sample_size": 2000
    },
    "NVDA_alpaca": {
      "total_fills": 283,
      "p95_slippage_bps": 9.342784699530728,
      "mean_slippage_bps": 4.146240980751446,
      "median_slippage_bps": 3.5249248021055264,
      "p99_slippage_bps": 16.99181776919862,
      "maker_ratio": 0.7,
      "fills_under_threshold": 279,
      "pct_under_threshold": 0.9858657243816255,
      "gate_status": "INSUFFICIENT_DATA",
      "reason": "need_2000_fills_have_283",
      "threshold_bps": 15.0,
      "min_sample_size": 2000
    },
    "NVDA_binance": {
      "total_fills": 306,
      "p95_slippage_bps": 10.190196996412118,
      "mean_slippage_bps": 4.324491737562338,
      "median_slippage_bps": 3.408888046246884,
      "p99_slippage_bps": 22.28831690334876,
      "maker_ratio": 0.7,
      "fills_under_threshold": 297,
      "pct_under_threshold": 0.9705882352941176,
      "gate_status": "INSUFFICIENT_DATA",
      "reason": "need_2000_fills_have_306",
      "threshold_bps": 15.0,
      "min_sample_size": 2000
    },
    "NVDA_coinbase": {
      "total_fills": 313,
      "p95_slippage_bps": 9.387530621114912,
      "mean_slippage_bps": 4.003576141342873,
      "median_slippage_bps": 3.334272516940305,
      "p99_slippage_bps": 15.322490973788268,
      "maker_ratio": 0.7,
      "fills_under_threshold": 309,
      "pct_under_threshold": 0.987220447284345,
      "gate_status": "INSUFFICIENT_DATA",
      "reason": "need_2000_fills_have_313",