{
  "timestamp": "2025-08-16T20:17:42.804669+00:00",
  "window_hours": 48,
  "threshold_bps": 15.0,
  "min_sample_size": 2000,
  "overall_metrics": {
    "total_fills": 2760,
    "p95_slippage_bps": 9.050574297775654,
    "mean_slippage_bps": 3.9998885300465097,
    "median_slippage_bps": 3.4108867142991026,
    "p99_slippage_bps": 17.953896019205562,
    "maker_ratio": 0.7,
    "fills_under_threshold": 2707,
    "pct_under_threshold": 0.9807971014492753,
    "gate_status": "PASS",
    "reason": "criteria_met",
    "threshold_bps": 15.0,
    "min_sample_size": 2000
  },
  "breakdown_metrics": {
    "asset_ETH-USD": {
      "total_fills": 861,
      "p95_slippage_bps": 8.573471582767482,
      "mean_slippage_bps": 3.962825124060542,
      "median_slippage_bps": 3.402084096152759,
      "p99_slippage_bps": 17.47644694897296,
      "maker_ratio": 0.7,
      "fills_under_threshold": 844,
      "pct_under_threshold": 0.9802555168408827,
      "gate_status": "INSUFFICIENT_DATA",
      "reason": "need_2000_fills_have_861",
      "threshold_bps": 15.0,
      "min_sample_size": 2000
    },
    "asset_BTC-USD": {
      "total_fills": 934,
      "p95_slippage_bps": 9.229841180216818,
      "mean_slippage_bps": 4.064818636598472,
      "median_slippage_bps": 3.4968519175902664,
      "p99_slippage_bps": 17.228100641985687,
      "maker_ratio": 0.7,
      "fills_under_threshold": 918,
      "pct_under_threshold": 0.9828693790149893,
      "gate_status": "INSUFFICIENT_DATA",
      "reason": "need_2000_fills_have_934",
      "threshold_bps": 15.0,
      "min_sample_size": 2000
    },
    "asset_NVDA": {
      "total_fills": 965,
      "p95_slippage_bps": 9.139073072717848,
      "mean_slippage_bps": 3.9701132689422454,
      "median_slippage_bps": 3.3490873531472207,
      "p99_slippage_bps": 19.51878446096027,
      "maker_ratio": 0.7,
      "fills_under_threshold": 945,
      "pct_under_threshold": 0.9792746113989638,
      "gate_status": "INSUFFICIENT_DATA",
      "reason": "need_2000_fills_have_965",
      "threshold_bps": 15.0,
      "min_sample_size": 2000
    },
    "venue_coinbase": {
      "total_fills": 921,
      "p95_slippage_bps": 9.165641058004002,
      "mean_slippage_bps": 3.957927059494306,
      "median_slippage_bps": 3.3924301173948983,
      "p99_slippage_bps": 17.12519850031722,
      "maker_ratio": 0.7,
      "fills_under_threshold": 906,
      "pct_under_threshold": 0.9837133550488599,
      "gate_status": "INSUFFICIENT_DATA",
      "reason": "need_2000_fills_have_921",
      "threshold_bps": 15.0,
      "min_sample_size": 2000
    },
    "venue_alpaca": {
      "total_fills": 910,
      "p95_slippage_bps": 9.015172734506905,
      "mean_slippage_bps": 4.050410399745929,
      "median_slippage_bps": 3.463132837674655,
      "p99_slippage_bps": 18.646525780608876,
      "maker_ratio": 0.7,
      "fills_under_threshold": 890,
      "pct_under_threshold": 0.978021978021978,
      "gate_status": "INSUFFICIENT_DATA",
      "reason": "need_2000_fills_have_910",
      "threshold_bps": 15.0,
      "min_sample_size": 2000
    },
    "venue_binance": {
      "total_fills": 929,
      "p95_slippage_bps": 8.854261573541372,
      "mean_slippage_bps": 3.992000061749533,
      "median_slippage_bps": 3.367766312190236,
      "p99_slippage_bps": 18.761686916636844,
      "maker_ratio": 0.7,
      "fills_under_threshold": 911,
      "pct_under_threshold": 0.9806243272335845,
      "gate_status": "INSUFFICIENT_DATA",
      "reason": "need_2000_fills_have_929",
      "threshold_bps": 15.0,
      "min_sample_size": 2000
    },
    "BTC-USD_alpaca": {
      "total_fills": 303,
      "p95_slippage_bps": 8.53377473427571,
      "mean_slippage_bps": 3.972715635316303,
      "median_slippage_bps": 3.4041653788794646,
      "p99_slippage_bps": 15.5185967114146,
      "maker_ratio": 0.7,
      "fills_under_threshold": 299,
      "pct_under_threshold": 0.9867986798679867,
      "gate_status": "INSUFFICIENT_DATA",
      "reason": "need_2000_fills_have_303",
      "threshold_bps": 15.0,
      "min_sample_size": 2000
    },
    "BTC-USD_binance": {
      "total_fills": 300,
      "p95_slippage_bps": 9.777673390050452,
      "mean_slippage_bps": 4.346581223508309,
      "median_slippage_bps": 3.5585772688397164,
      "p99_slippage_bps": 21.410492280641552,
      "maker_ratio": 0.7,
      "fills_under_threshold": 292,
      "pct_under_threshold": 0.9733333333333334,
      "gate_status": "INSUFFICIENT_DATA",
      "reason": "need_2000_fills_have_300",
      "threshold_bps": 15.0,
      "min_sample_size": 2000
    },
    "BTC-USD_coinbase": {
      "total_fills": 331,
      "p95_slippage_bps": 8.820704192427648,
      "mean_slippage_bps": 3.893756501600122,
      "median_slippage_bps": 3.401634388531477,
      "p99_slippage_bps": 15.194242721795533,
      "maker_ratio": 0.7,
      "fills_under_threshold": 327,
      "pct_under_threshold": 0.9879154078549849,
      "gate_status": "INSUFFICIENT_DATA",
      "reason": "need_2000_fills_have_331",
      "threshold_bps": 15.0,
      "min_sample_size": 2000
    },
    "ETH-USD_alpaca": {
      "total_fills": 290,
      "p95_slippage_bps": 8.918462957857175,
      "mean_slippage_bps": 4.113476002799187,
      "median_slippage_bps": 3.6028502458412843,
      "p99_slippage_bps": 16.51829387805642,
      "maker_ratio": 0.7,
      "fills_under_threshold": 283,
      "pct_under_threshold": 0.9758620689655172,
      "gate_status": "INSUFFICIENT_DATA",
      "reason": "need_2000_fills_have_290",
      "threshold_bps": 15.0,
      "min_sample_size": 2000
    },
    "ETH-USD_binance": {
      "total_fills": 292,
      "p95_slippage_bps": 8.35083609261667,
      "mean_slippage_bps": 3.8461137984158986,
      "median_slippage_bps": 3.25576505437712,
      "p99_slippage_bps": 17.538009720569875,
      "maker_ratio": 0.7,
      "fills_under_threshold": 286,
      "pct_under_threshold": 0.9794520547945206,
      "gate_status": "INSUFFICIENT_DATA",
      "reason": "need_2000_fills_have_292",
      "threshold_bps": 15.0,
      "min_sample_size": 2000
    },
    "ETH-USD_coinbase": {
      "total_fills": 279,
      "p95_slippage_bps": 8.576958717031086,
      "mean_slippage_bps": 3.9283840927129767,
      "median_slippage_bps": 3.3830468216150757,
      "p99_slippage_bps": 16.078907458294353,
      "maker_ratio": 0.7,
      "fills_under_threshold": 275,
      "pct_under_threshold": 0.985663082437276,
      "gate_status": "INSUFFICIENT_DATA",
      "reason": "need_2000_fills_have_279",
      "threshold_bps": 15.0,
      "min_sample_size": 2000
    },
    "NVDA_alpaca": {
      "total_fills": 317,
      "p95_slippage_bps": 9.037246978631059,
      "mean_slippage_bps": 4.066979764846028,
      "median_slippage_bps": 3.4227118828416843,
      "p99_slippage_bps": 20.577445534583017,
      "maker_ratio": 0.7,
      "fills_under_threshold": 308,
      "pct_under_threshold": 0.9716088328075709,
      "gate_status": "INSUFFICIENT_DATA",
      "reason": "need_2000_fills_have_317",
      "threshold_bps": 15.0,
      "min_sample_size": 2000
    },
    "NVDA_binance": {
      "total_fills": 337,
      "p95_slippage_bps": 8.404201037800814,
      "mean_slippage_bps": 3.802755077671753,
      "median_slippage_bps": 3.2235559477881375,
      "p99_slippage_bps": 15.157561308943459,
      "maker_ratio": 0.7,
      "fills_under_threshold": 333,
      "pct_under_threshold": 0.9881305637982196,
      "gate_status": "INSUFFICIENT_DATA",
      "reason": "need_2000_fills_have_337",
      "threshold_bps": 15.0,
      "min_sample_size": 2000
    },
    "NVDA_coinbase": {
      "total_fills": 311,
      "p95_slippage_bps": 9.527872216793345,
      "mean_slippage_bps": 4.052727517355933,
      "median_slippage_bps": 3.3728327279233246,
      "p99_slippage_bps": 18.097023357083945,
      "maker_ratio": 0.7,
      "fills_under_threshold": 304,
      "pct_under_threshold": 0.977491961414791,
      "gate_status": "INSUFFICIENT_DATA",
      "reason": "need_2000_fills_have_311",