{
  "timestamp": "2025-08-15T22:35:28.473903+00:00",
  "window_hours": 48,
  "threshold_bps": 15.0,
  "min_sample_size": 2000,
  "overall_metrics": {
    "total_fills": 2610,
    "p95_slippage_bps": 9.092588944029789,
    "mean_slippage_bps": 4.053755290604418,
    "median_slippage_bps": 3.4427473878973216,
    "p99_slippage_bps": 19.13361587662378,
    "maker_ratio": 0.7,
    "fills_under_threshold": 2554,
    "pct_under_threshold": 0.978544061302682,
    "gate_status": "PASS",
    "reason": "criteria_met",
    "threshold_bps": 15.0,
    "min_sample_size": 2000
  },
  "breakdown_metrics": {
    "asset_ETH-USD": {
      "total_fills": 892,
      "p95_slippage_bps": 8.938814203858458,
      "mean_slippage_bps": 4.09076752490094,
      "median_slippage_bps": 3.524766160769238,
      "p99_slippage_bps": 18.794183317990147,
      "maker_ratio": 0.7,
      "fills_under_threshold": 870,
      "pct_under_threshold": 0.9753363228699552,
      "gate_status": "INSUFFICIENT_DATA",
      "reason": "need_2000_fills_have_892",
      "threshold_bps": 15.0,
      "min_sample_size": 2000
    },
    "asset_BTC-USD": {
      "total_fills": 863,
      "p95_slippage_bps": 9.385462723733795,
      "mean_slippage_bps": 4.102657843648621,
      "median_slippage_bps": 3.441019063885437,
      "p99_slippage_bps": 19.589259963944368,
      "maker_ratio": 0.7,
      "fills_under_threshold": 843,
      "pct_under_threshold": 0.9768250289687138,
      "gate_status": "INSUFFICIENT_DATA",
      "reason": "need_2000_fills_have_863",
      "threshold_bps": 15.0,
      "min_sample_size": 2000
    },
    "asset_NVDA": {
      "total_fills": 855,
      "p95_slippage_bps": 8.974702078792296,
      "mean_slippage_bps": 3.9657812364878744,
      "median_slippage_bps": 3.3668635582630926,
      "p99_slippage_bps": 19.00397699309932,
      "maker_ratio": 0.7,
      "fills_under_threshold": 841,
      "pct_under_threshold": 0.9836257309941521,
      "gate_status": "INSUFFICIENT_DATA",
      "reason": "need_2000_fills_have_855",
      "threshold_bps": 15.0,
      "min_sample_size": 2000
    },
    "venue_coinbase": {
      "total_fills": 843,
      "p95_slippage_bps": 10.112946495498614,
      "mean_slippage_bps": 4.217443899436847,
      "median_slippage_bps": 3.4208248863685187,
      "p99_slippage_bps": 20.48717941065253,
      "maker_ratio": 0.7,
      "fills_under_threshold": 816,
      "pct_under_threshold": 0.9679715302491103,
      "gate_status": "INSUFFICIENT_DATA",
      "reason": "need_2000_fills_have_843",
      "threshold_bps": 15.0,
      "min_sample_size": 2000
    },
    "venue_alpaca": {
      "total_fills": 882,
      "p95_slippage_bps": 8.548998829085889,
      "mean_slippage_bps": 3.931782200941754,
      "median_slippage_bps": 3.4443176366612667,
      "p99_slippage_bps": 15.960724499522527,
      "maker_ratio": 0.7,
      "fills_under_threshold": 871,
      "pct_under_threshold": 0.9875283446712018,
      "gate_status": "INSUFFICIENT_DATA",
      "reason": "need_2000_fills_have_882",
      "threshold_bps": 15.0,
      "min_sample_size": 2000
    },
    "venue_binance": {
      "total_fills": 885,
      "p95_slippage_bps": 9.047314289987268,
      "mean_slippage_bps": 4.01939457629564,
      "median_slippage_bps": 3.4694387685370733,
      "p99_slippage_bps": 17.87884836068104,
      "maker_ratio": 0.7,
      "fills_under_threshold": 867,
      "pct_under_threshold": 0.9796610169491525,
      "gate_status": "INSUFFICIENT_DATA",
      "reason": "need_2000_fills_have_885",
      "threshold_bps": 15.0,
      "min_sample_size": 2000
    },
    "BTC-USD_alpaca": {
      "total_fills": 295,
      "p95_slippage_bps": 9.243354078460323,
      "mean_slippage_bps": 3.8594969930976455,
      "median_slippage_bps": 3.3358053103007204,
      "p99_slippage_bps": 15.141072149715335,
      "maker_ratio": 0.7,
      "fills_under_threshold": 291,
      "pct_under_threshold": 0.9864406779661017,
      "gate_status": "INSUFFICIENT_DATA",
      "reason": "need_2000_fills_have_295",
      "threshold_bps": 15.0,
      "min_sample_size": 2000
    },
    "BTC-USD_binance": {
      "total_fills": 295,
      "p95_slippage_bps": 9.603520007241745,
      "mean_slippage_bps": 4.214744091720222,
      "median_slippage_bps": 3.5791645127393585,
      "p99_slippage_bps": 19.208186857358847,
      "maker_ratio": 0.7,
      "fills_under_threshold": 287,
      "pct_under_threshold": 0.9728813559322034,
      "gate_status": "INSUFFICIENT_DATA",
      "reason": "need_2000_fills_have_295",
      "threshold_bps": 15.0,
      "min_sample_size": 2000
    },
    "BTC-USD_coinbase": {
      "total_fills": 273,
      "p95_slippage_bps": 9.343999486790356,
      "mean_slippage_bps": 4.244295234606187,
      "median_slippage_bps": 3.34220620213237,
      "p99_slippage_bps": 20.822664268411316,
      "maker_ratio": 0.7,
      "fills_under_threshold": 265,
      "pct_under_threshold": 0.9706959706959707,
      "gate_status": "INSUFFICIENT_DATA",
      "reason": "need_2000_fills_have_273",
      "threshold_bps": 15.0,
      "min_sample_size": 2000
    },
    "ETH-USD_alpaca": {
      "total_fills": 297,
      "p95_slippage_bps": 8.171135055373854,
      "mean_slippage_bps": 3.951366039838851,
      "median_slippage_bps": 3.558410029703849,
      "p99_slippage_bps": 13.146465850662693,
      "maker_ratio": 0.7,
      "fills_under_threshold": 294,
      "pct_under_threshold": 0.98989898989899,
      "gate_status": "INSUFFICIENT_DATA",
      "reason": "need_2000_fills_have_297",
      "threshold_bps": 15.0,
      "min_sample_size": 2000
    },
    "ETH-USD_binance": {
      "total_fills": 300,
      "p95_slippage_bps": 9.318870550729065,
      "mean_slippage_bps": 4.052033534307254,
      "median_slippage_bps": 3.5149986057967233,
      "p99_slippage_bps": 17.2985247815545,
      "maker_ratio": 0.7,
      "fills_under_threshold": 294,
      "pct_under_threshold": 0.98,
      "gate_status": "INSUFFICIENT_DATA",
      "reason": "need_2000_fills_have_300",
      "threshold_bps": 15.0,
      "min_sample_size": 2000
    },
    "ETH-USD_coinbase": {
      "total_fills": 295,
      "p95_slippage_bps": 9.113107037033657,
      "mean_slippage_bps": 4.2705046036858425,
      "median_slippage_bps": 3.4514659304117106,
      "p99_slippage_bps": 19.423633381589255,
      "maker_ratio": 0.7,
      "fills_under_threshold": 282,
      "pct_under_threshold": 0.9559322033898305,
      "gate_status": "INSUFFICIENT_DATA",
      "reason": "need_2000_fills_have_295",
      "threshold_bps": 15.0,
      "min_sample_size": 2000
    },
    "NVDA_alpaca": {
      "total_fills": 290,
      "p95_slippage_bps": 8.373586677568799,
      "mean_slippage_bps": 3.9852571532230443,
      "median_slippage_bps": 3.3958034234302055,
      "p99_slippage_bps": 19.80279576447352,
      "maker_ratio": 0.7,
      "fills_under_threshold": 286,
      "pct_under_threshold": 0.9862068965517241,
      "gate_status": "INSUFFICIENT_DATA",
      "reason": "need_2000_fills_have_290",
      "threshold_bps": 15.0,
      "min_sample_size": 2000
    },
    "NVDA_binance": {
      "total_fills": 290,
      "p95_slippage_bps": 8.499227678082827,
      "mean_slippage_bps": 3.786912526455173,
      "median_slippage_bps": 3.3115848310008174,
      "p99_slippage_bps": 16.102941863241842,
      "maker_ratio": 0.7,
      "fills_under_threshold": 286,
      "pct_under_threshold": 0.9862068965517241,
      "gate_status": "INSUFFICIENT_DATA",
      "reason": "need_2000_fills_have_290",
      "threshold_bps": 15.0,
      "min_sample_size": 2000
    },
    "NVDA_coinbase": {
      "total_fills": 275,
      "p95_slippage_bps": 10.780336046446154,
      "mean_slippage_bps": 4.133868182147089,
      "median_slippage_bps": 3.4385593128821768,
      "p99_slippage_bps": 19.487798915890792,
      "maker_ratio": 0.7,
      "fills_under_threshold": 269,
      "pct_under_threshold": 0.9781818181818182,
      "gate_status": "INSUFFICIENT_DATA",
      "reason": "need_2000_fills_have_275",