{
  "timestamp": "2025-08-16T08:32:12.681999+00:00",
  "window_hours": 48,
  "threshold_bps": 15.0,
  "min_sample_size": 2000,
  "overall_metrics": {
    "total_fills": 2758,
    "p95_slippage_bps": 9.246758921794646,
    "mean_slippage_bps": 4.1120323279768485,
    "median_slippage_bps": 3.469188042257441,
    "p99_slippage_bps": 19.35239761617646,
    "maker_ratio": 0.7,
    "fills_under_threshold": 2699,
    "pct_under_threshold": 0.9786076867295141,
    "gate_status": "PASS",
    "reason": "criteria_met",
    "threshold_bps": 15.0,
    "min_sample_size": 2000
  },
  "breakdown_metrics": {
    "asset_NVDA": {
      "total_fills": 911,
      "p95_slippage_bps": 10.00000950705422,
      "mean_slippage_bps": 4.26765599785626,
      "median_slippage_bps": 3.4980005503770935,
      "p99_slippage_bps": 20.264348705758362,
      "maker_ratio": 0.7,
      "fills_under_threshold": 889,
      "pct_under_threshold": 0.9758507135016465,
      "gate_status": "INSUFFICIENT_DATA",
      "reason": "need_2000_fills_have_911",
      "threshold_bps": 15.0,
      "min_sample_size": 2000
    },
    "asset_BTC-USD": {
      "total_fills": 929,
      "p95_slippage_bps": 8.057586203795596,
      "mean_slippage_bps": 3.864802968671498,
      "median_slippage_bps": 3.3728046149610735,
      "p99_slippage_bps": 15.291043514743873,
      "maker_ratio": 0.7,
      "fills_under_threshold": 919,
      "pct_under_threshold": 0.9892357373519914,
      "gate_status": "INSUFFICIENT_DATA",
      "reason": "need_2000_fills_have_929",
      "threshold_bps": 15.0,
      "min_sample_size": 2000
    },
    "asset_ETH-USD": {
      "total_fills": 918,
      "p95_slippage_bps": 9.595216752962674,
      "mean_slippage_bps": 4.207787133570013,
      "median_slippage_bps": 3.5500243888021847,
      "p99_slippage_bps": 19.388792431675775,
      "maker_ratio": 0.7,
      "fills_under_threshold": 891,
      "pct_under_threshold": 0.9705882352941176,
      "gate_status": "INSUFFICIENT_DATA",
      "reason": "need_2000_fills_have_918",
      "threshold_bps": 15.0,
      "min_sample_size": 2000
    },
    "venue_binance": {
      "total_fills": 921,
      "p95_slippage_bps": 9.37987553023343,
      "mean_slippage_bps": 4.154643952205335,
      "median_slippage_bps": 3.5797225957621994,
      "p99_slippage_bps": 19.995985651679252,
      "maker_ratio": 0.7,
      "fills_under_threshold": 902,
      "pct_under_threshold": 0.9793702497285559,
      "gate_status": "INSUFFICIENT_DATA",
      "reason": "need_2000_fills_have_921",
      "threshold_bps": 15.0,
      "min_sample_size": 2000
    },
    "venue_coinbase": {
      "total_fills": 897,
      "p95_slippage_bps": 8.951699104737514,
      "mean_slippage_bps": 4.035565492370738,
      "median_slippage_bps": 3.3983367078956226,
      "p99_slippage_bps": 19.59862596492122,
      "maker_ratio": 0.7,
      "fills_under_threshold": 879,
      "pct_under_threshold": 0.979933110367893,
      "gate_status": "INSUFFICIENT_DATA",
      "reason": "need_2000_fills_have_897",
      "threshold_bps": 15.0,
      "min_sample_size": 2000
    },
    "venue_alpaca": {
      "total_fills": 940,
      "p95_slippage_bps": 9.52545008065296,
      "mean_slippage_bps": 4.143250887151576,
      "median_slippage_bps": 3.4964225065912475,
      "p99_slippage_bps": 18.41356160821316,
      "maker_ratio": 0.7,
      "fills_under_threshold": 918,
      "pct_under_threshold": 0.9765957446808511,
      "gate_status": "INSUFFICIENT_DATA",
      "reason": "need_2000_fills_have_940",
      "threshold_bps": 15.0,
      "min_sample_size": 2000
    },
    "BTC-USD_alpaca": {
      "total_fills": 328,
      "p95_slippage_bps": 8.94873490663588,
      "mean_slippage_bps": 3.9671383964195437,
      "median_slippage_bps": 3.3634605462528437,
      "p99_slippage_bps": 14.524142072332282,
      "maker_ratio": 0.7,
      "fills_under_threshold": 325,
      "pct_under_threshold": 0.9908536585365854,
      "gate_status": "INSUFFICIENT_DATA",
      "reason": "need_2000_fills_have_328",
      "threshold_bps": 15.0,
      "min_sample_size": 2000
    },
    "BTC-USD_binance": {
      "total_fills": 307,
      "p95_slippage_bps": 7.465052003931994,
      "mean_slippage_bps": 3.843796212663414,
      "median_slippage_bps": 3.420588056989155,
      "p99_slippage_bps": 16.410851083631616,
      "maker_ratio": 0.7,
      "fills_under_threshold": 302,
      "pct_under_threshold": 0.9837133550488599,
      "gate_status": "INSUFFICIENT_DATA",
      "reason": "need_2000_fills_have_307",
      "threshold_bps": 15.0,
      "min_sample_size": 2000
    },
    "BTC-USD_coinbase": {
      "total_fills": 294,
      "p95_slippage_bps": 8.003186345695095,
      "mean_slippage_bps": 3.7725684577637537,
      "median_slippage_bps": 3.326115304449264,
      "p99_slippage_bps": 14.790537305306273,
      "maker_ratio": 0.7,
      "fills_under_threshold": 292,
      "pct_under_threshold": 0.9931972789115646,
      "gate_status": "INSUFFICIENT_DATA",
      "reason": "need_2000_fills_have_294",
      "threshold_bps": 15.0,
      "min_sample_size": 2000
    },
    "ETH-USD_alpaca": {
      "total_fills": 294,
      "p95_slippage_bps": 13.869249110865935,
      "mean_slippage_bps": 4.303717852007747,
      "median_slippage_bps": 3.5338889687505466,
      "p99_slippage_bps": 19.654909850930828,
      "maker_ratio": 0.7,
      "fills_under_threshold": 281,
      "pct_under_threshold": 0.95578231292517,
      "gate_status": "INSUFFICIENT_DATA",
      "reason": "need_2000_fills_have_294",
      "threshold_bps": 15.0,
      "min_sample_size": 2000
    },
    "ETH-USD_binance": {
      "total_fills": 316,
      "p95_slippage_bps": 9.579402410626084,
      "mean_slippage_bps": 4.172711231338205,
      "median_slippage_bps": 3.647580374084167,
      "p99_slippage_bps": 19.238167348294194,
      "maker_ratio": 0.7,
      "fills_under_threshold": 310,
      "pct_under_threshold": 0.9810126582278481,
      "gate_status": "INSUFFICIENT_DATA",
      "reason": "need_2000_fills_have_316",
      "threshold_bps": 15.0,
      "min_sample_size": 2000
    },
    "ETH-USD_coinbase": {
      "total_fills": 308,
      "p95_slippage_bps": 9.040472348801838,
      "mean_slippage_bps": 4.152203866961435,
      "median_slippage_bps": 3.449160248363933,
      "p99_slippage_bps": 17.431117879022985,
      "maker_ratio": 0.7,
      "fills_under_threshold": 300,
      "pct_under_threshold": 0.974025974025974,
      "gate_status": "INSUFFICIENT_DATA",
      "reason": "need_2000_fills_have_308",
      "threshold_bps": 15.0,
      "min_sample_size": 2000
    },
    "NVDA_alpaca": {
      "total_fills": 318,
      "p95_slippage_bps": 9.577461934557416,
      "mean_slippage_bps": 4.17654525599558,
      "median_slippage_bps": 3.603890734077975,
      "p99_slippage_bps": 16.929617662316073,
      "maker_ratio": 0.7,
      "fills_under_threshold": 312,
      "pct_under_threshold": 0.9811320754716981,
      "gate_status": "INSUFFICIENT_DATA",
      "reason": "need_2000_fills_have_318",
      "threshold_bps": 15.0,
      "min_sample_size": 2000
    },
    "NVDA_binance": {
      "total_fills": 298,
      "p95_slippage_bps": 10.52517667861618,
      "mean_slippage_bps": 4.455721119431451,
      "median_slippage_bps": 3.6199890530046153,
      "p99_slippage_bps": 23.199809657700296,
      "maker_ratio": 0.7,
      "fills_under_threshold": 290,
      "pct_under_threshold": 0.9731543624161074,
      "gate_status": "INSUFFICIENT_DATA",
      "reason": "need_2000_fills_have_298",
      "threshold_bps": 15.0,
      "min_sample_size": 2000
    },
    "NVDA_coinbase": {
      "total_fills": 295,
      "p95_slippage_bps": 9.313907457041863,
      "mean_slippage_bps": 4.175892640847072,
      "median_slippage_bps": 3.3629577363625787,
      "p99_slippage_bps": 20.366038480265022,
      "maker_ratio": 0.7,
      "fills_under_threshold": 287,
      "pct_under_threshold": 0.9728813559322034,
      "gate_status": "INSUFFICIENT_DATA",
      "reason": "need_2000_fills_have_295",