{
  "timestamp": "2025-08-16T15:58:22.734886+00:00",
  "window_hours": 48,
  "threshold_bps": 15.0,
  "min_sample_size": 2000,
  "overall_metrics": {
    "total_fills": 2777,
    "p95_slippage_bps": 9.236906870146044,
    "mean_slippage_bps": 4.066925895296839,
    "median_slippage_bps": 3.3980841570524305,
    "p99_slippage_bps": 19.40768583522381,
    "maker_ratio": 0.7,
    "fills_under_threshold": 2712,
    "pct_under_threshold": 0.9765934461649262,
    "gate_status": "PASS",
    "reason": "criteria_met",
    "threshold_bps": 15.0,
    "min_sample_size": 2000
  },
  "breakdown_metrics": {
    "asset_ETH-USD": {
      "total_fills": 901,
      "p95_slippage_bps": 9.588525219560013,
      "mean_slippage_bps": 4.180781445296304,
      "median_slippage_bps": 3.4753116995994215,
      "p99_slippage_bps": 20.96770489951372,
      "maker_ratio": 0.7,
      "fills_under_threshold": 873,
      "pct_under_threshold": 0.9689234184239733,
      "gate_status": "INSUFFICIENT_DATA",
      "reason": "need_2000_fills_have_901",
      "threshold_bps": 15.0,
      "min_sample_size": 2000
    },
    "asset_BTC-USD": {
      "total_fills": 965,
      "p95_slippage_bps": 9.338782317174728,
      "mean_slippage_bps": 4.084669873174547,
      "median_slippage_bps": 3.346535685989584,
      "p99_slippage_bps": 19.25725341356188,
      "maker_ratio": 0.7,
      "fills_under_threshold": 941,
      "pct_under_threshold": 0.9751295336787564,
      "gate_status": "INSUFFICIENT_DATA",
      "reason": "need_2000_fills_have_965",
      "threshold_bps": 15.0,
      "min_sample_size": 2000
    },
    "asset_NVDA": {
      "total_fills": 911,
      "p95_slippage_bps": 8.802760750239422,
      "mean_slippage_bps": 3.935524370377513,
      "median_slippage_bps": 3.3875997121601245,
      "p99_slippage_bps": 17.42701512772269,
      "maker_ratio": 0.7,
      "fills_under_threshold": 898,
      "pct_under_threshold": 0.9857299670691547,
      "gate_status": "INSUFFICIENT_DATA",
      "reason": "need_2000_fills_have_911",
      "threshold_bps": 15.0,
      "min_sample_size": 2000
    },
    "venue_binance": {
      "total_fills": 921,
      "p95_slippage_bps": 9.404884384850623,
      "mean_slippage_bps": 4.115191436428377,
      "median_slippage_bps": 3.3856683949741564,
      "p99_slippage_bps": 19.54083701574525,
      "maker_ratio": 0.7,
      "fills_under_threshold": 895,
      "pct_under_threshold": 0.9717698154180239,
      "gate_status": "INSUFFICIENT_DATA",
      "reason": "need_2000_fills_have_921",
      "threshold_bps": 15.0,
      "min_sample_size": 2000
    },
    "venue_alpaca": {
      "total_fills": 947,
      "p95_slippage_bps": 8.708637153852061,
      "mean_slippage_bps": 3.9328123364647616,
      "median_slippage_bps": 3.335521123360569,
      "p99_slippage_bps": 19.132240266808786,
      "maker_ratio": 0.7,
      "fills_under_threshold": 929,
      "pct_under_threshold": 0.9809926082365364,
      "gate_status": "INSUFFICIENT_DATA",
      "reason": "need_2000_fills_have_947",
      "threshold_bps": 15.0,
      "min_sample_size": 2000
    },
    "venue_coinbase": {
      "total_fills": 909,
      "p95_slippage_bps": 9.570877347673083,
      "mean_slippage_bps": 4.157743251547477,
      "median_slippage_bps": 3.481170172448876,
      "p99_slippage_bps": 19.03926859204269,
      "maker_ratio": 0.7,
      "fills_under_threshold": 888,
      "pct_under_threshold": 0.976897689768977,
      "gate_status": "INSUFFICIENT_DATA",
      "reason": "need_2000_fills_have_909",
      "threshold_bps": 15.0,
      "min_sample_size": 2000
    },
    "BTC-USD_alpaca": {
      "total_fills": 345,
      "p95_slippage_bps": 8.574650936680692,
      "mean_slippage_bps": 3.881888270248278,
      "median_slippage_bps": 3.2371842510244564,
      "p99_slippage_bps": 20.637218754501415,
      "maker_ratio": 0.7,
      "fills_under_threshold": 338,
      "pct_under_threshold": 0.9797101449275363,
      "gate_status": "INSUFFICIENT_DATA",
      "reason": "need_2000_fills_have_345",
      "threshold_bps": 15.0,
      "min_sample_size": 2000
    },
    "BTC-USD_binance": {
      "total_fills": 296,
      "p95_slippage_bps": 10.738954238536031,
      "mean_slippage_bps": 4.32302882208252,
      "median_slippage_bps": 3.429508629151507,
      "p99_slippage_bps": 19.095948833250436,
      "maker_ratio": 0.7,
      "fills_under_threshold": 283,
      "pct_under_threshold": 0.956081081081081,
      "gate_status": "INSUFFICIENT_DATA",
      "reason": "need_2000_fills_have_296",
      "threshold_bps": 15.0,
      "min_sample_size": 2000
    },
    "BTC-USD_coinbase": {
      "total_fills": 324,
      "p95_slippage_bps": 9.055788838546613,
      "mean_slippage_bps": 4.082834700744926,
      "median_slippage_bps": 3.4097514277734717,
      "p99_slippage_bps": 15.933036371663956,
      "maker_ratio": 0.7,
      "fills_under_threshold": 320,
      "pct_under_threshold": 0.9876543209876543,
      "gate_status": "INSUFFICIENT_DATA",
      "reason": "need_2000_fills_have_324",
      "threshold_bps": 15.0,
      "min_sample_size": 2000
    },
    "ETH-USD_alpaca": {
      "total_fills": 291,
      "p95_slippage_bps": 8.780827807109675,
      "mean_slippage_bps": 4.061736567400811,
      "median_slippage_bps": 3.5412208779032,
      "p99_slippage_bps": 20.051924909259473,
      "maker_ratio": 0.7,
      "fills_under_threshold": 284,
      "pct_under_threshold": 0.9759450171821306,
      "gate_status": "INSUFFICIENT_DATA",
      "reason": "need_2000_fills_have_291",
      "threshold_bps": 15.0,
      "min_sample_size": 2000
    },
    "ETH-USD_binance": {
      "total_fills": 308,
      "p95_slippage_bps": 9.565105480998456,
      "mean_slippage_bps": 4.186144151890165,
      "median_slippage_bps": 3.3456781670939915,
      "p99_slippage_bps": 21.159350125967705,
      "maker_ratio": 0.7,
      "fills_under_threshold": 299,
      "pct_under_threshold": 0.9707792207792207,
      "gate_status": "INSUFFICIENT_DATA",
      "reason": "need_2000_fills_have_308",
      "threshold_bps": 15.0,
      "min_sample_size": 2000
    },
    "ETH-USD_coinbase": {
      "total_fills": 302,
      "p95_slippage_bps": 10.380515351263229,
      "mean_slippage_bps": 4.2900210010469,
      "median_slippage_bps": 3.566096601878069,
      "p99_slippage_bps": 20.1277139531052,
      "maker_ratio": 0.7,
      "fills_under_threshold": 290,
      "pct_under_threshold": 0.9602649006622517,
      "gate_status": "INSUFFICIENT_DATA",
      "reason": "need_2000_fills_have_302",
      "threshold_bps": 15.0,
      "min_sample_size": 2000
    },
    "NVDA_alpaca": {
      "total_fills": 311,
      "p95_slippage_bps": 8.383267619549047,
      "mean_slippage_bps": 3.8686703803306672,
      "median_slippage_bps": 3.3129478000190553,
      "p99_slippage_bps": 15.918180003403346,
      "maker_ratio": 0.7,
      "fills_under_threshold": 307,
      "pct_under_threshold": 0.9871382636655949,
      "gate_status": "INSUFFICIENT_DATA",
      "reason": "need_2000_fills_have_311",
      "threshold_bps": 15.0,
      "min_sample_size": 2000
    },
    "NVDA_binance": {
      "total_fills": 317,
      "p95_slippage_bps": 8.360644863474098,
      "mean_slippage_bps": 3.852184172971417,
      "median_slippage_bps": 3.3867723984047684,
      "p99_slippage_bps": 15.57331475944951,
      "maker_ratio": 0.7,
      "fills_under_threshold": 313,
      "pct_under_threshold": 0.9873817034700315,
      "gate_status": "INSUFFICIENT_DATA",
      "reason": "need_2000_fills_have_317",
      "threshold_bps": 15.0,
      "min_sample_size": 2000
    },
    "NVDA_coinbase": {
      "total_fills": 283,
      "p95_slippage_bps": 9.266639021391429,
      "mean_slippage_bps": 4.102345690102959,
      "median_slippage_bps": 3.456843955647553,
      "p99_slippage_bps": 18.724021559445763,
      "maker_ratio": 0.7,
      "fills_under_threshold": 278,
      "pct_under_threshold": 0.9823321554770318,
      "gate_status": "INSUFFICIENT_DATA",
      "reason": "need_2000_fills_have_283",