{
  "timestamp": "2025-08-16T16:24:18.173877+00:00",
  "window_hours": 48,
  "threshold_bps": 15.0,
  "min_sample_size": 2000,
  "overall_metrics": {
    "total_fills": 2747,
    "p95_slippage_bps": 8.931850966269543,
    "mean_slippage_bps": 4.028591828742723,
    "median_slippage_bps": 3.4405449894228246,
    "p99_slippage_bps": 18.46668289320637,
    "maker_ratio": 0.7,
    "fills_under_threshold": 2688,
    "pct_under_threshold": 0.9785220240262104,
    "gate_status": "PASS",
    "reason": "criteria_met",
    "threshold_bps": 15.0,
    "min_sample_size": 2000
  },
  "breakdown_metrics": {
    "asset_NVDA": {
      "total_fills": 878,
      "p95_slippage_bps": 8.505018811428561,
      "mean_slippage_bps": 3.9627273965644623,
      "median_slippage_bps": 3.4043191828008537,
      "p99_slippage_bps": 17.975069468622273,
      "maker_ratio": 0.7,
      "fills_under_threshold": 864,
      "pct_under_threshold": 0.9840546697038725,
      "gate_status": "INSUFFICIENT_DATA",
      "reason": "need_2000_fills_have_878",
      "threshold_bps": 15.0,
      "min_sample_size": 2000
    },
    "asset_ETH-USD": {
      "total_fills": 920,
      "p95_slippage_bps": 9.15537425994051,
      "mean_slippage_bps": 4.075484069551518,
      "median_slippage_bps": 3.406338697774128,
      "p99_slippage_bps": 18.17882332425926,
      "maker_ratio": 0.7,
      "fills_under_threshold": 898,
      "pct_under_threshold": 0.9760869565217392,
      "gate_status": "INSUFFICIENT_DATA",
      "reason": "need_2000_fills_have_920",
      "threshold_bps": 15.0,
      "min_sample_size": 2000
    },
    "asset_BTC-USD": {
      "total_fills": 949,
      "p95_slippage_bps": 9.123994661253803,
      "mean_slippage_bps": 4.044069289130945,
      "median_slippage_bps": 3.4963280387380227,
      "p99_slippage_bps": 18.486831485738136,
      "maker_ratio": 0.7,
      "fills_under_threshold": 926,
      "pct_under_threshold": 0.9757639620653319,
      "gate_status": "INSUFFICIENT_DATA",
      "reason": "need_2000_fills_have_949",
      "threshold_bps": 15.0,
      "min_sample_size": 2000
    },
    "venue_coinbase": {
      "total_fills": 964,
      "p95_slippage_bps": 8.888361127402836,
      "mean_slippage_bps": 4.099714959906439,
      "median_slippage_bps": 3.5667475453488304,
      "p99_slippage_bps": 18.834566158076406,
      "maker_ratio": 0.7,
      "fills_under_threshold": 944,
      "pct_under_threshold": 0.979253112033195,
      "gate_status": "INSUFFICIENT_DATA",
      "reason": "need_2000_fills_have_964",
      "threshold_bps": 15.0,
      "min_sample_size": 2000
    },
    "venue_binance": {
      "total_fills": 895,
      "p95_slippage_bps": 9.13942587177757,
      "mean_slippage_bps": 3.9496377587175524,
      "median_slippage_bps": 3.4015717601221103,
      "p99_slippage_bps": 17.649284794675594,
      "maker_ratio": 0.7,
      "fills_under_threshold": 877,
      "pct_under_threshold": 0.9798882681564246,
      "gate_status": "INSUFFICIENT_DATA",
      "reason": "need_2000_fills_have_895",
      "threshold_bps": 15.0,
      "min_sample_size": 2000
    },
    "venue_alpaca": {
      "total_fills": 888,
      "p95_slippage_bps": 8.905523282365488,
      "mean_slippage_bps": 4.0309580384619865,
      "median_slippage_bps": 3.379517470922702,
      "p99_slippage_bps": 18.38483684554408,
      "maker_ratio": 0.7,
      "fills_under_threshold": 867,
      "pct_under_threshold": 0.9763513513513513,
      "gate_status": "INSUFFICIENT_DATA",
      "reason": "need_2000_fills_have_888",
      "threshold_bps": 15.0,
      "min_sample_size": 2000
    },
    "BTC-USD_alpaca": {
      "total_fills": 299,
      "p95_slippage_bps": 8.749915818559014,
      "mean_slippage_bps": 3.9599965779309088,
      "median_slippage_bps": 3.4719616561858286,
      "p99_slippage_bps": 18.35606912651498,
      "maker_ratio": 0.7,
      "fills_under_threshold": 292,
      "pct_under_threshold": 0.9765886287625418,
      "gate_status": "INSUFFICIENT_DATA",
      "reason": "need_2000_fills_have_299",
      "threshold_bps": 15.0,
      "min_sample_size": 2000
    },
    "BTC-USD_binance": {
      "total_fills": 314,
      "p95_slippage_bps": 8.53453182768847,
      "mean_slippage_bps": 3.890262202944926,
      "median_slippage_bps": 3.378381995898115,
      "p99_slippage_bps": 16.76894940612055,
      "maker_ratio": 0.7,
      "fills_under_threshold": 307,
      "pct_under_threshold": 0.9777070063694268,
      "gate_status": "INSUFFICIENT_DATA",
      "reason": "need_2000_fills_have_314",
      "threshold_bps": 15.0,
      "min_sample_size": 2000
    },
    "BTC-USD_coinbase": {
      "total_fills": 336,
      "p95_slippage_bps": 9.200509061288882,
      "mean_slippage_bps": 4.262620377557198,
      "median_slippage_bps": 3.644515787257107,
      "p99_slippage_bps": 18.570214440037187,
      "maker_ratio": 0.7,
      "fills_under_threshold": 327,
      "pct_under_threshold": 0.9732142857142857,
      "gate_status": "INSUFFICIENT_DATA",
      "reason": "need_2000_fills_have_336",
      "threshold_bps": 15.0,
      "min_sample_size": 2000
    },
    "ETH-USD_alpaca": {
      "total_fills": 291,
      "p95_slippage_bps": 9.388626124303256,
      "mean_slippage_bps": 4.079742575523957,
      "median_slippage_bps": 3.2638108415706704,
      "p99_slippage_bps": 17.962114643716376,
      "maker_ratio": 0.7,
      "fills_under_threshold": 282,
      "pct_under_threshold": 0.9690721649484536,
      "gate_status": "INSUFFICIENT_DATA",
      "reason": "need_2000_fills_have_291",
      "threshold_bps": 15.0,
      "min_sample_size": 2000
    },
    "ETH-USD_binance": {
      "total_fills": 283,
      "p95_slippage_bps": 9.308287241494813,
      "mean_slippage_bps": 4.036307512645272,
      "median_slippage_bps": 3.4079789985581,
      "p99_slippage_bps": 15.316137519601414,
      "maker_ratio": 0.7,
      "fills_under_threshold": 278,
      "pct_under_threshold": 0.9823321554770318,
      "gate_status": "INSUFFICIENT_DATA",
      "reason": "need_2000_fills_have_283",
      "threshold_bps": 15.0,
      "min_sample_size": 2000
    },
    "ETH-USD_coinbase": {
      "total_fills": 346,
      "p95_slippage_bps": 8.959852728929524,
      "mean_slippage_bps": 4.103945746911307,
      "median_slippage_bps": 3.498938810561599,
      "p99_slippage_bps": 18.840325294949494,
      "maker_ratio": 0.7,
      "fills_under_threshold": 338,
      "pct_under_threshold": 0.976878612716763,
      "gate_status": "INSUFFICIENT_DATA",
      "reason": "need_2000_fills_have_346",
      "threshold_bps": 15.0,
      "min_sample_size": 2000
    },
    "NVDA_alpaca": {
      "total_fills": 298,
      "p95_slippage_bps": 8.404931257502747,
      "mean_slippage_bps": 4.054519033139029,
      "median_slippage_bps": 3.342872607167734,
      "p99_slippage_bps": 19.46084028721731,
      "maker_ratio": 0.7,
      "fills_under_threshold": 293,
      "pct_under_threshold": 0.9832214765100671,
      "gate_status": "INSUFFICIENT_DATA",
      "reason": "need_2000_fills_have_298",
      "threshold_bps": 15.0,
      "min_sample_size": 2000
    },
    "NVDA_binance": {
      "total_fills": 298,
      "p95_slippage_bps": 8.903148454482665,
      "mean_slippage_bps": 3.929894081372115,
      "median_slippage_bps": 3.414716645866111,
      "p99_slippage_bps": 17.816536475471374,
      "maker_ratio": 0.7,
      "fills_under_threshold": 292,
      "pct_under_threshold": 0.9798657718120806,
      "gate_status": "INSUFFICIENT_DATA",
      "reason": "need_2000_fills_have_298",
      "threshold_bps": 15.0,
      "min_sample_size": 2000
    },
    "NVDA_coinbase": {
      "total_fills": 282,
      "p95_slippage_bps": 7.895909574632865,
      "mean_slippage_bps": 3.9004239221960164,
      "median_slippage_bps": 3.5416421917149767,
      "p99_slippage_bps": 15.065484178123825,
      "maker_ratio": 0.7,
      "fills_under_threshold": 279,
      "pct_under_threshold": 0.9893617021276596,
      "gate_status": "INSUFFICIENT_DATA",
      "reason": "need_2000_fills_have_282",