{
  "timestamp": "2025-08-16T15:11:41.217015+00:00",
  "window_hours": 48,
  "threshold_bps": 15.0,
  "min_sample_size": 2000,
  "overall_metrics": {
    "total_fills": 2723,
    "p95_slippage_bps": 9.310480307743056,
    "mean_slippage_bps": 4.027862858306411,
    "median_slippage_bps": 3.3254263221628584,
    "p99_slippage_bps": 19.692358485222908,
    "maker_ratio": 0.7,
    "fills_under_threshold": 2660,
    "pct_under_threshold": 0.9768637532133676,
    "gate_status": "PASS",
    "reason": "criteria_met",
    "threshold_bps": 15.0,
    "min_sample_size": 2000
  },
  "breakdown_metrics": {
    "asset_ETH-USD": {
      "total_fills": 865,
      "p95_slippage_bps": 9.1499999929808,
      "mean_slippage_bps": 3.960897706460813,
      "median_slippage_bps": 3.3045597519767806,
      "p99_slippage_bps": 19.02112516387284,
      "maker_ratio": 0.7,
      "fills_under_threshold": 846,
      "pct_under_threshold": 0.9780346820809248,
      "gate_status": "INSUFFICIENT_DATA",
      "reason": "need_2000_fills_have_865",
      "threshold_bps": 15.0,
      "min_sample_size": 2000
    },
    "asset_NVDA": {
      "total_fills": 897,
      "p95_slippage_bps": 8.852488392642295,
      "mean_slippage_bps": 3.933677963363843,
      "median_slippage_bps": 3.3064146854035794,
      "p99_slippage_bps": 18.125177886796525,
      "maker_ratio": 0.7,
      "fills_under_threshold": 879,
      "pct_under_threshold": 0.979933110367893,
      "gate_status": "INSUFFICIENT_DATA",
      "reason": "need_2000_fills_have_897",
      "threshold_bps": 15.0,
      "min_sample_size": 2000
    },
    "asset_BTC-USD": {
      "total_fills": 961,
      "p95_slippage_bps": 10.045621733511354,
      "mean_slippage_bps": 4.176050899003525,
      "median_slippage_bps": 3.3992240211157276,
      "p99_slippage_bps": 20.34104426928736,
      "maker_ratio": 0.7,
      "fills_under_threshold": 935,
      "pct_under_threshold": 0.9729448491155047,
      "gate_status": "INSUFFICIENT_DATA",
      "reason": "need_2000_fills_have_961",
      "threshold_bps": 15.0,
      "min_sample_size": 2000
    },
    "venue_binance": {
      "total_fills": 903,
      "p95_slippage_bps": 8.948064367457446,
      "mean_slippage_bps": 3.8988576803759982,
      "median_slippage_bps": 3.3104605756982695,
      "p99_slippage_bps": 16.210018587089404,
      "maker_ratio": 0.7,
      "fills_under_threshold": 892,
      "pct_under_threshold": 0.9878183831672204,
      "gate_status": "INSUFFICIENT_DATA",
      "reason": "need_2000_fills_have_903",
      "threshold_bps": 15.0,
      "min_sample_size": 2000
    },
    "venue_alpaca": {
      "total_fills": 923,
      "p95_slippage_bps": 9.43305249132523,
      "mean_slippage_bps": 4.093143147731508,
      "median_slippage_bps": 3.2673070597648377,
      "p99_slippage_bps": 20.3608111995202,
      "maker_ratio": 0.7,
      "fills_under_threshold": 896,
      "pct_under_threshold": 0.9707475622968581,
      "gate_status": "INSUFFICIENT_DATA",
      "reason": "need_2000_fills_have_923",
      "threshold_bps": 15.0,
      "min_sample_size": 2000
    },
    "venue_coinbase": {
      "total_fills": 897,
      "p95_slippage_bps": 9.40567576994511,
      "mean_slippage_bps": 4.090558475398718,
      "median_slippage_bps": 3.3687793330423568,
      "p99_slippage_bps": 19.1016689430282,
      "maker_ratio": 0.7,
      "fills_under_threshold": 872,
      "pct_under_threshold": 0.9721293199554069,
      "gate_status": "INSUFFICIENT_DATA",
      "reason": "need_2000_fills_have_897",
      "threshold_bps": 15.0,
      "min_sample_size": 2000
    },
    "BTC-USD_alpaca": {
      "total_fills": 335,
      "p95_slippage_bps": 10.597890715316298,
      "mean_slippage_bps": 4.376086432821875,
      "median_slippage_bps": 3.446501866767326,
      "p99_slippage_bps": 20.806941051598958,
      "maker_ratio": 0.7,
      "fills_under_threshold": 323,
      "pct_under_threshold": 0.9641791044776119,
      "gate_status": "INSUFFICIENT_DATA",
      "reason": "need_2000_fills_have_335",
      "threshold_bps": 15.0,
      "min_sample_size": 2000
    },
    "BTC-USD_binance": {
      "total_fills": 310,
      "p95_slippage_bps": 9.98483044149155,
      "mean_slippage_bps": 4.075684120980654,
      "median_slippage_bps": 3.484877445856081,
      "p99_slippage_bps": 19.738877254179272,
      "maker_ratio": 0.7,
      "fills_under_threshold": 304,
      "pct_under_threshold": 0.9806451612903225,
      "gate_status": "INSUFFICIENT_DATA",
      "reason": "need_2000_fills_have_310",
      "threshold_bps": 15.0,
      "min_sample_size": 2000
    },
    "BTC-USD_coinbase": {
      "total_fills": 316,
      "p95_slippage_bps": 9.67975503878313,
      "mean_slippage_bps": 4.062448991908406,
      "median_slippage_bps": 3.310431030769821,
      "p99_slippage_bps": 19.057052770439515,
      "maker_ratio": 0.7,
      "fills_under_threshold": 308,
      "pct_under_threshold": 0.9746835443037974,
      "gate_status": "INSUFFICIENT_DATA",
      "reason": "need_2000_fills_have_316",
      "threshold_bps": 15.0,
      "min_sample_size": 2000
    },
    "ETH-USD_alpaca": {
      "total_fills": 284,
      "p95_slippage_bps": 8.981623827886862,
      "mean_slippage_bps": 3.898540300179775,
      "median_slippage_bps": 3.2399202121423123,
      "p99_slippage_bps": 17.37869825552696,
      "maker_ratio": 0.7,
      "fills_under_threshold": 279,
      "pct_under_threshold": 0.9823943661971831,
      "gate_status": "INSUFFICIENT_DATA",
      "reason": "need_2000_fills_have_284",
      "threshold_bps": 15.0,
      "min_sample_size": 2000
    },
    "ETH-USD_binance": {
      "total_fills": 284,
      "p95_slippage_bps": 9.142768677116413,
      "mean_slippage_bps": 3.9380350644292923,
      "median_slippage_bps": 3.2946089989344998,
      "p99_slippage_bps": 15.570456639733818,
      "maker_ratio": 0.7,
      "fills_under_threshold": 280,
      "pct_under_threshold": 0.9859154929577465,
      "gate_status": "INSUFFICIENT_DATA",
      "reason": "need_2000_fills_have_284",
      "threshold_bps": 15.0,
      "min_sample_size": 2000
    },
    "ETH-USD_coinbase": {
      "total_fills": 297,
      "p95_slippage_bps": 9.325177520008609,
      "mean_slippage_bps": 4.0423875843085115,
      "median_slippage_bps": 3.379816323223082,
      "p99_slippage_bps": 19.173089289093614,
      "maker_ratio": 0.7,
      "fills_under_threshold": 287,
      "pct_under_threshold": 0.9663299663299664,
      "gate_status": "INSUFFICIENT_DATA",
      "reason": "need_2000_fills_have_297",
      "threshold_bps": 15.0,
      "min_sample_size": 2000
    },
    "NVDA_alpaca": {
      "total_fills": 304,
      "p95_slippage_bps": 9.104927719084717,
      "mean_slippage_bps": 3.9631471220717,
      "median_slippage_bps": 3.1832002353973827,
      "p99_slippage_bps": 20.322028278088,
      "maker_ratio": 0.7,
      "fills_under_threshold": 294,
      "pct_under_threshold": 0.9671052631578947,
      "gate_status": "INSUFFICIENT_DATA",
      "reason": "need_2000_fills_have_304",
      "threshold_bps": 15.0,
      "min_sample_size": 2000
    },
    "NVDA_binance": {
      "total_fills": 309,
      "p95_slippage_bps": 7.93886604694147,
      "mean_slippage_bps": 3.6854512931314063,
      "median_slippage_bps": 3.2343164584667328,
      "p99_slippage_bps": 11.415066034416256,
      "maker_ratio": 0.7,
      "fills_under_threshold": 308,
      "pct_under_threshold": 0.9967637540453075,
      "gate_status": "INSUFFICIENT_DATA",
      "reason": "need_2000_fills_have_309",
      "threshold_bps": 15.0,
      "min_sample_size": 2000
    },
    "NVDA_coinbase": {
      "total_fills": 284,
      "p95_slippage_bps": 9.390360625909068,
      "mean_slippage_bps": 4.172211121302697,
      "median_slippage_bps": 3.42970805756625,
      "p99_slippage_bps": 17.76157046895148,
      "maker_ratio": 0.7,
      "fills_under_threshold": 277,
      "pct_under_threshold": 0.9753521126760564,
      "gate_status": "INSUFFICIENT_DATA",
      "reason": "need_2000_fills_have_284",