{
  "timestamp": "2025-08-16T10:31:33.827372+00:00",
  "window_hours": 48,
  "threshold_bps": 15.0,
  "min_sample_size": 2000,
  "overall_metrics": {
    "total_fills": 2737,
    "p95_slippage_bps": 9.05533807929409,
    "mean_slippage_bps": 4.016904102309479,
    "median_slippage_bps": 3.432514003747907,
    "p99_slippage_bps": 18.514586442983095,
    "maker_ratio": 0.7,
    "fills_under_threshold": 2685,
    "pct_under_threshold": 0.9810010960906101,
    "gate_status": "PASS",
    "reason": "criteria_met",
    "threshold_bps": 15.0,
    "min_sample_size": 2000
  },
  "breakdown_metrics": {
    "asset_NVDA": {
      "total_fills": 927,
      "p95_slippage_bps": 9.733847195032048,
      "mean_slippage_bps": 4.173074817782552,
      "median_slippage_bps": 3.439365912620698,
      "p99_slippage_bps": 20.061342060298298,
      "maker_ratio": 0.7,
      "fills_under_threshold": 907,
      "pct_under_threshold": 0.9784250269687162,
      "gate_status": "INSUFFICIENT_DATA",
      "reason": "need_2000_fills_have_927",
      "threshold_bps": 15.0,
      "min_sample_size": 2000
    },
    "asset_BTC-USD": {
      "total_fills": 914,
      "p95_slippage_bps": 9.003409888164123,
      "mean_slippage_bps": 4.004986505910008,
      "median_slippage_bps": 3.441371689939306,
      "p99_slippage_bps": 18.504977453396418,
      "maker_ratio": 0.7,
      "fills_under_threshold": 895,
      "pct_under_threshold": 0.9792122538293216,
      "gate_status": "INSUFFICIENT_DATA",
      "reason": "need_2000_fills_have_914",
      "threshold_bps": 15.0,
      "min_sample_size": 2000
    },
    "asset_ETH-USD": {
      "total_fills": 896,
      "p95_slippage_bps": 8.53137602280932,
      "mean_slippage_bps": 3.867487171355883,
      "median_slippage_bps": 3.415349849299952,
      "p99_slippage_bps": 16.894782116650127,
      "maker_ratio": 0.7,
      "fills_under_threshold": 883,
      "pct_under_threshold": 0.9854910714285714,
      "gate_status": "INSUFFICIENT_DATA",
      "reason": "need_2000_fills_have_896",
      "threshold_bps": 15.0,
      "min_sample_size": 2000
    },
    "venue_coinbase": {
      "total_fills": 948,
      "p95_slippage_bps": 8.437787091705118,
      "mean_slippage_bps": 3.9819220595011955,
      "median_slippage_bps": 3.446415670432314,
      "p99_slippage_bps": 16.99305441979599,
      "maker_ratio": 0.7,
      "fills_under_threshold": 934,
      "pct_under_threshold": 0.9852320675105485,
      "gate_status": "INSUFFICIENT_DATA",
      "reason": "need_2000_fills_have_948",
      "threshold_bps": 15.0,
      "min_sample_size": 2000
    },
    "venue_binance": {
      "total_fills": 895,
      "p95_slippage_bps": 9.525097868476873,
      "mean_slippage_bps": 4.079688147671427,
      "median_slippage_bps": 3.4300841059788914,
      "p99_slippage_bps": 20.590831399362717,
      "maker_ratio": 0.7,
      "fills_under_threshold": 874,
      "pct_under_threshold": 0.976536312849162,
      "gate_status": "INSUFFICIENT_DATA",
      "reason": "need_2000_fills_have_895",
      "threshold_bps": 15.0,
      "min_sample_size": 2000
    },
    "venue_alpaca": {
      "total_fills": 894,
      "p95_slippage_bps": 9.0638321486149,
      "mean_slippage_bps": 3.991144880814299,
      "median_slippage_bps": 3.411174084596205,
      "p99_slippage_bps": 17.745249911485775,
      "maker_ratio": 0.7,
      "fills_under_threshold": 877,
      "pct_under_threshold": 0.9809843400447428,
      "gate_status": "INSUFFICIENT_DATA",
      "reason": "need_2000_fills_have_894",
      "threshold_bps": 15.0,
      "min_sample_size": 2000
    },
    "BTC-USD_alpaca": {
      "total_fills": 294,
      "p95_slippage_bps": 9.033602919376095,
      "mean_slippage_bps": 4.037288343589351,
      "median_slippage_bps": 3.551226355556199,
      "p99_slippage_bps": 16.151165472560326,
      "maker_ratio": 0.7,
      "fills_under_threshold": 289,
      "pct_under_threshold": 0.9829931972789115,
      "gate_status": "INSUFFICIENT_DATA",
      "reason": "need_2000_fills_have_294",
      "threshold_bps": 15.0,
      "min_sample_size": 2000
    },
    "BTC-USD_binance": {
      "total_fills": 299,
      "p95_slippage_bps": 9.33227501191034,
      "mean_slippage_bps": 3.971187457804693,
      "median_slippage_bps": 3.4654899180026213,
      "p99_slippage_bps": 18.54662462492385,
      "maker_ratio": 0.7,
      "fills_under_threshold": 295,
      "pct_under_threshold": 0.9866220735785953,
      "gate_status": "INSUFFICIENT_DATA",
      "reason": "need_2000_fills_have_299",
      "threshold_bps": 15.0,
      "min_sample_size": 2000
    },
    "BTC-USD_coinbase": {
      "total_fills": 321,
      "p95_slippage_bps": 8.059585282933325,
      "mean_slippage_bps": 4.006884247672509,
      "median_slippage_bps": 3.3170033464467927,
      "p99_slippage_bps": 19.79117124797372,
      "maker_ratio": 0.7,
      "fills_under_threshold": 311,
      "pct_under_threshold": 0.9688473520249221,
      "gate_status": "INSUFFICIENT_DATA",
      "reason": "need_2000_fills_have_321",
      "threshold_bps": 15.0,
      "min_sample_size": 2000
    },
    "ETH-USD_alpaca": {
      "total_fills": 313,
      "p95_slippage_bps": 7.982313184289138,
      "mean_slippage_bps": 3.6957180797787665,
      "median_slippage_bps": 3.2990952837940832,
      "p99_slippage_bps": 16.80435520858035,
      "maker_ratio": 0.7,
      "fills_under_threshold": 308,
      "pct_under_threshold": 0.9840255591054313,
      "gate_status": "INSUFFICIENT_DATA",
      "reason": "need_2000_fills_have_313",
      "threshold_bps": 15.0,
      "min_sample_size": 2000
    },
    "ETH-USD_binance": {
      "total_fills": 287,
      "p95_slippage_bps": 9.136542246769649,
      "mean_slippage_bps": 3.9803398478561385,
      "median_slippage_bps": 3.4108810405971237,
      "p99_slippage_bps": 17.87546029261959,
      "maker_ratio": 0.7,
      "fills_under_threshold": 282,
      "pct_under_threshold": 0.9825783972125436,
      "gate_status": "INSUFFICIENT_DATA",
      "reason": "need_2000_fills_have_287",
      "threshold_bps": 15.0,
      "min_sample_size": 2000
    },
    "ETH-USD_coinbase": {
      "total_fills": 296,
      "p95_slippage_bps": 8.145792914011212,
      "mean_slippage_bps": 3.9397000345588022,
      "median_slippage_bps": 3.667952569222439,
      "p99_slippage_bps": 15.009673806466207,
      "maker_ratio": 0.7,
      "fills_under_threshold": 293,
      "pct_under_threshold": 0.9898648648648649,
      "gate_status": "INSUFFICIENT_DATA",
      "reason": "need_2000_fills_have_296",
      "threshold_bps": 15.0,
      "min_sample_size": 2000
    },
    "NVDA_alpaca": {
      "total_fills": 287,
      "p95_slippage_bps": 9.941811550396695,
      "mean_slippage_bps": 4.2660661723413265,
      "median_slippage_bps": 3.4966753138018536,
      "p99_slippage_bps": 18.76160475858696,
      "maker_ratio": 0.7,
      "fills_under_threshold": 280,
      "pct_under_threshold": 0.975609756097561,
      "gate_status": "INSUFFICIENT_DATA",
      "reason": "need_2000_fills_have_287",
      "threshold_bps": 15.0,
      "min_sample_size": 2000
    },
    "NVDA_binance": {
      "total_fills": 309,
      "p95_slippage_bps": 10.254975950525296,
      "mean_slippage_bps": 4.276952446432403,
      "median_slippage_bps": 3.495973980927163,
      "p99_slippage_bps": 21.42962852122593,
      "maker_ratio": 0.7,
      "fills_under_threshold": 297,
      "pct_under_threshold": 0.9611650485436893,
      "gate_status": "INSUFFICIENT_DATA",
      "reason": "need_2000_fills_have_309",
      "threshold_bps": 15.0,
      "min_sample_size": 2000
    },
    "NVDA_coinbase": {
      "total_fills": 331,
      "p95_slippage_bps": 8.547913274442417,
      "mean_slippage_bps": 3.995471476359072,
      "median_slippage_bps": 3.311039648962832,
      "p99_slippage_bps": 14.297294450710298,
      "maker_ratio": 0.7,
      "fills_under_threshold": 330,
      "pct_under_threshold": 0.9969788519637462,
      "gate_status": "INSUFFICIENT_DATA",
      "reason": "need_2000_fills_have_331",