{
  "timestamp": "2025-08-16T11:49:24.758835+00:00",
  "window_hours": 48,
  "threshold_bps": 15.0,
  "min_sample_size": 2000,
  "overall_metrics": {
    "total_fills": 2733,
    "p95_slippage_bps": 9.279973500387579,
    "mean_slippage_bps": 4.080388073004756,
    "median_slippage_bps": 3.4685345920873085,
    "p99_slippage_bps": 19.078547267028696,
    "maker_ratio": 0.7,
    "fills_under_threshold": 2669,
    "pct_under_threshold": 0.9765825100622028,
    "gate_status": "PASS",
    "reason": "criteria_met",
    "threshold_bps": 15.0,
    "min_sample_size": 2000
  },
  "breakdown_metrics": {
    "asset_BTC-USD": {
      "total_fills": 937,
      "p95_slippage_bps": 9.395846635402457,
      "mean_slippage_bps": 4.135355525415661,
      "median_slippage_bps": 3.5078912057066423,
      "p99_slippage_bps": 18.080650160747336,
      "maker_ratio": 0.7,
      "fills_under_threshold": 912,
      "pct_under_threshold": 0.9733191035218783,
      "gate_status": "INSUFFICIENT_DATA",
      "reason": "need_2000_fills_have_937",
      "threshold_bps": 15.0,
      "min_sample_size": 2000
    },
    "asset_NVDA": {
      "total_fills": 896,
      "p95_slippage_bps": 8.994042372950679,
      "mean_slippage_bps": 3.9431845524661306,
      "median_slippage_bps": 3.3220260003235325,
      "p99_slippage_bps": 19.15342482970563,
      "maker_ratio": 0.7,
      "fills_under_threshold": 876,
      "pct_under_threshold": 0.9776785714285714,
      "gate_status": "INSUFFICIENT_DATA",
      "reason": "need_2000_fills_have_896",
      "threshold_bps": 15.0,
      "min_sample_size": 2000
    },
    "asset_ETH-USD": {
      "total_fills": 900,
      "p95_slippage_bps": 9.433692921898377,
      "mean_slippage_bps": 4.159754574664302,
      "median_slippage_bps": 3.5847812068613525,
      "p99_slippage_bps": 18.716910230602313,
      "maker_ratio": 0.7,
      "fills_under_threshold": 881,
      "pct_under_threshold": 0.9788888888888889,
      "gate_status": "INSUFFICIENT_DATA",
      "reason": "need_2000_fills_have_900",
      "threshold_bps": 15.0,
      "min_sample_size": 2000
    },
    "venue_binance": {
      "total_fills": 870,
      "p95_slippage_bps": 8.975098359827161,
      "mean_slippage_bps": 3.9308402947465666,
      "median_slippage_bps": 3.367804566369181,
      "p99_slippage_bps": 19.465356631937503,
      "maker_ratio": 0.7,
      "fills_under_threshold": 847,
      "pct_under_threshold": 0.9735632183908046,
      "gate_status": "INSUFFICIENT_DATA",
      "reason": "need_2000_fills_have_870",
      "threshold_bps": 15.0,
      "min_sample_size": 2000
    },
    "venue_alpaca": {
      "total_fills": 970,
      "p95_slippage_bps": 9.253742088361212,
      "mean_slippage_bps": 4.112555830066742,
      "median_slippage_bps": 3.487788611316345,
      "p99_slippage_bps": 17.755136379205187,
      "maker_ratio": 0.7,
      "fills_under_threshold": 954,
      "pct_under_threshold": 0.9835051546391752,
      "gate_status": "INSUFFICIENT_DATA",
      "reason": "need_2000_fills_have_970",
      "threshold_bps": 15.0,
      "min_sample_size": 2000
    },
    "venue_coinbase": {
      "total_fills": 893,
      "p95_slippage_bps": 9.367809335603038,
      "mean_slippage_bps": 4.191142656134095,
      "median_slippage_bps": 3.5226805553515477,
      "p99_slippage_bps": 18.334959447509064,
      "maker_ratio": 0.7,
      "fills_under_threshold": 868,
      "pct_under_threshold": 0.9720044792833147,
      "gate_status": "INSUFFICIENT_DATA",
      "reason": "need_2000_fills_have_893",
      "threshold_bps": 15.0,
      "min_sample_size": 2000
    },
    "BTC-USD_alpaca": {
      "total_fills": 322,
      "p95_slippage_bps": 9.621662817727188,
      "mean_slippage_bps": 4.249670296135448,
      "median_slippage_bps": 3.6459114733076428,
      "p99_slippage_bps": 17.975701436400193,
      "maker_ratio": 0.7,
      "fills_under_threshold": 315,
      "pct_under_threshold": 0.9782608695652174,
      "gate_status": "INSUFFICIENT_DATA",
      "reason": "need_2000_fills_have_322",
      "threshold_bps": 15.0,
      "min_sample_size": 2000
    },
    "BTC-USD_binance": {
      "total_fills": 311,
      "p95_slippage_bps": 8.393846672566564,
      "mean_slippage_bps": 3.80792414101028,
      "median_slippage_bps": 3.339384945954019,
      "p99_slippage_bps": 17.51434150442144,
      "maker_ratio": 0.7,
      "fills_under_threshold": 304,
      "pct_under_threshold": 0.977491961414791,
      "gate_status": "INSUFFICIENT_DATA",
      "reason": "need_2000_fills_have_311",
      "threshold_bps": 15.0,
      "min_sample_size": 2000
    },
    "BTC-USD_coinbase": {
      "total_fills": 304,
      "p95_slippage_bps": 9.925501965336483,
      "mean_slippage_bps": 4.349243039817968,
      "median_slippage_bps": 3.640407603908882,
      "p99_slippage_bps": 19.27646865721889,
      "maker_ratio": 0.7,
      "fills_under_threshold": 293,
      "pct_under_threshold": 0.9638157894736842,
      "gate_status": "INSUFFICIENT_DATA",
      "reason": "need_2000_fills_have_304",
      "threshold_bps": 15.0,
      "min_sample_size": 2000
    },
    "ETH-USD_alpaca": {
      "total_fills": 317,
      "p95_slippage_bps": 9.005509359642025,
      "mean_slippage_bps": 4.083069304793234,
      "median_slippage_bps": 3.4413504321202124,
      "p99_slippage_bps": 17.472286335716444,
      "maker_ratio": 0.7,
      "fills_under_threshold": 311,
      "pct_under_threshold": 0.9810725552050473,
      "gate_status": "INSUFFICIENT_DATA",
      "reason": "need_2000_fills_have_317",
      "threshold_bps": 15.0,
      "min_sample_size": 2000
    },
    "ETH-USD_binance": {
      "total_fills": 279,
      "p95_slippage_bps": 8.706347281240921,
      "mean_slippage_bps": 4.112338546145491,
      "median_slippage_bps": 3.599519775007356,
      "p99_slippage_bps": 20.80138714521638,
      "maker_ratio": 0.7,
      "fills_under_threshold": 273,
      "pct_under_threshold": 0.978494623655914,
      "gate_status": "INSUFFICIENT_DATA",
      "reason": "need_2000_fills_have_279",
      "threshold_bps": 15.0,
      "min_sample_size": 2000
    },
    "ETH-USD_coinbase": {
      "total_fills": 304,
      "p95_slippage_bps": 10.452228177916695,
      "mean_slippage_bps": 4.28323583290732,
      "median_slippage_bps": 3.6571010649930957,
      "p99_slippage_bps": 17.725551784149115,
      "maker_ratio": 0.7,
      "fills_under_threshold": 297,
      "pct_under_threshold": 0.9769736842105263,
      "gate_status": "INSUFFICIENT_DATA",
      "reason": "need_2000_fills_have_304",
      "threshold_bps": 15.0,
      "min_sample_size": 2000
    },
    "NVDA_alpaca": {
      "total_fills": 331,
      "p95_slippage_bps": 9.139444375824496,
      "mean_slippage_bps": 4.007408912959728,
      "median_slippage_bps": 3.4438506019009134,
      "p99_slippage_bps": 12.405900733557518,
      "maker_ratio": 0.7,
      "fills_under_threshold": 328,
      "pct_under_threshold": 0.9909365558912386,
      "gate_status": "INSUFFICIENT_DATA",
      "reason": "need_2000_fills_have_331",
      "threshold_bps": 15.0,
      "min_sample_size": 2000
    },
    "NVDA_binance": {
      "total_fills": 280,
      "p95_slippage_bps": 9.97142947286981,
      "mean_slippage_bps": 3.8865149792883003,
      "median_slippage_bps": 3.205794914582498,
      "p99_slippage_bps": 19.41902597367931,
      "maker_ratio": 0.7,
      "fills_under_threshold": 270,
      "pct_under_threshold": 0.9642857142857143,
      "gate_status": "INSUFFICIENT_DATA",
      "reason": "need_2000_fills_have_280",
      "threshold_bps": 15.0,
      "min_sample_size": 2000
    },
    "NVDA_coinbase": {
      "total_fills": 285,
      "p95_slippage_bps": 7.905422529865034,
      "mean_slippage_bps": 3.924269524979856,
      "median_slippage_bps": 3.271113777927553,
      "p99_slippage_bps": 18.393425898932765,
      "maker_ratio": 0.7,
      "fills_under_threshold": 278,
      "pct_under_threshold": 0.9754385964912281,
      "gate_status": "INSUFFICIENT_DATA",
      "reason": "need_2000_fills_have_285",