{
  "timestamp": "2025-08-16T05:09:52.600742+00:00",
  "window_hours": 48,
  "threshold_bps": 15.0,
  "min_sample_size": 2000,
  "overall_metrics": {
    "total_fills": 2601,
    "p95_slippage_bps": 9.129860310757905,
    "mean_slippage_bps": 4.047454266695568,
    "median_slippage_bps": 3.451772676260376,
    "p99_slippage_bps": 18.32162578767357,
    "maker_ratio": 0.7,
    "fills_under_threshold": 2557,
    "pct_under_threshold": 0.9830834294502114,
    "gate_status": "PASS",
    "reason": "criteria_met",
    "threshold_bps": 15.0,
    "min_sample_size": 2000
  },
  "breakdown_metrics": {
    "asset_ETH-USD": {
      "total_fills": 867,
      "p95_slippage_bps": 9.173957991926676,
      "mean_slippage_bps": 4.1187644002509325,
      "median_slippage_bps": 3.4611931480923306,
      "p99_slippage_bps": 20.131939780340876,
      "maker_ratio": 0.7,
      "fills_under_threshold": 850,
      "pct_under_threshold": 0.9803921568627451,
      "gate_status": "INSUFFICIENT_DATA",
      "reason": "need_2000_fills_have_867",
      "threshold_bps": 15.0,
      "min_sample_size": 2000
    },
    "asset_BTC-USD": {
      "total_fills": 881,
      "p95_slippage_bps": 8.928355845966069,
      "mean_slippage_bps": 4.020393273102609,
      "median_slippage_bps": 3.387366823129394,
      "p99_slippage_bps": 18.011017010090743,
      "maker_ratio": 0.7,
      "fills_under_threshold": 865,
      "pct_under_threshold": 0.981838819523269,
      "gate_status": "INSUFFICIENT_DATA",
      "reason": "need_2000_fills_have_881",
      "threshold_bps": 15.0,
      "min_sample_size": 2000
    },
    "asset_NVDA": {
      "total_fills": 853,
      "p95_slippage_bps": 9.176915771049186,
      "mean_slippage_bps": 4.002923023510218,
      "median_slippage_bps": 3.5046895347720906,
      "p99_slippage_bps": 16.66108352756339,
      "maker_ratio": 0.7,
      "fills_under_threshold": 842,
      "pct_under_threshold": 0.9871043376318874,
      "gate_status": "INSUFFICIENT_DATA",
      "reason": "need_2000_fills_have_853",
      "threshold_bps": 15.0,
      "min_sample_size": 2000
    },
    "venue_alpaca": {
      "total_fills": 924,
      "p95_slippage_bps": 8.858081776795027,
      "mean_slippage_bps": 4.001147743016694,
      "median_slippage_bps": 3.460724713117819,
      "p99_slippage_bps": 18.281137230438677,
      "maker_ratio": 0.7,
      "fills_under_threshold": 909,
      "pct_under_threshold": 0.9837662337662337,
      "gate_status": "INSUFFICIENT_DATA",
      "reason": "need_2000_fills_have_924",
      "threshold_bps": 15.0,
      "min_sample_size": 2000
    },
    "venue_binance": {
      "total_fills": 784,
      "p95_slippage_bps": 8.997866441190356,
      "mean_slippage_bps": 4.047420954427498,
      "median_slippage_bps": 3.406089768715561,
      "p99_slippage_bps": 19.9349969598605,
      "maker_ratio": 0.7,
      "fills_under_threshold": 768,
      "pct_under_threshold": 0.9795918367346939,
      "gate_status": "INSUFFICIENT_DATA",
      "reason": "need_2000_fills_have_784",
      "threshold_bps": 15.0,
      "min_sample_size": 2000
    },
    "venue_coinbase": {
      "total_fills": 893,
      "p95_slippage_bps": 9.396545474926716,
      "mean_slippage_bps": 4.0953975418326864,
      "median_slippage_bps": 3.495180104897332,
      "p99_slippage_bps": 15.715628280101203,
      "maker_ratio": 0.7,
      "fills_under_threshold": 880,
      "pct_under_threshold": 0.9854423292273237,
      "gate_status": "INSUFFICIENT_DATA",
      "reason": "need_2000_fills_have_893",
      "threshold_bps": 15.0,
      "min_sample_size": 2000
    },
    "BTC-USD_alpaca": {
      "total_fills": 307,
      "p95_slippage_bps": 8.163392414395723,
      "mean_slippage_bps": 3.815641268678145,
      "median_slippage_bps": 3.206299074849739,
      "p99_slippage_bps": 16.110879865481838,
      "maker_ratio": 0.7,
      "fills_under_threshold": 301,
      "pct_under_threshold": 0.9804560260586319,
      "gate_status": "INSUFFICIENT_DATA",
      "reason": "need_2000_fills_have_307",
      "threshold_bps": 15.0,
      "min_sample_size": 2000
    },
    "BTC-USD_binance": {
      "total_fills": 260,
      "p95_slippage_bps": 9.03846430099897,
      "mean_slippage_bps": 4.247176530151037,
      "median_slippage_bps": 3.630218481203518,
      "p99_slippage_bps": 20.169737582280963,
      "maker_ratio": 0.7,
      "fills_under_threshold": 254,
      "pct_under_threshold": 0.9769230769230769,
      "gate_status": "INSUFFICIENT_DATA",
      "reason": "need_2000_fills_have_260",
      "threshold_bps": 15.0,
      "min_sample_size": 2000
    },
    "BTC-USD_coinbase": {
      "total_fills": 314,
      "p95_slippage_bps": 9.425103912696331,
      "mean_slippage_bps": 4.032798427643117,
      "median_slippage_bps": 3.3623335775613956,
      "p99_slippage_bps": 15.30680179226169,
      "maker_ratio": 0.7,
      "fills_under_threshold": 310,
      "pct_under_threshold": 0.9872611464968153,
      "gate_status": "INSUFFICIENT_DATA",
      "reason": "need_2000_fills_have_314",
      "threshold_bps": 15.0,
      "min_sample_size": 2000
    },
    "ETH-USD_alpaca": {
      "total_fills": 318,
      "p95_slippage_bps": 9.501677872776277,
      "mean_slippage_bps": 4.106120278985017,
      "median_slippage_bps": 3.483222511237064,
      "p99_slippage_bps": 19.752388628952946,
      "maker_ratio": 0.7,
      "fills_under_threshold": 312,
      "pct_under_threshold": 0.9811320754716981,
      "gate_status": "INSUFFICIENT_DATA",
      "reason": "need_2000_fills_have_318",
      "threshold_bps": 15.0,
      "min_sample_size": 2000
    },
    "ETH-USD_binance": {
      "total_fills": 251,
      "p95_slippage_bps": 8.311362328539861,
      "mean_slippage_bps": 4.117045350464467,
      "median_slippage_bps": 3.420163487971779,
      "p99_slippage_bps": 20.44937341773518,
      "maker_ratio": 0.7,
      "fills_under_threshold": 245,
      "pct_under_threshold": 0.9760956175298805,
      "gate_status": "INSUFFICIENT_DATA",
      "reason": "need_2000_fills_have_251",
      "threshold_bps": 15.0,
      "min_sample_size": 2000
    },
    "ETH-USD_coinbase": {
      "total_fills": 298,
      "p95_slippage_bps": 9.293065954005232,
      "mean_slippage_bps": 4.1337050447441,
      "median_slippage_bps": 3.465838046880241,
      "p99_slippage_bps": 16.426505241699335,
      "maker_ratio": 0.7,
      "fills_under_threshold": 293,
      "pct_under_threshold": 0.9832214765100671,
      "gate_status": "INSUFFICIENT_DATA",
      "reason": "need_2000_fills_have_298",
      "threshold_bps": 15.0,
      "min_sample_size": 2000
    },
    "NVDA_alpaca": {
      "total_fills": 299,
      "p95_slippage_bps": 8.976858097699688,
      "mean_slippage_bps": 4.079974569719062,
      "median_slippage_bps": 3.604454108876255,
      "p99_slippage_bps": 14.51167912040484,
      "maker_ratio": 0.7,
      "fills_under_threshold": 296,
      "pct_under_threshold": 0.9899665551839465,
      "gate_status": "INSUFFICIENT_DATA",
      "reason": "need_2000_fills_have_299",
      "threshold_bps": 15.0,
      "min_sample_size": 2000
    },
    "NVDA_binance": {
      "total_fills": 273,
      "p95_slippage_bps": 9.541466038001007,
      "mean_slippage_bps": 3.7931639101293313,
      "median_slippage_bps": 3.2024661692859198,
      "p99_slippage_bps": 18.52657920838722,
      "maker_ratio": 0.7,
      "fills_under_threshold": 269,
      "pct_under_threshold": 0.9853479853479854,
      "gate_status": "INSUFFICIENT_DATA",
      "reason": "need_2000_fills_have_273",
      "threshold_bps": 15.0,
      "min_sample_size": 2000
    },
    "NVDA_coinbase": {
      "total_fills": 281,
      "p95_slippage_bps": 8.91133898201534,
      "mean_slippage_bps": 4.124723114743446,
      "median_slippage_bps": 3.6822648323805462,
      "p99_slippage_bps": 15.282510347737626,
      "maker_ratio": 0.7,
      "fills_under_threshold": 277,
      "pct_under_threshold": 0.9857651245551602,
      "gate_status": "INSUFFICIENT_DATA",
      "reason": "need_2000_fills_have_281",