{
  "timestamp": "2025-08-15T22:12:00.517111+00:00",
  "window_hours": 48,
  "threshold_bps": 15.0,
  "min_sample_size": 2000,
  "overall_metrics": {
    "total_fills": 3000,
    "p95_slippage_bps": 36.706461829460515,
    "mean_slippage_bps": 16.418062545335065,
    "median_slippage_bps": 13.863398037494413,
    "p99_slippage_bps": 65.00910254374884,
    "maker_ratio": 0.6933333333333334,
    "fills_under_threshold": 1667,
    "pct_under_threshold": 0.5556666666666666,
    "gate_status": "FAIL",
    "reason": "p95_36.7bp_exceeds_15.0bp",
    "threshold_bps": 15.0,
    "min_sample_size": 2000
  },
  "breakdown_metrics": {
    "asset_SOL-USD": {
      "total_fills": 792,
      "p95_slippage_bps": 36.44476926573692,
      "mean_slippage_bps": 16.435144411062808,
      "median_slippage_bps": 13.239986221895563,
      "p99_slippage_bps": 66.13519200104885,
      "maker_ratio": 0.7045454545454546,
      "fills_under_threshold": 463,
      "pct_under_threshold": 0.5845959595959596,
      "gate_status": "INSUFFICIENT_DATA",
      "reason": "need_2000_fills_have_792",
      "threshold_bps": 15.0,
      "min_sample_size": 2000
    },
    "asset_ETH-USD": {
      "total_fills": 712,
      "p95_slippage_bps": 40.228097058105945,
      "mean_slippage_bps": 16.897520314233716,
      "median_slippage_bps": 14.084463625743883,
      "p99_slippage_bps": 71.29898783592796,
      "maker_ratio": 0.699438202247191,
      "fills_under_threshold": 396,
      "pct_under_threshold": 0.5561797752808989,
      "gate_status": "INSUFFICIENT_DATA",
      "reason": "need_2000_fills_have_712",
      "threshold_bps": 15.0,
      "min_sample_size": 2000
    },
    "asset_NVDA": {
      "total_fills": 745,
      "p95_slippage_bps": 36.3387630799677,
      "mean_slippage_bps": 16.19131125054327,
      "median_slippage_bps": 14.0660546114472,
      "p99_slippage_bps": 59.039190200857284,
      "maker_ratio": 0.6899328859060403,
      "fills_under_threshold": 402,
      "pct_under_threshold": 0.5395973154362416,
      "gate_status": "INSUFFICIENT_DATA",
      "reason": "need_2000_fills_have_745",
      "threshold_bps": 15.0,
      "min_sample_size": 2000
    },
    "asset_BTC-USD": {
      "total_fills": 751,
      "p95_slippage_bps": 36.05406657839908,
      "mean_slippage_bps": 16.170428651204134,
      "median_slippage_bps": 14.13289962943584,
      "p99_slippage_bps": 52.84021426199324,
      "maker_ratio": 0.6790945406125166,
      "fills_under_threshold": 406,
      "pct_under_threshold": 0.5406125166444741,
      "gate_status": "INSUFFICIENT_DATA",
      "reason": "need_2000_fills_have_751",
      "threshold_bps": 15.0,
      "min_sample_size": 2000
    },
    "venue_alpaca": {
      "total_fills": 1134,
      "p95_slippage_bps": 37.77603304417178,
      "mean_slippage_bps": 17.001726637642854,
      "median_slippage_bps": 14.32639255270988,
      "p99_slippage_bps": 67.85510092818201,
      "maker_ratio": 0.6754850088183422,
      "fills_under_threshold": 602,
      "pct_under_threshold": 0.5308641975308642,
      "gate_status": "INSUFFICIENT_DATA",
      "reason": "need_2000_fills_have_1134",
      "threshold_bps": 15.0,
      "min_sample_size": 2000
    },
    "venue_binance": {
      "total_fills": 752,
      "p95_slippage_bps": 37.94025277651856,
      "mean_slippage_bps": 16.071940434722148,
      "median_slippage_bps": 12.634676092188393,
      "p99_slippage_bps": 68.34028506481512,
      "maker_ratio": 0.7074468085106383,
      "fills_under_threshold": 448,
      "pct_under_threshold": 0.5957446808510638,
      "gate_status": "INSUFFICIENT_DATA",
      "reason": "need_2000_fills_have_752",
      "threshold_bps": 15.0,
      "min_sample_size": 2000
    },
    "venue_coinbase": {
      "total_fills": 1114,
      "p95_slippage_bps": 34.25144847315735,
      "mean_slippage_bps": 16.057567703776606,
      "median_slippage_bps": 13.928364330940436,
      "p99_slippage_bps": 59.31170964681449,
      "maker_ratio": 0.7019748653500898,
      "fills_under_threshold": 617,
      "pct_under_threshold": 0.5538599640933572,
      "gate_status": "INSUFFICIENT_DATA",
      "reason": "need_2000_fills_have_1114",
      "threshold_bps": 15.0,
      "min_sample_size": 2000
    },
    "BTC-USD_alpaca": {
      "total_fills": 262,
      "p95_slippage_bps": 36.68033266894184,
      "mean_slippage_bps": 16.61567508228791,
      "median_slippage_bps": 14.383383760714636,
      "p99_slippage_bps": 51.87759174884592,
      "maker_ratio": 0.6526717557251909,
      "fills_under_threshold": 137,
      "pct_under_threshold": 0.5229007633587787,
      "gate_status": "INSUFFICIENT_DATA",
      "reason": "need_2000_fills_have_262",
      "threshold_bps": 15.0,
      "min_sample_size": 2000
    },
    "BTC-USD_binance": {
      "total_fills": 253,
      "p95_slippage_bps": 35.48722677605229,
      "mean_slippage_bps": 15.68806600412677,
      "median_slippage_bps": 13.295468953661626,
      "p99_slippage_bps": 57.83463625751082,
      "maker_ratio": 0.7114624505928854,
      "fills_under_threshold": 144,
      "pct_under_threshold": 0.5691699604743083,
      "gate_status": "INSUFFICIENT_DATA",
      "reason": "need_2000_fills_have_253",
      "threshold_bps": 15.0,
      "min_sample_size": 2000
    },
    "BTC-USD_coinbase": {
      "total_fills": 236,
      "p95_slippage_bps": 33.42612028921034,
      "mean_slippage_bps": 16.193238756147455,
      "median_slippage_bps": 14.370123722056746,
      "p99_slippage_bps": 46.23680206540091,
      "maker_ratio": 0.673728813559322,
      "fills_under_threshold": 125,
      "pct_under_threshold": 0.5296610169491526,
      "gate_status": "INSUFFICIENT_DATA",
      "reason": "need_2000_fills_have_236",
      "threshold_bps": 15.0,
      "min_sample_size": 2000
    },
    "ETH-USD_alpaca": {
      "total_fills": 238,
      "p95_slippage_bps": 44.42096346113828,
      "mean_slippage_bps": 18.365014793994288,
      "median_slippage_bps": 15.120989464613242,
      "p99_slippage_bps": 78.51682928524156,
      "maker_ratio": 0.6638655462184874,
      "fills_under_threshold": 118,
      "pct_under_threshold": 0.4957983193277311,
      "gate_status": "INSUFFICIENT_DATA",
      "reason": "need_2000_fills_have_238",
      "threshold_bps": 15.0,
      "min_sample_size": 2000
    },
    "ETH-USD_binance": {
      "total_fills": 243,
      "p95_slippage_bps": 36.60103502258318,
      "mean_slippage_bps": 16.0615436893823,
      "median_slippage_bps": 12.544103130317572,
      "p99_slippage_bps": 61.63918564291938,
      "maker_ratio": 0.7078189300411523,
      "fills_under_threshold": 142,
      "pct_under_threshold": 0.5843621399176955,
      "gate_status": "INSUFFICIENT_DATA",
      "reason": "need_2000_fills_have_243",
      "threshold_bps": 15.0,
      "min_sample_size": 2000
    },
    "ETH-USD_coinbase": {
      "total_fills": 231,
      "p95_slippage_bps": 40.98029206783854,
      "mean_slippage_bps": 16.26496028676999,
      "median_slippage_bps": 13.514803475392526,
      "p99_slippage_bps": 66.07637894135985,
      "maker_ratio": 0.7272727272727273,
      "fills_under_threshold": 136,
      "pct_under_threshold": 0.5887445887445888,
      "gate_status": "INSUFFICIENT_DATA",
      "reason": "need_2000_fills_have_231",
      "threshold_bps": 15.0,
      "min_sample_size": 2000
    },
    "NVDA_alpaca": {
      "total_fills": 369,
      "p95_slippage_bps": 36.52588823234239,
      "mean_slippage_bps": 16.216502289745517,
      "median_slippage_bps": 13.658351981232373,
      "p99_slippage_bps": 62.476376684572024,
      "maker_ratio": 0.6991869918699187,
      "fills_under_threshold": 206,
      "pct_under_threshold": 0.5582655826558266,
      "gate_status": "INSUFFICIENT_DATA",
      "reason": "need_2000_fills_have_369",
      "threshold_bps": 15.0,
      "min_sample_size": 2000
    },
    "NVDA_coinbase": {
      "total_fills": 376,
      "p95_slippage_bps": 33.27370954475717,
      "mean_slippage_bps": 16.166589193453824,