{
  "timestamp": "2025-08-16T20:38:28.528394+00:00",
  "window_hours": 48,
  "threshold_bps": 15.0,
  "min_sample_size": 2000,
  "overall_metrics": {
    "total_fills": 2763,
    "p95_slippage_bps": 8.86271686870184,
    "mean_slippage_bps": 3.9628780598411084,
    "median_slippage_bps": 3.367982894192764,
    "p99_slippage_bps": 18.370319260431447,
    "maker_ratio": 0.7,
    "fills_under_threshold": 2707,
    "pct_under_threshold": 0.9797321751719146,
    "gate_status": "PASS",
    "reason": "criteria_met",
    "threshold_bps": 15.0,
    "min_sample_size": 2000
  },
  "breakdown_metrics": {
    "asset_NVDA": {
      "total_fills": 889,
      "p95_slippage_bps": 7.936967084486484,
      "mean_slippage_bps": 3.78774712732274,
      "median_slippage_bps": 3.324460775106582,
      "p99_slippage_bps": 16.98626089021339,
      "maker_ratio": 0.7,
      "fills_under_threshold": 877,
      "pct_under_threshold": 0.9865016872890888,
      "gate_status": "INSUFFICIENT_DATA",
      "reason": "need_2000_fills_have_889",
      "threshold_bps": 15.0,
      "min_sample_size": 2000
    },
    "asset_ETH-USD": {
      "total_fills": 933,
      "p95_slippage_bps": 9.805570880135189,
      "mean_slippage_bps": 4.0596424936143025,
      "median_slippage_bps": 3.371457502050584,
      "p99_slippage_bps": 18.207296349207365,
      "maker_ratio": 0.7,
      "fills_under_threshold": 908,
      "pct_under_threshold": 0.9732047159699893,
      "gate_status": "INSUFFICIENT_DATA",
      "reason": "need_2000_fills_have_933",
      "threshold_bps": 15.0,
      "min_sample_size": 2000
    },
    "asset_BTC-USD": {
      "total_fills": 941,
      "p95_slippage_bps": 9.01895256351196,
      "mean_slippage_bps": 4.032389411911714,
      "median_slippage_bps": 3.390123317098135,
      "p99_slippage_bps": 18.989599073585467,
      "maker_ratio": 0.7,
      "fills_under_threshold": 922,
      "pct_under_threshold": 0.9798087141339001,
      "gate_status": "INSUFFICIENT_DATA",
      "reason": "need_2000_fills_have_941",
      "threshold_bps": 15.0,
      "min_sample_size": 2000
    },
    "venue_binance": {
      "total_fills": 907,
      "p95_slippage_bps": 9.495234384327782,
      "mean_slippage_bps": 4.022316098154145,
      "median_slippage_bps": 3.3893095730143283,
      "p99_slippage_bps": 17.816513839299077,
      "maker_ratio": 0.7,
      "fills_under_threshold": 887,
      "pct_under_threshold": 0.9779492833517089,
      "gate_status": "INSUFFICIENT_DATA",
      "reason": "need_2000_fills_have_907",
      "threshold_bps": 15.0,
      "min_sample_size": 2000
    },
    "venue_coinbase": {
      "total_fills": 963,
      "p95_slippage_bps": 8.225857715893492,
      "mean_slippage_bps": 3.8704705367969447,
      "median_slippage_bps": 3.386609851942239,
      "p99_slippage_bps": 16.74844427926878,
      "maker_ratio": 0.7,
      "fills_under_threshold": 949,
      "pct_under_threshold": 0.9854620976116303,
      "gate_status": "INSUFFICIENT_DATA",
      "reason": "need_2000_fills_have_963",
      "threshold_bps": 15.0,
      "min_sample_size": 2000
    },
    "venue_alpaca": {
      "total_fills": 893,
      "p95_slippage_bps": 9.101269985829637,
      "mean_slippage_bps": 4.002159296057911,
      "median_slippage_bps": 3.342425896325019,
      "p99_slippage_bps": 19.16695010276058,
      "maker_ratio": 0.7,
      "fills_under_threshold": 871,
      "pct_under_threshold": 0.975363941769317,
      "gate_status": "INSUFFICIENT_DATA",
      "reason": "need_2000_fills_have_893",
      "threshold_bps": 15.0,
      "min_sample_size": 2000
    },
    "BTC-USD_alpaca": {
      "total_fills": 312,
      "p95_slippage_bps": 9.168354701293557,
      "mean_slippage_bps": 4.065561876327566,
      "median_slippage_bps": 3.356730597572187,
      "p99_slippage_bps": 19.048368041968807,
      "maker_ratio": 0.7,
      "fills_under_threshold": 305,
      "pct_under_threshold": 0.9775641025641025,
      "gate_status": "INSUFFICIENT_DATA",
      "reason": "need_2000_fills_have_312",
      "threshold_bps": 15.0,
      "min_sample_size": 2000
    },
    "BTC-USD_binance": {
      "total_fills": 312,
      "p95_slippage_bps": 9.4613865661068,
      "mean_slippage_bps": 4.211864448694927,
      "median_slippage_bps": 3.5085465001999854,
      "p99_slippage_bps": 19.828991239052097,
      "maker_ratio": 0.7,
      "fills_under_threshold": 302,
      "pct_under_threshold": 0.967948717948718,
      "gate_status": "INSUFFICIENT_DATA",
      "reason": "need_2000_fills_have_312",
      "threshold_bps": 15.0,
      "min_sample_size": 2000
    },
    "BTC-USD_coinbase": {
      "total_fills": 317,
      "p95_slippage_bps": 8.088567417692659,
      "mean_slippage_bps": 3.8230959722457554,
      "median_slippage_bps": 3.334337137382138,
      "p99_slippage_bps": 13.55063020920327,
      "maker_ratio": 0.7,
      "fills_under_threshold": 315,
      "pct_under_threshold": 0.9936908517350158,
      "gate_status": "INSUFFICIENT_DATA",
      "reason": "need_2000_fills_have_317",
      "threshold_bps": 15.0,
      "min_sample_size": 2000
    },
    "ETH-USD_alpaca": {
      "total_fills": 293,
      "p95_slippage_bps": 9.124284262275571,
      "mean_slippage_bps": 3.982357023995588,
      "median_slippage_bps": 3.337586631277009,
      "p99_slippage_bps": 17.289177968559272,
      "maker_ratio": 0.7,
      "fills_under_threshold": 283,
      "pct_under_threshold": 0.9658703071672355,
      "gate_status": "INSUFFICIENT_DATA",
      "reason": "need_2000_fills_have_293",
      "threshold_bps": 15.0,
      "min_sample_size": 2000
    },
    "ETH-USD_binance": {
      "total_fills": 315,
      "p95_slippage_bps": 10.088405054887815,
      "mean_slippage_bps": 4.203684045286913,
      "median_slippage_bps": 3.4814266164098533,
      "p99_slippage_bps": 17.10012918377532,
      "maker_ratio": 0.7,
      "fills_under_threshold": 308,
      "pct_under_threshold": 0.9777777777777777,
      "gate_status": "INSUFFICIENT_DATA",
      "reason": "need_2000_fills_have_315",
      "threshold_bps": 15.0,
      "min_sample_size": 2000
    },
    "ETH-USD_coinbase": {
      "total_fills": 325,
      "p95_slippage_bps": 9.542715634066244,
      "mean_slippage_bps": 3.9897088130647984,
      "median_slippage_bps": 3.3558303437878876,
      "p99_slippage_bps": 19.53169621043484,
      "maker_ratio": 0.7,
      "fills_under_threshold": 317,
      "pct_under_threshold": 0.9753846153846154,
      "gate_status": "INSUFFICIENT_DATA",
      "reason": "need_2000_fills_have_325",
      "threshold_bps": 15.0,
      "min_sample_size": 2000
    },
    "NVDA_alpaca": {
      "total_fills": 288,
      "p95_slippage_bps": 8.546629005592523,
      "mean_slippage_bps": 3.9536192289403007,
      "median_slippage_bps": 3.3259120077588324,
      "p99_slippage_bps": 19.726344530387113,
      "maker_ratio": 0.7,
      "fills_under_threshold": 283,
      "pct_under_threshold": 0.9826388888888888,
      "gate_status": "INSUFFICIENT_DATA",
      "reason": "need_2000_fills_have_288",
      "threshold_bps": 15.0,
      "min_sample_size": 2000
    },
    "NVDA_binance": {
      "total_fills": 280,
      "p95_slippage_bps": 7.382702256251689,
      "mean_slippage_bps": 3.6070661384557683,
      "median_slippage_bps": 3.1846283531674073,
      "p99_slippage_bps": 14.715110547509992,
      "maker_ratio": 0.7,
      "fills_under_threshold": 277,
      "pct_under_threshold": 0.9892857142857143,
      "gate_status": "INSUFFICIENT_DATA",
      "reason": "need_2000_fills_have_280",
      "threshold_bps": 15.0,
      "min_sample_size": 2000
    },
    "NVDA_coinbase": {
      "total_fills": 321,
      "p95_slippage_bps": 7.92725385159871,
      "mean_slippage_bps": 3.7965306526090155,
      "median_slippage_bps": 3.5128276724565994,
      "p99_slippage_bps": 16.145515746775878,
      "maker_ratio": 0.7,
      "fills_under_threshold": 317,
      "pct_under_threshold": 0.9875389408099688,
      "gate_status": "INSUFFICIENT_DATA",
      "reason": "need_2000_fills_have_321",