{
  "timestamp": "2025-08-16T18:54:43.601065+00:00",
  "window_hours": 48,
  "threshold_bps": 15.0,
  "min_sample_size": 2000,
  "overall_metrics": {
    "total_fills": 2738,
    "p95_slippage_bps": 9.374124139143976,
    "mean_slippage_bps": 4.103809960796438,
    "median_slippage_bps": 3.4801199873150805,
    "p99_slippage_bps": 19.60007132616591,
    "maker_ratio": 0.7,
    "fills_under_threshold": 2675,
    "pct_under_threshold": 0.9769905040175311,
    "gate_status": "PASS",
    "reason": "criteria_met",
    "threshold_bps": 15.0,
    "min_sample_size": 2000
  },
  "breakdown_metrics": {
    "asset_ETH-USD": {
      "total_fills": 876,
      "p95_slippage_bps": 9.963285541688636,
      "mean_slippage_bps": 4.135862875762998,
      "median_slippage_bps": 3.4152223332886953,
      "p99_slippage_bps": 20.84036638243552,
      "maker_ratio": 0.7,
      "fills_under_threshold": 853,
      "pct_under_threshold": 0.973744292237443,
      "gate_status": "INSUFFICIENT_DATA",
      "reason": "need_2000_fills_have_876",
      "threshold_bps": 15.0,
      "min_sample_size": 2000
    },
    "asset_NVDA": {
      "total_fills": 957,
      "p95_slippage_bps": 8.61975701918951,
      "mean_slippage_bps": 3.9342972892998986,
      "median_slippage_bps": 3.396661709825257,
      "p99_slippage_bps": 18.717062128259844,
      "maker_ratio": 0.7,
      "fills_under_threshold": 937,
      "pct_under_threshold": 0.9791013584117032,
      "gate_status": "INSUFFICIENT_DATA",
      "reason": "need_2000_fills_have_957",
      "threshold_bps": 15.0,
      "min_sample_size": 2000
    },
    "asset_BTC-USD": {
      "total_fills": 905,
      "p95_slippage_bps": 9.670056228878474,
      "mean_slippage_bps": 4.252036781914096,
      "median_slippage_bps": 3.571576923352434,
      "p99_slippage_bps": 18.516034148744247,
      "maker_ratio": 0.7,
      "fills_under_threshold": 885,
      "pct_under_threshold": 0.9779005524861878,
      "gate_status": "INSUFFICIENT_DATA",
      "reason": "need_2000_fills_have_905",
      "threshold_bps": 15.0,
      "min_sample_size": 2000
    },
    "venue_alpaca": {
      "total_fills": 894,
      "p95_slippage_bps": 9.59087320045364,
      "mean_slippage_bps": 4.107869180097917,
      "median_slippage_bps": 3.385787833154983,
      "p99_slippage_bps": 20.475563051955945,
      "maker_ratio": 0.7,
      "fills_under_threshold": 867,
      "pct_under_threshold": 0.9697986577181208,
      "gate_status": "INSUFFICIENT_DATA",
      "reason": "need_2000_fills_have_894",
      "threshold_bps": 15.0,
      "min_sample_size": 2000
    },
    "venue_coinbase": {
      "total_fills": 920,
      "p95_slippage_bps": 9.165960050286909,
      "mean_slippage_bps": 4.167474075485526,
      "median_slippage_bps": 3.488656846599736,
      "p99_slippage_bps": 19.979537986063928,
      "maker_ratio": 0.7,
      "fills_under_threshold": 900,
      "pct_under_threshold": 0.9782608695652174,
      "gate_status": "INSUFFICIENT_DATA",
      "reason": "need_2000_fills_have_920",
      "threshold_bps": 15.0,
      "min_sample_size": 2000
    },
    "venue_binance": {
      "total_fills": 924,
      "p95_slippage_bps": 9.281626505175074,
      "mean_slippage_bps": 4.036494021868424,
      "median_slippage_bps": 3.549652946065038,
      "p99_slippage_bps": 17.656517037567408,
      "maker_ratio": 0.7,
      "fills_under_threshold": 908,
      "pct_under_threshold": 0.9826839826839827,
      "gate_status": "INSUFFICIENT_DATA",
      "reason": "need_2000_fills_have_924",
      "threshold_bps": 15.0,
      "min_sample_size": 2000
    },
    "BTC-USD_alpaca": {
      "total_fills": 288,
      "p95_slippage_bps": 10.396108126275315,
      "mean_slippage_bps": 4.440591962905221,
      "median_slippage_bps": 3.7130337163684555,
      "p99_slippage_bps": 19.417338138729015,
      "maker_ratio": 0.7,
      "fills_under_threshold": 277,
      "pct_under_threshold": 0.9618055555555556,
      "gate_status": "INSUFFICIENT_DATA",
      "reason": "need_2000_fills_have_288",
      "threshold_bps": 15.0,
      "min_sample_size": 2000
    },
    "BTC-USD_binance": {
      "total_fills": 304,
      "p95_slippage_bps": 9.229810141873768,
      "mean_slippage_bps": 4.206870470656858,
      "median_slippage_bps": 3.6749167062394195,
      "p99_slippage_bps": 16.776185248793563,
      "maker_ratio": 0.7,
      "fills_under_threshold": 299,
      "pct_under_threshold": 0.9835526315789473,
      "gate_status": "INSUFFICIENT_DATA",
      "reason": "need_2000_fills_have_304",
      "threshold_bps": 15.0,
      "min_sample_size": 2000
    },
    "BTC-USD_coinbase": {
      "total_fills": 313,
      "p95_slippage_bps": 8.774496241793388,
      "mean_slippage_bps": 4.1224095183254565,
      "median_slippage_bps": 3.4519329006212636,
      "p99_slippage_bps": 15.350537482369337,
      "maker_ratio": 0.7,
      "fills_under_threshold": 309,
      "pct_under_threshold": 0.987220447284345,
      "gate_status": "INSUFFICIENT_DATA",
      "reason": "need_2000_fills_have_313",
      "threshold_bps": 15.0,
      "min_sample_size": 2000
    },
    "ETH-USD_alpaca": {
      "total_fills": 290,
      "p95_slippage_bps": 9.092809565698326,
      "mean_slippage_bps": 4.200997076766834,
      "median_slippage_bps": 3.5123966419574586,
      "p99_slippage_bps": 22.447217304632744,
      "maker_ratio": 0.7,
      "fills_under_threshold": 282,
      "pct_under_threshold": 0.9724137931034482,
      "gate_status": "INSUFFICIENT_DATA",
      "reason": "need_2000_fills_have_290",
      "threshold_bps": 15.0,
      "min_sample_size": 2000
    },
    "ETH-USD_binance": {
      "total_fills": 304,
      "p95_slippage_bps": 10.33997687459629,
      "mean_slippage_bps": 3.875937717657045,
      "median_slippage_bps": 2.999001284523647,
      "p99_slippage_bps": 19.05887021197888,
      "maker_ratio": 0.7,
      "fills_under_threshold": 297,
      "pct_under_threshold": 0.9769736842105263,
      "gate_status": "INSUFFICIENT_DATA",
      "reason": "need_2000_fills_have_304",
      "threshold_bps": 15.0,
      "min_sample_size": 2000
    },
    "ETH-USD_coinbase": {
      "total_fills": 282,
      "p95_slippage_bps": 10.30673785449438,
      "mean_slippage_bps": 4.3490839033271715,
      "median_slippage_bps": 3.6228738785714745,
      "p99_slippage_bps": 20.833191239278786,
      "maker_ratio": 0.7,
      "fills_under_threshold": 274,
      "pct_under_threshold": 0.9716312056737588,
      "gate_status": "INSUFFICIENT_DATA",
      "reason": "need_2000_fills_have_282",
      "threshold_bps": 15.0,
      "min_sample_size": 2000
    },
    "NVDA_alpaca": {
      "total_fills": 316,
      "p95_slippage_bps": 8.888979718852415,
      "mean_slippage_bps": 3.719162688064723,
      "median_slippage_bps": 3.084268837910762,
      "p99_slippage_bps": 17.241098123956455,
      "maker_ratio": 0.7,
      "fills_under_threshold": 308,
      "pct_under_threshold": 0.9746835443037974,
      "gate_status": "INSUFFICIENT_DATA",
      "reason": "need_2000_fills_have_316",
      "threshold_bps": 15.0,
      "min_sample_size": 2000
    },
    "NVDA_binance": {
      "total_fills": 316,
      "p95_slippage_bps": 8.246653010222891,
      "mean_slippage_bps": 4.0270467941740415,
      "median_slippage_bps": 3.718169426633135,
      "p99_slippage_bps": 15.074648340414228,
      "maker_ratio": 0.7,
      "fills_under_threshold": 312,
      "pct_under_threshold": 0.9873417721518988,
      "gate_status": "INSUFFICIENT_DATA",
      "reason": "need_2000_fills_have_316",
      "threshold_bps": 15.0,
      "min_sample_size": 2000
    },
    "NVDA_coinbase": {
      "total_fills": 325,
      "p95_slippage_bps": 8.558156358370324,
      "mean_slippage_bps": 4.053293259915549,
      "median_slippage_bps": 3.457921795580967,
      "p99_slippage_bps": 18.82609080255107,
      "maker_ratio": 0.7,
      "fills_under_threshold": 317,
      "pct_under_threshold": 0.9753846153846154,
      "gate_status": "INSUFFICIENT_DATA",
      "reason": "need_2000_fills_have_325",