{
  "timestamp": "2025-08-16T09:50:02.690475+00:00",
  "window_hours": 48,
  "threshold_bps": 15.0,
  "min_sample_size": 2000,
  "overall_metrics": {
    "total_fills": 2754,
    "p95_slippage_bps": 9.493345928871268,
    "mean_slippage_bps": 4.104155809167631,
    "median_slippage_bps": 3.391110976869702,
    "p99_slippage_bps": 20.47066064987621,
    "maker_ratio": 0.7,
    "fills_under_threshold": 2677,
    "pct_under_threshold": 0.9720406681190995,
    "gate_status": "PASS",
    "reason": "criteria_met",
    "threshold_bps": 15.0,
    "min_sample_size": 2000
  },
  "breakdown_metrics": {
    "asset_NVDA": {
      "total_fills": 908,
      "p95_slippage_bps": 9.133459279603295,
      "mean_slippage_bps": 4.044299621725323,
      "median_slippage_bps": 3.3338593220886397,
      "p99_slippage_bps": 20.808442661953052,
      "maker_ratio": 0.7,
      "fills_under_threshold": 883,
      "pct_under_threshold": 0.9724669603524229,
      "gate_status": "INSUFFICIENT_DATA",
      "reason": "need_2000_fills_have_908",
      "threshold_bps": 15.0,
      "min_sample_size": 2000
    },
    "asset_BTC-USD": {
      "total_fills": 942,
      "p95_slippage_bps": 9.940208151597552,
      "mean_slippage_bps": 4.209887884301214,
      "median_slippage_bps": 3.444610614095895,
      "p99_slippage_bps": 21.201811672003434,
      "maker_ratio": 0.7,
      "fills_under_threshold": 915,
      "pct_under_threshold": 0.9713375796178344,
      "gate_status": "INSUFFICIENT_DATA",
      "reason": "need_2000_fills_have_942",
      "threshold_bps": 15.0,
      "min_sample_size": 2000
    },
    "asset_ETH-USD": {
      "total_fills": 904,
      "p95_slippage_bps": 8.932876855597819,
      "mean_slippage_bps": 4.054100281979335,
      "median_slippage_bps": 3.4069817491553414,
      "p99_slippage_bps": 19.45024756856636,
      "maker_ratio": 0.7,
      "fills_under_threshold": 879,
      "pct_under_threshold": 0.9723451327433629,
      "gate_status": "INSUFFICIENT_DATA",
      "reason": "need_2000_fills_have_904",
      "threshold_bps": 15.0,
      "min_sample_size": 2000
    },
    "venue_alpaca": {
      "total_fills": 963,
      "p95_slippage_bps": 9.793778307756858,
      "mean_slippage_bps": 4.137088047635355,
      "median_slippage_bps": 3.427597321111436,
      "p99_slippage_bps": 20.36845054497406,
      "maker_ratio": 0.7,
      "fills_under_threshold": 937,
      "pct_under_threshold": 0.9730010384215991,
      "gate_status": "INSUFFICIENT_DATA",
      "reason": "need_2000_fills_have_963",
      "threshold_bps": 15.0,
      "min_sample_size": 2000
    },
    "venue_coinbase": {
      "total_fills": 896,
      "p95_slippage_bps": 9.350808573118547,
      "mean_slippage_bps": 4.142475437412986,
      "median_slippage_bps": 3.4198775453772967,
      "p99_slippage_bps": 19.82556439490803,
      "maker_ratio": 0.7,
      "fills_under_threshold": 865,
      "pct_under_threshold": 0.9654017857142857,
      "gate_status": "INSUFFICIENT_DATA",
      "reason": "need_2000_fills_have_896",
      "threshold_bps": 15.0,
      "min_sample_size": 2000
    },
    "venue_binance": {
      "total_fills": 895,
      "p95_slippage_bps": 8.317601191604924,
      "mean_slippage_bps": 4.0303590130198605,
      "median_slippage_bps": 3.3368372586647594,
      "p99_slippage_bps": 20.916836752825926,
      "maker_ratio": 0.7,
      "fills_under_threshold": 875,
      "pct_under_threshold": 0.9776536312849162,
      "gate_status": "INSUFFICIENT_DATA",
      "reason": "need_2000_fills_have_895",
      "threshold_bps": 15.0,
      "min_sample_size": 2000
    },
    "BTC-USD_alpaca": {
      "total_fills": 334,
      "p95_slippage_bps": 8.667340059794016,
      "mean_slippage_bps": 4.130283923450038,
      "median_slippage_bps": 3.575730222253548,
      "p99_slippage_bps": 17.365483042620955,
      "maker_ratio": 0.7,
      "fills_under_threshold": 329,
      "pct_under_threshold": 0.9850299401197605,
      "gate_status": "INSUFFICIENT_DATA",
      "reason": "need_2000_fills_have_334",
      "threshold_bps": 15.0,
      "min_sample_size": 2000
    },
    "BTC-USD_binance": {
      "total_fills": 293,
      "p95_slippage_bps": 8.994174205111042,
      "mean_slippage_bps": 4.038990154636604,
      "median_slippage_bps": 3.3368372586647594,
      "p99_slippage_bps": 20.256461890250254,
      "maker_ratio": 0.7,
      "fills_under_threshold": 286,
      "pct_under_threshold": 0.9761092150170648,
      "gate_status": "INSUFFICIENT_DATA",
      "reason": "need_2000_fills_have_293",
      "threshold_bps": 15.0,
      "min_sample_size": 2000
    },
    "BTC-USD_coinbase": {
      "total_fills": 315,
      "p95_slippage_bps": 12.63181658156055,
      "mean_slippage_bps": 4.453255369113989,
      "median_slippage_bps": 3.518422577293245,
      "p99_slippage_bps": 22.134433808135935,
      "maker_ratio": 0.7,
      "fills_under_threshold": 300,
      "pct_under_threshold": 0.9523809523809523,
      "gate_status": "INSUFFICIENT_DATA",
      "reason": "need_2000_fills_have_315",
      "threshold_bps": 15.0,
      "min_sample_size": 2000
    },
    "ETH-USD_alpaca": {
      "total_fills": 317,
      "p95_slippage_bps": 9.667166427579089,
      "mean_slippage_bps": 4.063743964448863,
      "median_slippage_bps": 3.604309432185988,
      "p99_slippage_bps": 17.788445477406572,
      "maker_ratio": 0.7,
      "fills_under_threshold": 308,
      "pct_under_threshold": 0.9716088328075709,
      "gate_status": "INSUFFICIENT_DATA",
      "reason": "need_2000_fills_have_317",
      "threshold_bps": 15.0,
      "min_sample_size": 2000
    },
    "ETH-USD_binance": {
      "total_fills": 300,
      "p95_slippage_bps": 8.299709363931056,
      "mean_slippage_bps": 3.9966888018699707,
      "median_slippage_bps": 3.334982596896334,
      "p99_slippage_bps": 19.95526275941503,
      "maker_ratio": 0.7,
      "fills_under_threshold": 293,
      "pct_under_threshold": 0.9766666666666667,
      "gate_status": "INSUFFICIENT_DATA",
      "reason": "need_2000_fills_have_300",
      "threshold_bps": 15.0,
      "min_sample_size": 2000
    },
    "ETH-USD_coinbase": {
      "total_fills": 287,
      "p95_slippage_bps": 8.839665170456879,
      "mean_slippage_bps": 4.103460549191771,
      "median_slippage_bps": 3.384887154332139,
      "p99_slippage_bps": 19.50243077732259,
      "maker_ratio": 0.7,
      "fills_under_threshold": 278,
      "pct_under_threshold": 0.9686411149825784,
      "gate_status": "INSUFFICIENT_DATA",
      "reason": "need_2000_fills_have_287",
      "threshold_bps": 15.0,
      "min_sample_size": 2000
    },
    "NVDA_alpaca": {
      "total_fills": 312,
      "p95_slippage_bps": 11.735605733144453,
      "mean_slippage_bps": 4.21889141894309,
      "median_slippage_bps": 3.27948216443622,
      "p99_slippage_bps": 21.163923677443833,
      "maker_ratio": 0.7,
      "fills_under_threshold": 300,
      "pct_under_threshold": 0.9615384615384616,
      "gate_status": "INSUFFICIENT_DATA",
      "reason": "need_2000_fills_have_312",
      "threshold_bps": 15.0,
      "min_sample_size": 2000
    },
    "NVDA_binance": {
      "total_fills": 302,
      "p95_slippage_bps": 8.157085569392796,
      "mean_slippage_bps": 4.055432320474367,
      "median_slippage_bps": 3.3517308060105124,
      "p99_slippage_bps": 22.425735787771355,
      "maker_ratio": 0.7,
      "fills_under_threshold": 296,
      "pct_under_threshold": 0.9801324503311258,
      "gate_status": "INSUFFICIENT_DATA",
      "reason": "need_2000_fills_have_302",
      "threshold_bps": 15.0,
      "min_sample_size": 2000
    },
    "NVDA_coinbase": {
      "total_fills": 294,
      "p95_slippage_bps": 8.493122325476785,
      "mean_slippage_bps": 3.8475829014730984,
      "median_slippage_bps": 3.403325406484541,
      "p99_slippage_bps": 16.664624842502345,
      "maker_ratio": 0.7,
      "fills_under_threshold": 287,
      "pct_under_threshold": 0.9761904761904762,
      "gate_status": "INSUFFICIENT_DATA",
      "reason": "need_2000_fills_have_294",