{
  "timestamp": "2025-08-16T12:10:07.317908+00:00",
  "window_hours": 48,
  "threshold_bps": 15.0,
  "min_sample_size": 2000,
  "overall_metrics": {
    "total_fills": 2751,
    "p95_slippage_bps": 8.737023301610604,
    "mean_slippage_bps": 4.0428398876750595,
    "median_slippage_bps": 3.428321782946533,
    "p99_slippage_bps": 19.015054478561908,
    "maker_ratio": 0.7,
    "fills_under_threshold": 2692,
    "pct_under_threshold": 0.9785532533624137,
    "gate_status": "PASS",
    "reason": "criteria_met",
    "threshold_bps": 15.0,
    "min_sample_size": 2000
  },
  "breakdown_metrics": {
    "asset_NVDA": {
      "total_fills": 928,
      "p95_slippage_bps": 8.737729545211431,
      "mean_slippage_bps": 4.020348420432155,
      "median_slippage_bps": 3.4063880555708836,
      "p99_slippage_bps": 18.42810295006871,
      "maker_ratio": 0.7,
      "fills_under_threshold": 908,
      "pct_under_threshold": 0.978448275862069,
      "gate_status": "INSUFFICIENT_DATA",
      "reason": "need_2000_fills_have_928",
      "threshold_bps": 15.0,
      "min_sample_size": 2000
    },
    "asset_ETH-USD": {
      "total_fills": 900,
      "p95_slippage_bps": 9.056694437732213,
      "mean_slippage_bps": 4.1914648408482265,
      "median_slippage_bps": 3.545551750771416,
      "p99_slippage_bps": 19.11876165872455,
      "maker_ratio": 0.7,
      "fills_under_threshold": 878,
      "pct_under_threshold": 0.9755555555555555,
      "gate_status": "INSUFFICIENT_DATA",
      "reason": "need_2000_fills_have_900",
      "threshold_bps": 15.0,
      "min_sample_size": 2000
    },
    "asset_BTC-USD": {
      "total_fills": 923,
      "p95_slippage_bps": 8.317253343581427,
      "mean_slippage_bps": 3.9205317877244257,
      "median_slippage_bps": 3.317273196536377,
      "p99_slippage_bps": 19.382521378987526,
      "maker_ratio": 0.7,
      "fills_under_threshold": 906,
      "pct_under_threshold": 0.9815817984832069,
      "gate_status": "INSUFFICIENT_DATA",
      "reason": "need_2000_fills_have_923",
      "threshold_bps": 15.0,
      "min_sample_size": 2000
    },
    "venue_coinbase": {
      "total_fills": 932,
      "p95_slippage_bps": 8.82370693062075,
      "mean_slippage_bps": 3.9943744000289456,
      "median_slippage_bps": 3.400943570628805,
      "p99_slippage_bps": 18.032350200790315,
      "maker_ratio": 0.7,
      "fills_under_threshold": 916,
      "pct_under_threshold": 0.9828326180257511,
      "gate_status": "INSUFFICIENT_DATA",
      "reason": "need_2000_fills_have_932",
      "threshold_bps": 15.0,
      "min_sample_size": 2000
    },
    "venue_alpaca": {
      "total_fills": 899,
      "p95_slippage_bps": 9.320181289036837,
      "mean_slippage_bps": 4.14154379860616,
      "median_slippage_bps": 3.4632427842870674,
      "p99_slippage_bps": 20.57097154439497,
      "maker_ratio": 0.7,
      "fills_under_threshold": 869,
      "pct_under_threshold": 0.9666295884315906,
      "gate_status": "INSUFFICIENT_DATA",
      "reason": "need_2000_fills_have_899",
      "threshold_bps": 15.0,
      "min_sample_size": 2000
    },
    "venue_binance": {
      "total_fills": 920,
      "p95_slippage_bps": 8.315187420892018,
      "mean_slippage_bps": 3.995486646978448,
      "median_slippage_bps": 3.436300744494201,
      "p99_slippage_bps": 17.83030532690497,
      "maker_ratio": 0.7,
      "fills_under_threshold": 907,
      "pct_under_threshold": 0.9858695652173913,
      "gate_status": "INSUFFICIENT_DATA",
      "reason": "need_2000_fills_have_920",
      "threshold_bps": 15.0,
      "min_sample_size": 2000
    },
    "BTC-USD_alpaca": {
      "total_fills": 331,
      "p95_slippage_bps": 8.139003550257357,
      "mean_slippage_bps": 4.019029790384749,
      "median_slippage_bps": 3.3019648825946915,
      "p99_slippage_bps": 21.82463904825244,
      "maker_ratio": 0.7,
      "fills_under_threshold": 320,
      "pct_under_threshold": 0.9667673716012085,
      "gate_status": "INSUFFICIENT_DATA",
      "reason": "need_2000_fills_have_331",
      "threshold_bps": 15.0,
      "min_sample_size": 2000
    },
    "BTC-USD_binance": {
      "total_fills": 300,
      "p95_slippage_bps": 7.988319152514351,
      "mean_slippage_bps": 3.8961561129994093,
      "median_slippage_bps": 3.5182635147748615,
      "p99_slippage_bps": 13.925691162349281,
      "maker_ratio": 0.7,
      "fills_under_threshold": 299,
      "pct_under_threshold": 0.9966666666666667,
      "gate_status": "INSUFFICIENT_DATA",
      "reason": "need_2000_fills_have_300",
      "threshold_bps": 15.0,
      "min_sample_size": 2000
    },
    "BTC-USD_coinbase": {
      "total_fills": 292,
      "p95_slippage_bps": 8.826073516179509,
      "mean_slippage_bps": 3.8339217313440765,
      "median_slippage_bps": 3.183498804621517,
      "p99_slippage_bps": 17.525669887432418,
      "maker_ratio": 0.7,
      "fills_under_threshold": 287,
      "pct_under_threshold": 0.9828767123287672,
      "gate_status": "INSUFFICIENT_DATA",
      "reason": "need_2000_fills_have_292",
      "threshold_bps": 15.0,
      "min_sample_size": 2000
    },
    "ETH-USD_alpaca": {
      "total_fills": 274,
      "p95_slippage_bps": 9.598404825805432,
      "mean_slippage_bps": 4.332877315222341,
      "median_slippage_bps": 3.6159821607133704,
      "p99_slippage_bps": 18.716060644761363,
      "maker_ratio": 0.7,
      "fills_under_threshold": 265,
      "pct_under_threshold": 0.9671532846715328,
      "gate_status": "INSUFFICIENT_DATA",
      "reason": "need_2000_fills_have_274",
      "threshold_bps": 15.0,
      "min_sample_size": 2000
    },
    "ETH-USD_binance": {
      "total_fills": 297,
      "p95_slippage_bps": 8.617324106768848,
      "mean_slippage_bps": 4.114367478375678,
      "median_slippage_bps": 3.3748511077350067,
      "p99_slippage_bps": 19.409316492306235,
      "maker_ratio": 0.7,
      "fills_under_threshold": 290,
      "pct_under_threshold": 0.9764309764309764,
      "gate_status": "INSUFFICIENT_DATA",
      "reason": "need_2000_fills_have_297",
      "threshold_bps": 15.0,
      "min_sample_size": 2000
    },
    "ETH-USD_coinbase": {
      "total_fills": 329,
      "p95_slippage_bps": 8.333821790493975,
      "mean_slippage_bps": 4.143291280592419,
      "median_slippage_bps": 3.5633470758710333,
      "p99_slippage_bps": 17.72250090571617,
      "maker_ratio": 0.7,
      "fills_under_threshold": 323,
      "pct_under_threshold": 0.9817629179331308,
      "gate_status": "INSUFFICIENT_DATA",
      "reason": "need_2000_fills_have_329",
      "threshold_bps": 15.0,
      "min_sample_size": 2000
    },
    "NVDA_alpaca": {
      "total_fills": 294,
      "p95_slippage_bps": 8.69130148416212,
      "mean_slippage_bps": 4.101158605301582,
      "median_slippage_bps": 3.403866299147039,
      "p99_slippage_bps": 18.818815718736538,
      "maker_ratio": 0.7,
      "fills_under_threshold": 284,
      "pct_under_threshold": 0.9659863945578231,
      "gate_status": "INSUFFICIENT_DATA",
      "reason": "need_2000_fills_have_294",
      "threshold_bps": 15.0,
      "min_sample_size": 2000
    },
    "NVDA_binance": {
      "total_fills": 323,
      "p95_slippage_bps": 8.386543072887202,
      "mean_slippage_bps": 3.978432632330568,
      "median_slippage_bps": 3.420961031815672,
      "p99_slippage_bps": 17.42716751097772,
      "maker_ratio": 0.7,
      "fills_under_threshold": 318,
      "pct_under_threshold": 0.9845201238390093,
      "gate_status": "INSUFFICIENT_DATA",
      "reason": "need_2000_fills_have_323",
      "threshold_bps": 15.0,
      "min_sample_size": 2000
    },
    "NVDA_coinbase": {
      "total_fills": 311,
      "p95_slippage_bps": 9.12129190183139,
      "mean_slippage_bps": 3.9874886300951804,
      "median_slippage_bps": 3.4244526236207804,
      "p99_slippage_bps": 17.932263737022282,
      "maker_ratio": 0.7,
      "fills_under_threshold": 306,
      "pct_under_threshold": 0.9839228295819936,
      "gate_status": "INSUFFICIENT_DATA",
      "reason": "need_2000_fills_have_311",