{
  "timestamp": "2025-08-16T21:51:08.141490+00:00",
  "window_hours": 48,
  "threshold_bps": 15.0,
  "min_sample_size": 2000,
  "overall_metrics": {
    "total_fills": 2748,
    "p95_slippage_bps": 9.113995630573148,
    "mean_slippage_bps": 4.019588033949239,
    "median_slippage_bps": 3.403936248210546,
    "p99_slippage_bps": 19.36569307421434,
    "maker_ratio": 0.7,
    "fills_under_threshold": 2688,
    "pct_under_threshold": 0.9781659388646288,
    "gate_status": "PASS",
    "reason": "criteria_met",
    "threshold_bps": 15.0,
    "min_sample_size": 2000
  },
  "breakdown_metrics": {
    "asset_BTC-USD": {
      "total_fills": 897,
      "p95_slippage_bps": 8.760728225233626,
      "mean_slippage_bps": 4.1062538066299625,
      "median_slippage_bps": 3.4271153057642345,
      "p99_slippage_bps": 20.78023057235533,
      "maker_ratio": 0.7,
      "fills_under_threshold": 875,
      "pct_under_threshold": 0.9754738015607581,
      "gate_status": "INSUFFICIENT_DATA",
      "reason": "need_2000_fills_have_897",
      "threshold_bps": 15.0,
      "min_sample_size": 2000
    },
    "asset_ETH-USD": {
      "total_fills": 917,
      "p95_slippage_bps": 9.189234582846188,
      "mean_slippage_bps": 3.9383001551913774,
      "median_slippage_bps": 3.240214010014352,
      "p99_slippage_bps": 18.308106896975612,
      "maker_ratio": 0.7,
      "fills_under_threshold": 898,
      "pct_under_threshold": 0.9792802617230099,
      "gate_status": "INSUFFICIENT_DATA",
      "reason": "need_2000_fills_have_917",
      "threshold_bps": 15.0,
      "min_sample_size": 2000
    },
    "asset_NVDA": {
      "total_fills": 934,
      "p95_slippage_bps": 9.066715555164931,
      "mean_slippage_bps": 4.01616382273548,
      "median_slippage_bps": 3.4712038646065393,
      "p99_slippage_bps": 18.748584994903,
      "maker_ratio": 0.7,
      "fills_under_threshold": 915,
      "pct_under_threshold": 0.9796573875802997,
      "gate_status": "INSUFFICIENT_DATA",
      "reason": "need_2000_fills_have_934",
      "threshold_bps": 15.0,
      "min_sample_size": 2000
    },
    "venue_coinbase": {
      "total_fills": 941,
      "p95_slippage_bps": 9.85828223492408,
      "mean_slippage_bps": 4.102004053322399,
      "median_slippage_bps": 3.4359004846573153,
      "p99_slippage_bps": 19.48992813655512,
      "maker_ratio": 0.7,
      "fills_under_threshold": 920,
      "pct_under_threshold": 0.9776833156216791,
      "gate_status": "INSUFFICIENT_DATA",
      "reason": "need_2000_fills_have_941",
      "threshold_bps": 15.0,
      "min_sample_size": 2000
    },
    "venue_alpaca": {
      "total_fills": 908,
      "p95_slippage_bps": 8.77186262480518,
      "mean_slippage_bps": 3.9500494185843524,
      "median_slippage_bps": 3.398672946542965,
      "p99_slippage_bps": 19.31501729259685,
      "maker_ratio": 0.7,
      "fills_under_threshold": 886,
      "pct_under_threshold": 0.9757709251101322,
      "gate_status": "INSUFFICIENT_DATA",
      "reason": "need_2000_fills_have_908",
      "threshold_bps": 15.0,
      "min_sample_size": 2000
    },
    "venue_binance": {
      "total_fills": 899,
      "p95_slippage_bps": 8.946783809108519,
      "mean_slippage_bps": 4.003556430524515,
      "median_slippage_bps": 3.385842247251966,
      "p99_slippage_bps": 18.89494548757954,
      "maker_ratio": 0.7,
      "fills_under_threshold": 882,
      "pct_under_threshold": 0.9810901001112347,
      "gate_status": "INSUFFICIENT_DATA",
      "reason": "need_2000_fills_have_899",
      "threshold_bps": 15.0,
      "min_sample_size": 2000
    },
    "BTC-USD_alpaca": {
      "total_fills": 288,
      "p95_slippage_bps": 10.373148571641885,
      "mean_slippage_bps": 4.2900467734339784,
      "median_slippage_bps": 3.4730630020703197,
      "p99_slippage_bps": 20.572591957265427,
      "maker_ratio": 0.7,
      "fills_under_threshold": 276,
      "pct_under_threshold": 0.9583333333333334,
      "gate_status": "INSUFFICIENT_DATA",
      "reason": "need_2000_fills_have_288",
      "threshold_bps": 15.0,
      "min_sample_size": 2000
    },
    "BTC-USD_binance": {
      "total_fills": 287,
      "p95_slippage_bps": 8.07083788194426,
      "mean_slippage_bps": 3.920191039563427,
      "median_slippage_bps": 3.2432078917858966,
      "p99_slippage_bps": 19.12261833088731,
      "maker_ratio": 0.7,
      "fills_under_threshold": 282,
      "pct_under_threshold": 0.9825783972125436,
      "gate_status": "INSUFFICIENT_DATA",
      "reason": "need_2000_fills_have_287",
      "threshold_bps": 15.0,
      "min_sample_size": 2000
    },
    "BTC-USD_coinbase": {
      "total_fills": 322,
      "p95_slippage_bps": 8.599239793987381,
      "mean_slippage_bps": 4.107706103861451,
      "median_slippage_bps": 3.5097782392123906,
      "p99_slippage_bps": 21.14700348509137,
      "maker_ratio": 0.7,
      "fills_under_threshold": 317,
      "pct_under_threshold": 0.984472049689441,
      "gate_status": "INSUFFICIENT_DATA",
      "reason": "need_2000_fills_have_322",
      "threshold_bps": 15.0,
      "min_sample_size": 2000
    },
    "ETH-USD_alpaca": {
      "total_fills": 302,
      "p95_slippage_bps": 8.244006838831057,
      "mean_slippage_bps": 3.7192870473042254,
      "median_slippage_bps": 3.226000280665518,
      "p99_slippage_bps": 15.379662030963402,
      "maker_ratio": 0.7,
      "fills_under_threshold": 297,
      "pct_under_threshold": 0.9834437086092715,
      "gate_status": "INSUFFICIENT_DATA",
      "reason": "need_2000_fills_have_302",
      "threshold_bps": 15.0,
      "min_sample_size": 2000
    },
    "ETH-USD_binance": {
      "total_fills": 310,
      "p95_slippage_bps": 8.834789330483455,
      "mean_slippage_bps": 4.127537793225568,
      "median_slippage_bps": 3.4407010948378547,
      "p99_slippage_bps": 18.00117648351037,
      "maker_ratio": 0.7,
      "fills_under_threshold": 302,
      "pct_under_threshold": 0.9741935483870968,
      "gate_status": "INSUFFICIENT_DATA",
      "reason": "need_2000_fills_have_310",
      "threshold_bps": 15.0,
      "min_sample_size": 2000
    },
    "ETH-USD_coinbase": {
      "total_fills": 305,
      "p95_slippage_bps": 10.055222405693113,
      "mean_slippage_bps": 3.962819141392431,
      "median_slippage_bps": 3.1206845414589384,
      "p99_slippage_bps": 19.356095539874417,
      "maker_ratio": 0.7,
      "fills_under_threshold": 299,
      "pct_under_threshold": 0.980327868852459,
      "gate_status": "INSUFFICIENT_DATA",
      "reason": "need_2000_fills_have_305",
      "threshold_bps": 15.0,
      "min_sample_size": 2000
    },
    "NVDA_alpaca": {
      "total_fills": 318,
      "p95_slippage_bps": 8.440479223667749,
      "mean_slippage_bps": 3.861278971823052,
      "median_slippage_bps": 3.429172736082548,
      "p99_slippage_bps": 19.086839147226137,
      "maker_ratio": 0.7,
      "fills_under_threshold": 313,
      "pct_under_threshold": 0.9842767295597484,
      "gate_status": "INSUFFICIENT_DATA",
      "reason": "need_2000_fills_have_318",
      "threshold_bps": 15.0,
      "min_sample_size": 2000
    },
    "NVDA_binance": {
      "total_fills": 302,
      "p95_slippage_bps": 9.054979094914444,
      "mean_slippage_bps": 3.9555155191619527,
      "median_slippage_bps": 3.4274967493288786,
      "p99_slippage_bps": 18.82408928869258,
      "maker_ratio": 0.7,
      "fills_under_threshold": 298,
      "pct_under_threshold": 0.9867549668874173,
      "gate_status": "INSUFFICIENT_DATA",
      "reason": "need_2000_fills_have_302",
      "threshold_bps": 15.0,
      "min_sample_size": 2000
    },
    "NVDA_coinbase": {
      "total_fills": 314,
      "p95_slippage_bps": 10.132104816649765,
      "mean_slippage_bps": 4.2313522630837515,
      "median_slippage_bps": 3.597923126978537,
      "p99_slippage_bps": 17.93883207119028,
      "maker_ratio": 0.7,
      "fills_under_threshold": 304,
      "pct_under_threshold": 0.9681528662420382,
      "gate_status": "INSUFFICIENT_DATA",
      "reason": "need_2000_fills_have_314",