{
  "timestamp": "2025-08-16T22:58:33.866886+00:00",
  "window_hours": 48,
  "threshold_bps": 15.0,
  "min_sample_size": 2000,
  "overall_metrics": {
    "total_fills": 2745,
    "p95_slippage_bps": 8.768472754841252,
    "mean_slippage_bps": 3.965087074294939,
    "median_slippage_bps": 3.365150205691204,
    "p99_slippage_bps": 18.26385927291907,
    "maker_ratio": 0.7,
    "fills_under_threshold": 2684,
    "pct_under_threshold": 0.9777777777777777,
    "gate_status": "PASS",
    "reason": "criteria_met",
    "threshold_bps": 15.0,
    "min_sample_size": 2000
  },
  "breakdown_metrics": {
    "asset_ETH-USD": {
      "total_fills": 916,
      "p95_slippage_bps": 8.622164180576195,
      "mean_slippage_bps": 3.9765364940052486,
      "median_slippage_bps": 3.3340301830633248,
      "p99_slippage_bps": 18.76531022740339,
      "maker_ratio": 0.7,
      "fills_under_threshold": 896,
      "pct_under_threshold": 0.9781659388646288,
      "gate_status": "INSUFFICIENT_DATA",
      "reason": "need_2000_fills_have_916",
      "threshold_bps": 15.0,
      "min_sample_size": 2000
    },
    "asset_NVDA": {
      "total_fills": 903,
      "p95_slippage_bps": 8.778527688869788,
      "mean_slippage_bps": 3.8664621342160617,
      "median_slippage_bps": 3.3526617925180475,
      "p99_slippage_bps": 17.014033186443648,
      "maker_ratio": 0.7,
      "fills_under_threshold": 887,
      "pct_under_threshold": 0.982281284606866,
      "gate_status": "INSUFFICIENT_DATA",
      "reason": "need_2000_fills_have_903",
      "threshold_bps": 15.0,
      "min_sample_size": 2000
    },
    "asset_BTC-USD": {
      "total_fills": 926,
      "p95_slippage_bps": 8.773923126101177,
      "mean_slippage_bps": 4.049936590965115,
      "median_slippage_bps": 3.377504276740956,
      "p99_slippage_bps": 18.724717766384963,
      "maker_ratio": 0.7,
      "fills_under_threshold": 901,
      "pct_under_threshold": 0.9730021598272138,
      "gate_status": "INSUFFICIENT_DATA",
      "reason": "need_2000_fills_have_926",
      "threshold_bps": 15.0,
      "min_sample_size": 2000
    },
    "venue_binance": {
      "total_fills": 888,
      "p95_slippage_bps": 8.633929917177078,
      "mean_slippage_bps": 3.9240090897193243,
      "median_slippage_bps": 3.3748110428522136,
      "p99_slippage_bps": 17.697516655566908,
      "maker_ratio": 0.7,
      "fills_under_threshold": 871,
      "pct_under_threshold": 0.9808558558558559,
      "gate_status": "INSUFFICIENT_DATA",
      "reason": "need_2000_fills_have_888",
      "threshold_bps": 15.0,
      "min_sample_size": 2000
    },
    "venue_alpaca": {
      "total_fills": 903,
      "p95_slippage_bps": 8.696617293587838,
      "mean_slippage_bps": 3.9638797531351733,
      "median_slippage_bps": 3.346140200484375,
      "p99_slippage_bps": 18.45162686923343,
      "maker_ratio": 0.7,
      "fills_under_threshold": 882,
      "pct_under_threshold": 0.9767441860465116,
      "gate_status": "INSUFFICIENT_DATA",
      "reason": "need_2000_fills_have_903",
      "threshold_bps": 15.0,
      "min_sample_size": 2000
    },
    "venue_coinbase": {
      "total_fills": 954,
      "p95_slippage_bps": 9.014780003632058,
      "mean_slippage_bps": 4.004465964557428,
      "median_slippage_bps": 3.3586674170089,
      "p99_slippage_bps": 18.328241684336422,
      "maker_ratio": 0.7,
      "fills_under_threshold": 931,
      "pct_under_threshold": 0.9758909853249476,
      "gate_status": "INSUFFICIENT_DATA",
      "reason": "need_2000_fills_have_954",
      "threshold_bps": 15.0,
      "min_sample_size": 2000
    },
    "BTC-USD_alpaca": {
      "total_fills": 296,
      "p95_slippage_bps": 7.819050140929209,
      "mean_slippage_bps": 3.8648298803595154,
      "median_slippage_bps": 3.457197960653014,
      "p99_slippage_bps": 16.732094287240944,
      "maker_ratio": 0.7,
      "fills_under_threshold": 292,
      "pct_under_threshold": 0.9864864864864865,
      "gate_status": "INSUFFICIENT_DATA",
      "reason": "need_2000_fills_have_296",
      "threshold_bps": 15.0,
      "min_sample_size": 2000
    },
    "BTC-USD_binance": {
      "total_fills": 325,
      "p95_slippage_bps": 8.870842266538304,
      "mean_slippage_bps": 3.9165380240773686,
      "median_slippage_bps": 3.3151497881485428,
      "p99_slippage_bps": 18.01126229655637,
      "maker_ratio": 0.7,
      "fills_under_threshold": 316,
      "pct_under_threshold": 0.9723076923076923,
      "gate_status": "INSUFFICIENT_DATA",
      "reason": "need_2000_fills_have_325",
      "threshold_bps": 15.0,
      "min_sample_size": 2000
    },
    "BTC-USD_coinbase": {
      "total_fills": 305,
      "p95_slippage_bps": 10.592028339779729,
      "mean_slippage_bps": 4.37172715023651,
      "median_slippage_bps": 3.4306102945766614,
      "p99_slippage_bps": 22.091608456073757,
      "maker_ratio": 0.7,
      "fills_under_threshold": 293,
      "pct_under_threshold": 0.9606557377049181,
      "gate_status": "INSUFFICIENT_DATA",
      "reason": "need_2000_fills_have_305",
      "threshold_bps": 15.0,
      "min_sample_size": 2000
    },
    "ETH-USD_alpaca": {
      "total_fills": 304,
      "p95_slippage_bps": 10.169126205810263,
      "mean_slippage_bps": 4.104878773099138,
      "median_slippage_bps": 3.2027067334184993,
      "p99_slippage_bps": 20.97670575977083,
      "maker_ratio": 0.7,
      "fills_under_threshold": 293,
      "pct_under_threshold": 0.9638157894736842,
      "gate_status": "INSUFFICIENT_DATA",
      "reason": "need_2000_fills_have_304",
      "threshold_bps": 15.0,
      "min_sample_size": 2000
    },
    "ETH-USD_binance": {
      "total_fills": 291,
      "p95_slippage_bps": 8.678244979835165,
      "mean_slippage_bps": 4.069790904106258,
      "median_slippage_bps": 3.487392868277319,
      "p99_slippage_bps": 17.88637868329392,
      "maker_ratio": 0.7,
      "fills_under_threshold": 286,
      "pct_under_threshold": 0.9828178694158075,
      "gate_status": "INSUFFICIENT_DATA",
      "reason": "need_2000_fills_have_291",
      "threshold_bps": 15.0,
      "min_sample_size": 2000
    },
    "ETH-USD_coinbase": {
      "total_fills": 321,
      "p95_slippage_bps": 7.979669143060214,
      "mean_slippage_bps": 3.770452113369935,
      "median_slippage_bps": 3.266907307735097,
      "p99_slippage_bps": 15.429242394827511,
      "maker_ratio": 0.7,
      "fills_under_threshold": 317,
      "pct_under_threshold": 0.9875389408099688,
      "gate_status": "INSUFFICIENT_DATA",
      "reason": "need_2000_fills_have_321",
      "threshold_bps": 15.0,
      "min_sample_size": 2000
    },
    "NVDA_alpaca": {
      "total_fills": 303,
      "p95_slippage_bps": 8.43160765440624,
      "mean_slippage_bps": 3.91917698175745,
      "median_slippage_bps": 3.3924434113075095,
      "p99_slippage_bps": 17.33336421584102,
      "maker_ratio": 0.7,
      "fills_under_threshold": 297,
      "pct_under_threshold": 0.9801980198019802,
      "gate_status": "INSUFFICIENT_DATA",
      "reason": "need_2000_fills_have_303",
      "threshold_bps": 15.0,
      "min_sample_size": 2000
    },
    "NVDA_binance": {
      "total_fills": 272,
      "p95_slippage_bps": 7.905307611883284,
      "mean_slippage_bps": 3.776970811583435,
      "median_slippage_bps": 3.3636996372100363,
      "p99_slippage_bps": 14.854738646179458,
      "maker_ratio": 0.7,
      "fills_under_threshold": 269,
      "pct_under_threshold": 0.9889705882352942,
      "gate_status": "INSUFFICIENT_DATA",
      "reason": "need_2000_fills_have_272",
      "threshold_bps": 15.0,
      "min_sample_size": 2000
    },
    "NVDA_coinbase": {
      "total_fills": 328,
      "p95_slippage_bps": 9.173642335504269,
      "mean_slippage_bps": 3.891977502969213,
      "median_slippage_bps": 3.3484397829086148,
      "p99_slippage_bps": 17.657048597847886,
      "maker_ratio": 0.7,
      "fills_under_threshold": 321,
      "pct_under_threshold": 0.9786585365853658,
      "gate_status": "INSUFFICIENT_DATA",
      "reason": "need_2000_fills_have_328",