{
  "timestamp": "2025-08-16T10:41:56.458313+00:00",
  "window_hours": 48,
  "threshold_bps": 15.0,
  "min_sample_size": 2000,
  "overall_metrics": {
    "total_fills": 2763,
    "p95_slippage_bps": 9.037601429114071,
    "mean_slippage_bps": 3.9977082392646803,
    "median_slippage_bps": 3.40070637762692,
    "p99_slippage_bps": 18.773848199709448,
    "maker_ratio": 0.7,
    "fills_under_threshold": 2705,
    "pct_under_threshold": 0.9790083242851972,
    "gate_status": "PASS",
    "reason": "criteria_met",
    "threshold_bps": 15.0,
    "min_sample_size": 2000
  },
  "breakdown_metrics": {
    "asset_ETH-USD": {
      "total_fills": 911,
      "p95_slippage_bps": 9.061482517175179,
      "mean_slippage_bps": 4.0338613904512135,
      "median_slippage_bps": 3.4465693034676828,
      "p99_slippage_bps": 19.326501073691,
      "maker_ratio": 0.7,
      "fills_under_threshold": 887,
      "pct_under_threshold": 0.973655323819978,
      "gate_status": "INSUFFICIENT_DATA",
      "reason": "need_2000_fills_have_911",
      "threshold_bps": 15.0,
      "min_sample_size": 2000
    },
    "asset_NVDA": {
      "total_fills": 945,
      "p95_slippage_bps": 9.201860159609966,
      "mean_slippage_bps": 4.0203238218245065,
      "median_slippage_bps": 3.3499506613141796,
      "p99_slippage_bps": 17.9283996269211,
      "maker_ratio": 0.7,
      "fills_under_threshold": 929,
      "pct_under_threshold": 0.9830687830687831,
      "gate_status": "INSUFFICIENT_DATA",
      "reason": "need_2000_fills_have_945",
      "threshold_bps": 15.0,
      "min_sample_size": 2000
    },
    "asset_BTC-USD": {
      "total_fills": 907,
      "p95_slippage_bps": 8.642069993003034,
      "mean_slippage_bps": 3.93783255431433,
      "median_slippage_bps": 3.3678030765314717,
      "p99_slippage_bps": 16.72291236220804,
      "maker_ratio": 0.7,
      "fills_under_threshold": 889,
      "pct_under_threshold": 0.980154355016538,
      "gate_status": "INSUFFICIENT_DATA",
      "reason": "need_2000_fills_have_907",
      "threshold_bps": 15.0,
      "min_sample_size": 2000
    },
    "venue_binance": {
      "total_fills": 911,
      "p95_slippage_bps": 9.400832751532517,
      "mean_slippage_bps": 3.970154651482998,
      "median_slippage_bps": 3.439727687372634,
      "p99_slippage_bps": 16.89622508051034,
      "maker_ratio": 0.7,
      "fills_under_threshold": 891,
      "pct_under_threshold": 0.9780461031833151,
      "gate_status": "INSUFFICIENT_DATA",
      "reason": "need_2000_fills_have_911",
      "threshold_bps": 15.0,
      "min_sample_size": 2000
    },
    "venue_alpaca": {
      "total_fills": 971,
      "p95_slippage_bps": 9.177166373059487,
      "mean_slippage_bps": 4.067654801682925,
      "median_slippage_bps": 3.3755343275858074,
      "p99_slippage_bps": 19.38542215315907,
      "maker_ratio": 0.7,
      "fills_under_threshold": 947,
      "pct_under_threshold": 0.9752832131822863,
      "gate_status": "INSUFFICIENT_DATA",
      "reason": "need_2000_fills_have_971",
      "threshold_bps": 15.0,
      "min_sample_size": 2000
    },
    "venue_coinbase": {
      "total_fills": 881,
      "p95_slippage_bps": 8.636868904463604,
      "mean_slippage_bps": 3.9491080194701262,
      "median_slippage_bps": 3.40070637762692,
      "p99_slippage_bps": 18.711034476485473,
      "maker_ratio": 0.7,
      "fills_under_threshold": 867,
      "pct_under_threshold": 0.9841089670828603,
      "gate_status": "INSUFFICIENT_DATA",
      "reason": "need_2000_fills_have_881",
      "threshold_bps": 15.0,
      "min_sample_size": 2000
    },
    "BTC-USD_alpaca": {
      "total_fills": 330,
      "p95_slippage_bps": 7.938786007553689,
      "mean_slippage_bps": 3.7410150712882575,
      "median_slippage_bps": 3.158646499928752,
      "p99_slippage_bps": 14.22687018144197,
      "maker_ratio": 0.7,
      "fills_under_threshold": 326,
      "pct_under_threshold": 0.9878787878787879,
      "gate_status": "INSUFFICIENT_DATA",
      "reason": "need_2000_fills_have_330",
      "threshold_bps": 15.0,
      "min_sample_size": 2000
    },
    "BTC-USD_binance": {
      "total_fills": 304,
      "p95_slippage_bps": 9.735232786264094,
      "mean_slippage_bps": 4.178870022513316,
      "median_slippage_bps": 3.617369809543438,
      "p99_slippage_bps": 19.89440994682252,
      "maker_ratio": 0.7,
      "fills_under_threshold": 295,
      "pct_under_threshold": 0.9703947368421053,
      "gate_status": "INSUFFICIENT_DATA",
      "reason": "need_2000_fills_have_304",
      "threshold_bps": 15.0,
      "min_sample_size": 2000
    },
    "BTC-USD_coinbase": {
      "total_fills": 273,
      "p95_slippage_bps": 8.639840955057565,
      "mean_slippage_bps": 3.9073357743367185,
      "median_slippage_bps": 3.408739907389235,
      "p99_slippage_bps": 17.2660217630323,
      "maker_ratio": 0.7,
      "fills_under_threshold": 268,
      "pct_under_threshold": 0.9816849816849816,
      "gate_status": "INSUFFICIENT_DATA",
      "reason": "need_2000_fills_have_273",
      "threshold_bps": 15.0,
      "min_sample_size": 2000
    },
    "ETH-USD_alpaca": {
      "total_fills": 289,
      "p95_slippage_bps": 9.37601011522149,
      "mean_slippage_bps": 4.237316510837749,
      "median_slippage_bps": 3.4926318736422326,
      "p99_slippage_bps": 20.423396238978263,
      "maker_ratio": 0.7,
      "fills_under_threshold": 277,
      "pct_under_threshold": 0.9584775086505191,
      "gate_status": "INSUFFICIENT_DATA",
      "reason": "need_2000_fills_have_289",
      "threshold_bps": 15.0,
      "min_sample_size": 2000
    },
    "ETH-USD_binance": {
      "total_fills": 312,
      "p95_slippage_bps": 9.323221546423484,
      "mean_slippage_bps": 3.870219507629592,
      "median_slippage_bps": 3.386995990652771,
      "p99_slippage_bps": 16.80902740340968,
      "maker_ratio": 0.7,
      "fills_under_threshold": 305,
      "pct_under_threshold": 0.9775641025641025,
      "gate_status": "INSUFFICIENT_DATA",
      "reason": "need_2000_fills_have_312",
      "threshold_bps": 15.0,
      "min_sample_size": 2000
    },
    "ETH-USD_coinbase": {
      "total_fills": 310,
      "p95_slippage_bps": 8.817206697473273,
      "mean_slippage_bps": 4.00888635060811,
      "median_slippage_bps": 3.4471096380428783,
      "p99_slippage_bps": 19.31872411466314,
      "maker_ratio": 0.7,
      "fills_under_threshold": 305,
      "pct_under_threshold": 0.9838709677419355,
      "gate_status": "INSUFFICIENT_DATA",
      "reason": "need_2000_fills_have_310",
      "threshold_bps": 15.0,
      "min_sample_size": 2000
    },
    "NVDA_alpaca": {
      "total_fills": 352,
      "p95_slippage_bps": 10.122590109698189,
      "mean_slippage_bps": 4.234583429763879,
      "median_slippage_bps": 3.504609426438679,
      "p99_slippage_bps": 19.221983003524283,
      "maker_ratio": 0.7,
      "fills_under_threshold": 344,
      "pct_under_threshold": 0.9772727272727273,
      "gate_status": "INSUFFICIENT_DATA",
      "reason": "need_2000_fills_have_352",
      "threshold_bps": 15.0,
      "min_sample_size": 2000
    },
    "NVDA_binance": {
      "total_fills": 295,
      "p95_slippage_bps": 8.943310821523719,
      "mean_slippage_bps": 3.8607658111068828,
      "median_slippage_bps": 3.278995531099287,
      "p99_slippage_bps": 15.405032836686889,
      "maker_ratio": 0.7,
      "fills_under_threshold": 291,
      "pct_under_threshold": 0.9864406779661017,
      "gate_status": "INSUFFICIENT_DATA",
      "reason": "need_2000_fills_have_295",
      "threshold_bps": 15.0,
      "min_sample_size": 2000
    },
    "NVDA_coinbase": {
      "total_fills": 298,
      "p95_slippage_bps": 8.081362358180968,
      "mean_slippage_bps": 3.92519036936491,
      "median_slippage_bps": 3.288209335603222,
      "p99_slippage_bps": 16.003305422365106,
      "maker_ratio": 0.7,
      "fills_under_threshold": 294,
      "pct_under_threshold": 0.9865771812080537,
      "gate_status": "INSUFFICIENT_DATA",
      "reason": "need_2000_fills_have_298",