{
  "timestamp": "2025-08-16T05:56:34.947664+00:00",
  "window_hours": 48,
  "threshold_bps": 15.0,
  "min_sample_size": 2000,
  "overall_metrics": {
    "total_fills": 2586,
    "p95_slippage_bps": 8.950221754107465,
    "mean_slippage_bps": 3.995284795224999,
    "median_slippage_bps": 3.393779799599168,
    "p99_slippage_bps": 18.37929595626546,
    "maker_ratio": 0.7,
    "fills_under_threshold": 2538,
    "pct_under_threshold": 0.9814385150812065,
    "gate_status": "PASS",
    "reason": "criteria_met",
    "threshold_bps": 15.0,
    "min_sample_size": 2000
  },
  "breakdown_metrics": {
    "asset_ETH-USD": {
      "total_fills": 909,
      "p95_slippage_bps": 8.584530937268841,
      "mean_slippage_bps": 4.039224403903441,
      "median_slippage_bps": 3.4117809425762884,
      "p99_slippage_bps": 18.462997209403078,
      "maker_ratio": 0.7,
      "fills_under_threshold": 893,
      "pct_under_threshold": 0.9823982398239824,
      "gate_status": "INSUFFICIENT_DATA",
      "reason": "need_2000_fills_have_909",
      "threshold_bps": 15.0,
      "min_sample_size": 2000
    },
    "asset_NVDA": {
      "total_fills": 841,
      "p95_slippage_bps": 9.030173766998747,
      "mean_slippage_bps": 4.03955826341187,
      "median_slippage_bps": 3.434281314110981,
      "p99_slippage_bps": 17.960882594737274,
      "maker_ratio": 0.7,
      "fills_under_threshold": 827,
      "pct_under_threshold": 0.9833531510107015,
      "gate_status": "INSUFFICIENT_DATA",
      "reason": "need_2000_fills_have_841",
      "threshold_bps": 15.0,
      "min_sample_size": 2000
    },
    "asset_BTC-USD": {
      "total_fills": 836,
      "p95_slippage_bps": 9.24363192422403,
      "mean_slippage_bps": 3.9029700930313824,
      "median_slippage_bps": 3.2992851341529192,
      "p99_slippage_bps": 18.66625916766509,
      "maker_ratio": 0.7,
      "fills_under_threshold": 818,
      "pct_under_threshold": 0.9784688995215312,
      "gate_status": "INSUFFICIENT_DATA",
      "reason": "need_2000_fills_have_836",
      "threshold_bps": 15.0,
      "min_sample_size": 2000
    },
    "venue_binance": {
      "total_fills": 873,
      "p95_slippage_bps": 8.641686337412358,
      "mean_slippage_bps": 3.8269827680428947,
      "median_slippage_bps": 3.326948713221484,
      "p99_slippage_bps": 17.298719903299396,
      "maker_ratio": 0.7,
      "fills_under_threshold": 861,
      "pct_under_threshold": 0.9862542955326461,
      "gate_status": "INSUFFICIENT_DATA",
      "reason": "need_2000_fills_have_873",
      "threshold_bps": 15.0,
      "min_sample_size": 2000
    },
    "venue_alpaca": {
      "total_fills": 837,
      "p95_slippage_bps": 9.267625664836213,
      "mean_slippage_bps": 4.147455755795196,
      "median_slippage_bps": 3.438505900238149,
      "p99_slippage_bps": 20.02045904261872,
      "maker_ratio": 0.7,
      "fills_under_threshold": 817,
      "pct_under_threshold": 0.97610513739546,
      "gate_status": "INSUFFICIENT_DATA",
      "reason": "need_2000_fills_have_837",
      "threshold_bps": 15.0,
      "min_sample_size": 2000
    },
    "venue_coinbase": {
      "total_fills": 876,
      "p95_slippage_bps": 8.846395845938693,
      "mean_slippage_bps": 4.01761421957742,
      "median_slippage_bps": 3.3919179790850125,
      "p99_slippage_bps": 16.998590694512735,
      "maker_ratio": 0.7,
      "fills_under_threshold": 860,
      "pct_under_threshold": 0.9817351598173516,
      "gate_status": "INSUFFICIENT_DATA",
      "reason": "need_2000_fills_have_876",
      "threshold_bps": 15.0,
      "min_sample_size": 2000
    },
    "BTC-USD_alpaca": {
      "total_fills": 259,
      "p95_slippage_bps": 10.468633306086,
      "mean_slippage_bps": 4.176193496341993,
      "median_slippage_bps": 3.3891408376021372,
      "p99_slippage_bps": 20.400844621645614,
      "maker_ratio": 0.7,
      "fills_under_threshold": 250,
      "pct_under_threshold": 0.9652509652509652,
      "gate_status": "INSUFFICIENT_DATA",
      "reason": "need_2000_fills_have_259",
      "threshold_bps": 15.0,
      "min_sample_size": 2000
    },
    "BTC-USD_binance": {
      "total_fills": 291,
      "p95_slippage_bps": 8.256668219277147,
      "mean_slippage_bps": 3.6699620168599556,
      "median_slippage_bps": 3.2946632516399195,
      "p99_slippage_bps": 12.667275454597101,
      "maker_ratio": 0.7,
      "fills_under_threshold": 289,
      "pct_under_threshold": 0.993127147766323,
      "gate_status": "INSUFFICIENT_DATA",
      "reason": "need_2000_fills_have_291",
      "threshold_bps": 15.0,
      "min_sample_size": 2000
    },
    "BTC-USD_coinbase": {
      "total_fills": 286,
      "p95_slippage_bps": 9.528409190245899,
      "mean_slippage_bps": 3.89262215145249,
      "median_slippage_bps": 3.2876931033283556,
      "p99_slippage_bps": 16.05633300084311,
      "maker_ratio": 0.7,
      "fills_under_threshold": 279,
      "pct_under_threshold": 0.9755244755244755,
      "gate_status": "INSUFFICIENT_DATA",
      "reason": "need_2000_fills_have_286",
      "threshold_bps": 15.0,
      "min_sample_size": 2000
    },
    "ETH-USD_alpaca": {
      "total_fills": 304,
      "p95_slippage_bps": 8.984563974283667,
      "mean_slippage_bps": 4.0349473205629565,
      "median_slippage_bps": 3.3963667487169125,
      "p99_slippage_bps": 18.4052495507708,
      "maker_ratio": 0.7,
      "fills_under_threshold": 298,
      "pct_under_threshold": 0.9802631578947368,
      "gate_status": "INSUFFICIENT_DATA",
      "reason": "need_2000_fills_have_304",
      "threshold_bps": 15.0,
      "min_sample_size": 2000
    },
    "ETH-USD_binance": {
      "total_fills": 304,
      "p95_slippage_bps": 8.3204386570477,
      "mean_slippage_bps": 3.9960478478314188,
      "median_slippage_bps": 3.5500481382582088,
      "p99_slippage_bps": 17.47797701210172,
      "maker_ratio": 0.7,
      "fills_under_threshold": 299,
      "pct_under_threshold": 0.9835526315789473,
      "gate_status": "INSUFFICIENT_DATA",
      "reason": "need_2000_fills_have_304",
      "threshold_bps": 15.0,
      "min_sample_size": 2000
    },
    "ETH-USD_coinbase": {
      "total_fills": 301,
      "p95_slippage_bps": 8.645389270080154,
      "mean_slippage_bps": 4.087151003177203,
      "median_slippage_bps": 3.2955336032469438,
      "p99_slippage_bps": 18.195706097195284,
      "maker_ratio": 0.7,
      "fills_under_threshold": 296,
      "pct_under_threshold": 0.9833887043189369,
      "gate_status": "INSUFFICIENT_DATA",
      "reason": "need_2000_fills_have_301",
      "threshold_bps": 15.0,
      "min_sample_size": 2000
    },
    "NVDA_alpaca": {
      "total_fills": 274,
      "p95_slippage_bps": 9.112945228060628,
      "mean_slippage_bps": 4.245118126265927,
      "median_slippage_bps": 3.4825913361392975,
      "p99_slippage_bps": 24.032808527838398,
      "maker_ratio": 0.7,
      "fills_under_threshold": 269,
      "pct_under_threshold": 0.9817518248175182,
      "gate_status": "INSUFFICIENT_DATA",
      "reason": "need_2000_fills_have_274",
      "threshold_bps": 15.0,
      "min_sample_size": 2000
    },
    "NVDA_binance": {
      "total_fills": 278,
      "p95_slippage_bps": 9.253680117236431,
      "mean_slippage_bps": 3.8064692944404617,
      "median_slippage_bps": 3.17419008070591,
      "p99_slippage_bps": 17.911188300193782,
      "maker_ratio": 0.7,
      "fills_under_threshold": 273,
      "pct_under_threshold": 0.9820143884892086,
      "gate_status": "INSUFFICIENT_DATA",
      "reason": "need_2000_fills_have_278",
      "threshold_bps": 15.0,
      "min_sample_size": 2000
    },
    "NVDA_coinbase": {
      "total_fills": 289,
      "p95_slippage_bps": 8.63848602947582,
      "mean_slippage_bps": 4.068884668090207,
      "median_slippage_bps": 3.6075968589990723,
      "p99_slippage_bps": 16.96124881496701,
      "maker_ratio": 0.7,
      "fills_under_threshold": 285,
      "pct_under_threshold": 0.986159169550173,
      "gate_status": "INSUFFICIENT_DATA",
      "reason": "need_2000_fills_have_289",