{
  "timestamp": "2025-08-16T18:49:32.396361+00:00",
  "window_hours": 48,
  "threshold_bps": 15.0,
  "min_sample_size": 2000,
  "overall_metrics": {
    "total_fills": 2770,
    "p95_slippage_bps": 8.72724420703541,
    "mean_slippage_bps": 3.9108174519239483,
    "median_slippage_bps": 3.3704157354487476,
    "p99_slippage_bps": 18.378138634068414,
    "maker_ratio": 0.7,
    "fills_under_threshold": 2720,
    "pct_under_threshold": 0.9819494584837545,
    "gate_status": "PASS",
    "reason": "criteria_met",
    "threshold_bps": 15.0,
    "min_sample_size": 2000
  },
  "breakdown_metrics": {
    "asset_NVDA": {
      "total_fills": 932,
      "p95_slippage_bps": 8.462370979150508,
      "mean_slippage_bps": 3.961362390109085,
      "median_slippage_bps": 3.4285835328599275,
      "p99_slippage_bps": 18.540965689507964,
      "maker_ratio": 0.7,
      "fills_under_threshold": 915,
      "pct_under_threshold": 0.9817596566523605,
      "gate_status": "INSUFFICIENT_DATA",
      "reason": "need_2000_fills_have_932",
      "threshold_bps": 15.0,
      "min_sample_size": 2000
    },
    "asset_ETH-USD": {
      "total_fills": 904,
      "p95_slippage_bps": 8.833329604073267,
      "mean_slippage_bps": 3.9107497504403947,
      "median_slippage_bps": 3.3829501295276048,
      "p99_slippage_bps": 18.337647603242058,
      "maker_ratio": 0.7,
      "fills_under_threshold": 888,
      "pct_under_threshold": 0.9823008849557522,
      "gate_status": "INSUFFICIENT_DATA",
      "reason": "need_2000_fills_have_904",
      "threshold_bps": 15.0,
      "min_sample_size": 2000
    },
    "asset_BTC-USD": {
      "total_fills": 934,
      "p95_slippage_bps": 8.935028384210973,
      "mean_slippage_bps": 3.860446273928857,
      "median_slippage_bps": 3.310217091722458,
      "p99_slippage_bps": 17.32541310880482,
      "maker_ratio": 0.7,
      "fills_under_threshold": 917,
      "pct_under_threshold": 0.9817987152034261,
      "gate_status": "INSUFFICIENT_DATA",
      "reason": "need_2000_fills_have_934",
      "threshold_bps": 15.0,
      "min_sample_size": 2000
    },
    "venue_alpaca": {
      "total_fills": 984,
      "p95_slippage_bps": 8.606101341145978,
      "mean_slippage_bps": 3.8215922026901037,
      "median_slippage_bps": 3.3787795762612625,
      "p99_slippage_bps": 17.107678065656277,
      "maker_ratio": 0.7,
      "fills_under_threshold": 967,
      "pct_under_threshold": 0.9827235772357723,
      "gate_status": "INSUFFICIENT_DATA",
      "reason": "need_2000_fills_have_984",
      "threshold_bps": 15.0,
      "min_sample_size": 2000
    },
    "venue_binance": {
      "total_fills": 896,
      "p95_slippage_bps": 9.174516285240614,
      "mean_slippage_bps": 4.044233508867758,
      "median_slippage_bps": 3.3480282912967683,
      "p99_slippage_bps": 19.207810339192548,
      "maker_ratio": 0.7,
      "fills_under_threshold": 878,
      "pct_under_threshold": 0.9799107142857143,
      "gate_status": "INSUFFICIENT_DATA",
      "reason": "need_2000_fills_have_896",
      "threshold_bps": 15.0,
      "min_sample_size": 2000
    },
    "venue_coinbase": {
      "total_fills": 890,
      "p95_slippage_bps": 8.443898826999389,
      "mean_slippage_bps": 3.875151000490745,
      "median_slippage_bps": 3.362430227171576,
      "p99_slippage_bps": 18.359939278274723,
      "maker_ratio": 0.7,
      "fills_under_threshold": 875,
      "pct_under_threshold": 0.9831460674157303,
      "gate_status": "INSUFFICIENT_DATA",
      "reason": "need_2000_fills_have_890",
      "threshold_bps": 15.0,
      "min_sample_size": 2000
    },
    "BTC-USD_alpaca": {
      "total_fills": 341,
      "p95_slippage_bps": 9.520362549306629,
      "mean_slippage_bps": 3.9000655395186308,
      "median_slippage_bps": 3.3546148631867436,
      "p99_slippage_bps": 20.227527706237932,
      "maker_ratio": 0.7,
      "fills_under_threshold": 333,
      "pct_under_threshold": 0.9765395894428153,
      "gate_status": "INSUFFICIENT_DATA",
      "reason": "need_2000_fills_have_341",
      "threshold_bps": 15.0,
      "min_sample_size": 2000
    },
    "BTC-USD_binance": {
      "total_fills": 313,
      "p95_slippage_bps": 9.235736994815987,
      "mean_slippage_bps": 3.9493534424585177,
      "median_slippage_bps": 3.2429887019382897,
      "p99_slippage_bps": 16.57082944071995,
      "maker_ratio": 0.7,
      "fills_under_threshold": 307,
      "pct_under_threshold": 0.9808306709265175,
      "gate_status": "INSUFFICIENT_DATA",
      "reason": "need_2000_fills_have_313",
      "threshold_bps": 15.0,
      "min_sample_size": 2000
    },
    "BTC-USD_coinbase": {
      "total_fills": 280,
      "p95_slippage_bps": 8.25027847822747,
      "mean_slippage_bps": 3.712810154943512,
      "median_slippage_bps": 3.348790042421668,
      "p99_slippage_bps": 14.981535823168239,
      "maker_ratio": 0.7,
      "fills_under_threshold": 277,
      "pct_under_threshold": 0.9892857142857143,
      "gate_status": "INSUFFICIENT_DATA",
      "reason": "need_2000_fills_have_280",
      "threshold_bps": 15.0,
      "min_sample_size": 2000
    },
    "ETH-USD_alpaca": {
      "total_fills": 329,
      "p95_slippage_bps": 8.408121307260034,
      "mean_slippage_bps": 3.860870826368123,
      "median_slippage_bps": 3.507491909982158,
      "p99_slippage_bps": 16.4787769191374,
      "maker_ratio": 0.7,
      "fills_under_threshold": 324,
      "pct_under_threshold": 0.9848024316109423,
      "gate_status": "INSUFFICIENT_DATA",
      "reason": "need_2000_fills_have_329",
      "threshold_bps": 15.0,
      "min_sample_size": 2000
    },
    "ETH-USD_binance": {
      "total_fills": 277,
      "p95_slippage_bps": 8.808960097575905,
      "mean_slippage_bps": 3.9506980224412045,
      "median_slippage_bps": 3.3451525465926477,
      "p99_slippage_bps": 19.650948735083816,
      "maker_ratio": 0.7,
      "fills_under_threshold": 272,
      "pct_under_threshold": 0.9819494584837545,
      "gate_status": "INSUFFICIENT_DATA",
      "reason": "need_2000_fills_have_277",
      "threshold_bps": 15.0,
      "min_sample_size": 2000
    },
    "ETH-USD_coinbase": {
      "total_fills": 298,
      "p95_slippage_bps": 8.949049746851852,
      "mean_slippage_bps": 3.9286842963315136,
      "median_slippage_bps": 3.257087151183076,
      "p99_slippage_bps": 19.901897854925426,
      "maker_ratio": 0.7,
      "fills_under_threshold": 292,
      "pct_under_threshold": 0.9798657718120806,
      "gate_status": "INSUFFICIENT_DATA",
      "reason": "need_2000_fills_have_298",
      "threshold_bps": 15.0,
      "min_sample_size": 2000
    },
    "NVDA_alpaca": {
      "total_fills": 314,
      "p95_slippage_bps": 8.13123335636749,
      "mean_slippage_bps": 3.6952161675034922,
      "median_slippage_bps": 3.3412388695332087,
      "p99_slippage_bps": 15.67072570098612,
      "maker_ratio": 0.7,
      "fills_under_threshold": 310,
      "pct_under_threshold": 0.9872611464968153,
      "gate_status": "INSUFFICIENT_DATA",
      "reason": "need_2000_fills_have_314",
      "threshold_bps": 15.0,
      "min_sample_size": 2000
    },
    "NVDA_binance": {
      "total_fills": 306,
      "p95_slippage_bps": 9.181115864643541,
      "mean_slippage_bps": 4.225955046535233,
      "median_slippage_bps": 3.5657881356464056,
      "p99_slippage_bps": 19.253282522158212,
      "maker_ratio": 0.7,
      "fills_under_threshold": 299,
      "pct_under_threshold": 0.9771241830065359,
      "gate_status": "INSUFFICIENT_DATA",
      "reason": "need_2000_fills_have_306",
      "threshold_bps": 15.0,
      "min_sample_size": 2000
    },
    "NVDA_coinbase": {
      "total_fills": 312,
      "p95_slippage_bps": 8.299293356014177,
      "mean_slippage_bps": 3.9697103421339377,
      "median_slippage_bps": 3.419137065486057,
      "p99_slippage_bps": 18.365673577833267,
      "maker_ratio": 0.7,
      "fills_under_threshold": 306,
      "pct_under_threshold": 0.9807692307692307,
      "gate_status": "INSUFFICIENT_DATA",