{
  "timestamp": "2025-08-16T13:22:44.446016+00:00",
  "window_hours": 48,
  "threshold_bps": 15.0,
  "min_sample_size": 2000,
  "overall_metrics": {
    "total_fills": 2772,
    "p95_slippage_bps": 9.22811718825196,
    "mean_slippage_bps": 4.044015907686065,
    "median_slippage_bps": 3.4287912490094348,
    "p99_slippage_bps": 19.925621689327947,
    "maker_ratio": 0.7,
    "fills_under_threshold": 2707,
    "pct_under_threshold": 0.9765512265512265,
    "gate_status": "PASS",
    "reason": "criteria_met",
    "threshold_bps": 15.0,
    "min_sample_size": 2000
  },
  "breakdown_metrics": {
    "asset_BTC-USD": {
      "total_fills": 919,
      "p95_slippage_bps": 8.729490580651824,
      "mean_slippage_bps": 3.969475041290834,
      "median_slippage_bps": 3.4379960520598543,
      "p99_slippage_bps": 17.529982684683215,
      "maker_ratio": 0.7,
      "fills_under_threshold": 899,
      "pct_under_threshold": 0.9782372143634385,
      "gate_status": "INSUFFICIENT_DATA",
      "reason": "need_2000_fills_have_919",
      "threshold_bps": 15.0,
      "min_sample_size": 2000
    },
    "asset_NVDA": {
      "total_fills": 931,
      "p95_slippage_bps": 10.062297020433222,
      "mean_slippage_bps": 4.179336072671895,
      "median_slippage_bps": 3.4692265109749894,
      "p99_slippage_bps": 20.065073681458795,
      "maker_ratio": 0.7,
      "fills_under_threshold": 906,
      "pct_under_threshold": 0.9731471535982814,
      "gate_status": "INSUFFICIENT_DATA",
      "reason": "need_2000_fills_have_931",
      "threshold_bps": 15.0,
      "min_sample_size": 2000
    },
    "asset_ETH-USD": {
      "total_fills": 922,
      "p95_slippage_bps": 8.622687605570464,
      "mean_slippage_bps": 3.9816731556420395,
      "median_slippage_bps": 3.369040628487645,
      "p99_slippage_bps": 20.301064103512108,
      "maker_ratio": 0.7,
      "fills_under_threshold": 902,
      "pct_under_threshold": 0.9783080260303688,
      "gate_status": "INSUFFICIENT_DATA",
      "reason": "need_2000_fills_have_922",
      "threshold_bps": 15.0,
      "min_sample_size": 2000
    },
    "venue_binance": {
      "total_fills": 925,
      "p95_slippage_bps": 9.379575088797612,
      "mean_slippage_bps": 4.021904661691635,
      "median_slippage_bps": 3.312018357215745,
      "p99_slippage_bps": 20.884564163604264,
      "maker_ratio": 0.7,
      "fills_under_threshold": 899,
      "pct_under_threshold": 0.9718918918918918,
      "gate_status": "INSUFFICIENT_DATA",
      "reason": "need_2000_fills_have_925",
      "threshold_bps": 15.0,
      "min_sample_size": 2000
    },
    "venue_coinbase": {
      "total_fills": 876,
      "p95_slippage_bps": 9.46520155606488,
      "mean_slippage_bps": 4.086423055151017,
      "median_slippage_bps": 3.4049786200009224,
      "p99_slippage_bps": 19.993857520221248,
      "maker_ratio": 0.7,
      "fills_under_threshold": 856,
      "pct_under_threshold": 0.9771689497716894,
      "gate_status": "INSUFFICIENT_DATA",
      "reason": "need_2000_fills_have_876",
      "threshold_bps": 15.0,
      "min_sample_size": 2000
    },
    "venue_alpaca": {
      "total_fills": 971,
      "p95_slippage_bps": 8.783590540038961,
      "mean_slippage_bps": 4.0268215115640755,
      "median_slippage_bps": 3.5531961479700658,
      "p99_slippage_bps": 17.979268897864333,
      "maker_ratio": 0.7,
      "fills_under_threshold": 952,
      "pct_under_threshold": 0.98043254376931,
      "gate_status": "INSUFFICIENT_DATA",
      "reason": "need_2000_fills_have_971",
      "threshold_bps": 15.0,
      "min_sample_size": 2000
    },
    "BTC-USD_alpaca": {
      "total_fills": 302,
      "p95_slippage_bps": 8.741274104636544,
      "mean_slippage_bps": 3.9562044463225825,
      "median_slippage_bps": 3.5725897947393648,
      "p99_slippage_bps": 16.006592362267334,
      "maker_ratio": 0.7,
      "fills_under_threshold": 298,
      "pct_under_threshold": 0.9867549668874173,
      "gate_status": "INSUFFICIENT_DATA",
      "reason": "need_2000_fills_have_302",
      "threshold_bps": 15.0,
      "min_sample_size": 2000
    },
    "BTC-USD_binance": {
      "total_fills": 311,
      "p95_slippage_bps": 9.118008693649344,
      "mean_slippage_bps": 4.083748402138864,
      "median_slippage_bps": 3.312018357215745,
      "p99_slippage_bps": 19.119816241177528,
      "maker_ratio": 0.7,
      "fills_under_threshold": 300,
      "pct_under_threshold": 0.9646302250803859,
      "gate_status": "INSUFFICIENT_DATA",
      "reason": "need_2000_fills_have_311",
      "threshold_bps": 15.0,
      "min_sample_size": 2000
    },
    "BTC-USD_coinbase": {
      "total_fills": 306,
      "p95_slippage_bps": 7.762671010417743,
      "mean_slippage_bps": 3.8664315918028413,
      "median_slippage_bps": 3.309584782635513,
      "p99_slippage_bps": 16.66011728186131,
      "maker_ratio": 0.7,
      "fills_under_threshold": 301,
      "pct_under_threshold": 0.9836601307189542,
      "gate_status": "INSUFFICIENT_DATA",
      "reason": "need_2000_fills_have_306",
      "threshold_bps": 15.0,
      "min_sample_size": 2000
    },
    "ETH-USD_alpaca": {
      "total_fills": 336,
      "p95_slippage_bps": 8.479016900236845,
      "mean_slippage_bps": 3.9897660364404057,
      "median_slippage_bps": 3.579841352177503,
      "p99_slippage_bps": 20.02010428053058,
      "maker_ratio": 0.7,
      "fills_under_threshold": 330,
      "pct_under_threshold": 0.9821428571428571,
      "gate_status": "INSUFFICIENT_DATA",
      "reason": "need_2000_fills_have_336",
      "threshold_bps": 15.0,
      "min_sample_size": 2000
    },
    "ETH-USD_binance": {
      "total_fills": 316,
      "p95_slippage_bps": 8.761090936897201,
      "mean_slippage_bps": 3.9337565816858726,
      "median_slippage_bps": 3.3372955879305897,
      "p99_slippage_bps": 18.77826305538478,
      "maker_ratio": 0.7,
      "fills_under_threshold": 308,
      "pct_under_threshold": 0.9746835443037974,
      "gate_status": "INSUFFICIENT_DATA",
      "reason": "need_2000_fills_have_316",
      "threshold_bps": 15.0,
      "min_sample_size": 2000
    },
    "ETH-USD_coinbase": {
      "total_fills": 270,
      "p95_slippage_bps": 9.345125662668561,
      "mean_slippage_bps": 4.027682153500921,
      "median_slippage_bps": 3.2410617542634235,
      "p99_slippage_bps": 20.63509019614139,
      "maker_ratio": 0.7,
      "fills_under_threshold": 264,
      "pct_under_threshold": 0.9777777777777777,
      "gate_status": "INSUFFICIENT_DATA",
      "reason": "need_2000_fills_have_270",
      "threshold_bps": 15.0,
      "min_sample_size": 2000
    },
    "NVDA_alpaca": {
      "total_fills": 333,
      "p95_slippage_bps": 9.512835175774104,
      "mean_slippage_bps": 4.128253924009974,
      "median_slippage_bps": 3.4809901056097976,
      "p99_slippage_bps": 18.02706090456819,
      "maker_ratio": 0.7,
      "fills_under_threshold": 324,
      "pct_under_threshold": 0.972972972972973,
      "gate_status": "INSUFFICIENT_DATA",
      "reason": "need_2000_fills_have_333",
      "threshold_bps": 15.0,
      "min_sample_size": 2000
    },
    "NVDA_binance": {
      "total_fills": 298,
      "p95_slippage_bps": 9.980381541476195,
      "mean_slippage_bps": 4.05083550062698,
      "median_slippage_bps": 3.298799589407375,
      "p99_slippage_bps": 21.255880550036455,
      "maker_ratio": 0.7,
      "fills_under_threshold": 291,
      "pct_under_threshold": 0.9765100671140939,
      "gate_status": "INSUFFICIENT_DATA",
      "reason": "need_2000_fills_have_298",
      "threshold_bps": 15.0,
      "min_sample_size": 2000
    },
    "NVDA_coinbase": {
      "total_fills": 300,
      "p95_slippage_bps": 10.684248588682678,
      "mean_slippage_bps": 4.363681159251244,
      "median_slippage_bps": 3.5263545662066815,
      "p99_slippage_bps": 19.941023794943664,
      "maker_ratio": 0.7,
      "fills_under_threshold": 291,
      "pct_under_threshold": 0.97,
      "gate_status": "INSUFFICIENT_DATA",
      "reason": "need_2000_fills_have_300",