{
  "timestamp": "2025-08-16T23:35:41.619099+00:00",
  "window_hours": 48,
  "threshold_bps": 15.0,
  "min_sample_size": 2000,
  "overall_metrics": {
    "total_fills": 2740,
    "p95_slippage_bps": 9.567298357724285,
    "mean_slippage_bps": 4.070225377430593,
    "median_slippage_bps": 3.353650519244783,
    "p99_slippage_bps": 19.308382400134466,
    "maker_ratio": 0.7,
    "fills_under_threshold": 2680,
    "pct_under_threshold": 0.9781021897810219,
    "gate_status": "PASS",
    "reason": "criteria_met",
    "threshold_bps": 15.0,
    "min_sample_size": 2000
  },
  "breakdown_metrics": {
    "asset_BTC-USD": {
      "total_fills": 909,
      "p95_slippage_bps": 9.460977346583103,
      "mean_slippage_bps": 4.089488963806427,
      "median_slippage_bps": 3.2953177013273067,
      "p99_slippage_bps": 19.941862785917163,
      "maker_ratio": 0.7,
      "fills_under_threshold": 887,
      "pct_under_threshold": 0.9757975797579758,
      "gate_status": "INSUFFICIENT_DATA",
      "reason": "need_2000_fills_have_909",
      "threshold_bps": 15.0,
      "min_sample_size": 2000
    },
    "asset_NVDA": {
      "total_fills": 922,
      "p95_slippage_bps": 9.640734851094086,
      "mean_slippage_bps": 4.144879161666288,
      "median_slippage_bps": 3.4004888219387315,
      "p99_slippage_bps": 19.776982746891047,
      "maker_ratio": 0.7,
      "fills_under_threshold": 897,
      "pct_under_threshold": 0.972885032537961,
      "gate_status": "INSUFFICIENT_DATA",
      "reason": "need_2000_fills_have_922",
      "threshold_bps": 15.0,
      "min_sample_size": 2000
    },
    "asset_ETH-USD": {
      "total_fills": 909,
      "p95_slippage_bps": 9.395431312371704,
      "mean_slippage_bps": 3.975240350938906,
      "median_slippage_bps": 3.3161346944064154,
      "p99_slippage_bps": 16.38099278704513,
      "maker_ratio": 0.7,
      "fills_under_threshold": 896,
      "pct_under_threshold": 0.9856985698569857,
      "gate_status": "INSUFFICIENT_DATA",
      "reason": "need_2000_fills_have_909",
      "threshold_bps": 15.0,
      "min_sample_size": 2000
    },
    "venue_alpaca": {
      "total_fills": 899,
      "p95_slippage_bps": 9.549996360746974,
      "mean_slippage_bps": 4.101099746496797,
      "median_slippage_bps": 3.3622423288469885,
      "p99_slippage_bps": 19.072440462191558,
      "maker_ratio": 0.7,
      "fills_under_threshold": 878,
      "pct_under_threshold": 0.9766407119021134,
      "gate_status": "INSUFFICIENT_DATA",
      "reason": "need_2000_fills_have_899",
      "threshold_bps": 15.0,
      "min_sample_size": 2000
    },
    "venue_binance": {
      "total_fills": 892,
      "p95_slippage_bps": 9.557746440266248,
      "mean_slippage_bps": 4.076638950075777,
      "median_slippage_bps": 3.408857121671241,
      "p99_slippage_bps": 20.00014455342469,
      "maker_ratio": 0.7,
      "fills_under_threshold": 870,
      "pct_under_threshold": 0.9753363228699552,
      "gate_status": "INSUFFICIENT_DATA",
      "reason": "need_2000_fills_have_892",
      "threshold_bps": 15.0,
      "min_sample_size": 2000
    },
    "venue_coinbase": {
      "total_fills": 949,
      "p95_slippage_bps": 9.552711571745224,
      "mean_slippage_bps": 4.034949334659233,
      "median_slippage_bps": 3.3134934002031864,
      "p99_slippage_bps": 18.910027008112536,
      "maker_ratio": 0.7,
      "fills_under_threshold": 932,
      "pct_under_threshold": 0.982086406743941,
      "gate_status": "INSUFFICIENT_DATA",
      "reason": "need_2000_fills_have_949",
      "threshold_bps": 15.0,
      "min_sample_size": 2000
    },
    "BTC-USD_alpaca": {
      "total_fills": 287,
      "p95_slippage_bps": 9.229709887498625,
      "mean_slippage_bps": 3.9500493169708495,
      "median_slippage_bps": 3.251973037529714,
      "p99_slippage_bps": 15.882847522493675,
      "maker_ratio": 0.7,
      "fills_under_threshold": 281,
      "pct_under_threshold": 0.9790940766550522,
      "gate_status": "INSUFFICIENT_DATA",
      "reason": "need_2000_fills_have_287",
      "threshold_bps": 15.0,
      "min_sample_size": 2000
    },
    "BTC-USD_binance": {
      "total_fills": 307,
      "p95_slippage_bps": 10.785706145395906,
      "mean_slippage_bps": 4.153274247987652,
      "median_slippage_bps": 3.295192566344263,
      "p99_slippage_bps": 20.669668150357868,
      "maker_ratio": 0.7,
      "fills_under_threshold": 298,
      "pct_under_threshold": 0.9706840390879479,
      "gate_status": "INSUFFICIENT_DATA",
      "reason": "need_2000_fills_have_307",
      "threshold_bps": 15.0,
      "min_sample_size": 2000
    },
    "BTC-USD_coinbase": {
      "total_fills": 315,
      "p95_slippage_bps": 9.267395380908269,
      "mean_slippage_bps": 4.1543686349117435,
      "median_slippage_bps": 3.427713248347159,
      "p99_slippage_bps": 19.467242246732248,
      "maker_ratio": 0.7,
      "fills_under_threshold": 308,
      "pct_under_threshold": 0.9777777777777777,
      "gate_status": "INSUFFICIENT_DATA",
      "reason": "need_2000_fills_have_315",
      "threshold_bps": 15.0,
      "min_sample_size": 2000
    },
    "ETH-USD_alpaca": {
      "total_fills": 299,
      "p95_slippage_bps": 10.495522555431664,
      "mean_slippage_bps": 4.256339399683142,
      "median_slippage_bps": 3.392495406109502,
      "p99_slippage_bps": 19.072440462191558,
      "maker_ratio": 0.7,
      "fills_under_threshold": 292,
      "pct_under_threshold": 0.9765886287625418,
      "gate_status": "INSUFFICIENT_DATA",
      "reason": "need_2000_fills_have_299",
      "threshold_bps": 15.0,
      "min_sample_size": 2000
    },
    "ETH-USD_binance": {
      "total_fills": 289,
      "p95_slippage_bps": 8.431757987054217,
      "mean_slippage_bps": 3.9807225793686776,
      "median_slippage_bps": 3.461713415661902,
      "p99_slippage_bps": 16.573378708788624,
      "maker_ratio": 0.7,
      "fills_under_threshold": 285,
      "pct_under_threshold": 0.986159169550173,
      "gate_status": "INSUFFICIENT_DATA",
      "reason": "need_2000_fills_have_289",
      "threshold_bps": 15.0,
      "min_sample_size": 2000
    },
    "ETH-USD_coinbase": {
      "total_fills": 321,
      "p95_slippage_bps": 8.700933143023727,
      "mean_slippage_bps": 3.708470944114198,
      "median_slippage_bps": 3.181352127888325,
      "p99_slippage_bps": 13.825457522410636,
      "maker_ratio": 0.7,
      "fills_under_threshold": 319,
      "pct_under_threshold": 0.9937694704049844,
      "gate_status": "INSUFFICIENT_DATA",
      "reason": "need_2000_fills_have_321",
      "threshold_bps": 15.0,
      "min_sample_size": 2000
    },
    "NVDA_alpaca": {
      "total_fills": 313,
      "p95_slippage_bps": 9.372527421030156,
      "mean_slippage_bps": 4.0913068294719706,
      "median_slippage_bps": 3.4111181555531496,
      "p99_slippage_bps": 19.46439385756473,
      "maker_ratio": 0.7,
      "fills_under_threshold": 305,
      "pct_under_threshold": 0.9744408945686901,
      "gate_status": "INSUFFICIENT_DATA",
      "reason": "need_2000_fills_have_313",
      "threshold_bps": 15.0,
      "min_sample_size": 2000
    },
    "NVDA_binance": {
      "total_fills": 296,
      "p95_slippage_bps": 9.581884091850279,
      "mean_slippage_bps": 4.090803796952149,
      "median_slippage_bps": 3.474627694822055,
      "p99_slippage_bps": 20.356903243038346,
      "maker_ratio": 0.7,
      "fills_under_threshold": 287,
      "pct_under_threshold": 0.9695945945945946,
      "gate_status": "INSUFFICIENT_DATA",
      "reason": "need_2000_fills_have_296",
      "threshold_bps": 15.0,
      "min_sample_size": 2000
    },
    "NVDA_coinbase": {
      "total_fills": 313,
      "p95_slippage_bps": 9.848273745337703,
      "mean_slippage_bps": 4.249589857935318,
      "median_slippage_bps": 3.360914802348497,
      "p99_slippage_bps": 19.491287178353193,
      "maker_ratio": 0.7,
      "fills_under_threshold": 305,
      "pct_under_threshold": 0.9744408945686901,
      "gate_status": "INSUFFICIENT_DATA",
      "reason": "need_2000_fills_have_313",