{
  "timestamp": "2025-08-16T22:43:00.610514+00:00",
  "window_hours": 48,
  "threshold_bps": 15.0,
  "min_sample_size": 2000,
  "overall_metrics": {
    "total_fills": 2735,
    "p95_slippage_bps": 9.685686804579595,
    "mean_slippage_bps": 4.111679196781059,
    "median_slippage_bps": 3.456097745562209,
    "p99_slippage_bps": 18.78458157868405,
    "maker_ratio": 0.7,
    "fills_under_threshold": 2672,
    "pct_under_threshold": 0.9769652650822669,
    "gate_status": "PASS",
    "reason": "criteria_met",
    "threshold_bps": 15.0,
    "min_sample_size": 2000
  },
  "breakdown_metrics": {
    "asset_NVDA": {
      "total_fills": 905,
      "p95_slippage_bps": 10.108334556541733,
      "mean_slippage_bps": 4.289522575174954,
      "median_slippage_bps": 3.5451259633905483,
      "p99_slippage_bps": 20.31035107741824,
      "maker_ratio": 0.7,
      "fills_under_threshold": 879,
      "pct_under_threshold": 0.9712707182320443,
      "gate_status": "INSUFFICIENT_DATA",
      "reason": "need_2000_fills_have_905",
      "threshold_bps": 15.0,
      "min_sample_size": 2000
    },
    "asset_BTC-USD": {
      "total_fills": 943,
      "p95_slippage_bps": 9.439320474723962,
      "mean_slippage_bps": 4.07161271183324,
      "median_slippage_bps": 3.4142553885887303,
      "p99_slippage_bps": 18.667875469221485,
      "maker_ratio": 0.7,
      "fills_under_threshold": 919,
      "pct_under_threshold": 0.9745493107104984,
      "gate_status": "INSUFFICIENT_DATA",
      "reason": "need_2000_fills_have_943",
      "threshold_bps": 15.0,
      "min_sample_size": 2000
    },
    "asset_ETH-USD": {
      "total_fills": 887,
      "p95_slippage_bps": 8.997185388560164,
      "mean_slippage_bps": 3.972822869677696,
      "median_slippage_bps": 3.446308714777808,
      "p99_slippage_bps": 15.96342034347902,
      "maker_ratio": 0.7,
      "fills_under_threshold": 874,
      "pct_under_threshold": 0.9853438556933484,
      "gate_status": "INSUFFICIENT_DATA",
      "reason": "need_2000_fills_have_887",
      "threshold_bps": 15.0,
      "min_sample_size": 2000
    },
    "venue_alpaca": {
      "total_fills": 918,
      "p95_slippage_bps": 9.415771133044284,
      "mean_slippage_bps": 4.124562283767064,
      "median_slippage_bps": 3.4577013304437525,
      "p99_slippage_bps": 18.77919617243607,
      "maker_ratio": 0.7,
      "fills_under_threshold": 898,
      "pct_under_threshold": 0.9782135076252724,
      "gate_status": "INSUFFICIENT_DATA",
      "reason": "need_2000_fills_have_918",
      "threshold_bps": 15.0,
      "min_sample_size": 2000
    },
    "venue_coinbase": {
      "total_fills": 922,
      "p95_slippage_bps": 9.830334260592101,
      "mean_slippage_bps": 4.1281445673593264,
      "median_slippage_bps": 3.4609178663227165,
      "p99_slippage_bps": 19.660778708823116,
      "maker_ratio": 0.7,
      "fills_under_threshold": 897,
      "pct_under_threshold": 0.972885032537961,
      "gate_status": "INSUFFICIENT_DATA",
      "reason": "need_2000_fills_have_922",
      "threshold_bps": 15.0,
      "min_sample_size": 2000
    },
    "venue_binance": {
      "total_fills": 895,
      "p95_slippage_bps": 9.51146498774724,
      "mean_slippage_bps": 4.081502944796348,
      "median_slippage_bps": 3.4493093503433787,
      "p99_slippage_bps": 18.2865105081287,
      "maker_ratio": 0.7,
      "fills_under_threshold": 877,
      "pct_under_threshold": 0.9798882681564246,
      "gate_status": "INSUFFICIENT_DATA",
      "reason": "need_2000_fills_have_895",
      "threshold_bps": 15.0,
      "min_sample_size": 2000
    },
    "BTC-USD_alpaca": {
      "total_fills": 304,
      "p95_slippage_bps": 8.98662307984011,
      "mean_slippage_bps": 4.039584142986242,
      "median_slippage_bps": 3.4054078490832893,
      "p99_slippage_bps": 17.737968248460778,
      "maker_ratio": 0.7,
      "fills_under_threshold": 298,
      "pct_under_threshold": 0.9802631578947368,
      "gate_status": "INSUFFICIENT_DATA",
      "reason": "need_2000_fills_have_304",
      "threshold_bps": 15.0,
      "min_sample_size": 2000
    },
    "BTC-USD_binance": {
      "total_fills": 312,
      "p95_slippage_bps": 7.586674747899784,
      "mean_slippage_bps": 3.912832570074106,
      "median_slippage_bps": 3.513168343545404,
      "p99_slippage_bps": 17.00536748551341,
      "maker_ratio": 0.7,
      "fills_under_threshold": 307,
      "pct_under_threshold": 0.9839743589743589,
      "gate_status": "INSUFFICIENT_DATA",
      "reason": "need_2000_fills_have_312",
      "threshold_bps": 15.0,
      "min_sample_size": 2000
    },
    "BTC-USD_coinbase": {
      "total_fills": 327,
      "p95_slippage_bps": 11.43075987648425,
      "mean_slippage_bps": 4.252885155742529,
      "median_slippage_bps": 3.2844732566153314,
      "p99_slippage_bps": 19.013170761178998,
      "maker_ratio": 0.7,
      "fills_under_threshold": 314,
      "pct_under_threshold": 0.9602446483180428,
      "gate_status": "INSUFFICIENT_DATA",
      "reason": "need_2000_fills_have_327",
      "threshold_bps": 15.0,
      "min_sample_size": 2000
    },
    "ETH-USD_alpaca": {
      "total_fills": 313,
      "p95_slippage_bps": 8.667430121310165,
      "mean_slippage_bps": 3.9724875271729516,
      "median_slippage_bps": 3.435141490411952,
      "p99_slippage_bps": 18.34938512513972,
      "maker_ratio": 0.7,
      "fills_under_threshold": 307,
      "pct_under_threshold": 0.9808306709265175,
      "gate_status": "INSUFFICIENT_DATA",
      "reason": "need_2000_fills_have_313",
      "threshold_bps": 15.0,
      "min_sample_size": 2000
    },
    "ETH-USD_binance": {
      "total_fills": 283,
      "p95_slippage_bps": 10.463638138133307,
      "mean_slippage_bps": 4.047707576582197,
      "median_slippage_bps": 3.3485775916344913,
      "p99_slippage_bps": 15.276615203144736,
      "maker_ratio": 0.7,
      "fills_under_threshold": 279,
      "pct_under_threshold": 0.9858657243816255,
      "gate_status": "INSUFFICIENT_DATA",
      "reason": "need_2000_fills_have_283",
      "threshold_bps": 15.0,
      "min_sample_size": 2000
    },
    "ETH-USD_coinbase": {
      "total_fills": 291,
      "p95_slippage_bps": 8.909366085021222,
      "mean_slippage_bps": 3.9003575437327176,
      "median_slippage_bps": 3.508934525155584,
      "p99_slippage_bps": 15.049679447514745,
      "maker_ratio": 0.7,
      "fills_under_threshold": 288,
      "pct_under_threshold": 0.9896907216494846,
      "gate_status": "INSUFFICIENT_DATA",
      "reason": "need_2000_fills_have_291",
      "threshold_bps": 15.0,
      "min_sample_size": 2000
    },
    "NVDA_alpaca": {
      "total_fills": 301,
      "p95_slippage_bps": 10.237500405300132,
      "mean_slippage_bps": 4.3685249203495475,
      "median_slippage_bps": 3.537724909875524,
      "p99_slippage_bps": 19.64573147273393,
      "maker_ratio": 0.7,
      "fills_under_threshold": 293,
      "pct_under_threshold": 0.973421926910299,
      "gate_status": "INSUFFICIENT_DATA",
      "reason": "need_2000_fills_have_301",
      "threshold_bps": 15.0,
      "min_sample_size": 2000
    },
    "NVDA_binance": {
      "total_fills": 300,
      "p95_slippage_bps": 10.327658136351824,
      "mean_slippage_bps": 4.288800431856162,
      "median_slippage_bps": 3.546942473569054,
      "p99_slippage_bps": 18.72811890916532,
      "maker_ratio": 0.7,
      "fills_under_threshold": 291,
      "pct_under_threshold": 0.97,
      "gate_status": "INSUFFICIENT_DATA",
      "reason": "need_2000_fills_have_300",
      "threshold_bps": 15.0,
      "min_sample_size": 2000
    },
    "NVDA_coinbase": {
      "total_fills": 304,
      "p95_slippage_bps": 9.293655703378711,
      "mean_slippage_bps": 4.212012499839707,
      "median_slippage_bps": 3.541367899539271,
      "p99_slippage_bps": 21.52922437852632,
      "maker_ratio": 0.7,
      "fills_under_threshold": 295,
      "pct_under_threshold": 0.9703947368421053,
      "gate_status": "INSUFFICIENT_DATA",
      "reason": "need_2000_fills_have_304",