{
  "timestamp": "2025-08-16T19:46:36.100084+00:00",
  "window_hours": 48,
  "threshold_bps": 15.0,
  "min_sample_size": 2000,
  "overall_metrics": {
    "total_fills": 2749,
    "p95_slippage_bps": 9.224521952774747,
    "mean_slippage_bps": 3.9176747288023175,
    "median_slippage_bps": 3.348007950545553,
    "p99_slippage_bps": 18.090484230763792,
    "maker_ratio": 0.7,
    "fills_under_threshold": 2696,
    "pct_under_threshold": 0.9807202619134231,
    "gate_status": "PASS",
    "reason": "criteria_met",
    "threshold_bps": 15.0,
    "min_sample_size": 2000
  },
  "breakdown_metrics": {
    "asset_ETH-USD": {
      "total_fills": 901,
      "p95_slippage_bps": 9.499971832587052,
      "mean_slippage_bps": 3.9593000968909506,
      "median_slippage_bps": 3.373370070005475,
      "p99_slippage_bps": 17.209405785483625,
      "maker_ratio": 0.7,
      "fills_under_threshold": 883,
      "pct_under_threshold": 0.9800221975582686,
      "gate_status": "INSUFFICIENT_DATA",
      "reason": "need_2000_fills_have_901",
      "threshold_bps": 15.0,
      "min_sample_size": 2000
    },
    "asset_NVDA": {
      "total_fills": 949,
      "p95_slippage_bps": 8.575334971243764,
      "mean_slippage_bps": 3.8817262579793215,
      "median_slippage_bps": 3.3122626415471346,
      "p99_slippage_bps": 18.938857388499,
      "maker_ratio": 0.7,
      "fills_under_threshold": 932,
      "pct_under_threshold": 0.982086406743941,
      "gate_status": "INSUFFICIENT_DATA",
      "reason": "need_2000_fills_have_949",
      "threshold_bps": 15.0,
      "min_sample_size": 2000
    },
    "asset_BTC-USD": {
      "total_fills": 899,
      "p95_slippage_bps": 9.145108563795194,
      "mean_slippage_bps": 3.9139045866033917,
      "median_slippage_bps": 3.3600003718416445,
      "p99_slippage_bps": 19.022189888621735,
      "maker_ratio": 0.7,
      "fills_under_threshold": 881,
      "pct_under_threshold": 0.9799777530589544,
      "gate_status": "INSUFFICIENT_DATA",
      "reason": "need_2000_fills_have_899",
      "threshold_bps": 15.0,
      "min_sample_size": 2000
    },
    "venue_binance": {
      "total_fills": 896,
      "p95_slippage_bps": 8.882187462857916,
      "mean_slippage_bps": 3.933194249045339,
      "median_slippage_bps": 3.392775397149807,
      "p99_slippage_bps": 17.98076542896019,
      "maker_ratio": 0.7,
      "fills_under_threshold": 880,
      "pct_under_threshold": 0.9821428571428571,
      "gate_status": "INSUFFICIENT_DATA",
      "reason": "need_2000_fills_have_896",
      "threshold_bps": 15.0,
      "min_sample_size": 2000
    },
    "venue_coinbase": {
      "total_fills": 925,
      "p95_slippage_bps": 8.893171972841433,
      "mean_slippage_bps": 3.8680484991399404,
      "median_slippage_bps": 3.322472412743361,
      "p99_slippage_bps": 18.073191091328795,
      "maker_ratio": 0.7,
      "fills_under_threshold": 909,
      "pct_under_threshold": 0.9827027027027027,
      "gate_status": "INSUFFICIENT_DATA",
      "reason": "need_2000_fills_have_925",
      "threshold_bps": 15.0,
      "min_sample_size": 2000
    },
    "venue_alpaca": {
      "total_fills": 928,
      "p95_slippage_bps": 9.436900747127655,
      "mean_slippage_bps": 3.95215616447037,
      "median_slippage_bps": 3.3331403696687962,
      "p99_slippage_bps": 17.893977383266858,
      "maker_ratio": 0.7,
      "fills_under_threshold": 907,
      "pct_under_threshold": 0.9773706896551724,
      "gate_status": "INSUFFICIENT_DATA",
      "reason": "need_2000_fills_have_928",
      "threshold_bps": 15.0,
      "min_sample_size": 2000
    },
    "BTC-USD_alpaca": {
      "total_fills": 309,
      "p95_slippage_bps": 9.30809810569973,
      "mean_slippage_bps": 3.915013703170785,
      "median_slippage_bps": 3.1516266524419203,
      "p99_slippage_bps": 18.86234285246062,
      "maker_ratio": 0.7,
      "fills_under_threshold": 302,
      "pct_under_threshold": 0.9773462783171522,
      "gate_status": "INSUFFICIENT_DATA",
      "reason": "need_2000_fills_have_309",
      "threshold_bps": 15.0,
      "min_sample_size": 2000
    },
    "BTC-USD_binance": {
      "total_fills": 285,
      "p95_slippage_bps": 9.699854485211008,
      "mean_slippage_bps": 4.026705174711415,
      "median_slippage_bps": 3.4207880420915404,
      "p99_slippage_bps": 19.434141089752526,
      "maker_ratio": 0.7,
      "fills_under_threshold": 278,
      "pct_under_threshold": 0.9754385964912281,
      "gate_status": "INSUFFICIENT_DATA",
      "reason": "need_2000_fills_have_285",
      "threshold_bps": 15.0,
      "min_sample_size": 2000
    },
    "BTC-USD_coinbase": {
      "total_fills": 305,
      "p95_slippage_bps": 8.154445098251488,
      "mean_slippage_bps": 3.807377096012864,
      "median_slippage_bps": 3.4004351756890245,
      "p99_slippage_bps": 15.940154382264785,
      "maker_ratio": 0.7,
      "fills_under_threshold": 301,
      "pct_under_threshold": 0.9868852459016394,
      "gate_status": "INSUFFICIENT_DATA",
      "reason": "need_2000_fills_have_305",
      "threshold_bps": 15.0,
      "min_sample_size": 2000
    },
    "ETH-USD_alpaca": {
      "total_fills": 298,
      "p95_slippage_bps": 9.778187833096627,
      "mean_slippage_bps": 4.0577442143944475,
      "median_slippage_bps": 3.4385582734484403,
      "p99_slippage_bps": 15.666608145759737,
      "maker_ratio": 0.7,
      "fills_under_threshold": 292,
      "pct_under_threshold": 0.9798657718120806,
      "gate_status": "INSUFFICIENT_DATA",
      "reason": "need_2000_fills_have_298",
      "threshold_bps": 15.0,
      "min_sample_size": 2000
    },
    "ETH-USD_binance": {
      "total_fills": 304,
      "p95_slippage_bps": 8.614950438454136,
      "mean_slippage_bps": 3.8334301225992773,
      "median_slippage_bps": 3.3745525297520063,
      "p99_slippage_bps": 17.181594614828462,
      "maker_ratio": 0.7,
      "fills_under_threshold": 299,
      "pct_under_threshold": 0.9835526315789473,
      "gate_status": "INSUFFICIENT_DATA",
      "reason": "need_2000_fills_have_304",
      "threshold_bps": 15.0,
      "min_sample_size": 2000
    },
    "ETH-USD_coinbase": {
      "total_fills": 299,
      "p95_slippage_bps": 9.436157757112705,
      "mean_slippage_bps": 3.9891600472876956,
      "median_slippage_bps": 3.3109505518306324,
      "p99_slippage_bps": 18.239991093812364,
      "maker_ratio": 0.7,
      "fills_under_threshold": 292,
      "pct_under_threshold": 0.9765886287625418,
      "gate_status": "INSUFFICIENT_DATA",
      "reason": "need_2000_fills_have_299",
      "threshold_bps": 15.0,
      "min_sample_size": 2000
    },
    "NVDA_alpaca": {
      "total_fills": 321,
      "p95_slippage_bps": 8.307508809287802,
      "mean_slippage_bps": 3.8898875715239414,
      "median_slippage_bps": 3.374559028950221,
      "p99_slippage_bps": 20.188632700506318,
      "maker_ratio": 0.7,
      "fills_under_threshold": 313,
      "pct_under_threshold": 0.9750778816199377,
      "gate_status": "INSUFFICIENT_DATA",
      "reason": "need_2000_fills_have_321",
      "threshold_bps": 15.0,
      "min_sample_size": 2000
    },
    "NVDA_binance": {
      "total_fills": 307,
      "p95_slippage_bps": 8.66947403555384,
      "mean_slippage_bps": 3.9451736647612043,
      "median_slippage_bps": 3.3776627495943945,
      "p99_slippage_bps": 17.660616148408312,
      "maker_ratio": 0.7,
      "fills_under_threshold": 303,
      "pct_under_threshold": 0.9869706840390879,
      "gate_status": "INSUFFICIENT_DATA",
      "reason": "need_2000_fills_have_307",
      "threshold_bps": 15.0,
      "min_sample_size": 2000
    },
    "NVDA_coinbase": {
      "total_fills": 321,
      "p95_slippage_bps": 8.587463229742966,
      "mean_slippage_bps": 3.8128847142725864,
      "median_slippage_bps": 3.2008116238083355,
      "p99_slippage_bps": 18.44471001915621,
      "maker_ratio": 0.7,
      "fills_under_threshold": 316,
      "pct_under_threshold": 0.9844236760124611,
      "gate_status": "INSUFFICIENT_DATA",