{
  "timestamp": "2025-08-16T18:08:02.882961+00:00",
  "window_hours": 48,
  "threshold_bps": 15.0,
  "min_sample_size": 2000,
  "overall_metrics": {
    "total_fills": 2750,
    "p95_slippage_bps": 8.926538540016658,
    "mean_slippage_bps": 3.9260839554432736,
    "median_slippage_bps": 3.357903056355202,
    "p99_slippage_bps": 18.344689055917634,
    "maker_ratio": 0.7,
    "fills_under_threshold": 2702,
    "pct_under_threshold": 0.9825454545454545,
    "gate_status": "PASS",
    "reason": "criteria_met",
    "threshold_bps": 15.0,
    "min_sample_size": 2000
  },
  "breakdown_metrics": {
    "asset_BTC-USD": {
      "total_fills": 918,
      "p95_slippage_bps": 9.367189413994756,
      "mean_slippage_bps": 4.082196034815066,
      "median_slippage_bps": 3.496456260452165,
      "p99_slippage_bps": 18.637574298581946,
      "maker_ratio": 0.7,
      "fills_under_threshold": 896,
      "pct_under_threshold": 0.9760348583877996,
      "gate_status": "INSUFFICIENT_DATA",
      "reason": "need_2000_fills_have_918",
      "threshold_bps": 15.0,
      "min_sample_size": 2000
    },
    "asset_NVDA": {
      "total_fills": 911,
      "p95_slippage_bps": 8.949556311422002,
      "mean_slippage_bps": 3.958531342344796,
      "median_slippage_bps": 3.3657972328474273,
      "p99_slippage_bps": 17.452662980718795,
      "maker_ratio": 0.7,
      "fills_under_threshold": 894,
      "pct_under_threshold": 0.9813391877058177,
      "gate_status": "INSUFFICIENT_DATA",
      "reason": "need_2000_fills_have_911",
      "threshold_bps": 15.0,
      "min_sample_size": 2000
    },
    "asset_ETH-USD": {
      "total_fills": 921,
      "p95_slippage_bps": 8.113631395691657,
      "mean_slippage_bps": 3.7383853036185255,
      "median_slippage_bps": 3.225002152428098,
      "p99_slippage_bps": 14.652560286463652,
      "maker_ratio": 0.7,
      "fills_under_threshold": 912,
      "pct_under_threshold": 0.990228013029316,
      "gate_status": "INSUFFICIENT_DATA",
      "reason": "need_2000_fills_have_921",
      "threshold_bps": 15.0,
      "min_sample_size": 2000
    },
    "venue_alpaca": {
      "total_fills": 900,
      "p95_slippage_bps": 8.923811407061933,
      "mean_slippage_bps": 3.916867851307122,
      "median_slippage_bps": 3.3610123873087607,
      "p99_slippage_bps": 19.188439996369507,
      "maker_ratio": 0.7,
      "fills_under_threshold": 881,
      "pct_under_threshold": 0.9788888888888889,
      "gate_status": "INSUFFICIENT_DATA",
      "reason": "need_2000_fills_have_900",
      "threshold_bps": 15.0,
      "min_sample_size": 2000
    },
    "venue_binance": {
      "total_fills": 921,
      "p95_slippage_bps": 9.085103355534997,
      "mean_slippage_bps": 4.035234399226652,
      "median_slippage_bps": 3.4409765830374854,
      "p99_slippage_bps": 18.513928383123666,
      "maker_ratio": 0.7,
      "fills_under_threshold": 904,
      "pct_under_threshold": 0.9815418023887079,
      "gate_status": "INSUFFICIENT_DATA",
      "reason": "need_2000_fills_have_921",
      "threshold_bps": 15.0,
      "min_sample_size": 2000
    },
    "venue_coinbase": {
      "total_fills": 929,
      "p95_slippage_bps": 8.575839971641113,
      "mean_slippage_bps": 3.8268018617920836,
      "median_slippage_bps": 3.276950590681852,
      "p99_slippage_bps": 15.477660959871706,
      "maker_ratio": 0.7,
      "fills_under_threshold": 917,
      "pct_under_threshold": 0.9870828848223897,
      "gate_status": "INSUFFICIENT_DATA",
      "reason": "need_2000_fills_have_929",
      "threshold_bps": 15.0,
      "min_sample_size": 2000
    },
    "BTC-USD_alpaca": {
      "total_fills": 302,
      "p95_slippage_bps": 9.18908076801075,
      "mean_slippage_bps": 4.06800219513967,
      "median_slippage_bps": 3.509452701933669,
      "p99_slippage_bps": 19.19914999888152,
      "maker_ratio": 0.7,
      "fills_under_threshold": 292,
      "pct_under_threshold": 0.9668874172185431,
      "gate_status": "INSUFFICIENT_DATA",
      "reason": "need_2000_fills_have_302",
      "threshold_bps": 15.0,
      "min_sample_size": 2000
    },
    "BTC-USD_binance": {
      "total_fills": 287,
      "p95_slippage_bps": 9.287066575840779,
      "mean_slippage_bps": 4.232678538265067,
      "median_slippage_bps": 3.560425136619718,
      "p99_slippage_bps": 18.47844292154803,
      "maker_ratio": 0.7,
      "fills_under_threshold": 282,
      "pct_under_threshold": 0.9825783972125436,
      "gate_status": "INSUFFICIENT_DATA",
      "reason": "need_2000_fills_have_287",
      "threshold_bps": 15.0,
      "min_sample_size": 2000
    },
    "BTC-USD_coinbase": {
      "total_fills": 329,
      "p95_slippage_bps": 9.373137235198046,
      "mean_slippage_bps": 3.9639530594102594,
      "median_slippage_bps": 3.4238434988750184,
      "p99_slippage_bps": 17.997646693279396,
      "maker_ratio": 0.7,
      "fills_under_threshold": 322,
      "pct_under_threshold": 0.9787234042553191,
      "gate_status": "INSUFFICIENT_DATA",
      "reason": "need_2000_fills_have_329",
      "threshold_bps": 15.0,
      "min_sample_size": 2000
    },
    "ETH-USD_alpaca": {
      "total_fills": 286,
      "p95_slippage_bps": 8.046528406088939,
      "mean_slippage_bps": 3.625070134170348,
      "median_slippage_bps": 3.2707095035137037,
      "p99_slippage_bps": 9.627542078029494,
      "maker_ratio": 0.7,
      "fills_under_threshold": 284,
      "pct_under_threshold": 0.993006993006993,
      "gate_status": "INSUFFICIENT_DATA",
      "reason": "need_2000_fills_have_286",
      "threshold_bps": 15.0,
      "min_sample_size": 2000
    },
    "ETH-USD_binance": {
      "total_fills": 313,
      "p95_slippage_bps": 9.50394291620955,
      "mean_slippage_bps": 3.9427565275825986,
      "median_slippage_bps": 3.2071132134471814,
      "p99_slippage_bps": 19.757346617866585,
      "maker_ratio": 0.7,
      "fills_under_threshold": 307,
      "pct_under_threshold": 0.9808306709265175,
      "gate_status": "INSUFFICIENT_DATA",
      "reason": "need_2000_fills_have_313",
      "threshold_bps": 15.0,
      "min_sample_size": 2000
    },
    "ETH-USD_coinbase": {
      "total_fills": 322,
      "p95_slippage_bps": 7.9905544909700055,
      "mean_slippage_bps": 3.6403727115732587,
      "median_slippage_bps": 3.2211723347485117,
      "p99_slippage_bps": 10.194406693400358,
      "maker_ratio": 0.7,
      "fills_under_threshold": 321,
      "pct_under_threshold": 0.9968944099378882,
      "gate_status": "INSUFFICIENT_DATA",
      "reason": "need_2000_fills_have_322",
      "threshold_bps": 15.0,
      "min_sample_size": 2000
    },
    "NVDA_alpaca": {
      "total_fills": 312,
      "p95_slippage_bps": 9.905716894594875,
      "mean_slippage_bps": 4.038058797665096,
      "median_slippage_bps": 3.379483238476956,
      "p99_slippage_bps": 20.136673310343316,
      "maker_ratio": 0.7,
      "fills_under_threshold": 305,
      "pct_under_threshold": 0.9775641025641025,
      "gate_status": "INSUFFICIENT_DATA",
      "reason": "need_2000_fills_have_312",
      "threshold_bps": 15.0,
      "min_sample_size": 2000
    },
    "NVDA_binance": {
      "total_fills": 321,
      "p95_slippage_bps": 8.335017967329232,
      "mean_slippage_bps": 3.9488764737455404,
      "median_slippage_bps": 3.4473889790749506,
      "p99_slippage_bps": 17.35258079335628,
      "maker_ratio": 0.7,
      "fills_under_threshold": 315,
      "pct_under_threshold": 0.9813084112149533,
      "gate_status": "INSUFFICIENT_DATA",
      "reason": "need_2000_fills_have_321",
      "threshold_bps": 15.0,
      "min_sample_size": 2000
    },
    "NVDA_coinbase": {
      "total_fills": 278,
      "p95_slippage_bps": 8.593104035413484,
      "mean_slippage_bps": 3.8804257551520904,
      "median_slippage_bps": 3.215111919940174,
      "p99_slippage_bps": 15.099774718231993,
      "maker_ratio": 0.7,
      "fills_under_threshold": 274,
      "pct_under_threshold": 0.9856115107913669,
      "gate_status": "INSUFFICIENT_DATA",