{
  "timestamp": "2025-08-16T12:15:18.730731+00:00",
  "window_hours": 48,
  "threshold_bps": 15.0,
  "min_sample_size": 2000,
  "overall_metrics": {
    "total_fills": 2771,
    "p95_slippage_bps": 9.130468019456334,
    "mean_slippage_bps": 3.9425084229812626,
    "median_slippage_bps": 3.367593047602309,
    "p99_slippage_bps": 18.272951877852492,
    "maker_ratio": 0.7,
    "fills_under_threshold": 2716,
    "pct_under_threshold": 0.9801515698303861,
    "gate_status": "PASS",
    "reason": "criteria_met",
    "threshold_bps": 15.0,
    "min_sample_size": 2000
  },
  "breakdown_metrics": {
    "asset_NVDA": {
      "total_fills": 952,
      "p95_slippage_bps": 9.654373863907482,
      "mean_slippage_bps": 3.9917248456101864,
      "median_slippage_bps": 3.4026681485060877,
      "p99_slippage_bps": 17.10037960511205,
      "maker_ratio": 0.7,
      "fills_under_threshold": 934,
      "pct_under_threshold": 0.9810924369747899,
      "gate_status": "INSUFFICIENT_DATA",
      "reason": "need_2000_fills_have_952",
      "threshold_bps": 15.0,
      "min_sample_size": 2000
    },
    "asset_BTC-USD": {
      "total_fills": 908,
      "p95_slippage_bps": 8.911733965261345,
      "mean_slippage_bps": 3.961723829470743,
      "median_slippage_bps": 3.383000080307734,
      "p99_slippage_bps": 19.08149388660472,
      "maker_ratio": 0.7,
      "fills_under_threshold": 889,
      "pct_under_threshold": 0.9790748898678414,
      "gate_status": "INSUFFICIENT_DATA",
      "reason": "need_2000_fills_have_908",
      "threshold_bps": 15.0,
      "min_sample_size": 2000
    },
    "asset_ETH-USD": {
      "total_fills": 911,
      "p95_slippage_bps": 8.35333025564786,
      "mean_slippage_bps": 3.871924862679195,
      "median_slippage_bps": 3.3201454561587433,
      "p99_slippage_bps": 17.98574495228607,
      "maker_ratio": 0.7,
      "fills_under_threshold": 893,
      "pct_under_threshold": 0.9802414928649835,
      "gate_status": "INSUFFICIENT_DATA",
      "reason": "need_2000_fills_have_911",
      "threshold_bps": 15.0,
      "min_sample_size": 2000
    },
    "venue_coinbase": {
      "total_fills": 957,
      "p95_slippage_bps": 8.550506550036834,
      "mean_slippage_bps": 3.936920841159062,
      "median_slippage_bps": 3.37212368000618,
      "p99_slippage_bps": 18.929666346067922,
      "maker_ratio": 0.7,
      "fills_under_threshold": 934,
      "pct_under_threshold": 0.9759665621734587,
      "gate_status": "INSUFFICIENT_DATA",
      "reason": "need_2000_fills_have_957",
      "threshold_bps": 15.0,
      "min_sample_size": 2000
    },
    "venue_alpaca": {
      "total_fills": 907,
      "p95_slippage_bps": 8.918918597779385,
      "mean_slippage_bps": 3.873635154677601,
      "median_slippage_bps": 3.278213095616477,
      "p99_slippage_bps": 16.959760201313845,
      "maker_ratio": 0.7,
      "fills_under_threshold": 890,
      "pct_under_threshold": 0.9812568908489526,
      "gate_status": "INSUFFICIENT_DATA",
      "reason": "need_2000_fills_have_907",
      "threshold_bps": 15.0,
      "min_sample_size": 2000
    },
    "venue_binance": {
      "total_fills": 907,
      "p95_slippage_bps": 9.391596325858885,
      "mean_slippage_bps": 4.017277298565902,
      "median_slippage_bps": 3.424268912007645,
      "p99_slippage_bps": 18.944568284361594,
      "maker_ratio": 0.7,
      "fills_under_threshold": 892,
      "pct_under_threshold": 0.9834619625137817,
      "gate_status": "INSUFFICIENT_DATA",
      "reason": "need_2000_fills_have_907",
      "threshold_bps": 15.0,
      "min_sample_size": 2000
    },
    "BTC-USD_alpaca": {
      "total_fills": 299,
      "p95_slippage_bps": 8.812010764771209,
      "mean_slippage_bps": 3.883284608938283,
      "median_slippage_bps": 3.386779256303029,
      "p99_slippage_bps": 16.73213180898623,
      "maker_ratio": 0.7,
      "fills_under_threshold": 295,
      "pct_under_threshold": 0.9866220735785953,
      "gate_status": "INSUFFICIENT_DATA",
      "reason": "need_2000_fills_have_299",
      "threshold_bps": 15.0,
      "min_sample_size": 2000
    },
    "BTC-USD_binance": {
      "total_fills": 293,
      "p95_slippage_bps": 8.051555510985876,
      "mean_slippage_bps": 3.755666150382249,
      "median_slippage_bps": 3.3479128634981645,
      "p99_slippage_bps": 16.44867815517358,
      "maker_ratio": 0.7,
      "fills_under_threshold": 289,
      "pct_under_threshold": 0.9863481228668942,
      "gate_status": "INSUFFICIENT_DATA",
      "reason": "need_2000_fills_have_293",
      "threshold_bps": 15.0,
      "min_sample_size": 2000
    },
    "BTC-USD_coinbase": {
      "total_fills": 316,
      "p95_slippage_bps": 9.566816522193733,
      "mean_slippage_bps": 4.227003028559774,
      "median_slippage_bps": 3.4348196802682702,
      "p99_slippage_bps": 20.127110146105522,
      "maker_ratio": 0.7,
      "fills_under_threshold": 305,
      "pct_under_threshold": 0.9651898734177216,
      "gate_status": "INSUFFICIENT_DATA",
      "reason": "need_2000_fills_have_316",
      "threshold_bps": 15.0,
      "min_sample_size": 2000
    },
    "ETH-USD_alpaca": {
      "total_fills": 281,
      "p95_slippage_bps": 8.01721571537003,
      "mean_slippage_bps": 3.7957636124363545,
      "median_slippage_bps": 3.274066391889318,
      "p99_slippage_bps": 16.950689028561456,
      "maker_ratio": 0.7,
      "fills_under_threshold": 276,
      "pct_under_threshold": 0.9822064056939501,
      "gate_status": "INSUFFICIENT_DATA",
      "reason": "need_2000_fills_have_281",
      "threshold_bps": 15.0,
      "min_sample_size": 2000
    },
    "ETH-USD_binance": {
      "total_fills": 300,
      "p95_slippage_bps": 9.410799013835675,
      "mean_slippage_bps": 4.070393411275029,
      "median_slippage_bps": 3.3549216942434397,
      "p99_slippage_bps": 20.451083602008108,
      "maker_ratio": 0.7,
      "fills_under_threshold": 293,
      "pct_under_threshold": 0.9766666666666667,
      "gate_status": "INSUFFICIENT_DATA",
      "reason": "need_2000_fills_have_300",
      "threshold_bps": 15.0,
      "min_sample_size": 2000
    },
    "ETH-USD_coinbase": {
      "total_fills": 330,
      "p95_slippage_bps": 8.244439135035345,
      "mean_slippage_bps": 3.756351367950371,
      "median_slippage_bps": 3.3391456596668876,
      "p99_slippage_bps": 17.881676109232536,
      "maker_ratio": 0.7,
      "fills_under_threshold": 324,
      "pct_under_threshold": 0.9818181818181818,
      "gate_status": "INSUFFICIENT_DATA",
      "reason": "need_2000_fills_have_330",
      "threshold_bps": 15.0,
      "min_sample_size": 2000
    },
    "NVDA_alpaca": {
      "total_fills": 327,
      "p95_slippage_bps": 10.07223473006333,
      "mean_slippage_bps": 3.931729089068568,
      "median_slippage_bps": 3.250365481667214,
      "p99_slippage_bps": 16.772604219073266,
      "maker_ratio": 0.7,
      "fills_under_threshold": 319,
      "pct_under_threshold": 0.9755351681957186,
      "gate_status": "INSUFFICIENT_DATA",
      "reason": "need_2000_fills_have_327",
      "threshold_bps": 15.0,
      "min_sample_size": 2000
    },
    "NVDA_binance": {
      "total_fills": 314,
      "p95_slippage_bps": 9.566570646008854,
      "mean_slippage_bps": 4.2106442813846,
      "median_slippage_bps": 3.663270853249716,
      "p99_slippage_bps": 18.14595434256718,
      "maker_ratio": 0.7,
      "fills_under_threshold": 310,
      "pct_under_threshold": 0.9872611464968153,
      "gate_status": "INSUFFICIENT_DATA",
      "reason": "need_2000_fills_have_314",
      "threshold_bps": 15.0,
      "min_sample_size": 2000
    },
    "NVDA_coinbase": {
      "total_fills": 311,
      "p95_slippage_bps": 8.575045101863527,
      "mean_slippage_bps": 3.833776001738621,
      "median_slippage_bps": 3.360434476875223,
      "p99_slippage_bps": 16.522901365876503,
      "maker_ratio": 0.7,
      "fills_under_threshold": 305,
      "pct_under_threshold": 0.9807073954983923,
      "gate_status": "INSUFFICIENT_DATA",
      "reason": "need_2000_fills_have_311",