{
  "timestamp": "2025-08-16T14:45:44.929724+00:00",
  "window_hours": 48,
  "threshold_bps": 15.0,
  "min_sample_size": 2000,
  "overall_metrics": {
    "total_fills": 2765,
    "p95_slippage_bps": 9.339547705171524,
    "mean_slippage_bps": 4.055103726242924,
    "median_slippage_bps": 3.4094416850502736,
    "p99_slippage_bps": 18.985603568278965,
    "maker_ratio": 0.7,
    "fills_under_threshold": 2707,
    "pct_under_threshold": 0.9790235081374322,
    "gate_status": "PASS",
    "reason": "criteria_met",
    "threshold_bps": 15.0,
    "min_sample_size": 2000
  },
  "breakdown_metrics": {
    "asset_ETH-USD": {
      "total_fills": 928,
      "p95_slippage_bps": 9.09048202258884,
      "mean_slippage_bps": 3.972662532461745,
      "median_slippage_bps": 3.365979384409226,
      "p99_slippage_bps": 17.540504586484836,
      "maker_ratio": 0.7,
      "fills_under_threshold": 910,
      "pct_under_threshold": 0.9806034482758621,
      "gate_status": "INSUFFICIENT_DATA",
      "reason": "need_2000_fills_have_928",
      "threshold_bps": 15.0,
      "min_sample_size": 2000
    },
    "asset_NVDA": {
      "total_fills": 936,
      "p95_slippage_bps": 10.4210075885806,
      "mean_slippage_bps": 4.212870785126562,
      "median_slippage_bps": 3.4927881407559145,
      "p99_slippage_bps": 19.518358313806903,
      "maker_ratio": 0.7,
      "fills_under_threshold": 911,
      "pct_under_threshold": 0.9732905982905983,
      "gate_status": "INSUFFICIENT_DATA",
      "reason": "need_2000_fills_have_936",
      "threshold_bps": 15.0,
      "min_sample_size": 2000
    },
    "asset_BTC-USD": {
      "total_fills": 901,
      "p95_slippage_bps": 8.98512689956209,
      "mean_slippage_bps": 3.976119775869839,
      "median_slippage_bps": 3.3901919751016862,
      "p99_slippage_bps": 19.147670055870535,
      "maker_ratio": 0.7,
      "fills_under_threshold": 886,
      "pct_under_threshold": 0.9833518312985572,
      "gate_status": "INSUFFICIENT_DATA",
      "reason": "need_2000_fills_have_901",
      "threshold_bps": 15.0,
      "min_sample_size": 2000
    },
    "venue_coinbase": {
      "total_fills": 925,
      "p95_slippage_bps": 10.16736741461138,
      "mean_slippage_bps": 4.2383030301707345,
      "median_slippage_bps": 3.4639809698618036,
      "p99_slippage_bps": 19.347739407039658,
      "maker_ratio": 0.7,
      "fills_under_threshold": 900,
      "pct_under_threshold": 0.972972972972973,
      "gate_status": "INSUFFICIENT_DATA",
      "reason": "need_2000_fills_have_925",
      "threshold_bps": 15.0,
      "min_sample_size": 2000
    },
    "venue_alpaca": {
      "total_fills": 934,
      "p95_slippage_bps": 8.995025291455294,
      "mean_slippage_bps": 3.8975519064660045,
      "median_slippage_bps": 3.2842869150789356,
      "p99_slippage_bps": 18.637398051238584,
      "maker_ratio": 0.7,
      "fills_under_threshold": 915,
      "pct_under_threshold": 0.9796573875802997,
      "gate_status": "INSUFFICIENT_DATA",
      "reason": "need_2000_fills_have_934",
      "threshold_bps": 15.0,
      "min_sample_size": 2000
    },
    "venue_binance": {
      "total_fills": 906,
      "p95_slippage_bps": 8.978015148647742,
      "mean_slippage_bps": 4.030483465247801,
      "median_slippage_bps": 3.4733807460020376,
      "p99_slippage_bps": 18.351764310411983,
      "maker_ratio": 0.7,
      "fills_under_threshold": 892,
      "pct_under_threshold": 0.9845474613686535,
      "gate_status": "INSUFFICIENT_DATA",
      "reason": "need_2000_fills_have_906",
      "threshold_bps": 15.0,
      "min_sample_size": 2000
    },
    "BTC-USD_alpaca": {
      "total_fills": 287,
      "p95_slippage_bps": 8.596094522009027,
      "mean_slippage_bps": 3.674482029043434,
      "median_slippage_bps": 3.1166912665361877,
      "p99_slippage_bps": 15.715805104116505,
      "maker_ratio": 0.7,
      "fills_under_threshold": 283,
      "pct_under_threshold": 0.9860627177700348,
      "gate_status": "INSUFFICIENT_DATA",
      "reason": "need_2000_fills_have_287",
      "threshold_bps": 15.0,
      "min_sample_size": 2000
    },
    "BTC-USD_binance": {
      "total_fills": 295,
      "p95_slippage_bps": 9.201583016609305,
      "mean_slippage_bps": 4.080083264832086,
      "median_slippage_bps": 3.473046437956251,
      "p99_slippage_bps": 15.76672905062282,
      "maker_ratio": 0.7,
      "fills_under_threshold": 291,
      "pct_under_threshold": 0.9864406779661017,
      "gate_status": "INSUFFICIENT_DATA",
      "reason": "need_2000_fills_have_295",
      "threshold_bps": 15.0,
      "min_sample_size": 2000
    },
    "BTC-USD_coinbase": {
      "total_fills": 319,
      "p95_slippage_bps": 9.773138947132582,
      "mean_slippage_bps": 4.151357406262675,
      "median_slippage_bps": 3.4764450202078385,
      "p99_slippage_bps": 19.80343456545331,
      "maker_ratio": 0.7,
      "fills_under_threshold": 312,
      "pct_under_threshold": 0.9780564263322884,
      "gate_status": "INSUFFICIENT_DATA",
      "reason": "need_2000_fills_have_319",
      "threshold_bps": 15.0,
      "min_sample_size": 2000
    },
    "ETH-USD_alpaca": {
      "total_fills": 315,
      "p95_slippage_bps": 9.470555684136023,
      "mean_slippage_bps": 4.007346463173189,
      "median_slippage_bps": 3.3744264687201975,
      "p99_slippage_bps": 17.532700282049394,
      "maker_ratio": 0.7,
      "fills_under_threshold": 308,
      "pct_under_threshold": 0.9777777777777777,
      "gate_status": "INSUFFICIENT_DATA",
      "reason": "need_2000_fills_have_315",
      "threshold_bps": 15.0,
      "min_sample_size": 2000
    },
    "ETH-USD_binance": {
      "total_fills": 280,
      "p95_slippage_bps": 8.377083927597624,
      "mean_slippage_bps": 4.026746862284848,
      "median_slippage_bps": 3.4203305989191,
      "p99_slippage_bps": 15.983281853585309,
      "maker_ratio": 0.7,
      "fills_under_threshold": 276,
      "pct_under_threshold": 0.9857142857142858,
      "gate_status": "INSUFFICIENT_DATA",
      "reason": "need_2000_fills_have_280",
      "threshold_bps": 15.0,
      "min_sample_size": 2000
    },
    "ETH-USD_coinbase": {
      "total_fills": 333,
      "p95_slippage_bps": 9.240828041155584,
      "mean_slippage_bps": 3.8943770954510133,
      "median_slippage_bps": 3.2894521910898384,
      "p99_slippage_bps": 17.578150732731643,
      "maker_ratio": 0.7,
      "fills_under_threshold": 326,
      "pct_under_threshold": 0.978978978978979,
      "gate_status": "INSUFFICIENT_DATA",
      "reason": "need_2000_fills_have_333",
      "threshold_bps": 15.0,
      "min_sample_size": 2000
    },
    "NVDA_alpaca": {
      "total_fills": 332,
      "p95_slippage_bps": 9.089866180177873,
      "mean_slippage_bps": 3.9862138626633374,
      "median_slippage_bps": 3.3266816761953395,
      "p99_slippage_bps": 18.911899211019,
      "maker_ratio": 0.7,
      "fills_under_threshold": 324,
      "pct_under_threshold": 0.9759036144578314,
      "gate_status": "INSUFFICIENT_DATA",
      "reason": "need_2000_fills_have_332",
      "threshold_bps": 15.0,
      "min_sample_size": 2000
    },
    "NVDA_binance": {
      "total_fills": 331,
      "p95_slippage_bps": 8.931910074690414,
      "mean_slippage_bps": 3.9894390783966323,
      "median_slippage_bps": 3.5426206603201416,
      "p99_slippage_bps": 19.39399285048722,
      "maker_ratio": 0.7,
      "fills_under_threshold": 325,
      "pct_under_threshold": 0.9818731117824774,
      "gate_status": "INSUFFICIENT_DATA",
      "reason": "need_2000_fills_have_331",
      "threshold_bps": 15.0,
      "min_sample_size": 2000
    },
    "NVDA_coinbase": {
      "total_fills": 273,
      "p95_slippage_bps": 14.435040499951917,
      "mean_slippage_bps": 4.759412884706769,
      "median_slippage_bps": 3.6074939315435093,
      "p99_slippage_bps": 19.536048469663804,
      "maker_ratio": 0.7,
      "fills_under_threshold": 262,
      "pct_under_threshold": 0.9597069597069597,
      "gate_status": "INSUFFICIENT_DATA",
      "reason": "need_2000_fills_have_273",