{
  "timestamp": "2025-08-16T10:00:25.652743+00:00",
  "window_hours": 48,
  "threshold_bps": 15.0,
  "min_sample_size": 2000,
  "overall_metrics": {
    "total_fills": 2740,
    "p95_slippage_bps": 9.142592037242773,
    "mean_slippage_bps": 4.023181270199799,
    "median_slippage_bps": 3.4612755338301664,
    "p99_slippage_bps": 17.496588948847027,
    "maker_ratio": 0.7,
    "fills_under_threshold": 2689,
    "pct_under_threshold": 0.9813868613138687,
    "gate_status": "PASS",
    "reason": "criteria_met",
    "threshold_bps": 15.0,
    "min_sample_size": 2000
  },
  "breakdown_metrics": {
    "asset_NVDA": {
      "total_fills": 935,
      "p95_slippage_bps": 8.642038429564565,
      "mean_slippage_bps": 3.924510410227818,
      "median_slippage_bps": 3.4783872865679215,
      "p99_slippage_bps": 16.39630267237489,
      "maker_ratio": 0.7,
      "fills_under_threshold": 922,
      "pct_under_threshold": 0.986096256684492,
      "gate_status": "INSUFFICIENT_DATA",
      "reason": "need_2000_fills_have_935",
      "threshold_bps": 15.0,
      "min_sample_size": 2000
    },
    "asset_BTC-USD": {
      "total_fills": 945,
      "p95_slippage_bps": 9.802268461856185,
      "mean_slippage_bps": 4.2083886437765585,
      "median_slippage_bps": 3.4355361320699096,
      "p99_slippage_bps": 19.549342568153417,
      "maker_ratio": 0.7,
      "fills_under_threshold": 920,
      "pct_under_threshold": 0.9735449735449735,
      "gate_status": "INSUFFICIENT_DATA",
      "reason": "need_2000_fills_have_945",
      "threshold_bps": 15.0,
      "min_sample_size": 2000
    },
    "asset_ETH-USD": {
      "total_fills": 860,
      "p95_slippage_bps": 8.875176616157326,
      "mean_slippage_bps": 3.9269443935064996,
      "median_slippage_bps": 3.451488272660855,
      "p99_slippage_bps": 15.877087541351335,
      "maker_ratio": 0.7,
      "fills_under_threshold": 847,
      "pct_under_threshold": 0.9848837209302326,
      "gate_status": "INSUFFICIENT_DATA",
      "reason": "need_2000_fills_have_860",
      "threshold_bps": 15.0,
      "min_sample_size": 2000
    },
    "venue_binance": {
      "total_fills": 834,
      "p95_slippage_bps": 9.472476232287809,
      "mean_slippage_bps": 3.986583913954602,
      "median_slippage_bps": 3.3614645085060237,
      "p99_slippage_bps": 16.891462299859093,
      "maker_ratio": 0.7,
      "fills_under_threshold": 818,
      "pct_under_threshold": 0.9808153477218226,
      "gate_status": "INSUFFICIENT_DATA",
      "reason": "need_2000_fills_have_834",
      "threshold_bps": 15.0,
      "min_sample_size": 2000
    },
    "venue_coinbase": {
      "total_fills": 955,
      "p95_slippage_bps": 9.088814384414183,
      "mean_slippage_bps": 3.9737611250530267,
      "median_slippage_bps": 3.43396090181554,
      "p99_slippage_bps": 18.230314449963487,
      "maker_ratio": 0.7,
      "fills_under_threshold": 935,
      "pct_under_threshold": 0.9790575916230366,
      "gate_status": "INSUFFICIENT_DATA",
      "reason": "need_2000_fills_have_955",
      "threshold_bps": 15.0,
      "min_sample_size": 2000
    },
    "venue_alpaca": {
      "total_fills": 951,
      "p95_slippage_bps": 8.992291883310369,
      "mean_slippage_bps": 4.104904123747286,
      "median_slippage_bps": 3.6002310120885617,
      "p99_slippage_bps": 16.990263099580574,
      "maker_ratio": 0.7,
      "fills_under_threshold": 936,
      "pct_under_threshold": 0.9842271293375394,
      "gate_status": "INSUFFICIENT_DATA",
      "reason": "need_2000_fills_have_951",
      "threshold_bps": 15.0,
      "min_sample_size": 2000
    },
    "BTC-USD_alpaca": {
      "total_fills": 322,
      "p95_slippage_bps": 9.747090010273487,
      "mean_slippage_bps": 4.269529160737231,
      "median_slippage_bps": 3.6395007106282495,
      "p99_slippage_bps": 19.538986243342293,
      "maker_ratio": 0.7,
      "fills_under_threshold": 315,
      "pct_under_threshold": 0.9782608695652174,
      "gate_status": "INSUFFICIENT_DATA",
      "reason": "need_2000_fills_have_322",
      "threshold_bps": 15.0,
      "min_sample_size": 2000
    },
    "BTC-USD_binance": {
      "total_fills": 296,
      "p95_slippage_bps": 10.49499718905402,
      "mean_slippage_bps": 4.163943130833841,
      "median_slippage_bps": 3.3102766491950586,
      "p99_slippage_bps": 17.67997653590811,
      "maker_ratio": 0.7,
      "fills_under_threshold": 289,
      "pct_under_threshold": 0.9763513513513513,
      "gate_status": "INSUFFICIENT_DATA",
      "reason": "need_2000_fills_have_296",
      "threshold_bps": 15.0,
      "min_sample_size": 2000
    },
    "BTC-USD_coinbase": {
      "total_fills": 327,
      "p95_slippage_bps": 9.267512447631537,
      "mean_slippage_bps": 4.188415021053953,
      "median_slippage_bps": 3.4012343491082775,
      "p99_slippage_bps": 19.692105732498888,
      "maker_ratio": 0.7,
      "fills_under_threshold": 316,
      "pct_under_threshold": 0.9663608562691132,
      "gate_status": "INSUFFICIENT_DATA",
      "reason": "need_2000_fills_have_327",
      "threshold_bps": 15.0,
      "min_sample_size": 2000
    },
    "ETH-USD_alpaca": {
      "total_fills": 316,
      "p95_slippage_bps": 8.840060341496216,
      "mean_slippage_bps": 4.015342953874538,
      "median_slippage_bps": 3.5499703198524233,
      "p99_slippage_bps": 16.019365211703178,
      "maker_ratio": 0.7,
      "fills_under_threshold": 312,
      "pct_under_threshold": 0.9873417721518988,
      "gate_status": "INSUFFICIENT_DATA",
      "reason": "need_2000_fills_have_316",
      "threshold_bps": 15.0,
      "min_sample_size": 2000
    },
    "ETH-USD_binance": {
      "total_fills": 246,
      "p95_slippage_bps": 8.02753216845258,
      "mean_slippage_bps": 3.816226003956695,
      "median_slippage_bps": 3.3322175276165655,
      "p99_slippage_bps": 15.645744680040488,
      "maker_ratio": 0.7,
      "fills_under_threshold": 241,
      "pct_under_threshold": 0.9796747967479674,
      "gate_status": "INSUFFICIENT_DATA",
      "reason": "need_2000_fills_have_246",
      "threshold_bps": 15.0,
      "min_sample_size": 2000
    },
    "ETH-USD_coinbase": {
      "total_fills": 298,
      "p95_slippage_bps": 9.090389959916829,
      "mean_slippage_bps": 3.924604724892244,
      "median_slippage_bps": 3.521732483242897,
      "p99_slippage_bps": 15.325729877161722,
      "maker_ratio": 0.7,
      "fills_under_threshold": 294,
      "pct_under_threshold": 0.9865771812080537,
      "gate_status": "INSUFFICIENT_DATA",
      "reason": "need_2000_fills_have_298",
      "threshold_bps": 15.0,
      "min_sample_size": 2000
    },
    "NVDA_alpaca": {
      "total_fills": 313,
      "p95_slippage_bps": 8.502013211344357,
      "mean_slippage_bps": 4.0259650431371465,
      "median_slippage_bps": 3.6374224846357146,
      "p99_slippage_bps": 16.136454200946417,
      "maker_ratio": 0.7,
      "fills_under_threshold": 309,
      "pct_under_threshold": 0.987220447284345,
      "gate_status": "INSUFFICIENT_DATA",
      "reason": "need_2000_fills_have_313",
      "threshold_bps": 15.0,
      "min_sample_size": 2000
    },
    "NVDA_binance": {
      "total_fills": 292,
      "p95_slippage_bps": 8.93394814905316,
      "mean_slippage_bps": 3.950315823760186,
      "median_slippage_bps": 3.395777090026693,
      "p99_slippage_bps": 15.29689623604815,
      "maker_ratio": 0.7,
      "fills_under_threshold": 288,
      "pct_under_threshold": 0.9863013698630136,
      "gate_status": "INSUFFICIENT_DATA",
      "reason": "need_2000_fills_have_292",
      "threshold_bps": 15.0,
      "min_sample_size": 2000
    },
    "NVDA_coinbase": {
      "total_fills": 330,
      "p95_slippage_bps": 8.515016199343128,
      "mean_slippage_bps": 3.8054483470397247,
      "median_slippage_bps": 3.364815211091103,
      "p99_slippage_bps": 16.936493800180187,
      "maker_ratio": 0.7,
      "fills_under_threshold": 325,
      "pct_under_threshold": 0.9848484848484849,
      "gate_status": "INSUFFICIENT_DATA",