{
  "timestamp": "2025-08-16T06:58:48.771263+00:00",
  "window_hours": 48,
  "threshold_bps": 15.0,
  "min_sample_size": 2000,
  "overall_metrics": {
    "total_fills": 2581,
    "p95_slippage_bps": 8.904892790375028,
    "mean_slippage_bps": 3.966243270820806,
    "median_slippage_bps": 3.3985636479563173,
    "p99_slippage_bps": 18.011415150762105,
    "maker_ratio": 0.7,
    "fills_under_threshold": 2529,
    "pct_under_threshold": 0.9798527702440915,
    "gate_status": "PASS",
    "reason": "criteria_met",
    "threshold_bps": 15.0,
    "min_sample_size": 2000
  },
  "breakdown_metrics": {
    "asset_BTC-USD": {
      "total_fills": 881,
      "p95_slippage_bps": 8.904892790375028,
      "mean_slippage_bps": 3.9551965797653494,
      "median_slippage_bps": 3.3832526405776626,
      "p99_slippage_bps": 19.851826684773894,
      "maker_ratio": 0.7,
      "fills_under_threshold": 864,
      "pct_under_threshold": 0.9807037457434733,
      "gate_status": "INSUFFICIENT_DATA",
      "reason": "need_2000_fills_have_881",
      "threshold_bps": 15.0,
      "min_sample_size": 2000
    },
    "asset_ETH-USD": {
      "total_fills": 873,
      "p95_slippage_bps": 8.633239920523868,
      "mean_slippage_bps": 3.9159503874442723,
      "median_slippage_bps": 3.344814897117044,
      "p99_slippage_bps": 18.388013584502506,
      "maker_ratio": 0.7,
      "fills_under_threshold": 852,
      "pct_under_threshold": 0.9759450171821306,
      "gate_status": "INSUFFICIENT_DATA",
      "reason": "need_2000_fills_have_873",
      "threshold_bps": 15.0,
      "min_sample_size": 2000
    },
    "asset_NVDA": {
      "total_fills": 827,
      "p95_slippage_bps": 8.925892010304551,
      "mean_slippage_bps": 4.031101580382562,
      "median_slippage_bps": 3.470601478866346,
      "p99_slippage_bps": 16.912784823517207,
      "maker_ratio": 0.7,
      "fills_under_threshold": 813,
      "pct_under_threshold": 0.9830713422007256,
      "gate_status": "INSUFFICIENT_DATA",
      "reason": "need_2000_fills_have_827",
      "threshold_bps": 15.0,
      "min_sample_size": 2000
    },
    "venue_coinbase": {
      "total_fills": 836,
      "p95_slippage_bps": 9.105349907834409,
      "mean_slippage_bps": 3.976467551121469,
      "median_slippage_bps": 3.4198986138849183,
      "p99_slippage_bps": 17.82285569923453,
      "maker_ratio": 0.7,
      "fills_under_threshold": 819,
      "pct_under_threshold": 0.9796650717703349,
      "gate_status": "INSUFFICIENT_DATA",
      "reason": "need_2000_fills_have_836",
      "threshold_bps": 15.0,
      "min_sample_size": 2000
    },
    "venue_alpaca": {
      "total_fills": 895,
      "p95_slippage_bps": 9.10555204346404,
      "mean_slippage_bps": 4.0229083647881785,
      "median_slippage_bps": 3.3985636479563173,
      "p99_slippage_bps": 18.967207422338127,
      "maker_ratio": 0.7,
      "fills_under_threshold": 875,
      "pct_under_threshold": 0.9776536312849162,
      "gate_status": "INSUFFICIENT_DATA",
      "reason": "need_2000_fills_have_895",
      "threshold_bps": 15.0,
      "min_sample_size": 2000
    },
    "venue_binance": {
      "total_fills": 850,
      "p95_slippage_bps": 8.646018163621177,
      "mean_slippage_bps": 3.896522379724157,
      "median_slippage_bps": 3.392908531441414,
      "p99_slippage_bps": 17.379742825546185,
      "maker_ratio": 0.7,
      "fills_under_threshold": 835,
      "pct_under_threshold": 0.9823529411764705,
      "gate_status": "INSUFFICIENT_DATA",
      "reason": "need_2000_fills_have_850",
      "threshold_bps": 15.0,
      "min_sample_size": 2000
    },
    "BTC-USD_alpaca": {
      "total_fills": 314,
      "p95_slippage_bps": 8.580917944818843,
      "mean_slippage_bps": 3.9238513568998763,
      "median_slippage_bps": 3.2988355969208487,
      "p99_slippage_bps": 20.52786656908808,
      "maker_ratio": 0.7,
      "fills_under_threshold": 305,
      "pct_under_threshold": 0.9713375796178344,
      "gate_status": "INSUFFICIENT_DATA",
      "reason": "need_2000_fills_have_314",
      "threshold_bps": 15.0,
      "min_sample_size": 2000
    },
    "BTC-USD_binance": {
      "total_fills": 263,
      "p95_slippage_bps": 8.623162314035577,
      "mean_slippage_bps": 3.759095709816527,
      "median_slippage_bps": 3.2284311928965117,
      "p99_slippage_bps": 14.437903630792407,
      "maker_ratio": 0.7,
      "fills_under_threshold": 261,
      "pct_under_threshold": 0.9923954372623575,
      "gate_status": "INSUFFICIENT_DATA",
      "reason": "need_2000_fills_have_263",
      "threshold_bps": 15.0,
      "min_sample_size": 2000
    },
    "BTC-USD_coinbase": {
      "total_fills": 304,
      "p95_slippage_bps": 9.19262108312577,
      "mean_slippage_bps": 4.157225950740017,
      "median_slippage_bps": 3.628672965192467,
      "p99_slippage_bps": 19.80564294625428,
      "maker_ratio": 0.7,
      "fills_under_threshold": 298,
      "pct_under_threshold": 0.9802631578947368,
      "gate_status": "INSUFFICIENT_DATA",
      "reason": "need_2000_fills_have_304",
      "threshold_bps": 15.0,
      "min_sample_size": 2000
    },
    "ETH-USD_alpaca": {
      "total_fills": 294,
      "p95_slippage_bps": 8.653258307969073,
      "mean_slippage_bps": 3.995704666167557,
      "median_slippage_bps": 3.4885735300400476,
      "p99_slippage_bps": 18.95877015743379,
      "maker_ratio": 0.7,
      "fills_under_threshold": 288,
      "pct_under_threshold": 0.9795918367346939,
      "gate_status": "INSUFFICIENT_DATA",
      "reason": "need_2000_fills_have_294",
      "threshold_bps": 15.0,
      "min_sample_size": 2000
    },
    "ETH-USD_binance": {
      "total_fills": 321,
      "p95_slippage_bps": 8.046629803588706,
      "mean_slippage_bps": 3.8338684363046234,
      "median_slippage_bps": 3.3631135841795,
      "p99_slippage_bps": 18.06773882218472,
      "maker_ratio": 0.7,
      "fills_under_threshold": 314,
      "pct_under_threshold": 0.9781931464174455,
      "gate_status": "INSUFFICIENT_DATA",
      "reason": "need_2000_fills_have_321",
      "threshold_bps": 15.0,
      "min_sample_size": 2000
    },
    "ETH-USD_coinbase": {
      "total_fills": 258,
      "p95_slippage_bps": 9.502356618726296,
      "mean_slippage_bps": 3.927192822991487,
      "median_slippage_bps": 3.1564395345158114,
      "p99_slippage_bps": 17.73645503138568,
      "maker_ratio": 0.7,
      "fills_under_threshold": 250,
      "pct_under_threshold": 0.9689922480620154,
      "gate_status": "INSUFFICIENT_DATA",
      "reason": "need_2000_fills_have_258",
      "threshold_bps": 15.0,
      "min_sample_size": 2000
    },
    "NVDA_alpaca": {
      "total_fills": 287,
      "p95_slippage_bps": 9.162987333445926,
      "mean_slippage_bps": 4.159151528103123,
      "median_slippage_bps": 3.481291362088934,
      "p99_slippage_bps": 16.067562223367315,
      "maker_ratio": 0.7,
      "fills_under_threshold": 282,
      "pct_under_threshold": 0.9825783972125436,
      "gate_status": "INSUFFICIENT_DATA",
      "reason": "need_2000_fills_have_287",
      "threshold_bps": 15.0,
      "min_sample_size": 2000
    },
    "NVDA_binance": {
      "total_fills": 266,
      "p95_slippage_bps": 10.378734774330608,
      "mean_slippage_bps": 4.1080078309398615,
      "median_slippage_bps": 3.514179015709429,
      "p99_slippage_bps": 17.368273973893412,
      "maker_ratio": 0.7,
      "fills_under_threshold": 260,
      "pct_under_threshold": 0.9774436090225563,
      "gate_status": "INSUFFICIENT_DATA",
      "reason": "need_2000_fills_have_266",
      "threshold_bps": 15.0,
      "min_sample_size": 2000
    },
    "NVDA_coinbase": {
      "total_fills": 274,
      "p95_slippage_bps": 8.056019857185749,
      "mean_slippage_bps": 3.822315457594084,
      "median_slippage_bps": 3.357792861031715,
      "p99_slippage_bps": 14.174221490033442,
      "maker_ratio": 0.7,
      "fills_under_threshold": 271,
      "pct_under_threshold": 0.9890510948905109,
      "gate_status": "INSUFFICIENT_DATA",
      "reason": "need_2000_fills_have_274",