{
  "timestamp": "2025-08-16T13:48:41.118136+00:00",
  "window_hours": 48,
  "threshold_bps": 15.0,
  "min_sample_size": 2000,
  "overall_metrics": {
    "total_fills": 2776,
    "p95_slippage_bps": 9.21253994053053,
    "mean_slippage_bps": 4.0502532117341765,
    "median_slippage_bps": 3.4117357539850977,
    "p99_slippage_bps": 18.52356251545506,
    "maker_ratio": 0.7,
    "fills_under_threshold": 2719,
    "pct_under_threshold": 0.9794668587896254,
    "gate_status": "PASS",
    "reason": "criteria_met",
    "threshold_bps": 15.0,
    "min_sample_size": 2000
  },
  "breakdown_metrics": {
    "asset_NVDA": {
      "total_fills": 934,
      "p95_slippage_bps": 9.409012667616123,
      "mean_slippage_bps": 4.064516923800641,
      "median_slippage_bps": 3.4469329979289056,
      "p99_slippage_bps": 18.287336975297922,
      "maker_ratio": 0.7,
      "fills_under_threshold": 915,
      "pct_under_threshold": 0.9796573875802997,
      "gate_status": "INSUFFICIENT_DATA",
      "reason": "need_2000_fills_have_934",
      "threshold_bps": 15.0,
      "min_sample_size": 2000
    },
    "asset_BTC-USD": {
      "total_fills": 919,
      "p95_slippage_bps": 9.082904286670134,
      "mean_slippage_bps": 4.022960454340748,
      "median_slippage_bps": 3.4626203079315867,
      "p99_slippage_bps": 17.41258343512304,
      "maker_ratio": 0.7,
      "fills_under_threshold": 903,
      "pct_under_threshold": 0.9825897714907508,
      "gate_status": "INSUFFICIENT_DATA",
      "reason": "need_2000_fills_have_919",
      "threshold_bps": 15.0,
      "min_sample_size": 2000
    },
    "asset_ETH-USD": {
      "total_fills": 923,
      "p95_slippage_bps": 9.018162192642356,
      "mean_slippage_bps": 4.062993988521266,
      "median_slippage_bps": 3.3680142464869536,
      "p99_slippage_bps": 18.678139077879504,
      "maker_ratio": 0.7,
      "fills_under_threshold": 901,
      "pct_under_threshold": 0.9761646803900325,
      "gate_status": "INSUFFICIENT_DATA",
      "reason": "need_2000_fills_have_923",
      "threshold_bps": 15.0,
      "min_sample_size": 2000
    },
    "venue_coinbase": {
      "total_fills": 938,
      "p95_slippage_bps": 8.576503064096327,
      "mean_slippage_bps": 3.9491033539941762,
      "median_slippage_bps": 3.4491246580703625,
      "p99_slippage_bps": 17.878866845045607,
      "maker_ratio": 0.7,
      "fills_under_threshold": 922,
      "pct_under_threshold": 0.9829424307036247,
      "gate_status": "INSUFFICIENT_DATA",
      "reason": "need_2000_fills_have_938",
      "threshold_bps": 15.0,
      "min_sample_size": 2000
    },
    "venue_binance": {
      "total_fills": 882,
      "p95_slippage_bps": 9.286236761253134,
      "mean_slippage_bps": 4.0200493275015745,
      "median_slippage_bps": 3.3808844126223683,
      "p99_slippage_bps": 16.69726291442191,
      "maker_ratio": 0.7,
      "fills_under_threshold": 867,
      "pct_under_threshold": 0.9829931972789115,
      "gate_status": "INSUFFICIENT_DATA",
      "reason": "need_2000_fills_have_882",
      "threshold_bps": 15.0,
      "min_sample_size": 2000
    },
    "venue_alpaca": {
      "total_fills": 956,
      "p95_slippage_bps": 9.74954197073082,
      "mean_slippage_bps": 4.177364500911243,
      "median_slippage_bps": 3.40669598555568,
      "p99_slippage_bps": 20.3188577863832,
      "maker_ratio": 0.7,
      "fills_under_threshold": 930,
      "pct_under_threshold": 0.9728033472803347,
      "gate_status": "INSUFFICIENT_DATA",
      "reason": "need_2000_fills_have_956",
      "threshold_bps": 15.0,
      "min_sample_size": 2000
    },
    "BTC-USD_alpaca": {
      "total_fills": 309,
      "p95_slippage_bps": 9.358776584105904,
      "mean_slippage_bps": 4.218672148014379,
      "median_slippage_bps": 3.6257989087387403,
      "p99_slippage_bps": 18.6798923059297,
      "maker_ratio": 0.7,
      "fills_under_threshold": 302,
      "pct_under_threshold": 0.9773462783171522,
      "gate_status": "INSUFFICIENT_DATA",
      "reason": "need_2000_fills_have_309",
      "threshold_bps": 15.0,
      "min_sample_size": 2000
    },
    "BTC-USD_binance": {
      "total_fills": 319,
      "p95_slippage_bps": 9.418097765587936,
      "mean_slippage_bps": 3.933668295510526,
      "median_slippage_bps": 3.302091190088753,
      "p99_slippage_bps": 15.630907292000462,
      "maker_ratio": 0.7,
      "fills_under_threshold": 315,
      "pct_under_threshold": 0.987460815047022,
      "gate_status": "INSUFFICIENT_DATA",
      "reason": "need_2000_fills_have_319",
      "threshold_bps": 15.0,
      "min_sample_size": 2000
    },
    "BTC-USD_coinbase": {
      "total_fills": 291,
      "p95_slippage_bps": 8.250929131136193,
      "mean_slippage_bps": 3.913026726923868,
      "median_slippage_bps": 3.5002983109306256,
      "p99_slippage_bps": 16.627153646223814,
      "maker_ratio": 0.7,
      "fills_under_threshold": 286,
      "pct_under_threshold": 0.9828178694158075,
      "gate_status": "INSUFFICIENT_DATA",
      "reason": "need_2000_fills_have_291",
      "threshold_bps": 15.0,
      "min_sample_size": 2000
    },
    "ETH-USD_alpaca": {
      "total_fills": 334,
      "p95_slippage_bps": 9.547005882522141,
      "mean_slippage_bps": 4.120618892681882,
      "median_slippage_bps": 3.328325804355844,
      "p99_slippage_bps": 22.269176693482766,
      "maker_ratio": 0.7,
      "fills_under_threshold": 324,
      "pct_under_threshold": 0.9700598802395209,
      "gate_status": "INSUFFICIENT_DATA",
      "reason": "need_2000_fills_have_334",
      "threshold_bps": 15.0,
      "min_sample_size": 2000
    },
    "ETH-USD_binance": {
      "total_fills": 280,
      "p95_slippage_bps": 9.254354013325418,
      "mean_slippage_bps": 4.211636937898212,
      "median_slippage_bps": 3.5126880971500793,
      "p99_slippage_bps": 15.66879882038164,
      "maker_ratio": 0.7,
      "fills_under_threshold": 275,
      "pct_under_threshold": 0.9821428571428571,
      "gate_status": "INSUFFICIENT_DATA",
      "reason": "need_2000_fills_have_280",
      "threshold_bps": 15.0,
      "min_sample_size": 2000
    },
    "ETH-USD_coinbase": {
      "total_fills": 309,
      "p95_slippage_bps": 8.099768585770283,
      "mean_slippage_bps": 3.8660142350740503,
      "median_slippage_bps": 3.22285094933598,
      "p99_slippage_bps": 18.577396078107775,
      "maker_ratio": 0.7,
      "fills_under_threshold": 302,
      "pct_under_threshold": 0.9773462783171522,
      "gate_status": "INSUFFICIENT_DATA",
      "reason": "need_2000_fills_have_309",
      "threshold_bps": 15.0,
      "min_sample_size": 2000
    },
    "NVDA_alpaca": {
      "total_fills": 313,
      "p95_slippage_bps": 10.672352331788154,
      "mean_slippage_bps": 4.197137568622864,
      "median_slippage_bps": 3.4058075734537967,
      "p99_slippage_bps": 19.004918342386045,
      "maker_ratio": 0.7,
      "fills_under_threshold": 304,
      "pct_under_threshold": 0.9712460063897763,
      "gate_status": "INSUFFICIENT_DATA",
      "reason": "need_2000_fills_have_313",
      "threshold_bps": 15.0,
      "min_sample_size": 2000
    },
    "NVDA_binance": {
      "total_fills": 283,
      "p95_slippage_bps": 7.998400044275785,
      "mean_slippage_bps": 3.927862112993044,
      "median_slippage_bps": 3.36899113190361,
      "p99_slippage_bps": 17.957218286373447,
      "maker_ratio": 0.7,
      "fills_under_threshold": 277,
      "pct_under_threshold": 0.9787985865724381,
      "gate_status": "INSUFFICIENT_DATA",
      "reason": "need_2000_fills_have_283",
      "threshold_bps": 15.0,
      "min_sample_size": 2000
    },
    "NVDA_coinbase": {
      "total_fills": 338,
      "p95_slippage_bps": 9.017647995357297,
      "mean_slippage_bps": 4.0561235795083155,
      "median_slippage_bps": 3.5137262775944063,
      "p99_slippage_bps": 14.9914725230172,
      "maker_ratio": 0.7,
      "fills_under_threshold": 334,
      "pct_under_threshold": 0.9881656804733728,
      "gate_status": "INSUFFICIENT_DATA",
      "reason": "need_2000_fills_have_338",