{
  "timestamp": "2025-08-16T10:36:45.025904+00:00",
  "window_hours": 48,
  "threshold_bps": 15.0,
  "min_sample_size": 2000,
  "overall_metrics": {
    "total_fills": 2789,
    "p95_slippage_bps": 8.63252601016563,
    "mean_slippage_bps": 3.9974066144401283,
    "median_slippage_bps": 3.441111066013599,
    "p99_slippage_bps": 18.54315182053431,
    "maker_ratio": 0.7,
    "fills_under_threshold": 2740,
    "pct_under_threshold": 0.9824309788454644,
    "gate_status": "PASS",
    "reason": "criteria_met",
    "threshold_bps": 15.0,
    "min_sample_size": 2000
  },
  "breakdown_metrics": {
    "asset_ETH-USD": {
      "total_fills": 940,
      "p95_slippage_bps": 8.404143908571454,
      "mean_slippage_bps": 3.9931126763352744,
      "median_slippage_bps": 3.570909722589488,
      "p99_slippage_bps": 16.545435886153957,
      "maker_ratio": 0.7,
      "fills_under_threshold": 928,
      "pct_under_threshold": 0.9872340425531915,
      "gate_status": "INSUFFICIENT_DATA",
      "reason": "need_2000_fills_have_940",
      "threshold_bps": 15.0,
      "min_sample_size": 2000
    },
    "asset_NVDA": {
      "total_fills": 921,
      "p95_slippage_bps": 8.774776493488613,
      "mean_slippage_bps": 3.984690146256582,
      "median_slippage_bps": 3.4300001938802835,
      "p99_slippage_bps": 19.472104703836212,
      "maker_ratio": 0.7,
      "fills_under_threshold": 902,
      "pct_under_threshold": 0.9793702497285559,
      "gate_status": "INSUFFICIENT_DATA",
      "reason": "need_2000_fills_have_921",
      "threshold_bps": 15.0,
      "min_sample_size": 2000
    },
    "asset_BTC-USD": {
      "total_fills": 928,
      "p95_slippage_bps": 8.682954464483396,
      "mean_slippage_bps": 4.014376624155223,
      "median_slippage_bps": 3.3728472247122334,
      "p99_slippage_bps": 18.88596273316724,
      "maker_ratio": 0.7,
      "fills_under_threshold": 910,
      "pct_under_threshold": 0.9806034482758621,
      "gate_status": "INSUFFICIENT_DATA",
      "reason": "need_2000_fills_have_928",
      "threshold_bps": 15.0,
      "min_sample_size": 2000
    },
    "venue_binance": {
      "total_fills": 957,
      "p95_slippage_bps": 8.567089146831611,
      "mean_slippage_bps": 3.9898002696589927,
      "median_slippage_bps": 3.497543888785189,
      "p99_slippage_bps": 17.05764288181967,
      "maker_ratio": 0.7,
      "fills_under_threshold": 943,
      "pct_under_threshold": 0.9853709508881923,
      "gate_status": "INSUFFICIENT_DATA",
      "reason": "need_2000_fills_have_957",
      "threshold_bps": 15.0,
      "min_sample_size": 2000
    },
    "venue_alpaca": {
      "total_fills": 895,
      "p95_slippage_bps": 9.106303594508104,
      "mean_slippage_bps": 4.0008472559718475,
      "median_slippage_bps": 3.370825464486379,
      "p99_slippage_bps": 20.031183059821487,
      "maker_ratio": 0.7,
      "fills_under_threshold": 879,
      "pct_under_threshold": 0.982122905027933,
      "gate_status": "INSUFFICIENT_DATA",
      "reason": "need_2000_fills_have_895",
      "threshold_bps": 15.0,
      "min_sample_size": 2000
    },
    "venue_coinbase": {
      "total_fills": 937,
      "p95_slippage_bps": 8.503492784627264,
      "mean_slippage_bps": 4.001888895960573,
      "median_slippage_bps": 3.489673720303736,
      "p99_slippage_bps": 18.46200622782304,
      "maker_ratio": 0.7,
      "fills_under_threshold": 918,
      "pct_under_threshold": 0.9797225186766275,
      "gate_status": "INSUFFICIENT_DATA",
      "reason": "need_2000_fills_have_937",
      "threshold_bps": 15.0,
      "min_sample_size": 2000
    },
    "BTC-USD_alpaca": {
      "total_fills": 295,
      "p95_slippage_bps": 8.338628995602889,
      "mean_slippage_bps": 3.8053740142321297,
      "median_slippage_bps": 3.1851543129490474,
      "p99_slippage_bps": 14.95652003973079,
      "maker_ratio": 0.7,
      "fills_under_threshold": 292,
      "pct_under_threshold": 0.9898305084745763,
      "gate_status": "INSUFFICIENT_DATA",
      "reason": "need_2000_fills_have_295",
      "threshold_bps": 15.0,
      "min_sample_size": 2000
    },
    "BTC-USD_binance": {
      "total_fills": 323,
      "p95_slippage_bps": 8.475692455323074,
      "mean_slippage_bps": 4.050127473065767,
      "median_slippage_bps": 3.373468379051518,
      "p99_slippage_bps": 17.54046637680914,
      "maker_ratio": 0.7,
      "fills_under_threshold": 317,
      "pct_under_threshold": 0.9814241486068112,
      "gate_status": "INSUFFICIENT_DATA",
      "reason": "need_2000_fills_have_323",
      "threshold_bps": 15.0,
      "min_sample_size": 2000
    },
    "BTC-USD_coinbase": {
      "total_fills": 310,
      "p95_slippage_bps": 9.994859697469368,
      "mean_slippage_bps": 4.176016126507502,
      "median_slippage_bps": 3.5178556916033985,
      "p99_slippage_bps": 19.875322024438073,
      "maker_ratio": 0.7,
      "fills_under_threshold": 301,
      "pct_under_threshold": 0.9709677419354839,
      "gate_status": "INSUFFICIENT_DATA",
      "reason": "need_2000_fills_have_310",
      "threshold_bps": 15.0,
      "min_sample_size": 2000
    },
    "ETH-USD_alpaca": {
      "total_fills": 295,
      "p95_slippage_bps": 9.41938252860879,
      "mean_slippage_bps": 4.142789123355282,
      "median_slippage_bps": 3.5110713874622657,
      "p99_slippage_bps": 19.22056951904529,
      "maker_ratio": 0.7,
      "fills_under_threshold": 289,
      "pct_under_threshold": 0.9796610169491525,
      "gate_status": "INSUFFICIENT_DATA",
      "reason": "need_2000_fills_have_295",
      "threshold_bps": 15.0,
      "min_sample_size": 2000
    },
    "ETH-USD_binance": {
      "total_fills": 307,
      "p95_slippage_bps": 8.570361988674334,
      "mean_slippage_bps": 4.06212921365443,
      "median_slippage_bps": 3.667066414815867,
      "p99_slippage_bps": 14.87784741440023,
      "maker_ratio": 0.7,
      "fills_under_threshold": 303,
      "pct_under_threshold": 0.9869706840390879,
      "gate_status": "INSUFFICIENT_DATA",
      "reason": "need_2000_fills_have_307",
      "threshold_bps": 15.0,
      "min_sample_size": 2000
    },
    "ETH-USD_coinbase": {
      "total_fills": 338,
      "p95_slippage_bps": 7.596365117073302,
      "mean_slippage_bps": 3.7997912892705306,
      "median_slippage_bps": 3.430325654417899,
      "p99_slippage_bps": 10.921966582888034,
      "maker_ratio": 0.7,
      "fills_under_threshold": 336,
      "pct_under_threshold": 0.9940828402366864,
      "gate_status": "INSUFFICIENT_DATA",
      "reason": "need_2000_fills_have_338",
      "threshold_bps": 15.0,
      "min_sample_size": 2000
    },
    "NVDA_alpaca": {
      "total_fills": 305,
      "p95_slippage_bps": 9.049522377158565,
      "mean_slippage_bps": 4.052623503300055,
      "median_slippage_bps": 3.356823548410349,
      "p99_slippage_bps": 20.8779699133694,
      "maker_ratio": 0.7,
      "fills_under_threshold": 298,
      "pct_under_threshold": 0.9770491803278688,
      "gate_status": "INSUFFICIENT_DATA",
      "reason": "need_2000_fills_have_305",
      "threshold_bps": 15.0,
      "min_sample_size": 2000
    },
    "NVDA_binance": {
      "total_fills": 327,
      "p95_slippage_bps": 8.454125027274854,
      "mean_slippage_bps": 3.862305858322639,
      "median_slippage_bps": 3.4489207523915013,
      "p99_slippage_bps": 15.537321624950222,
      "maker_ratio": 0.7,
      "fills_under_threshold": 323,
      "pct_under_threshold": 0.9877675840978594,
      "gate_status": "INSUFFICIENT_DATA",
      "reason": "need_2000_fills_have_327",
      "threshold_bps": 15.0,
      "min_sample_size": 2000
    },
    "NVDA_coinbase": {
      "total_fills": 289,
      "p95_slippage_bps": 8.872763371344396,
      "mean_slippage_bps": 4.051472112540803,
      "median_slippage_bps": 3.514342912176896,
      "p99_slippage_bps": 20.89368022060937,
      "maker_ratio": 0.7,
      "fills_under_threshold": 281,
      "pct_under_threshold": 0.972318339100346,
      "gate_status": "INSUFFICIENT_DATA",
      "reason": "need_2000_fills_have_289",