{
  "timestamp": "2025-08-16T11:28:38.136867+00:00",
  "window_hours": 48,
  "threshold_bps": 15.0,
  "min_sample_size": 2000,
  "overall_metrics": {
    "total_fills": 2766,
    "p95_slippage_bps": 8.726826814425706,
    "mean_slippage_bps": 3.945298679177874,
    "median_slippage_bps": 3.401436039870114,
    "p99_slippage_bps": 17.798092990504074,
    "maker_ratio": 0.7,
    "fills_under_threshold": 2715,
    "pct_under_threshold": 0.9815618221258134,
    "gate_status": "PASS",
    "reason": "criteria_met",
    "threshold_bps": 15.0,
    "min_sample_size": 2000
  },
  "breakdown_metrics": {
    "asset_ETH-USD": {
      "total_fills": 954,
      "p95_slippage_bps": 8.531235082542207,
      "mean_slippage_bps": 3.9396986448349227,
      "median_slippage_bps": 3.3693012159492035,
      "p99_slippage_bps": 17.549629881228757,
      "maker_ratio": 0.7,
      "fills_under_threshold": 937,
      "pct_under_threshold": 0.9821802935010482,
      "gate_status": "INSUFFICIENT_DATA",
      "reason": "need_2000_fills_have_954",
      "threshold_bps": 15.0,
      "min_sample_size": 2000
    },
    "asset_BTC-USD": {
      "total_fills": 892,
      "p95_slippage_bps": 8.687725039088635,
      "mean_slippage_bps": 3.922271173057997,
      "median_slippage_bps": 3.4295063233742367,
      "p99_slippage_bps": 17.88371670431472,
      "maker_ratio": 0.7,
      "fills_under_threshold": 877,
      "pct_under_threshold": 0.9831838565022422,
      "gate_status": "INSUFFICIENT_DATA",
      "reason": "need_2000_fills_have_892",
      "threshold_bps": 15.0,
      "min_sample_size": 2000
    },
    "asset_NVDA": {
      "total_fills": 920,
      "p95_slippage_bps": 8.854814975781899,
      "mean_slippage_bps": 3.973432340288861,
      "median_slippage_bps": 3.424070590229904,
      "p99_slippage_bps": 17.790837414380892,
      "maker_ratio": 0.7,
      "fills_under_threshold": 901,
      "pct_under_threshold": 0.9793478260869565,
      "gate_status": "INSUFFICIENT_DATA",
      "reason": "need_2000_fills_have_920",
      "threshold_bps": 15.0,
      "min_sample_size": 2000
    },
    "venue_binance": {
      "total_fills": 946,
      "p95_slippage_bps": 8.286553323312635,
      "mean_slippage_bps": 3.8367582921722976,
      "median_slippage_bps": 3.381267497683381,
      "p99_slippage_bps": 17.032481463737916,
      "maker_ratio": 0.7,
      "fills_under_threshold": 931,
      "pct_under_threshold": 0.9841437632135307,
      "gate_status": "INSUFFICIENT_DATA",
      "reason": "need_2000_fills_have_946",
      "threshold_bps": 15.0,
      "min_sample_size": 2000
    },
    "venue_alpaca": {
      "total_fills": 896,
      "p95_slippage_bps": 8.51608326909217,
      "mean_slippage_bps": 3.9191159487150853,
      "median_slippage_bps": 3.403587712930484,
      "p99_slippage_bps": 17.56120542490973,
      "maker_ratio": 0.7,
      "fills_under_threshold": 882,
      "pct_under_threshold": 0.984375,
      "gate_status": "INSUFFICIENT_DATA",
      "reason": "need_2000_fills_have_896",
      "threshold_bps": 15.0,
      "min_sample_size": 2000
    },
    "venue_coinbase": {
      "total_fills": 924,
      "p95_slippage_bps": 9.627270987345653,
      "mean_slippage_bps": 4.0818126755003155,
      "median_slippage_bps": 3.4504172101768322,
      "p99_slippage_bps": 18.159635806845557,
      "maker_ratio": 0.7,
      "fills_under_threshold": 902,
      "pct_under_threshold": 0.9761904761904762,
      "gate_status": "INSUFFICIENT_DATA",
      "reason": "need_2000_fills_have_924",
      "threshold_bps": 15.0,
      "min_sample_size": 2000
    },
    "BTC-USD_alpaca": {
      "total_fills": 291,
      "p95_slippage_bps": 8.539622579641183,
      "mean_slippage_bps": 3.967751865621578,
      "median_slippage_bps": 3.4989930652591847,
      "p99_slippage_bps": 17.951972581861476,
      "maker_ratio": 0.7,
      "fills_under_threshold": 287,
      "pct_under_threshold": 0.9862542955326461,
      "gate_status": "INSUFFICIENT_DATA",
      "reason": "need_2000_fills_have_291",
      "threshold_bps": 15.0,
      "min_sample_size": 2000
    },
    "BTC-USD_binance": {
      "total_fills": 316,
      "p95_slippage_bps": 8.590922758210791,
      "mean_slippage_bps": 3.819634162006534,
      "median_slippage_bps": 3.3528415284362327,
      "p99_slippage_bps": 18.551395787144788,
      "maker_ratio": 0.7,
      "fills_under_threshold": 310,
      "pct_under_threshold": 0.9810126582278481,
      "gate_status": "INSUFFICIENT_DATA",
      "reason": "need_2000_fills_have_316",
      "threshold_bps": 15.0,
      "min_sample_size": 2000
    },
    "BTC-USD_coinbase": {
      "total_fills": 285,
      "p95_slippage_bps": 8.691298200726136,
      "mean_slippage_bps": 3.989634029044876,
      "median_slippage_bps": 3.446244237967366,
      "p99_slippage_bps": 17.330543122756165,
      "maker_ratio": 0.7,
      "fills_under_threshold": 280,
      "pct_under_threshold": 0.9824561403508771,
      "gate_status": "INSUFFICIENT_DATA",
      "reason": "need_2000_fills_have_285",
      "threshold_bps": 15.0,
      "min_sample_size": 2000
    },
    "ETH-USD_alpaca": {
      "total_fills": 301,
      "p95_slippage_bps": 7.833802466368931,
      "mean_slippage_bps": 3.7829887661443604,
      "median_slippage_bps": 3.329292340192714,
      "p99_slippage_bps": 14.705947209479273,
      "maker_ratio": 0.7,
      "fills_under_threshold": 298,
      "pct_under_threshold": 0.9900332225913622,
      "gate_status": "INSUFFICIENT_DATA",
      "reason": "need_2000_fills_have_301",
      "threshold_bps": 15.0,
      "min_sample_size": 2000
    },
    "ETH-USD_binance": {
      "total_fills": 299,
      "p95_slippage_bps": 7.430990286568968,
      "mean_slippage_bps": 3.812790062264386,
      "median_slippage_bps": 3.3639052206038107,
      "p99_slippage_bps": 15.233992699955245,
      "maker_ratio": 0.7,
      "fills_under_threshold": 295,
      "pct_under_threshold": 0.9866220735785953,
      "gate_status": "INSUFFICIENT_DATA",
      "reason": "need_2000_fills_have_299",
      "threshold_bps": 15.0,
      "min_sample_size": 2000
    },
    "ETH-USD_coinbase": {
      "total_fills": 354,
      "p95_slippage_bps": 9.849450530071353,
      "mean_slippage_bps": 4.18013745747461,
      "median_slippage_bps": 3.421099449639452,
      "p99_slippage_bps": 18.470492522800303,
      "maker_ratio": 0.7,
      "fills_under_threshold": 344,
      "pct_under_threshold": 0.9717514124293786,
      "gate_status": "INSUFFICIENT_DATA",
      "reason": "need_2000_fills_have_354",
      "threshold_bps": 15.0,
      "min_sample_size": 2000
    },
    "NVDA_alpaca": {
      "total_fills": 304,
      "p95_slippage_bps": 8.849899182923219,
      "mean_slippage_bps": 4.007343679419028,
      "median_slippage_bps": 3.359009449144847,
      "p99_slippage_bps": 17.53710726789004,
      "maker_ratio": 0.7,
      "fills_under_threshold": 297,
      "pct_under_threshold": 0.9769736842105263,
      "gate_status": "INSUFFICIENT_DATA",
      "reason": "need_2000_fills_have_304",
      "threshold_bps": 15.0,
      "min_sample_size": 2000
    },
    "NVDA_binance": {
      "total_fills": 331,
      "p95_slippage_bps": 8.330596342034857,
      "mean_slippage_bps": 3.874757463999629,
      "median_slippage_bps": 3.4241501924148134,
      "p99_slippage_bps": 16.960983497800946,
      "maker_ratio": 0.7,
      "fills_under_threshold": 326,
      "pct_under_threshold": 0.9848942598187311,
      "gate_status": "INSUFFICIENT_DATA",
      "reason": "need_2000_fills_have_331",
      "threshold_bps": 15.0,
      "min_sample_size": 2000
    },
    "NVDA_coinbase": {
      "total_fills": 285,
      "p95_slippage_bps": 9.076480682635696,
      "mean_slippage_bps": 4.05186159276663,
      "median_slippage_bps": 3.5425739887961587,
      "p99_slippage_bps": 17.982592827503858,
      "maker_ratio": 0.7,
      "fills_under_threshold": 278,
      "pct_under_threshold": 0.9754385964912281,
      "gate_status": "INSUFFICIENT_DATA",
      "reason": "need_2000_fills_have_285",