{
  "timestamp": "2025-08-16T13:53:52.431291+00:00",
  "window_hours": 48,
  "threshold_bps": 15.0,
  "min_sample_size": 2000,
  "overall_metrics": {
    "total_fills": 2759,
    "p95_slippage_bps": 8.842153242915781,
    "mean_slippage_bps": 3.94184558080113,
    "median_slippage_bps": 3.4189824378145643,
    "p99_slippage_bps": 17.86850960184107,
    "maker_ratio": 0.7,
    "fills_under_threshold": 2710,
    "pct_under_threshold": 0.9822399420079739,
    "gate_status": "PASS",
    "reason": "criteria_met",
    "threshold_bps": 15.0,
    "min_sample_size": 2000
  },
  "breakdown_metrics": {
    "asset_NVDA": {
      "total_fills": 945,
      "p95_slippage_bps": 8.841347970640546,
      "mean_slippage_bps": 4.042334084360906,
      "median_slippage_bps": 3.4609561541195055,
      "p99_slippage_bps": 18.91426953435219,
      "maker_ratio": 0.7,
      "fills_under_threshold": 927,
      "pct_under_threshold": 0.9809523809523809,
      "gate_status": "INSUFFICIENT_DATA",
      "reason": "need_2000_fills_have_945",
      "threshold_bps": 15.0,
      "min_sample_size": 2000
    },
    "asset_ETH-USD": {
      "total_fills": 913,
      "p95_slippage_bps": 8.88939202721332,
      "mean_slippage_bps": 3.9337418391242966,
      "median_slippage_bps": 3.473146233324636,
      "p99_slippage_bps": 17.491207654449177,
      "maker_ratio": 0.7,
      "fills_under_threshold": 895,
      "pct_under_threshold": 0.9802847754654983,
      "gate_status": "INSUFFICIENT_DATA",
      "reason": "need_2000_fills_have_913",
      "threshold_bps": 15.0,
      "min_sample_size": 2000
    },
    "asset_BTC-USD": {
      "total_fills": 901,
      "p95_slippage_bps": 8.72685274772618,
      "mean_slippage_bps": 3.8446614301762256,
      "median_slippage_bps": 3.3310867448330272,
      "p99_slippage_bps": 16.357054950402958,
      "maker_ratio": 0.7,
      "fills_under_threshold": 888,
      "pct_under_threshold": 0.9855715871254163,
      "gate_status": "INSUFFICIENT_DATA",
      "reason": "need_2000_fills_have_901",
      "threshold_bps": 15.0,
      "min_sample_size": 2000
    },
    "venue_binance": {
      "total_fills": 908,
      "p95_slippage_bps": 8.944439259331256,
      "mean_slippage_bps": 3.8312943803309816,
      "median_slippage_bps": 3.293591351039895,
      "p99_slippage_bps": 18.18430234056727,
      "maker_ratio": 0.7,
      "fills_under_threshold": 892,
      "pct_under_threshold": 0.9823788546255506,
      "gate_status": "INSUFFICIENT_DATA",
      "reason": "need_2000_fills_have_908",
      "threshold_bps": 15.0,
      "min_sample_size": 2000
    },
    "venue_coinbase": {
      "total_fills": 934,
      "p95_slippage_bps": 8.861937954657625,
      "mean_slippage_bps": 3.996332042143707,
      "median_slippage_bps": 3.426280207418963,
      "p99_slippage_bps": 17.45345554433773,
      "maker_ratio": 0.7,
      "fills_under_threshold": 917,
      "pct_under_threshold": 0.9817987152034261,
      "gate_status": "INSUFFICIENT_DATA",
      "reason": "need_2000_fills_have_934",
      "threshold_bps": 15.0,
      "min_sample_size": 2000
    },
    "venue_alpaca": {
      "total_fills": 917,
      "p95_slippage_bps": 8.768245592936726,
      "mean_slippage_bps": 3.9958151938141375,
      "median_slippage_bps": 3.5282433443031787,
      "p99_slippage_bps": 17.038678694271873,
      "maker_ratio": 0.7,
      "fills_under_threshold": 901,
      "pct_under_threshold": 0.9825517993456925,
      "gate_status": "INSUFFICIENT_DATA",
      "reason": "need_2000_fills_have_917",
      "threshold_bps": 15.0,
      "min_sample_size": 2000
    },
    "BTC-USD_alpaca": {
      "total_fills": 304,
      "p95_slippage_bps": 8.934389365945627,
      "mean_slippage_bps": 3.97392477022894,
      "median_slippage_bps": 3.521821912083635,
      "p99_slippage_bps": 18.950676512284005,
      "maker_ratio": 0.7,
      "fills_under_threshold": 299,
      "pct_under_threshold": 0.9835526315789473,
      "gate_status": "INSUFFICIENT_DATA",
      "reason": "need_2000_fills_have_304",
      "threshold_bps": 15.0,
      "min_sample_size": 2000
    },
    "BTC-USD_binance": {
      "total_fills": 287,
      "p95_slippage_bps": 7.79379843779645,
      "mean_slippage_bps": 3.640071945323666,
      "median_slippage_bps": 3.1113393158609925,
      "p99_slippage_bps": 16.37354289552779,
      "maker_ratio": 0.7,
      "fills_under_threshold": 283,
      "pct_under_threshold": 0.9860627177700348,
      "gate_status": "INSUFFICIENT_DATA",
      "reason": "need_2000_fills_have_287",
      "threshold_bps": 15.0,
      "min_sample_size": 2000
    },
    "BTC-USD_coinbase": {
      "total_fills": 310,
      "p95_slippage_bps": 9.023375274074155,
      "mean_slippage_bps": 3.9073102262299653,
      "median_slippage_bps": 3.3604973382376224,
      "p99_slippage_bps": 15.383853597743752,
      "maker_ratio": 0.7,
      "fills_under_threshold": 306,
      "pct_under_threshold": 0.9870967741935484,
      "gate_status": "INSUFFICIENT_DATA",
      "reason": "need_2000_fills_have_310",
      "threshold_bps": 15.0,
      "min_sample_size": 2000
    },
    "ETH-USD_alpaca": {
      "total_fills": 298,
      "p95_slippage_bps": 8.145624465499925,
      "mean_slippage_bps": 3.8298004237518573,
      "median_slippage_bps": 3.4855989076710054,
      "p99_slippage_bps": 16.528725967969738,
      "maker_ratio": 0.7,
      "fills_under_threshold": 292,
      "pct_under_threshold": 0.9798657718120806,
      "gate_status": "INSUFFICIENT_DATA",
      "reason": "need_2000_fills_have_298",
      "threshold_bps": 15.0,
      "min_sample_size": 2000
    },
    "ETH-USD_binance": {
      "total_fills": 309,
      "p95_slippage_bps": 9.029350286450864,
      "mean_slippage_bps": 3.797244096966104,
      "median_slippage_bps": 3.304427512699888,
      "p99_slippage_bps": 16.564784316761617,
      "maker_ratio": 0.7,
      "fills_under_threshold": 305,
      "pct_under_threshold": 0.9870550161812298,
      "gate_status": "INSUFFICIENT_DATA",
      "reason": "need_2000_fills_have_309",
      "threshold_bps": 15.0,
      "min_sample_size": 2000
    },
    "ETH-USD_coinbase": {
      "total_fills": 306,
      "p95_slippage_bps": 9.135138943558665,
      "mean_slippage_bps": 4.172801787189225,
      "median_slippage_bps": 3.5258971874854375,
      "p99_slippage_bps": 19.086405692222463,
      "maker_ratio": 0.7,
      "fills_under_threshold": 298,
      "pct_under_threshold": 0.9738562091503268,
      "gate_status": "INSUFFICIENT_DATA",
      "reason": "need_2000_fills_have_306",
      "threshold_bps": 15.0,
      "min_sample_size": 2000
    },
    "NVDA_alpaca": {
      "total_fills": 315,
      "p95_slippage_bps": 9.336746127264766,
      "mean_slippage_bps": 4.173996432698136,
      "median_slippage_bps": 3.5758394311216652,
      "p99_slippage_bps": 16.757733852120722,
      "maker_ratio": 0.7,
      "fills_under_threshold": 310,
      "pct_under_threshold": 0.9841269841269841,
      "gate_status": "INSUFFICIENT_DATA",
      "reason": "need_2000_fills_have_315",
      "threshold_bps": 15.0,
      "min_sample_size": 2000
    },
    "NVDA_binance": {
      "total_fills": 312,
      "p95_slippage_bps": 9.566844777835716,
      "mean_slippage_bps": 4.040917381634977,
      "median_slippage_bps": 3.4713784972849604,
      "p99_slippage_bps": 20.049450004324175,
      "maker_ratio": 0.7,
      "fills_under_threshold": 304,
      "pct_under_threshold": 0.9743589743589743,
      "gate_status": "INSUFFICIENT_DATA",
      "reason": "need_2000_fills_have_312",
      "threshold_bps": 15.0,
      "min_sample_size": 2000
    },
    "NVDA_coinbase": {
      "total_fills": 318,
      "p95_slippage_bps": 8.357319952270238,
      "mean_slippage_bps": 3.9133038061353154,
      "median_slippage_bps": 3.338481761739046,
      "p99_slippage_bps": 18.628140533912298,
      "maker_ratio": 0.7,
      "fills_under_threshold": 313,
      "pct_under_threshold": 0.9842767295597484,
      "gate_status": "INSUFFICIENT_DATA",