{
  "timestamp": "2025-08-16T15:32:26.398896+00:00",
  "window_hours": 48,
  "threshold_bps": 15.0,
  "min_sample_size": 2000,
  "overall_metrics": {
    "total_fills": 2741,
    "p95_slippage_bps": 8.731633658941108,
    "mean_slippage_bps": 3.9766295000437957,
    "median_slippage_bps": 3.395052584521512,
    "p99_slippage_bps": 17.664947765946817,
    "maker_ratio": 0.7,
    "fills_under_threshold": 2690,
    "pct_under_threshold": 0.9813936519518424,
    "gate_status": "PASS",
    "reason": "criteria_met",
    "threshold_bps": 15.0,
    "min_sample_size": 2000
  },
  "breakdown_metrics": {
    "asset_ETH-USD": {
      "total_fills": 915,
      "p95_slippage_bps": 8.640149333740299,
      "mean_slippage_bps": 4.013316467852148,
      "median_slippage_bps": 3.4303858789117565,
      "p99_slippage_bps": 18.110725224327673,
      "maker_ratio": 0.7,
      "fills_under_threshold": 895,
      "pct_under_threshold": 0.9781420765027322,
      "gate_status": "INSUFFICIENT_DATA",
      "reason": "need_2000_fills_have_915",
      "threshold_bps": 15.0,
      "min_sample_size": 2000
    },
    "asset_BTC-USD": {
      "total_fills": 906,
      "p95_slippage_bps": 8.635417630932317,
      "mean_slippage_bps": 3.925436484880982,
      "median_slippage_bps": 3.351292162951843,
      "p99_slippage_bps": 16.452984600172634,
      "maker_ratio": 0.7,
      "fills_under_threshold": 892,
      "pct_under_threshold": 0.9845474613686535,
      "gate_status": "INSUFFICIENT_DATA",
      "reason": "need_2000_fills_have_906",
      "threshold_bps": 15.0,
      "min_sample_size": 2000
    },
    "asset_NVDA": {
      "total_fills": 920,
      "p95_slippage_bps": 9.015552746851718,
      "mean_slippage_bps": 3.990555908949086,
      "median_slippage_bps": 3.3856801610580813,
      "p99_slippage_bps": 18.373343092431377,
      "maker_ratio": 0.7,
      "fills_under_threshold": 903,
      "pct_under_threshold": 0.9815217391304348,
      "gate_status": "INSUFFICIENT_DATA",
      "reason": "need_2000_fills_have_920",
      "threshold_bps": 15.0,
      "min_sample_size": 2000
    },
    "venue_coinbase": {
      "total_fills": 958,
      "p95_slippage_bps": 9.200866553314457,
      "mean_slippage_bps": 4.031764160122252,
      "median_slippage_bps": 3.475237200367612,
      "p99_slippage_bps": 17.46559999273806,
      "maker_ratio": 0.7,
      "fills_under_threshold": 936,
      "pct_under_threshold": 0.9770354906054279,
      "gate_status": "INSUFFICIENT_DATA",
      "reason": "need_2000_fills_have_958",
      "threshold_bps": 15.0,
      "min_sample_size": 2000
    },
    "venue_binance": {
      "total_fills": 873,
      "p95_slippage_bps": 8.564452245558707,
      "mean_slippage_bps": 3.894370153608676,
      "median_slippage_bps": 3.29680159350288,
      "p99_slippage_bps": 17.164576889353874,
      "maker_ratio": 0.7,
      "fills_under_threshold": 861,
      "pct_under_threshold": 0.9862542955326461,
      "gate_status": "INSUFFICIENT_DATA",
      "reason": "need_2000_fills_have_873",
      "threshold_bps": 15.0,
      "min_sample_size": 2000
    },
    "venue_alpaca": {
      "total_fills": 910,
      "p95_slippage_bps": 8.784748268798126,
      "mean_slippage_bps": 3.9975013737610463,
      "median_slippage_bps": 3.3825625066880844,
      "p99_slippage_bps": 18.57609840381686,
      "maker_ratio": 0.7,
      "fills_under_threshold": 893,
      "pct_under_threshold": 0.9813186813186813,
      "gate_status": "INSUFFICIENT_DATA",
      "reason": "need_2000_fills_have_910",
      "threshold_bps": 15.0,
      "min_sample_size": 2000
    },
    "BTC-USD_alpaca": {
      "total_fills": 284,
      "p95_slippage_bps": 8.207307308472256,
      "mean_slippage_bps": 3.825759710051092,
      "median_slippage_bps": 3.2837991290586466,
      "p99_slippage_bps": 15.101838259852649,
      "maker_ratio": 0.7,
      "fills_under_threshold": 281,
      "pct_under_threshold": 0.9894366197183099,
      "gate_status": "INSUFFICIENT_DATA",
      "reason": "need_2000_fills_have_284",
      "threshold_bps": 15.0,
      "min_sample_size": 2000
    },
    "BTC-USD_binance": {
      "total_fills": 288,
      "p95_slippage_bps": 8.693629159567614,
      "mean_slippage_bps": 3.964040614147401,
      "median_slippage_bps": 3.273401922462737,
      "p99_slippage_bps": 17.50411729837668,
      "maker_ratio": 0.7,
      "fills_under_threshold": 284,
      "pct_under_threshold": 0.9861111111111112,
      "gate_status": "INSUFFICIENT_DATA",
      "reason": "need_2000_fills_have_288",
      "threshold_bps": 15.0,
      "min_sample_size": 2000
    },
    "BTC-USD_coinbase": {
      "total_fills": 334,
      "p95_slippage_bps": 8.645786069143268,
      "mean_slippage_bps": 3.9769041939317615,
      "median_slippage_bps": 3.562826486987804,
      "p99_slippage_bps": 16.579998765671192,
      "maker_ratio": 0.7,
      "fills_under_threshold": 327,
      "pct_under_threshold": 0.9790419161676647,
      "gate_status": "INSUFFICIENT_DATA",
      "reason": "need_2000_fills_have_334",
      "threshold_bps": 15.0,
      "min_sample_size": 2000
    },
    "ETH-USD_alpaca": {
      "total_fills": 314,
      "p95_slippage_bps": 8.972097956039134,
      "mean_slippage_bps": 4.121735479721374,
      "median_slippage_bps": 3.5557986262996706,
      "p99_slippage_bps": 19.122421895097315,
      "maker_ratio": 0.7,
      "fills_under_threshold": 305,
      "pct_under_threshold": 0.9713375796178344,
      "gate_status": "INSUFFICIENT_DATA",
      "reason": "need_2000_fills_have_314",
      "threshold_bps": 15.0,
      "min_sample_size": 2000
    },
    "ETH-USD_binance": {
      "total_fills": 302,
      "p95_slippage_bps": 8.241742284985383,
      "mean_slippage_bps": 3.892056822017666,
      "median_slippage_bps": 3.3389876528950135,
      "p99_slippage_bps": 16.805408480894894,
      "maker_ratio": 0.7,
      "fills_under_threshold": 298,
      "pct_under_threshold": 0.9867549668874173,
      "gate_status": "INSUFFICIENT_DATA",
      "reason": "need_2000_fills_have_302",
      "threshold_bps": 15.0,
      "min_sample_size": 2000
    },
    "ETH-USD_coinbase": {
      "total_fills": 299,
      "p95_slippage_bps": 8.746411767163359,
      "mean_slippage_bps": 4.021934672919296,
      "median_slippage_bps": 3.3987255840354633,
      "p99_slippage_bps": 17.437346853694347,
      "maker_ratio": 0.7,
      "fills_under_threshold": 292,
      "pct_under_threshold": 0.9765886287625418,
      "gate_status": "INSUFFICIENT_DATA",
      "reason": "need_2000_fills_have_299",
      "threshold_bps": 15.0,
      "min_sample_size": 2000
    },
    "NVDA_alpaca": {
      "total_fills": 312,
      "p95_slippage_bps": 8.866486559993833,
      "mean_slippage_bps": 4.028799845626702,
      "median_slippage_bps": 3.379804461031475,
      "p99_slippage_bps": 21.019994171339945,
      "maker_ratio": 0.7,
      "fills_under_threshold": 307,
      "pct_under_threshold": 0.9839743589743589,
      "gate_status": "INSUFFICIENT_DATA",
      "reason": "need_2000_fills_have_312",
      "threshold_bps": 15.0,
      "min_sample_size": 2000
    },
    "NVDA_binance": {
      "total_fills": 283,
      "p95_slippage_bps": 8.622875093996468,
      "mean_slippage_bps": 3.825937409811263,
      "median_slippage_bps": 3.2700762898502163,
      "p99_slippage_bps": 16.779025073443854,
      "maker_ratio": 0.7,
      "fills_under_threshold": 279,
      "pct_under_threshold": 0.9858657243816255,
      "gate_status": "INSUFFICIENT_DATA",
      "reason": "need_2000_fills_have_283",
      "threshold_bps": 15.0,
      "min_sample_size": 2000
    },
    "NVDA_coinbase": {
      "total_fills": 325,
      "p95_slippage_bps": 9.535785190131783,
      "mean_slippage_bps": 4.0971864536032,
      "median_slippage_bps": 3.4416052617407016,
      "p99_slippage_bps": 17.488536947472614,
      "maker_ratio": 0.7,
      "fills_under_threshold": 317,
      "pct_under_threshold": 0.9753846153846154,
      "gate_status": "INSUFFICIENT_DATA",
      "reason": "need_2000_fills_have_325",