{
  "timestamp": "2025-08-16T07:35:09.166084+00:00",
  "window_hours": 48,
  "threshold_bps": 15.0,
  "min_sample_size": 2000,
  "overall_metrics": {
    "total_fills": 2594,
    "p95_slippage_bps": 9.424359766089594,
    "mean_slippage_bps": 4.071843266153612,
    "median_slippage_bps": 3.424773905545791,
    "p99_slippage_bps": 19.321802949727637,
    "maker_ratio": 0.7,
    "fills_under_threshold": 2535,
    "pct_under_threshold": 0.9772552043176561,
    "gate_status": "PASS",
    "reason": "criteria_met",
    "threshold_bps": 15.0,
    "min_sample_size": 2000
  },
  "breakdown_metrics": {
    "asset_BTC-USD": {
      "total_fills": 894,
      "p95_slippage_bps": 9.903321224693203,
      "mean_slippage_bps": 4.196521974460997,
      "median_slippage_bps": 3.543950397868232,
      "p99_slippage_bps": 19.018148602705214,
      "maker_ratio": 0.7,
      "fills_under_threshold": 871,
      "pct_under_threshold": 0.9742729306487695,
      "gate_status": "INSUFFICIENT_DATA",
      "reason": "need_2000_fills_have_894",
      "threshold_bps": 15.0,
      "min_sample_size": 2000
    },
    "asset_NVDA": {
      "total_fills": 861,
      "p95_slippage_bps": 9.1868761861375,
      "mean_slippage_bps": 3.942100348118935,
      "median_slippage_bps": 3.3119346236864424,
      "p99_slippage_bps": 19.26745451081523,
      "maker_ratio": 0.7,
      "fills_under_threshold": 843,
      "pct_under_threshold": 0.9790940766550522,
      "gate_status": "INSUFFICIENT_DATA",
      "reason": "need_2000_fills_have_861",
      "threshold_bps": 15.0,
      "min_sample_size": 2000
    },
    "asset_ETH-USD": {
      "total_fills": 839,
      "p95_slippage_bps": 9.022638927094691,
      "mean_slippage_bps": 4.072136337906958,
      "median_slippage_bps": 3.3741363412092933,
      "p99_slippage_bps": 19.457934704112823,
      "maker_ratio": 0.7,
      "fills_under_threshold": 821,
      "pct_under_threshold": 0.9785458879618594,
      "gate_status": "INSUFFICIENT_DATA",
      "reason": "need_2000_fills_have_839",
      "threshold_bps": 15.0,
      "min_sample_size": 2000
    },
    "venue_coinbase": {
      "total_fills": 832,
      "p95_slippage_bps": 9.80761726438161,
      "mean_slippage_bps": 4.2018700170584005,
      "median_slippage_bps": 3.500675669399013,
      "p99_slippage_bps": 19.76755824371435,
      "maker_ratio": 0.7,
      "fills_under_threshold": 808,
      "pct_under_threshold": 0.9711538461538461,
      "gate_status": "INSUFFICIENT_DATA",
      "reason": "need_2000_fills_have_832",
      "threshold_bps": 15.0,
      "min_sample_size": 2000
    },
    "venue_alpaca": {
      "total_fills": 896,
      "p95_slippage_bps": 11.388548780227314,
      "mean_slippage_bps": 4.275017036986768,
      "median_slippage_bps": 3.454838983770914,
      "p99_slippage_bps": 20.490787250307015,
      "maker_ratio": 0.7,
      "fills_under_threshold": 870,
      "pct_under_threshold": 0.9709821428571429,
      "gate_status": "INSUFFICIENT_DATA",
      "reason": "need_2000_fills_have_896",
      "threshold_bps": 15.0,
      "min_sample_size": 2000
    },
    "venue_binance": {
      "total_fills": 866,
      "p95_slippage_bps": 8.407490099673,
      "mean_slippage_bps": 3.7367093684408066,
      "median_slippage_bps": 3.2865515085157613,
      "p99_slippage_bps": 13.996626465532858,
      "maker_ratio": 0.7,
      "fills_under_threshold": 857,
      "pct_under_threshold": 0.9896073903002309,
      "gate_status": "INSUFFICIENT_DATA",
      "reason": "need_2000_fills_have_866",
      "threshold_bps": 15.0,
      "min_sample_size": 2000
    },
    "BTC-USD_alpaca": {
      "total_fills": 316,
      "p95_slippage_bps": 12.234539220402748,
      "mean_slippage_bps": 4.179323660243668,
      "median_slippage_bps": 3.4040309912076947,
      "p99_slippage_bps": 19.229581068355074,
      "maker_ratio": 0.7,
      "fills_under_threshold": 307,
      "pct_under_threshold": 0.9715189873417721,
      "gate_status": "INSUFFICIENT_DATA",
      "reason": "need_2000_fills_have_316",
      "threshold_bps": 15.0,
      "min_sample_size": 2000
    },
    "BTC-USD_binance": {
      "total_fills": 296,
      "p95_slippage_bps": 8.414979252886504,
      "mean_slippage_bps": 3.916055326864036,
      "median_slippage_bps": 3.535324429709135,
      "p99_slippage_bps": 15.955634592975136,
      "maker_ratio": 0.7,
      "fills_under_threshold": 292,
      "pct_under_threshold": 0.9864864864864865,
      "gate_status": "INSUFFICIENT_DATA",
      "reason": "need_2000_fills_have_296",
      "threshold_bps": 15.0,
      "min_sample_size": 2000
    },
    "BTC-USD_coinbase": {
      "total_fills": 282,
      "p95_slippage_bps": 10.638840082352704,
      "mean_slippage_bps": 4.510184368011978,
      "median_slippage_bps": 3.7376369846545603,
      "p99_slippage_bps": 19.251742758784033,
      "maker_ratio": 0.7,
      "fills_under_threshold": 272,
      "pct_under_threshold": 0.9645390070921985,
      "gate_status": "INSUFFICIENT_DATA",
      "reason": "need_2000_fills_have_282",
      "threshold_bps": 15.0,
      "min_sample_size": 2000
    },
    "ETH-USD_alpaca": {
      "total_fills": 291,
      "p95_slippage_bps": 10.650583486199778,
      "mean_slippage_bps": 4.2635730652771375,
      "median_slippage_bps": 3.437768316556591,
      "p99_slippage_bps": 18.983991725797313,
      "maker_ratio": 0.7,
      "fills_under_threshold": 284,
      "pct_under_threshold": 0.9759450171821306,
      "gate_status": "INSUFFICIENT_DATA",
      "reason": "need_2000_fills_have_291",
      "threshold_bps": 15.0,
      "min_sample_size": 2000
    },
    "ETH-USD_binance": {
      "total_fills": 272,
      "p95_slippage_bps": 8.210688571992867,
      "mean_slippage_bps": 3.6787232032142314,
      "median_slippage_bps": 3.2265487228957412,
      "p99_slippage_bps": 12.049604076906201,
      "maker_ratio": 0.7,
      "fills_under_threshold": 270,
      "pct_under_threshold": 0.9926470588235294,
      "gate_status": "INSUFFICIENT_DATA",
      "reason": "need_2000_fills_have_272",
      "threshold_bps": 15.0,
      "min_sample_size": 2000
    },
    "ETH-USD_coinbase": {
      "total_fills": 276,
      "p95_slippage_bps": 9.566059358315227,
      "mean_slippage_bps": 4.258006935630505,
      "median_slippage_bps": 3.4790706891317384,
      "p99_slippage_bps": 20.939195933471357,
      "maker_ratio": 0.7,
      "fills_under_threshold": 267,
      "pct_under_threshold": 0.967391304347826,
      "gate_status": "INSUFFICIENT_DATA",
      "reason": "need_2000_fills_have_276",
      "threshold_bps": 15.0,
      "min_sample_size": 2000
    },
    "NVDA_alpaca": {
      "total_fills": 289,
      "p95_slippage_bps": 11.10986873299588,
      "mean_slippage_bps": 4.391173794143593,
      "median_slippage_bps": 3.6074614616644696,
      "p99_slippage_bps": 21.393128274119043,
      "maker_ratio": 0.7,
      "fills_under_threshold": 279,
      "pct_under_threshold": 0.9653979238754326,
      "gate_status": "INSUFFICIENT_DATA",
      "reason": "need_2000_fills_have_289",
      "threshold_bps": 15.0,
      "min_sample_size": 2000
    },
    "NVDA_binance": {
      "total_fills": 298,
      "p95_slippage_bps": 8.067432677282767,
      "mean_slippage_bps": 3.6114940437708483,
      "median_slippage_bps": 3.085676560984803,
      "p99_slippage_bps": 13.085954187695036,
      "maker_ratio": 0.7,
      "fills_under_threshold": 295,
      "pct_under_threshold": 0.9899328859060402,
      "gate_status": "INSUFFICIENT_DATA",
      "reason": "need_2000_fills_have_298",
      "threshold_bps": 15.0,
      "min_sample_size": 2000
    },
    "NVDA_coinbase": {
      "total_fills": 274,
      "p95_slippage_bps": 8.386766130165118,
      "mean_slippage_bps": 3.8280071101430355,
      "median_slippage_bps": 3.233731351906827,
      "p99_slippage_bps": 18.70898450810978,
      "maker_ratio": 0.7,
      "fills_under_threshold": 269,
      "pct_under_threshold": 0.9817518248175182,
      "gate_status": "INSUFFICIENT_DATA",