{
  "timestamp": "2025-08-16T23:56:26.987774+00:00",
  "window_hours": 48,
  "threshold_bps": 15.0,
  "min_sample_size": 2000,
  "overall_metrics": {
    "total_fills": 2753,
    "p95_slippage_bps": 9.372536936239708,
    "mean_slippage_bps": 4.001205712409122,
    "median_slippage_bps": 3.3880891394862234,
    "p99_slippage_bps": 18.51284400129421,
    "maker_ratio": 0.7,
    "fills_under_threshold": 2695,
    "pct_under_threshold": 0.9789320741009807,
    "gate_status": "PASS",
    "reason": "criteria_met",
    "threshold_bps": 15.0,
    "min_sample_size": 2000
  },
  "breakdown_metrics": {
    "asset_ETH-USD": {
      "total_fills": 918,
      "p95_slippage_bps": 10.698843582282292,
      "mean_slippage_bps": 4.2253520073919,
      "median_slippage_bps": 3.4283730398374384,
      "p99_slippage_bps": 19.08300371163959,
      "maker_ratio": 0.7,
      "fills_under_threshold": 889,
      "pct_under_threshold": 0.9684095860566448,
      "gate_status": "INSUFFICIENT_DATA",
      "reason": "need_2000_fills_have_918",
      "threshold_bps": 15.0,
      "min_sample_size": 2000
    },
    "asset_NVDA": {
      "total_fills": 901,
      "p95_slippage_bps": 8.46535833622728,
      "mean_slippage_bps": 3.823492030572342,
      "median_slippage_bps": 3.312780683505034,
      "p99_slippage_bps": 18.03870360283999,
      "maker_ratio": 0.7,
      "fills_under_threshold": 887,
      "pct_under_threshold": 0.9844617092119867,
      "gate_status": "INSUFFICIENT_DATA",
      "reason": "need_2000_fills_have_901",
      "threshold_bps": 15.0,
      "min_sample_size": 2000
    },
    "asset_BTC-USD": {
      "total_fills": 934,
      "p95_slippage_bps": 9.01490519595927,
      "mean_slippage_bps": 3.952333901424911,
      "median_slippage_bps": 3.4042390112555476,
      "p99_slippage_bps": 18.238280602752663,
      "maker_ratio": 0.7,
      "fills_under_threshold": 919,
      "pct_under_threshold": 0.9839400428265525,
      "gate_status": "INSUFFICIENT_DATA",
      "reason": "need_2000_fills_have_934",
      "threshold_bps": 15.0,
      "min_sample_size": 2000
    },
    "venue_coinbase": {
      "total_fills": 901,
      "p95_slippage_bps": 8.630629794171874,
      "mean_slippage_bps": 3.9026658071075393,
      "median_slippage_bps": 3.250041397359393,
      "p99_slippage_bps": 19.158247109201458,
      "maker_ratio": 0.7,
      "fills_under_threshold": 880,
      "pct_under_threshold": 0.97669256381798,
      "gate_status": "INSUFFICIENT_DATA",
      "reason": "need_2000_fills_have_901",
      "threshold_bps": 15.0,
      "min_sample_size": 2000
    },
    "venue_binance": {
      "total_fills": 931,
      "p95_slippage_bps": 9.418280876998438,
      "mean_slippage_bps": 4.0197372068615795,
      "median_slippage_bps": 3.466127427493328,
      "p99_slippage_bps": 17.685941835072207,
      "maker_ratio": 0.7,
      "fills_under_threshold": 914,
      "pct_under_threshold": 0.9817400644468314,
      "gate_status": "INSUFFICIENT_DATA",
      "reason": "need_2000_fills_have_931",
      "threshold_bps": 15.0,
      "min_sample_size": 2000
    },
    "venue_alpaca": {
      "total_fills": 921,
      "p95_slippage_bps": 9.6369514917828,
      "mean_slippage_bps": 4.078873066742984,
      "median_slippage_bps": 3.4252432394749657,
      "p99_slippage_bps": 18.087347132591912,
      "maker_ratio": 0.7,
      "fills_under_threshold": 901,
      "pct_under_threshold": 0.9782844733984799,
      "gate_status": "INSUFFICIENT_DATA",
      "reason": "need_2000_fills_have_921",
      "threshold_bps": 15.0,
      "min_sample_size": 2000
    },
    "BTC-USD_alpaca": {
      "total_fills": 307,
      "p95_slippage_bps": 9.405850823654518,
      "mean_slippage_bps": 3.9773765643967467,
      "median_slippage_bps": 3.4282850293454583,
      "p99_slippage_bps": 15.255805544755951,
      "maker_ratio": 0.7,
      "fills_under_threshold": 303,
      "pct_under_threshold": 0.9869706840390879,
      "gate_status": "INSUFFICIENT_DATA",
      "reason": "need_2000_fills_have_307",
      "threshold_bps": 15.0,
      "min_sample_size": 2000
    },
    "BTC-USD_binance": {
      "total_fills": 312,
      "p95_slippage_bps": 7.96327260388137,
      "mean_slippage_bps": 3.8326630614546198,
      "median_slippage_bps": 3.3581245388575445,
      "p99_slippage_bps": 12.99243035558356,
      "maker_ratio": 0.7,
      "fills_under_threshold": 311,
      "pct_under_threshold": 0.9967948717948718,
      "gate_status": "INSUFFICIENT_DATA",
      "reason": "need_2000_fills_have_312",
      "threshold_bps": 15.0,
      "min_sample_size": 2000
    },
    "BTC-USD_coinbase": {
      "total_fills": 315,
      "p95_slippage_bps": 9.187909033612451,
      "mean_slippage_bps": 4.046458360276903,
      "median_slippage_bps": 3.3687808891135758,
      "p99_slippage_bps": 20.637030845379797,
      "maker_ratio": 0.7,
      "fills_under_threshold": 305,
      "pct_under_threshold": 0.9682539682539683,
      "gate_status": "INSUFFICIENT_DATA",
      "reason": "need_2000_fills_have_315",
      "threshold_bps": 15.0,
      "min_sample_size": 2000
    },
    "ETH-USD_alpaca": {
      "total_fills": 333,
      "p95_slippage_bps": 10.343226223813055,
      "mean_slippage_bps": 4.18809701506768,
      "median_slippage_bps": 3.351122484832225,
      "p99_slippage_bps": 18.067866280532662,
      "maker_ratio": 0.7,
      "fills_under_threshold": 324,
      "pct_under_threshold": 0.972972972972973,
      "gate_status": "INSUFFICIENT_DATA",
      "reason": "need_2000_fills_have_333",
      "threshold_bps": 15.0,
      "min_sample_size": 2000
    },
    "ETH-USD_binance": {
      "total_fills": 302,
      "p95_slippage_bps": 10.874531037546118,
      "mean_slippage_bps": 4.458913714702338,
      "median_slippage_bps": 3.568758562949756,
      "p99_slippage_bps": 18.714995999389895,
      "maker_ratio": 0.7,
      "fills_under_threshold": 290,
      "pct_under_threshold": 0.9602649006622517,
      "gate_status": "INSUFFICIENT_DATA",
      "reason": "need_2000_fills_have_302",
      "threshold_bps": 15.0,
      "min_sample_size": 2000
    },
    "ETH-USD_coinbase": {
      "total_fills": 283,
      "p95_slippage_bps": 8.664096527557014,
      "mean_slippage_bps": 4.019946625187704,
      "median_slippage_bps": 3.305540344260665,
      "p99_slippage_bps": 19.256943431511942,
      "maker_ratio": 0.7,
      "fills_under_threshold": 275,
      "pct_under_threshold": 0.9717314487632509,
      "gate_status": "INSUFFICIENT_DATA",
      "reason": "need_2000_fills_have_283",
      "threshold_bps": 15.0,
      "min_sample_size": 2000
    },
    "NVDA_alpaca": {
      "total_fills": 281,
      "p95_slippage_bps": 8.077486716945408,
      "mean_slippage_bps": 4.060324495312988,
      "median_slippage_bps": 3.545988552172078,
      "p99_slippage_bps": 18.498481680444986,
      "maker_ratio": 0.7,
      "fills_under_threshold": 274,
      "pct_under_threshold": 0.9750889679715302,
      "gate_status": "INSUFFICIENT_DATA",
      "reason": "need_2000_fills_have_281",
      "threshold_bps": 15.0,
      "min_sample_size": 2000
    },
    "NVDA_binance": {
      "total_fills": 317,
      "p95_slippage_bps": 8.528874934363868,
      "mean_slippage_bps": 3.785465370896475,
      "median_slippage_bps": 3.371972514232368,
      "p99_slippage_bps": 16.34950103594298,
      "maker_ratio": 0.7,
      "fills_under_threshold": 313,
      "pct_under_threshold": 0.9873817034700315,
      "gate_status": "INSUFFICIENT_DATA",
      "reason": "need_2000_fills_have_317",
      "threshold_bps": 15.0,
      "min_sample_size": 2000
    },
    "NVDA_coinbase": {
      "total_fills": 303,
      "p95_slippage_bps": 8.539524690060771,
      "mean_slippage_bps": 3.6436389894011483,
      "median_slippage_bps": 3.167907291363683,
      "p99_slippage_bps": 11.506186941379253,
      "maker_ratio": 0.7,
      "fills_under_threshold": 300,
      "pct_under_threshold": 0.9900990099009901,
      "gate_status": "INSUFFICIENT_DATA",
      "reason": "need_2000_fills_have_303",