{
  "timestamp": "2025-08-16T10:21:10.875488+00:00",
  "window_hours": 48,
  "threshold_bps": 15.0,
  "min_sample_size": 2000,
  "overall_metrics": {
    "total_fills": 2752,
    "p95_slippage_bps": 8.85626766148567,
    "mean_slippage_bps": 3.9936199475898833,
    "median_slippage_bps": 3.425165029992825,
    "p99_slippage_bps": 18.483123378086443,
    "maker_ratio": 0.7,
    "fills_under_threshold": 2708,
    "pct_under_threshold": 0.9840116279069767,
    "gate_status": "PASS",
    "reason": "criteria_met",
    "threshold_bps": 15.0,
    "min_sample_size": 2000
  },
  "breakdown_metrics": {
    "asset_BTC-USD": {
      "total_fills": 916,
      "p95_slippage_bps": 8.865272458996456,
      "mean_slippage_bps": 3.93047888096436,
      "median_slippage_bps": 3.4205661412987896,
      "p99_slippage_bps": 17.350322730023986,
      "maker_ratio": 0.7,
      "fills_under_threshold": 902,
      "pct_under_threshold": 0.9847161572052402,
      "gate_status": "INSUFFICIENT_DATA",
      "reason": "need_2000_fills_have_916",
      "threshold_bps": 15.0,
      "min_sample_size": 2000
    },
    "asset_NVDA": {
      "total_fills": 922,
      "p95_slippage_bps": 8.85351036910072,
      "mean_slippage_bps": 4.033946440761092,
      "median_slippage_bps": 3.425168049926736,
      "p99_slippage_bps": 17.96286295967451,
      "maker_ratio": 0.7,
      "fills_under_threshold": 908,
      "pct_under_threshold": 0.9848156182212582,
      "gate_status": "INSUFFICIENT_DATA",
      "reason": "need_2000_fills_have_922",
      "threshold_bps": 15.0,
      "min_sample_size": 2000
    },
    "asset_ETH-USD": {
      "total_fills": 914,
      "p95_slippage_bps": 8.799736400717178,
      "mean_slippage_bps": 4.016219718186301,
      "median_slippage_bps": 3.426357969754856,
      "p99_slippage_bps": 18.94534235027094,
      "maker_ratio": 0.7,
      "fills_under_threshold": 898,
      "pct_under_threshold": 0.9824945295404814,
      "gate_status": "INSUFFICIENT_DATA",
      "reason": "need_2000_fills_have_914",
      "threshold_bps": 15.0,
      "min_sample_size": 2000
    },
    "venue_alpaca": {
      "total_fills": 911,
      "p95_slippage_bps": 9.542051653979795,
      "mean_slippage_bps": 4.130635189537143,
      "median_slippage_bps": 3.4586686110333167,
      "p99_slippage_bps": 20.063989901870013,
      "maker_ratio": 0.7,
      "fills_under_threshold": 893,
      "pct_under_threshold": 0.9802414928649835,
      "gate_status": "INSUFFICIENT_DATA",
      "reason": "need_2000_fills_have_911",
      "threshold_bps": 15.0,
      "min_sample_size": 2000
    },
    "venue_coinbase": {
      "total_fills": 908,
      "p95_slippage_bps": 8.66198485166041,
      "mean_slippage_bps": 3.8567803548604616,
      "median_slippage_bps": 3.319469952491553,
      "p99_slippage_bps": 15.044216283305229,
      "maker_ratio": 0.7,
      "fills_under_threshold": 898,
      "pct_under_threshold": 0.9889867841409692,
      "gate_status": "INSUFFICIENT_DATA",
      "reason": "need_2000_fills_have_908",
      "threshold_bps": 15.0,
      "min_sample_size": 2000
    },
    "venue_binance": {
      "total_fills": 933,
      "p95_slippage_bps": 8.44247649602713,
      "mean_slippage_bps": 3.993008441463797,
      "median_slippage_bps": 3.4974885498237898,
      "p99_slippage_bps": 18.292376822843956,
      "maker_ratio": 0.7,
      "fills_under_threshold": 917,
      "pct_under_threshold": 0.9828510182207931,
      "gate_status": "INSUFFICIENT_DATA",
      "reason": "need_2000_fills_have_933",
      "threshold_bps": 15.0,
      "min_sample_size": 2000
    },
    "BTC-USD_alpaca": {
      "total_fills": 297,
      "p95_slippage_bps": 9.709777860077775,
      "mean_slippage_bps": 4.236001016766824,
      "median_slippage_bps": 3.5461809782709723,
      "p99_slippage_bps": 19.95899545767034,
      "maker_ratio": 0.7,
      "fills_under_threshold": 290,
      "pct_under_threshold": 0.9764309764309764,
      "gate_status": "INSUFFICIENT_DATA",
      "reason": "need_2000_fills_have_297",
      "threshold_bps": 15.0,
      "min_sample_size": 2000
    },
    "BTC-USD_binance": {
      "total_fills": 322,
      "p95_slippage_bps": 8.072582935815783,
      "mean_slippage_bps": 3.8393931832024486,
      "median_slippage_bps": 3.3944957123474166,
      "p99_slippage_bps": 17.317491678024986,
      "maker_ratio": 0.7,
      "fills_under_threshold": 317,
      "pct_under_threshold": 0.984472049689441,
      "gate_status": "INSUFFICIENT_DATA",
      "reason": "need_2000_fills_have_322",
      "threshold_bps": 15.0,
      "min_sample_size": 2000
    },
    "BTC-USD_coinbase": {
      "total_fills": 297,
      "p95_slippage_bps": 8.009233236372301,
      "mean_slippage_bps": 3.723709589200062,
      "median_slippage_bps": 3.25777799170997,
      "p99_slippage_bps": 11.369801043894313,
      "maker_ratio": 0.7,
      "fills_under_threshold": 295,
      "pct_under_threshold": 0.9932659932659933,
      "gate_status": "INSUFFICIENT_DATA",
      "reason": "need_2000_fills_have_297",
      "threshold_bps": 15.0,
      "min_sample_size": 2000
    },
    "ETH-USD_alpaca": {
      "total_fills": 315,
      "p95_slippage_bps": 8.760032995674676,
      "mean_slippage_bps": 3.970902891511618,
      "median_slippage_bps": 3.4251734435940526,
      "p99_slippage_bps": 18.942746805119604,
      "maker_ratio": 0.7,
      "fills_under_threshold": 310,
      "pct_under_threshold": 0.9841269841269841,
      "gate_status": "INSUFFICIENT_DATA",
      "reason": "need_2000_fills_have_315",
      "threshold_bps": 15.0,
      "min_sample_size": 2000
    },
    "ETH-USD_binance": {
      "total_fills": 300,
      "p95_slippage_bps": 9.229692039805927,
      "mean_slippage_bps": 4.144418846713818,
      "median_slippage_bps": 3.5502200042260488,
      "p99_slippage_bps": 18.81990400272444,
      "maker_ratio": 0.7,
      "fills_under_threshold": 294,
      "pct_under_threshold": 0.98,
      "gate_status": "INSUFFICIENT_DATA",
      "reason": "need_2000_fills_have_300",
      "threshold_bps": 15.0,
      "min_sample_size": 2000
    },
    "ETH-USD_coinbase": {
      "total_fills": 299,
      "p95_slippage_bps": 8.616854217937464,
      "mean_slippage_bps": 3.935333637397904,
      "median_slippage_bps": 3.3294096233672534,
      "p99_slippage_bps": 18.92009333766165,
      "maker_ratio": 0.7,
      "fills_under_threshold": 294,
      "pct_under_threshold": 0.9832775919732442,
      "gate_status": "INSUFFICIENT_DATA",
      "reason": "need_2000_fills_have_299",
      "threshold_bps": 15.0,
      "min_sample_size": 2000
    },
    "NVDA_alpaca": {
      "total_fills": 299,
      "p95_slippage_bps": 9.812048962453504,
      "mean_slippage_bps": 4.194253996195422,
      "median_slippage_bps": 3.379106478577481,
      "p99_slippage_bps": 20.348970728613065,
      "maker_ratio": 0.7,
      "fills_under_threshold": 293,
      "pct_under_threshold": 0.979933110367893,
      "gate_status": "INSUFFICIENT_DATA",
      "reason": "need_2000_fills_have_299",
      "threshold_bps": 15.0,
      "min_sample_size": 2000
    },
    "NVDA_binance": {
      "total_fills": 311,
      "p95_slippage_bps": 7.915887982272334,
      "mean_slippage_bps": 4.006001983538228,
      "median_slippage_bps": 3.5251078051015794,
      "p99_slippage_bps": 17.968067024114216,
      "maker_ratio": 0.7,
      "fills_under_threshold": 306,
      "pct_under_threshold": 0.9839228295819936,
      "gate_status": "INSUFFICIENT_DATA",
      "reason": "need_2000_fills_have_311",
      "threshold_bps": 15.0,
      "min_sample_size": 2000
    },
    "NVDA_coinbase": {
      "total_fills": 312,
      "p95_slippage_bps": 8.90130511027871,
      "mean_slippage_bps": 3.908173258458036,
      "median_slippage_bps": 3.3391808850624143,
      "p99_slippage_bps": 14.505675980306945,
      "maker_ratio": 0.7,
      "fills_under_threshold": 309,
      "pct_under_threshold": 0.9903846153846154,
      "gate_status": "INSUFFICIENT_DATA",
      "reason": "need_2000_fills_have_312",