{
  "timestamp": "2025-08-16T20:33:17.200548+00:00",
  "window_hours": 48,
  "threshold_bps": 15.0,
  "min_sample_size": 2000,
  "overall_metrics": {
    "total_fills": 2738,
    "p95_slippage_bps": 9.183914715572813,
    "mean_slippage_bps": 3.9967292852384864,
    "median_slippage_bps": 3.417673997614387,
    "p99_slippage_bps": 18.313280631981076,
    "maker_ratio": 0.7,
    "fills_under_threshold": 2683,
    "pct_under_threshold": 0.9799123447772097,
    "gate_status": "PASS",
    "reason": "criteria_met",
    "threshold_bps": 15.0,
    "min_sample_size": 2000
  },
  "breakdown_metrics": {
    "asset_NVDA": {
      "total_fills": 928,
      "p95_slippage_bps": 8.879002490012732,
      "mean_slippage_bps": 3.871893987333155,
      "median_slippage_bps": 3.4223079735566984,
      "p99_slippage_bps": 16.344492049321516,
      "maker_ratio": 0.7,
      "fills_under_threshold": 916,
      "pct_under_threshold": 0.9870689655172413,
      "gate_status": "INSUFFICIENT_DATA",
      "reason": "need_2000_fills_have_928",
      "threshold_bps": 15.0,
      "min_sample_size": 2000
    },
    "asset_ETH-USD": {
      "total_fills": 861,
      "p95_slippage_bps": 9.190854490193386,
      "mean_slippage_bps": 4.123438542203683,
      "median_slippage_bps": 3.521648527024006,
      "p99_slippage_bps": 18.036702317308436,
      "maker_ratio": 0.7,
      "fills_under_threshold": 844,
      "pct_under_threshold": 0.9802555168408827,
      "gate_status": "INSUFFICIENT_DATA",
      "reason": "need_2000_fills_have_861",
      "threshold_bps": 15.0,
      "min_sample_size": 2000
    },
    "asset_BTC-USD": {
      "total_fills": 949,
      "p95_slippage_bps": 9.236802447747312,
      "mean_slippage_bps": 4.003842547840291,
      "median_slippage_bps": 3.317780291317332,
      "p99_slippage_bps": 18.69046942871858,
      "maker_ratio": 0.7,
      "fills_under_threshold": 923,
      "pct_under_threshold": 0.9726027397260274,
      "gate_status": "INSUFFICIENT_DATA",
      "reason": "need_2000_fills_have_949",
      "threshold_bps": 15.0,
      "min_sample_size": 2000
    },
    "venue_alpaca": {
      "total_fills": 915,
      "p95_slippage_bps": 9.4473381856419,
      "mean_slippage_bps": 4.084828676370152,
      "median_slippage_bps": 3.43901897629464,
      "p99_slippage_bps": 17.528548790188907,
      "maker_ratio": 0.7,
      "fills_under_threshold": 895,
      "pct_under_threshold": 0.9781420765027322,
      "gate_status": "INSUFFICIENT_DATA",
      "reason": "need_2000_fills_have_915",
      "threshold_bps": 15.0,
      "min_sample_size": 2000
    },
    "venue_coinbase": {
      "total_fills": 906,
      "p95_slippage_bps": 9.065006669965209,
      "mean_slippage_bps": 3.984927551529881,
      "median_slippage_bps": 3.4102444371436462,
      "p99_slippage_bps": 18.86052341327032,
      "maker_ratio": 0.7,
      "fills_under_threshold": 887,
      "pct_under_threshold": 0.9790286975717439,
      "gate_status": "INSUFFICIENT_DATA",
      "reason": "need_2000_fills_have_906",
      "threshold_bps": 15.0,
      "min_sample_size": 2000
    },
    "venue_binance": {
      "total_fills": 917,
      "p95_slippage_bps": 8.749166875886644,
      "mean_slippage_bps": 3.920482205472424,
      "median_slippage_bps": 3.3977897150113945,
      "p99_slippage_bps": 17.727210332094057,
      "maker_ratio": 0.7,
      "fills_under_threshold": 901,
      "pct_under_threshold": 0.9825517993456925,
      "gate_status": "INSUFFICIENT_DATA",
      "reason": "need_2000_fills_have_917",
      "threshold_bps": 15.0,
      "min_sample_size": 2000
    },
    "BTC-USD_alpaca": {
      "total_fills": 317,
      "p95_slippage_bps": 9.656347091661646,
      "mean_slippage_bps": 4.03041463941905,
      "median_slippage_bps": 3.354947868705216,
      "p99_slippage_bps": 18.020496446883847,
      "maker_ratio": 0.7,
      "fills_under_threshold": 308,
      "pct_under_threshold": 0.9716088328075709,
      "gate_status": "INSUFFICIENT_DATA",
      "reason": "need_2000_fills_have_317",
      "threshold_bps": 15.0,
      "min_sample_size": 2000
    },
    "BTC-USD_binance": {
      "total_fills": 312,
      "p95_slippage_bps": 8.763240892732988,
      "mean_slippage_bps": 3.923348561413592,
      "median_slippage_bps": 3.2818008925405495,
      "p99_slippage_bps": 17.66797015871816,
      "maker_ratio": 0.7,
      "fills_under_threshold": 304,
      "pct_under_threshold": 0.9743589743589743,
      "gate_status": "INSUFFICIENT_DATA",
      "reason": "need_2000_fills_have_312",
      "threshold_bps": 15.0,
      "min_sample_size": 2000
    },
    "BTC-USD_coinbase": {
      "total_fills": 320,
      "p95_slippage_bps": 9.202586491085794,
      "mean_slippage_bps": 4.056001206386114,
      "median_slippage_bps": 3.315105899224273,
      "p99_slippage_bps": 19.926524398923636,
      "maker_ratio": 0.7,
      "fills_under_threshold": 311,
      "pct_under_threshold": 0.971875,
      "gate_status": "INSUFFICIENT_DATA",
      "reason": "need_2000_fills_have_320",
      "threshold_bps": 15.0,
      "min_sample_size": 2000
    },
    "ETH-USD_alpaca": {
      "total_fills": 288,
      "p95_slippage_bps": 8.997195150729734,
      "mean_slippage_bps": 4.11981779096945,
      "median_slippage_bps": 3.473564863159976,
      "p99_slippage_bps": 17.154658522366454,
      "maker_ratio": 0.7,
      "fills_under_threshold": 283,
      "pct_under_threshold": 0.9826388888888888,
      "gate_status": "INSUFFICIENT_DATA",
      "reason": "need_2000_fills_have_288",
      "threshold_bps": 15.0,
      "min_sample_size": 2000
    },
    "ETH-USD_binance": {
      "total_fills": 298,
      "p95_slippage_bps": 8.736630737871213,
      "mean_slippage_bps": 4.092808062630544,
      "median_slippage_bps": 3.552548373999368,
      "p99_slippage_bps": 17.848334765664465,
      "maker_ratio": 0.7,
      "fills_under_threshold": 293,
      "pct_under_threshold": 0.9832214765100671,
      "gate_status": "INSUFFICIENT_DATA",
      "reason": "need_2000_fills_have_298",
      "threshold_bps": 15.0,
      "min_sample_size": 2000
    },
    "ETH-USD_coinbase": {
      "total_fills": 275,
      "p95_slippage_bps": 9.804710728866587,
      "mean_slippage_bps": 4.160422757724608,
      "median_slippage_bps": 3.5577915549606676,
      "p99_slippage_bps": 18.06656729703569,
      "maker_ratio": 0.7,
      "fills_under_threshold": 268,
      "pct_under_threshold": 0.9745454545454545,
      "gate_status": "INSUFFICIENT_DATA",
      "reason": "need_2000_fills_have_275",
      "threshold_bps": 15.0,
      "min_sample_size": 2000
    },
    "NVDA_alpaca": {
      "total_fills": 310,
      "p95_slippage_bps": 10.02482330201829,
      "mean_slippage_bps": 4.107965401237578,
      "median_slippage_bps": 3.5028652026423392,
      "p99_slippage_bps": 17.06928220614135,
      "maker_ratio": 0.7,
      "fills_under_threshold": 304,
      "pct_under_threshold": 0.9806451612903225,
      "gate_status": "INSUFFICIENT_DATA",
      "reason": "need_2000_fills_have_310",
      "threshold_bps": 15.0,
      "min_sample_size": 2000
    },
    "NVDA_binance": {
      "total_fills": 307,
      "p95_slippage_bps": 8.597655969045801,
      "mean_slippage_bps": 3.7502952071442017,
      "median_slippage_bps": 3.3664466565744346,
      "p99_slippage_bps": 11.751863952595349,
      "maker_ratio": 0.7,
      "fills_under_threshold": 304,
      "pct_under_threshold": 0.990228013029316,
      "gate_status": "INSUFFICIENT_DATA",
      "reason": "need_2000_fills_have_307",
      "threshold_bps": 15.0,
      "min_sample_size": 2000
    },
    "NVDA_coinbase": {
      "total_fills": 311,
      "p95_slippage_bps": 8.010579696678896,
      "mean_slippage_bps": 3.756616454238742,
      "median_slippage_bps": 3.400830441911378,
      "p99_slippage_bps": 14.366764947826614,
      "maker_ratio": 0.7,
      "fills_under_threshold": 308,
      "pct_under_threshold": 0.9903536977491961,
      "gate_status": "INSUFFICIENT_DATA",
      "reason": "need_2000_fills_have_311",