{
  "timestamp": "2025-08-16T22:17:03.340416+00:00",
  "window_hours": 48,
  "threshold_bps": 15.0,
  "min_sample_size": 2000,
  "overall_metrics": {
    "total_fills": 2763,
    "p95_slippage_bps": 9.450470881425352,
    "mean_slippage_bps": 4.056836461579221,
    "median_slippage_bps": 3.3980637228405133,
    "p99_slippage_bps": 18.64379304799453,
    "maker_ratio": 0.7,
    "fills_under_threshold": 2701,
    "pct_under_threshold": 0.9775606225117626,
    "gate_status": "PASS",
    "reason": "criteria_met",
    "threshold_bps": 15.0,
    "min_sample_size": 2000
  },
  "breakdown_metrics": {
    "asset_NVDA": {
      "total_fills": 933,
      "p95_slippage_bps": 9.935787953257568,
      "mean_slippage_bps": 4.101867717068041,
      "median_slippage_bps": 3.5116301269344303,
      "p99_slippage_bps": 18.64670157396704,
      "maker_ratio": 0.7,
      "fills_under_threshold": 914,
      "pct_under_threshold": 0.9796355841371919,
      "gate_status": "INSUFFICIENT_DATA",
      "reason": "need_2000_fills_have_933",
      "threshold_bps": 15.0,
      "min_sample_size": 2000
    },
    "asset_ETH-USD": {
      "total_fills": 878,
      "p95_slippage_bps": 8.912654652058137,
      "mean_slippage_bps": 3.968186573540001,
      "median_slippage_bps": 3.3149370310584234,
      "p99_slippage_bps": 18.31914304688539,
      "maker_ratio": 0.7,
      "fills_under_threshold": 859,
      "pct_under_threshold": 0.9783599088838268,
      "gate_status": "INSUFFICIENT_DATA",
      "reason": "need_2000_fills_have_878",
      "threshold_bps": 15.0,
      "min_sample_size": 2000
    },
    "asset_BTC-USD": {
      "total_fills": 952,
      "p95_slippage_bps": 9.415243839631882,
      "mean_slippage_bps": 4.094462974528135,
      "median_slippage_bps": 3.4003071582314366,
      "p99_slippage_bps": 18.931741994098708,
      "maker_ratio": 0.7,
      "fills_under_threshold": 928,
      "pct_under_threshold": 0.9747899159663865,
      "gate_status": "INSUFFICIENT_DATA",
      "reason": "need_2000_fills_have_952",
      "threshold_bps": 15.0,
      "min_sample_size": 2000
    },
    "venue_binance": {
      "total_fills": 937,
      "p95_slippage_bps": 9.511744956572576,
      "mean_slippage_bps": 4.049418284311476,
      "median_slippage_bps": 3.3585201707086987,
      "p99_slippage_bps": 19.541832270447884,
      "maker_ratio": 0.7,
      "fills_under_threshold": 915,
      "pct_under_threshold": 0.9765208110992529,
      "gate_status": "INSUFFICIENT_DATA",
      "reason": "need_2000_fills_have_937",
      "threshold_bps": 15.0,
      "min_sample_size": 2000
    },
    "venue_alpaca": {
      "total_fills": 917,
      "p95_slippage_bps": 9.979524134413163,
      "mean_slippage_bps": 4.223241156535229,
      "median_slippage_bps": 3.5137032010793376,
      "p99_slippage_bps": 18.648252787819047,
      "maker_ratio": 0.7,
      "fills_under_threshold": 888,
      "pct_under_threshold": 0.9683751363140676,
      "gate_status": "INSUFFICIENT_DATA",
      "reason": "need_2000_fills_have_917",
      "threshold_bps": 15.0,
      "min_sample_size": 2000
    },
    "venue_coinbase": {
      "total_fills": 909,
      "p95_slippage_bps": 8.57784941753576,
      "mean_slippage_bps": 3.8966139388346868,
      "median_slippage_bps": 3.339577396242424,
      "p99_slippage_bps": 16.716435519071357,
      "maker_ratio": 0.7,
      "fills_under_threshold": 898,
      "pct_under_threshold": 0.9878987898789879,
      "gate_status": "INSUFFICIENT_DATA",
      "reason": "need_2000_fills_have_909",
      "threshold_bps": 15.0,
      "min_sample_size": 2000
    },
    "BTC-USD_alpaca": {
      "total_fills": 328,
      "p95_slippage_bps": 8.995998799251042,
      "mean_slippage_bps": 4.1253938679948,
      "median_slippage_bps": 3.4751424378255518,
      "p99_slippage_bps": 18.420918146724865,
      "maker_ratio": 0.7,
      "fills_under_threshold": 319,
      "pct_under_threshold": 0.9725609756097561,
      "gate_status": "INSUFFICIENT_DATA",
      "reason": "need_2000_fills_have_328",
      "threshold_bps": 15.0,
      "min_sample_size": 2000
    },
    "BTC-USD_binance": {
      "total_fills": 318,
      "p95_slippage_bps": 9.515061485265727,
      "mean_slippage_bps": 4.126571864286916,
      "median_slippage_bps": 3.4602968296109538,
      "p99_slippage_bps": 20.186003059791705,
      "maker_ratio": 0.7,
      "fills_under_threshold": 310,
      "pct_under_threshold": 0.9748427672955975,
      "gate_status": "INSUFFICIENT_DATA",
      "reason": "need_2000_fills_have_318",
      "threshold_bps": 15.0,
      "min_sample_size": 2000
    },
    "BTC-USD_coinbase": {
      "total_fills": 306,
      "p95_slippage_bps": 9.383937049838849,
      "mean_slippage_bps": 4.027940229428925,
      "median_slippage_bps": 3.318657521483468,
      "p99_slippage_bps": 18.833387952503706,
      "maker_ratio": 0.7,
      "fills_under_threshold": 299,
      "pct_under_threshold": 0.9771241830065359,
      "gate_status": "INSUFFICIENT_DATA",
      "reason": "need_2000_fills_have_306",
      "threshold_bps": 15.0,
      "min_sample_size": 2000
    },
    "ETH-USD_alpaca": {
      "total_fills": 313,
      "p95_slippage_bps": 9.648736513151125,
      "mean_slippage_bps": 4.149163592139526,
      "median_slippage_bps": 3.3492942976082523,
      "p99_slippage_bps": 19.372720632942173,
      "maker_ratio": 0.7,
      "fills_under_threshold": 302,
      "pct_under_threshold": 0.9648562300319489,
      "gate_status": "INSUFFICIENT_DATA",
      "reason": "need_2000_fills_have_313",
      "threshold_bps": 15.0,
      "min_sample_size": 2000
    },
    "ETH-USD_binance": {
      "total_fills": 290,
      "p95_slippage_bps": 9.277766614154876,
      "mean_slippage_bps": 4.041257310825524,
      "median_slippage_bps": 3.3279883564857884,
      "p99_slippage_bps": 17.739687198165747,
      "maker_ratio": 0.7,
      "fills_under_threshold": 283,
      "pct_under_threshold": 0.9758620689655172,
      "gate_status": "INSUFFICIENT_DATA",
      "reason": "need_2000_fills_have_290",
      "threshold_bps": 15.0,
      "min_sample_size": 2000
    },
    "ETH-USD_coinbase": {
      "total_fills": 275,
      "p95_slippage_bps": 7.993910815990872,
      "mean_slippage_bps": 3.685145407596535,
      "median_slippage_bps": 3.2652093593271916,
      "p99_slippage_bps": 13.36926872113133,
      "maker_ratio": 0.7,
      "fills_under_threshold": 274,
      "pct_under_threshold": 0.9963636363636363,
      "gate_status": "INSUFFICIENT_DATA",
      "reason": "need_2000_fills_have_275",
      "threshold_bps": 15.0,
      "min_sample_size": 2000
    },
    "NVDA_alpaca": {
      "total_fills": 276,
      "p95_slippage_bps": 11.376934055865252,
      "mean_slippage_bps": 4.423531693843617,
      "median_slippage_bps": 3.6661056739584543,
      "p99_slippage_bps": 19.227199565538616,
      "maker_ratio": 0.7,
      "fills_under_threshold": 267,
      "pct_under_threshold": 0.967391304347826,
      "gate_status": "INSUFFICIENT_DATA",
      "reason": "need_2000_fills_have_276",
      "threshold_bps": 15.0,
      "min_sample_size": 2000
    },
    "NVDA_binance": {
      "total_fills": 329,
      "p95_slippage_bps": 9.537050962703647,
      "mean_slippage_bps": 3.982037870569033,
      "median_slippage_bps": 3.3259480422240157,
      "p99_slippage_bps": 19.602917796922753,
      "maker_ratio": 0.7,
      "fills_under_threshold": 322,
      "pct_under_threshold": 0.9787234042553191,
      "gate_status": "INSUFFICIENT_DATA",
      "reason": "need_2000_fills_have_329",
      "threshold_bps": 15.0,
      "min_sample_size": 2000
    },
    "NVDA_coinbase": {
      "total_fills": 328,
      "p95_slippage_bps": 8.20387444930802,
      "mean_slippage_bps": 3.9513944302025377,
      "median_slippage_bps": 3.456870229482595,
      "p99_slippage_bps": 13.970483568927547,
      "maker_ratio": 0.7,
      "fills_under_threshold": 325,
      "pct_under_threshold": 0.9908536585365854,
      "gate_status": "INSUFFICIENT_DATA",