{
  "timestamp": "2025-08-16T10:15:59.616609+00:00",
  "window_hours": 48,
  "threshold_bps": 15.0,
  "min_sample_size": 2000,
  "overall_metrics": {
    "total_fills": 2735,
    "p95_slippage_bps": 8.817111650354233,
    "mean_slippage_bps": 3.964025497167842,
    "median_slippage_bps": 3.463437023925812,
    "p99_slippage_bps": 18.51564959650318,
    "maker_ratio": 0.7,
    "fills_under_threshold": 2681,
    "pct_under_threshold": 0.9802559414990859,
    "gate_status": "PASS",
    "reason": "criteria_met",
    "threshold_bps": 15.0,
    "min_sample_size": 2000
  },
  "breakdown_metrics": {
    "asset_ETH-USD": {
      "total_fills": 939,
      "p95_slippage_bps": 8.300038794231543,
      "mean_slippage_bps": 3.874830623418868,
      "median_slippage_bps": 3.4092332459493737,
      "p99_slippage_bps": 18.04152808920667,
      "maker_ratio": 0.7,
      "fills_under_threshold": 922,
      "pct_under_threshold": 0.9818956336528222,
      "gate_status": "INSUFFICIENT_DATA",
      "reason": "need_2000_fills_have_939",
      "threshold_bps": 15.0,
      "min_sample_size": 2000
    },
    "asset_NVDA": {
      "total_fills": 878,
      "p95_slippage_bps": 8.834454474269963,
      "mean_slippage_bps": 4.0300463721909985,
      "median_slippage_bps": 3.4372593298679606,
      "p99_slippage_bps": 19.224519856307598,
      "maker_ratio": 0.7,
      "fills_under_threshold": 855,
      "pct_under_threshold": 0.9738041002277904,
      "gate_status": "INSUFFICIENT_DATA",
      "reason": "need_2000_fills_have_878",
      "threshold_bps": 15.0,
      "min_sample_size": 2000
    },
    "asset_BTC-USD": {
      "total_fills": 918,
      "p95_slippage_bps": 9.1620596323023,
      "mean_slippage_bps": 3.9921166280828255,
      "median_slippage_bps": 3.503360749372643,
      "p99_slippage_bps": 17.722512101884142,
      "maker_ratio": 0.7,
      "fills_under_threshold": 904,
      "pct_under_threshold": 0.9847494553376906,
      "gate_status": "INSUFFICIENT_DATA",
      "reason": "need_2000_fills_have_918",
      "threshold_bps": 15.0,
      "min_sample_size": 2000
    },
    "venue_alpaca": {
      "total_fills": 914,
      "p95_slippage_bps": 8.75850642924604,
      "mean_slippage_bps": 3.9566523464304444,
      "median_slippage_bps": 3.565167672941296,
      "p99_slippage_bps": 17.29310633283266,
      "maker_ratio": 0.7,
      "fills_under_threshold": 900,
      "pct_under_threshold": 0.9846827133479212,
      "gate_status": "INSUFFICIENT_DATA",
      "reason": "need_2000_fills_have_914",
      "threshold_bps": 15.0,
      "min_sample_size": 2000
    },
    "venue_coinbase": {
      "total_fills": 936,
      "p95_slippage_bps": 9.0460729696762,
      "mean_slippage_bps": 4.0103397221457335,
      "median_slippage_bps": 3.4639340464591095,
      "p99_slippage_bps": 19.1534995904539,
      "maker_ratio": 0.7,
      "fills_under_threshold": 913,
      "pct_under_threshold": 0.9754273504273504,
      "gate_status": "INSUFFICIENT_DATA",
      "reason": "need_2000_fills_have_936",
      "threshold_bps": 15.0,
      "min_sample_size": 2000
    },
    "venue_binance": {
      "total_fills": 885,
      "p95_slippage_bps": 8.632099253545968,
      "mean_slippage_bps": 3.922657073659,
      "median_slippage_bps": 3.3466279338952205,
      "p99_slippage_bps": 17.026673546302113,
      "maker_ratio": 0.7,
      "fills_under_threshold": 868,
      "pct_under_threshold": 0.9807909604519774,
      "gate_status": "INSUFFICIENT_DATA",
      "reason": "need_2000_fills_have_885",
      "threshold_bps": 15.0,
      "min_sample_size": 2000
    },
    "BTC-USD_alpaca": {
      "total_fills": 306,
      "p95_slippage_bps": 9.660100038046867,
      "mean_slippage_bps": 4.072637854142919,
      "median_slippage_bps": 3.5848504693828214,
      "p99_slippage_bps": 17.231413676077754,
      "maker_ratio": 0.7,
      "fills_under_threshold": 302,
      "pct_under_threshold": 0.9869281045751634,
      "gate_status": "INSUFFICIENT_DATA",
      "reason": "need_2000_fills_have_306",
      "threshold_bps": 15.0,
      "min_sample_size": 2000
    },
    "BTC-USD_binance": {
      "total_fills": 292,
      "p95_slippage_bps": 9.067312448838928,
      "mean_slippage_bps": 4.153176035705633,
      "median_slippage_bps": 3.5978419297623834,
      "p99_slippage_bps": 18.053746022743145,
      "maker_ratio": 0.7,
      "fills_under_threshold": 286,
      "pct_under_threshold": 0.9794520547945206,
      "gate_status": "INSUFFICIENT_DATA",
      "reason": "need_2000_fills_have_292",
      "threshold_bps": 15.0,
      "min_sample_size": 2000
    },
    "BTC-USD_coinbase": {
      "total_fills": 320,
      "p95_slippage_bps": 8.901941871151333,
      "mean_slippage_bps": 3.7681514962070493,
      "median_slippage_bps": 3.378977719480093,
      "p99_slippage_bps": 15.83005377466964,
      "maker_ratio": 0.7,
      "fills_under_threshold": 316,
      "pct_under_threshold": 0.9875,
      "gate_status": "INSUFFICIENT_DATA",
      "reason": "need_2000_fills_have_320",
      "threshold_bps": 15.0,
      "min_sample_size": 2000
    },
    "ETH-USD_alpaca": {
      "total_fills": 313,
      "p95_slippage_bps": 8.585876061542994,
      "mean_slippage_bps": 3.978671702868252,
      "median_slippage_bps": 3.5091688592676173,
      "p99_slippage_bps": 18.31363253639572,
      "maker_ratio": 0.7,
      "fills_under_threshold": 307,
      "pct_under_threshold": 0.9808306709265175,
      "gate_status": "INSUFFICIENT_DATA",
      "reason": "need_2000_fills_have_313",
      "threshold_bps": 15.0,
      "min_sample_size": 2000
    },
    "ETH-USD_binance": {
      "total_fills": 291,
      "p95_slippage_bps": 7.844039171618422,
      "mean_slippage_bps": 3.628979825858874,
      "median_slippage_bps": 3.173980220842508,
      "p99_slippage_bps": 11.602879918913652,
      "maker_ratio": 0.7,
      "fills_under_threshold": 289,
      "pct_under_threshold": 0.993127147766323,
      "gate_status": "INSUFFICIENT_DATA",
      "reason": "need_2000_fills_have_291",
      "threshold_bps": 15.0,
      "min_sample_size": 2000
    },
    "ETH-USD_coinbase": {
      "total_fills": 335,
      "p95_slippage_bps": 8.138493819195704,
      "mean_slippage_bps": 3.9913689046794683,
      "median_slippage_bps": 3.4874696276974793,
      "p99_slippage_bps": 18.255024195920996,
      "maker_ratio": 0.7,
      "fills_under_threshold": 326,
      "pct_under_threshold": 0.9731343283582089,
      "gate_status": "INSUFFICIENT_DATA",
      "reason": "need_2000_fills_have_335",
      "threshold_bps": 15.0,
      "min_sample_size": 2000
    },
    "NVDA_alpaca": {
      "total_fills": 295,
      "p95_slippage_bps": 7.551229187725445,
      "mean_slippage_bps": 3.812979044989594,
      "median_slippage_bps": 3.6472359392947977,
      "p99_slippage_bps": 16.13008067794901,
      "maker_ratio": 0.7,
      "fills_under_threshold": 291,
      "pct_under_threshold": 0.9864406779661017,
      "gate_status": "INSUFFICIENT_DATA",
      "reason": "need_2000_fills_have_295",
      "threshold_bps": 15.0,
      "min_sample_size": 2000
    },
    "NVDA_binance": {
      "total_fills": 302,
      "p95_slippage_bps": 8.80572205255473,
      "mean_slippage_bps": 3.982751584229263,
      "median_slippage_bps": 3.2537927550647106,
      "p99_slippage_bps": 16.81145385573648,
      "maker_ratio": 0.7,
      "fills_under_threshold": 293,
      "pct_under_threshold": 0.9701986754966887,
      "gate_status": "INSUFFICIENT_DATA",
      "reason": "need_2000_fills_have_302",
      "threshold_bps": 15.0,
      "min_sample_size": 2000
    },
    "NVDA_coinbase": {
      "total_fills": 281,
      "p95_slippage_bps": 9.898932138515335,
      "mean_slippage_bps": 4.308757715567719,
      "median_slippage_bps": 3.488767381643065,
      "p99_slippage_bps": 21.147653940338095,
      "maker_ratio": 0.7,
      "fills_under_threshold": 271,
      "pct_under_threshold": 0.9644128113879004,
      "gate_status": "INSUFFICIENT_DATA",
      "reason": "need_2000_fills_have_281",