{
  "timestamp": "2025-08-16T14:40:33.780487+00:00",
  "window_hours": 48,
  "threshold_bps": 15.0,
  "min_sample_size": 2000,
  "overall_metrics": {
    "total_fills": 2735,
    "p95_slippage_bps": 8.9851319402449,
    "mean_slippage_bps": 4.027751194652171,
    "median_slippage_bps": 3.4020250645121175,
    "p99_slippage_bps": 18.437476476066703,
    "maker_ratio": 0.7,
    "fills_under_threshold": 2678,
    "pct_under_threshold": 0.9791590493601463,
    "gate_status": "PASS",
    "reason": "criteria_met",
    "threshold_bps": 15.0,
    "min_sample_size": 2000
  },
  "breakdown_metrics": {
    "asset_ETH-USD": {
      "total_fills": 946,
      "p95_slippage_bps": 8.57663397317865,
      "mean_slippage_bps": 3.897849074258339,
      "median_slippage_bps": 3.318635089562152,
      "p99_slippage_bps": 18.12429961776367,
      "maker_ratio": 0.7,
      "fills_under_threshold": 927,
      "pct_under_threshold": 0.9799154334038055,
      "gate_status": "INSUFFICIENT_DATA",
      "reason": "need_2000_fills_have_946",
      "threshold_bps": 15.0,
      "min_sample_size": 2000
    },
    "asset_BTC-USD": {
      "total_fills": 906,
      "p95_slippage_bps": 9.218193353739528,
      "mean_slippage_bps": 4.0398627693175175,
      "median_slippage_bps": 3.372205270037632,
      "p99_slippage_bps": 18.144993279881465,
      "maker_ratio": 0.7,
      "fills_under_threshold": 885,
      "pct_under_threshold": 0.9768211920529801,
      "gate_status": "INSUFFICIENT_DATA",
      "reason": "need_2000_fills_have_906",
      "threshold_bps": 15.0,
      "min_sample_size": 2000
    },
    "asset_NVDA": {
      "total_fills": 883,
      "p95_slippage_bps": 9.00821644802829,
      "mean_slippage_bps": 4.154494478056204,
      "median_slippage_bps": 3.5180237172471487,
      "p99_slippage_bps": 18.728674862059577,
      "maker_ratio": 0.7,
      "fills_under_threshold": 866,
      "pct_under_threshold": 0.9807474518686297,
      "gate_status": "INSUFFICIENT_DATA",
      "reason": "need_2000_fills_have_883",
      "threshold_bps": 15.0,
      "min_sample_size": 2000
    },
    "venue_alpaca": {
      "total_fills": 876,
      "p95_slippage_bps": 8.779885282336805,
      "mean_slippage_bps": 3.9375487920832875,
      "median_slippage_bps": 3.3306168487154846,
      "p99_slippage_bps": 17.39574035494171,
      "maker_ratio": 0.7,
      "fills_under_threshold": 858,
      "pct_under_threshold": 0.9794520547945206,
      "gate_status": "INSUFFICIENT_DATA",
      "reason": "need_2000_fills_have_876",
      "threshold_bps": 15.0,
      "min_sample_size": 2000
    },
    "venue_binance": {
      "total_fills": 930,
      "p95_slippage_bps": 8.811531404480593,
      "mean_slippage_bps": 3.920384154823253,
      "median_slippage_bps": 3.320711030662747,
      "p99_slippage_bps": 17.485842564168518,
      "maker_ratio": 0.7,
      "fills_under_threshold": 913,
      "pct_under_threshold": 0.9817204301075269,
      "gate_status": "INSUFFICIENT_DATA",
      "reason": "need_2000_fills_have_930",
      "threshold_bps": 15.0,
      "min_sample_size": 2000
    },
    "venue_coinbase": {
      "total_fills": 929,
      "p95_slippage_bps": 9.16198024828816,
      "mean_slippage_bps": 4.220290109282135,
      "median_slippage_bps": 3.5415776366437735,
      "p99_slippage_bps": 19.16111921925321,
      "maker_ratio": 0.7,
      "fills_under_threshold": 907,
      "pct_under_threshold": 0.976318622174381,
      "gate_status": "INSUFFICIENT_DATA",
      "reason": "need_2000_fills_have_929",
      "threshold_bps": 15.0,
      "min_sample_size": 2000
    },
    "BTC-USD_alpaca": {
      "total_fills": 292,
      "p95_slippage_bps": 7.996238303204754,
      "mean_slippage_bps": 3.668325030734592,
      "median_slippage_bps": 3.1312968585634695,
      "p99_slippage_bps": 16.314822803547813,
      "maker_ratio": 0.7,
      "fills_under_threshold": 288,
      "pct_under_threshold": 0.9863013698630136,
      "gate_status": "INSUFFICIENT_DATA",
      "reason": "need_2000_fills_have_292",
      "threshold_bps": 15.0,
      "min_sample_size": 2000
    },
    "BTC-USD_binance": {
      "total_fills": 311,
      "p95_slippage_bps": 9.44944672164996,
      "mean_slippage_bps": 4.113464123309919,
      "median_slippage_bps": 3.414169283329208,
      "p99_slippage_bps": 17.03504073628297,
      "maker_ratio": 0.7,
      "fills_under_threshold": 304,
      "pct_under_threshold": 0.977491961414791,
      "gate_status": "INSUFFICIENT_DATA",
      "reason": "need_2000_fills_have_311",
      "threshold_bps": 15.0,
      "min_sample_size": 2000
    },
    "BTC-USD_coinbase": {
      "total_fills": 303,
      "p95_slippage_bps": 11.049479282461448,
      "mean_slippage_bps": 4.322367715108201,
      "median_slippage_bps": 3.592224061467121,
      "p99_slippage_bps": 20.87657311898763,
      "maker_ratio": 0.7,
      "fills_under_threshold": 293,
      "pct_under_threshold": 0.966996699669967,
      "gate_status": "INSUFFICIENT_DATA",
      "reason": "need_2000_fills_have_303",
      "threshold_bps": 15.0,
      "min_sample_size": 2000
    },
    "ETH-USD_alpaca": {
      "total_fills": 300,
      "p95_slippage_bps": 8.49124829110864,
      "mean_slippage_bps": 3.873096166781382,
      "median_slippage_bps": 3.253762989860822,
      "p99_slippage_bps": 16.064305410741888,
      "maker_ratio": 0.7,
      "fills_under_threshold": 292,
      "pct_under_threshold": 0.9733333333333334,
      "gate_status": "INSUFFICIENT_DATA",
      "reason": "need_2000_fills_have_300",
      "threshold_bps": 15.0,
      "min_sample_size": 2000
    },
    "ETH-USD_binance": {
      "total_fills": 319,
      "p95_slippage_bps": 8.33723297998722,
      "mean_slippage_bps": 3.683380067809557,
      "median_slippage_bps": 3.10379025288325,
      "p99_slippage_bps": 15.059760376039696,
      "maker_ratio": 0.7,
      "fills_under_threshold": 315,
      "pct_under_threshold": 0.987460815047022,
      "gate_status": "INSUFFICIENT_DATA",
      "reason": "need_2000_fills_have_319",
      "threshold_bps": 15.0,
      "min_sample_size": 2000
    },
    "ETH-USD_coinbase": {
      "total_fills": 327,
      "p95_slippage_bps": 8.92504551993989,
      "mean_slippage_bps": 4.129780221965523,
      "median_slippage_bps": 3.4653769508043792,
      "p99_slippage_bps": 18.61430668872164,
      "maker_ratio": 0.7,
      "fills_under_threshold": 320,
      "pct_under_threshold": 0.9785932721712538,
      "gate_status": "INSUFFICIENT_DATA",
      "reason": "need_2000_fills_have_327",
      "threshold_bps": 15.0,
      "min_sample_size": 2000
    },
    "NVDA_alpaca": {
      "total_fills": 284,
      "p95_slippage_bps": 10.282118852901654,
      "mean_slippage_bps": 4.282440080479027,
      "median_slippage_bps": 3.53959876291514,
      "p99_slippage_bps": 21.372056579160027,
      "maker_ratio": 0.7,
      "fills_under_threshold": 278,
      "pct_under_threshold": 0.9788732394366197,
      "gate_status": "INSUFFICIENT_DATA",
      "reason": "need_2000_fills_have_284",
      "threshold_bps": 15.0,
      "min_sample_size": 2000
    },
    "NVDA_binance": {
      "total_fills": 300,
      "p95_slippage_bps": 8.52958547967364,
      "mean_slippage_bps": 3.9722389333499724,
      "median_slippage_bps": 3.426551147016197,
      "p99_slippage_bps": 18.599240889828778,
      "maker_ratio": 0.7,
      "fills_under_threshold": 294,
      "pct_under_threshold": 0.98,
      "gate_status": "INSUFFICIENT_DATA",
      "reason": "need_2000_fills_have_300",
      "threshold_bps": 15.0,
      "min_sample_size": 2000
    },
    "NVDA_coinbase": {
      "total_fills": 299,
      "p95_slippage_bps": 8.79269636487,
      "mean_slippage_bps": 4.215832646363186,
      "median_slippage_bps": 3.539010384512565,
      "p99_slippage_bps": 17.92346215559227,
      "maker_ratio": 0.7,
      "fills_under_threshold": 294,
      "pct_under_threshold": 0.9832775919732442,
      "gate_status": "INSUFFICIENT_DATA",
      "reason": "need_2000_fills_have_299",
      "threshold_bps": 15.0,