{
  "timestamp": "2025-08-16T20:12:31.466272+00:00",
  "window_hours": 48,
  "threshold_bps": 15.0,
  "min_sample_size": 2000,
  "overall_metrics": {
    "total_fills": 2722,
    "p95_slippage_bps": 8.655313186659459,
    "mean_slippage_bps": 3.873767758431685,
    "median_slippage_bps": 3.3249691420433423,
    "p99_slippage_bps": 18.13091890691968,
    "maker_ratio": 0.7,
    "fills_under_threshold": 2663,
    "pct_under_threshold": 0.9783247612049963,
    "gate_status": "PASS",
    "reason": "criteria_met",
    "threshold_bps": 15.0,
    "min_sample_size": 2000
  },
  "breakdown_metrics": {
    "asset_BTC-USD": {
      "total_fills": 912,
      "p95_slippage_bps": 8.491850614080903,
      "mean_slippage_bps": 3.8935834257021553,
      "median_slippage_bps": 3.328591759480159,
      "p99_slippage_bps": 18.371560627646026,
      "maker_ratio": 0.7,
      "fills_under_threshold": 893,
      "pct_under_threshold": 0.9791666666666666,
      "gate_status": "INSUFFICIENT_DATA",
      "reason": "need_2000_fills_have_912",
      "threshold_bps": 15.0,
      "min_sample_size": 2000
    },
    "asset_ETH-USD": {
      "total_fills": 926,
      "p95_slippage_bps": 9.039291678242872,
      "mean_slippage_bps": 4.035703554218365,
      "median_slippage_bps": 3.3996891596723176,
      "p99_slippage_bps": 18.128452188983644,
      "maker_ratio": 0.7,
      "fills_under_threshold": 901,
      "pct_under_threshold": 0.9730021598272138,
      "gate_status": "INSUFFICIENT_DATA",
      "reason": "need_2000_fills_have_926",
      "threshold_bps": 15.0,
      "min_sample_size": 2000
    },
    "asset_NVDA": {
      "total_fills": 884,
      "p95_slippage_bps": 8.161858615387214,
      "mean_slippage_bps": 3.6836948676521195,
      "median_slippage_bps": 3.227228119271764,
      "p99_slippage_bps": 17.73684126610927,
      "maker_ratio": 0.7,
      "fills_under_threshold": 869,
      "pct_under_threshold": 0.9830316742081447,
      "gate_status": "INSUFFICIENT_DATA",
      "reason": "need_2000_fills_have_884",
      "threshold_bps": 15.0,
      "min_sample_size": 2000
    },
    "venue_alpaca": {
      "total_fills": 887,
      "p95_slippage_bps": 8.226282266164157,
      "mean_slippage_bps": 3.808039211040032,
      "median_slippage_bps": 3.279587186301046,
      "p99_slippage_bps": 17.008197500467865,
      "maker_ratio": 0.7,
      "fills_under_threshold": 872,
      "pct_under_threshold": 0.9830890642615558,
      "gate_status": "INSUFFICIENT_DATA",
      "reason": "need_2000_fills_have_887",
      "threshold_bps": 15.0,
      "min_sample_size": 2000
    },
    "venue_coinbase": {
      "total_fills": 928,
      "p95_slippage_bps": 8.86688223452681,
      "mean_slippage_bps": 3.9369486272446386,
      "median_slippage_bps": 3.3274680108792984,
      "p99_slippage_bps": 18.75867204716963,
      "maker_ratio": 0.7,
      "fills_under_threshold": 904,
      "pct_under_threshold": 0.9741379310344828,
      "gate_status": "INSUFFICIENT_DATA",
      "reason": "need_2000_fills_have_928",
      "threshold_bps": 15.0,
      "min_sample_size": 2000
    },
    "venue_binance": {
      "total_fills": 907,
      "p95_slippage_bps": 8.68488934866529,
      "mean_slippage_bps": 3.8734032328285695,
      "median_slippage_bps": 3.3554841963630597,
      "p99_slippage_bps": 17.78176096270021,
      "maker_ratio": 0.7,
      "fills_under_threshold": 887,
      "pct_under_threshold": 0.9779492833517089,
      "gate_status": "INSUFFICIENT_DATA",
      "reason": "need_2000_fills_have_907",
      "threshold_bps": 15.0,
      "min_sample_size": 2000
    },
    "BTC-USD_alpaca": {
      "total_fills": 302,
      "p95_slippage_bps": 8.28324723705736,
      "mean_slippage_bps": 3.9463097950600576,
      "median_slippage_bps": 3.3115178404516463,
      "p99_slippage_bps": 16.628398575303848,
      "maker_ratio": 0.7,
      "fills_under_threshold": 297,
      "pct_under_threshold": 0.9834437086092715,
      "gate_status": "INSUFFICIENT_DATA",
      "reason": "need_2000_fills_have_302",
      "threshold_bps": 15.0,
      "min_sample_size": 2000
    },
    "BTC-USD_binance": {
      "total_fills": 307,
      "p95_slippage_bps": 8.413717048780573,
      "mean_slippage_bps": 3.865232511298103,
      "median_slippage_bps": 3.3554841963630597,
      "p99_slippage_bps": 17.291951643945286,
      "maker_ratio": 0.7,
      "fills_under_threshold": 299,
      "pct_under_threshold": 0.9739413680781759,
      "gate_status": "INSUFFICIENT_DATA",
      "reason": "need_2000_fills_have_307",
      "threshold_bps": 15.0,
      "min_sample_size": 2000
    },
    "BTC-USD_coinbase": {
      "total_fills": 303,
      "p95_slippage_bps": 8.539037180538724,
      "mean_slippage_bps": 3.869756254665711,
      "median_slippage_bps": 3.301311058966657,
      "p99_slippage_bps": 18.407968283846365,
      "maker_ratio": 0.7,
      "fills_under_threshold": 297,
      "pct_under_threshold": 0.9801980198019802,
      "gate_status": "INSUFFICIENT_DATA",
      "reason": "need_2000_fills_have_303",
      "threshold_bps": 15.0,
      "min_sample_size": 2000
    },
    "ETH-USD_alpaca": {
      "total_fills": 292,
      "p95_slippage_bps": 8.891490872230847,
      "mean_slippage_bps": 4.066359719680238,
      "median_slippage_bps": 3.437376974548106,
      "p99_slippage_bps": 17.175455438751378,
      "maker_ratio": 0.7,
      "fills_under_threshold": 284,
      "pct_under_threshold": 0.9726027397260274,
      "gate_status": "INSUFFICIENT_DATA",
      "reason": "need_2000_fills_have_292",
      "threshold_bps": 15.0,
      "min_sample_size": 2000
    },
    "ETH-USD_binance": {
      "total_fills": 314,
      "p95_slippage_bps": 9.348751437664292,
      "mean_slippage_bps": 4.028671447817223,
      "median_slippage_bps": 3.440071361231819,
      "p99_slippage_bps": 17.97335836928737,
      "maker_ratio": 0.7,
      "fills_under_threshold": 307,
      "pct_under_threshold": 0.9777070063694268,
      "gate_status": "INSUFFICIENT_DATA",
      "reason": "need_2000_fills_have_314",
      "threshold_bps": 15.0,
      "min_sample_size": 2000
    },
    "ETH-USD_coinbase": {
      "total_fills": 320,
      "p95_slippage_bps": 9.03081486330966,
      "mean_slippage_bps": 4.0146300576405265,
      "median_slippage_bps": 3.3823338489827712,
      "p99_slippage_bps": 18.842411677451516,
      "maker_ratio": 0.7,
      "fills_under_threshold": 310,
      "pct_under_threshold": 0.96875,
      "gate_status": "INSUFFICIENT_DATA",
      "reason": "need_2000_fills_have_320",
      "threshold_bps": 15.0,
      "min_sample_size": 2000
    },
    "NVDA_alpaca": {
      "total_fills": 293,
      "p95_slippage_bps": 7.237687060999013,
      "mean_slippage_bps": 3.408082539036661,
      "median_slippage_bps": 3.078827067546769,
      "p99_slippage_bps": 9.920091828948662,
      "maker_ratio": 0.7,
      "fills_under_threshold": 291,
      "pct_under_threshold": 0.9931740614334471,
      "gate_status": "INSUFFICIENT_DATA",
      "reason": "need_2000_fills_have_293",
      "threshold_bps": 15.0,
      "min_sample_size": 2000
    },
    "NVDA_binance": {
      "total_fills": 286,
      "p95_slippage_bps": 7.993764720733743,
      "mean_slippage_bps": 3.711704603469883,
      "median_slippage_bps": 3.269177063280109,
      "p99_slippage_bps": 17.50316721046133,
      "maker_ratio": 0.7,
      "fills_under_threshold": 281,
      "pct_under_threshold": 0.9825174825174825,
      "gate_status": "INSUFFICIENT_DATA",
      "reason": "need_2000_fills_have_286",
      "threshold_bps": 15.0,
      "min_sample_size": 2000
    },
    "NVDA_coinbase": {
      "total_fills": 305,
      "p95_slippage_bps": 9.238842122923403,
      "mean_slippage_bps": 3.92219856548966,
      "median_slippage_bps": 3.227758540973239,
      "p99_slippage_bps": 19.030570670004597,
      "maker_ratio": 0.7,
      "fills_under_threshold": 297,
      "pct_under_threshold": 0.9737704918032787,
      "gate_status": "INSUFFICIENT_DATA",
      "reason": "need_2000_fills_have_305",