{
  "timestamp": "2025-08-16T14:50:56.138202+00:00",
  "window_hours": 48,
  "threshold_bps": 15.0,
  "min_sample_size": 2000,
  "overall_metrics": {
    "total_fills": 2734,
    "p95_slippage_bps": 9.218506348768717,
    "mean_slippage_bps": 4.066799153437667,
    "median_slippage_bps": 3.4696319168744827,
    "p99_slippage_bps": 18.422207370001395,
    "maker_ratio": 0.7,
    "fills_under_threshold": 2673,
    "pct_under_threshold": 0.9776883686905633,
    "gate_status": "PASS",
    "reason": "criteria_met",
    "threshold_bps": 15.0,
    "min_sample_size": 2000
  },
  "breakdown_metrics": {
    "asset_ETH-USD": {
      "total_fills": 917,
      "p95_slippage_bps": 9.517086149834302,
      "mean_slippage_bps": 4.232955571834997,
      "median_slippage_bps": 3.5274497986073565,
      "p99_slippage_bps": 18.70780824918498,
      "maker_ratio": 0.7,
      "fills_under_threshold": 893,
      "pct_under_threshold": 0.9738276990185387,
      "gate_status": "INSUFFICIENT_DATA",
      "reason": "need_2000_fills_have_917",
      "threshold_bps": 15.0,
      "min_sample_size": 2000
    },
    "asset_BTC-USD": {
      "total_fills": 917,
      "p95_slippage_bps": 9.53070042345463,
      "mean_slippage_bps": 4.029687963268784,
      "median_slippage_bps": 3.40341615771809,
      "p99_slippage_bps": 18.324552091733242,
      "maker_ratio": 0.7,
      "fills_under_threshold": 894,
      "pct_under_threshold": 0.9749182115594329,
      "gate_status": "INSUFFICIENT_DATA",
      "reason": "need_2000_fills_have_917",
      "threshold_bps": 15.0,
      "min_sample_size": 2000
    },
    "asset_NVDA": {
      "total_fills": 900,
      "p95_slippage_bps": 8.586240916006082,
      "mean_slippage_bps": 3.93531640423157,
      "median_slippage_bps": 3.488926743608304,
      "p99_slippage_bps": 17.332265767485595,
      "maker_ratio": 0.7,
      "fills_under_threshold": 886,
      "pct_under_threshold": 0.9844444444444445,
      "gate_status": "INSUFFICIENT_DATA",
      "reason": "need_2000_fills_have_900",
      "threshold_bps": 15.0,
      "min_sample_size": 2000
    },
    "venue_binance": {
      "total_fills": 867,
      "p95_slippage_bps": 10.38254445748188,
      "mean_slippage_bps": 4.241019285701836,
      "median_slippage_bps": 3.4868906312377836,
      "p99_slippage_bps": 18.598898080765213,
      "maker_ratio": 0.7,
      "fills_under_threshold": 839,
      "pct_under_threshold": 0.9677047289504037,
      "gate_status": "INSUFFICIENT_DATA",
      "reason": "need_2000_fills_have_867",
      "threshold_bps": 15.0,
      "min_sample_size": 2000
    },
    "venue_coinbase": {
      "total_fills": 920,
      "p95_slippage_bps": 8.761214743982817,
      "mean_slippage_bps": 3.894923526425573,
      "median_slippage_bps": 3.4095249272958856,
      "p99_slippage_bps": 17.877212594962142,
      "maker_ratio": 0.7,
      "fills_under_threshold": 904,
      "pct_under_threshold": 0.9826086956521739,
      "gate_status": "INSUFFICIENT_DATA",
      "reason": "need_2000_fills_have_920",
      "threshold_bps": 15.0,
      "min_sample_size": 2000
    },
    "venue_alpaca": {
      "total_fills": 947,
      "p95_slippage_bps": 8.990669494469444,
      "mean_slippage_bps": 4.074271932928786,
      "median_slippage_bps": 3.5252913221724893,
      "p99_slippage_bps": 18.285464154884032,
      "maker_ratio": 0.7,
      "fills_under_threshold": 930,
      "pct_under_threshold": 0.9820485744456178,
      "gate_status": "INSUFFICIENT_DATA",
      "reason": "need_2000_fills_have_947",
      "threshold_bps": 15.0,
      "min_sample_size": 2000
    },
    "BTC-USD_alpaca": {
      "total_fills": 310,
      "p95_slippage_bps": 9.311908393854145,
      "mean_slippage_bps": 4.100380930096624,
      "median_slippage_bps": 3.424544727384035,
      "p99_slippage_bps": 19.809897405575782,
      "maker_ratio": 0.7,
      "fills_under_threshold": 303,
      "pct_under_threshold": 0.9774193548387097,
      "gate_status": "INSUFFICIENT_DATA",
      "reason": "need_2000_fills_have_310",
      "threshold_bps": 15.0,
      "min_sample_size": 2000
    },
    "BTC-USD_binance": {
      "total_fills": 286,
      "p95_slippage_bps": 10.610557989732987,
      "mean_slippage_bps": 4.2030432469259384,
      "median_slippage_bps": 3.6182707638361657,
      "p99_slippage_bps": 18.064853228566577,
      "maker_ratio": 0.7,
      "fills_under_threshold": 276,
      "pct_under_threshold": 0.965034965034965,
      "gate_status": "INSUFFICIENT_DATA",
      "reason": "need_2000_fills_have_286",
      "threshold_bps": 15.0,
      "min_sample_size": 2000
    },
    "BTC-USD_coinbase": {
      "total_fills": 321,
      "p95_slippage_bps": 9.611055088052739,
      "mean_slippage_bps": 3.8069638796470495,
      "median_slippage_bps": 3.1416475878358017,
      "p99_slippage_bps": 18.181022570719254,
      "maker_ratio": 0.7,
      "fills_under_threshold": 315,
      "pct_under_threshold": 0.9813084112149533,
      "gate_status": "INSUFFICIENT_DATA",
      "reason": "need_2000_fills_have_321",
      "threshold_bps": 15.0,
      "min_sample_size": 2000
    },
    "ETH-USD_alpaca": {
      "total_fills": 311,
      "p95_slippage_bps": 8.977913134382927,
      "mean_slippage_bps": 4.187858366617321,
      "median_slippage_bps": 3.567163672960819,
      "p99_slippage_bps": 18.755050192431703,
      "maker_ratio": 0.7,
      "fills_under_threshold": 305,
      "pct_under_threshold": 0.9807073954983923,
      "gate_status": "INSUFFICIENT_DATA",
      "reason": "need_2000_fills_have_311",
      "threshold_bps": 15.0,
      "min_sample_size": 2000
    },
    "ETH-USD_binance": {
      "total_fills": 300,
      "p95_slippage_bps": 11.623286438790789,
      "mean_slippage_bps": 4.389604978590608,
      "median_slippage_bps": 3.4286895391022147,
      "p99_slippage_bps": 18.52701736960816,
      "maker_ratio": 0.7,
      "fills_under_threshold": 288,
      "pct_under_threshold": 0.96,
      "gate_status": "INSUFFICIENT_DATA",
      "reason": "need_2000_fills_have_300",
      "threshold_bps": 15.0,
      "min_sample_size": 2000
    },
    "ETH-USD_coinbase": {
      "total_fills": 306,
      "p95_slippage_bps": 8.750933190165544,
      "mean_slippage_bps": 4.125211809730467,
      "median_slippage_bps": 3.5680414524183472,
      "p99_slippage_bps": 18.357490031641277,
      "maker_ratio": 0.7,
      "fills_under_threshold": 300,
      "pct_under_threshold": 0.9803921568627451,
      "gate_status": "INSUFFICIENT_DATA",
      "reason": "need_2000_fills_have_306",
      "threshold_bps": 15.0,
      "min_sample_size": 2000
    },
    "NVDA_alpaca": {
      "total_fills": 326,
      "p95_slippage_bps": 8.681611069656752,
      "mean_slippage_bps": 3.9410842948945413,
      "median_slippage_bps": 3.561404154540501,
      "p99_slippage_bps": 15.31469651593202,
      "maker_ratio": 0.7,
      "fills_under_threshold": 322,
      "pct_under_threshold": 0.9877300613496932,
      "gate_status": "INSUFFICIENT_DATA",
      "reason": "need_2000_fills_have_326",
      "threshold_bps": 15.0,
      "min_sample_size": 2000
    },
    "NVDA_binance": {
      "total_fills": 281,
      "p95_slippage_bps": 9.333451575561844,
      "mean_slippage_bps": 4.121038642368295,
      "median_slippage_bps": 3.4786760755772237,
      "p99_slippage_bps": 21.92042452904243,
      "maker_ratio": 0.7,
      "fills_under_threshold": 275,
      "pct_under_threshold": 0.9786476868327402,
      "gate_status": "INSUFFICIENT_DATA",
      "reason": "need_2000_fills_have_281",
      "threshold_bps": 15.0,
      "min_sample_size": 2000
    },
    "NVDA_coinbase": {
      "total_fills": 293,
      "p95_slippage_bps": 7.718917520656524,
      "mean_slippage_bps": 3.750783021048809,
      "median_slippage_bps": 3.460000020776515,
      "p99_slippage_bps": 15.797746827042758,
      "maker_ratio": 0.7,
      "fills_under_threshold": 289,
      "pct_under_threshold": 0.9863481228668942,
      "gate_status": "INSUFFICIENT_DATA",
      "reason": "need_2000_fills_have_293",