{
  "timestamp": "2025-08-16T23:51:15.749532+00:00",
  "window_hours": 48,
  "threshold_bps": 15.0,
  "min_sample_size": 2000,
  "overall_metrics": {
    "total_fills": 2770,
    "p95_slippage_bps": 8.966306320737814,
    "mean_slippage_bps": 4.024765110549399,
    "median_slippage_bps": 3.389272748980101,
    "p99_slippage_bps": 18.140870459672186,
    "maker_ratio": 0.7,
    "fills_under_threshold": 2718,
    "pct_under_threshold": 0.9812274368231046,
    "gate_status": "PASS",
    "reason": "criteria_met",
    "threshold_bps": 15.0,
    "min_sample_size": 2000
  },
  "breakdown_metrics": {
    "asset_ETH-USD": {
      "total_fills": 917,
      "p95_slippage_bps": 9.693299590594684,
      "mean_slippage_bps": 4.213279391654591,
      "median_slippage_bps": 3.4936328255286746,
      "p99_slippage_bps": 19.31147392278882,
      "maker_ratio": 0.7,
      "fills_under_threshold": 897,
      "pct_under_threshold": 0.9781897491821155,
      "gate_status": "INSUFFICIENT_DATA",
      "reason": "need_2000_fills_have_917",
      "threshold_bps": 15.0,
      "min_sample_size": 2000
    },
    "asset_NVDA": {
      "total_fills": 944,
      "p95_slippage_bps": 9.174461927667373,
      "mean_slippage_bps": 4.082216879250359,
      "median_slippage_bps": 3.297004995665218,
      "p99_slippage_bps": 18.734655300357755,
      "maker_ratio": 0.7,
      "fills_under_threshold": 924,
      "pct_under_threshold": 0.9788135593220338,
      "gate_status": "INSUFFICIENT_DATA",
      "reason": "need_2000_fills_have_944",
      "threshold_bps": 15.0,
      "min_sample_size": 2000
    },
    "asset_BTC-USD": {
      "total_fills": 909,
      "p95_slippage_bps": 8.077698630994492,
      "mean_slippage_bps": 3.774927854853946,
      "median_slippage_bps": 3.3800247103404635,
      "p99_slippage_bps": 15.876715952652665,
      "maker_ratio": 0.7,
      "fills_under_threshold": 897,
      "pct_under_threshold": 0.9867986798679867,
      "gate_status": "INSUFFICIENT_DATA",
      "reason": "need_2000_fills_have_909",
      "threshold_bps": 15.0,
      "min_sample_size": 2000
    },
    "venue_binance": {
      "total_fills": 897,
      "p95_slippage_bps": 8.80048774529352,
      "mean_slippage_bps": 4.068858561575569,
      "median_slippage_bps": 3.3950184610731067,
      "p99_slippage_bps": 19.617156387438268,
      "maker_ratio": 0.7,
      "fills_under_threshold": 880,
      "pct_under_threshold": 0.9810479375696767,
      "gate_status": "INSUFFICIENT_DATA",
      "reason": "need_2000_fills_have_897",
      "threshold_bps": 15.0,
      "min_sample_size": 2000
    },
    "venue_coinbase": {
      "total_fills": 933,
      "p95_slippage_bps": 8.291520967130177,
      "mean_slippage_bps": 3.801702454448648,
      "median_slippage_bps": 3.3082228100068294,
      "p99_slippage_bps": 13.18437276412343,
      "maker_ratio": 0.7,
      "fills_under_threshold": 926,
      "pct_under_threshold": 0.992497320471597,
      "gate_status": "INSUFFICIENT_DATA",
      "reason": "need_2000_fills_have_933",
      "threshold_bps": 15.0,
      "min_sample_size": 2000
    },
    "venue_alpaca": {
      "total_fills": 940,
      "p95_slippage_bps": 9.97417296397496,
      "mean_slippage_bps": 4.204090251582937,
      "median_slippage_bps": 3.4557584688727765,
      "p99_slippage_bps": 18.567308237282905,
      "maker_ratio": 0.7,
      "fills_under_threshold": 912,
      "pct_under_threshold": 0.9702127659574468,
      "gate_status": "INSUFFICIENT_DATA",
      "reason": "need_2000_fills_have_940",
      "threshold_bps": 15.0,
      "min_sample_size": 2000
    },
    "BTC-USD_alpaca": {
      "total_fills": 295,
      "p95_slippage_bps": 9.45619372578862,
      "mean_slippage_bps": 4.080560952979255,
      "median_slippage_bps": 3.502478101805439,
      "p99_slippage_bps": 17.116247576090263,
      "maker_ratio": 0.7,
      "fills_under_threshold": 286,
      "pct_under_threshold": 0.9694915254237289,
      "gate_status": "INSUFFICIENT_DATA",
      "reason": "need_2000_fills_have_295",
      "threshold_bps": 15.0,
      "min_sample_size": 2000
    },
    "BTC-USD_binance": {
      "total_fills": 297,
      "p95_slippage_bps": 7.572757665964325,
      "mean_slippage_bps": 3.5736421645943897,
      "median_slippage_bps": 3.321218931863298,
      "p99_slippage_bps": 9.41717861243111,
      "maker_ratio": 0.7,
      "fills_under_threshold": 297,
      "pct_under_threshold": 1.0,
      "gate_status": "INSUFFICIENT_DATA",
      "reason": "need_2000_fills_have_297",
      "threshold_bps": 15.0,
      "min_sample_size": 2000
    },
    "BTC-USD_coinbase": {
      "total_fills": 317,
      "p95_slippage_bps": 7.467441510403723,
      "mean_slippage_bps": 3.6790921641918723,
      "median_slippage_bps": 3.3082228100068294,
      "p99_slippage_bps": 12.973727755516709,
      "maker_ratio": 0.7,
      "fills_under_threshold": 314,
      "pct_under_threshold": 0.9905362776025236,
      "gate_status": "INSUFFICIENT_DATA",
      "reason": "need_2000_fills_have_317",
      "threshold_bps": 15.0,
      "min_sample_size": 2000
    },
    "ETH-USD_alpaca": {
      "total_fills": 315,
      "p95_slippage_bps": 10.525266158266877,
      "mean_slippage_bps": 4.437856840546411,
      "median_slippage_bps": 3.6605007418414157,
      "p99_slippage_bps": 19.003407544583183,
      "maker_ratio": 0.7,
      "fills_under_threshold": 305,
      "pct_under_threshold": 0.9682539682539683,
      "gate_status": "INSUFFICIENT_DATA",
      "reason": "need_2000_fills_have_315",
      "threshold_bps": 15.0,
      "min_sample_size": 2000
    },
    "ETH-USD_binance": {
      "total_fills": 291,
      "p95_slippage_bps": 9.28611495820341,
      "mean_slippage_bps": 4.3309468170944765,
      "median_slippage_bps": 3.4939432783648616,
      "p99_slippage_bps": 21.773652529957705,
      "maker_ratio": 0.7,
      "fills_under_threshold": 283,
      "pct_under_threshold": 0.9725085910652921,
      "gate_status": "INSUFFICIENT_DATA",
      "reason": "need_2000_fills_have_291",
      "threshold_bps": 15.0,
      "min_sample_size": 2000
    },
    "ETH-USD_coinbase": {
      "total_fills": 311,
      "p95_slippage_bps": 9.263320891448735,
      "mean_slippage_bps": 3.8757130983943657,
      "median_slippage_bps": 3.298591568246778,
      "p99_slippage_bps": 14.162451330564176,
      "maker_ratio": 0.7,
      "fills_under_threshold": 309,
      "pct_under_threshold": 0.9935691318327974,
      "gate_status": "INSUFFICIENT_DATA",
      "reason": "need_2000_fills_have_311",
      "threshold_bps": 15.0,
      "min_sample_size": 2000
    },
    "NVDA_alpaca": {
      "total_fills": 330,
      "p95_slippage_bps": 9.31201366262202,
      "mean_slippage_bps": 4.091377122990791,
      "median_slippage_bps": 3.183079721780266,
      "p99_slippage_bps": 18.78859752495139,
      "maker_ratio": 0.7,
      "fills_under_threshold": 321,
      "pct_under_threshold": 0.9727272727272728,
      "gate_status": "INSUFFICIENT_DATA",
      "reason": "need_2000_fills_have_330",
      "threshold_bps": 15.0,
      "min_sample_size": 2000
    },
    "NVDA_binance": {
      "total_fills": 309,
      "p95_slippage_bps": 9.99440744750988,
      "mean_slippage_bps": 4.298022275321228,
      "median_slippage_bps": 3.4336020440721366,
      "p99_slippage_bps": 20.94654348295687,
      "maker_ratio": 0.7,
      "fills_under_threshold": 300,
      "pct_under_threshold": 0.970873786407767,
      "gate_status": "INSUFFICIENT_DATA",
      "reason": "need_2000_fills_have_309",
      "threshold_bps": 15.0,
      "min_sample_size": 2000
    },
    "NVDA_coinbase": {
      "total_fills": 305,
      "p95_slippage_bps": 8.155486402298253,
      "mean_slippage_bps": 3.853670165085632,
      "median_slippage_bps": 3.3159559620533026,
      "p99_slippage_bps": 11.655964096758234,
      "maker_ratio": 0.7,
      "fills_under_threshold": 303,
      "pct_under_threshold": 0.9934426229508196,
      "gate_status": "INSUFFICIENT_DATA",
      "reason": "need_2000_fills_have_305",