{
  "timestamp": "2025-08-16T07:29:57.822567+00:00",
  "window_hours": 48,
  "threshold_bps": 15.0,
  "min_sample_size": 2000,
  "overall_metrics": {
    "total_fills": 2598,
    "p95_slippage_bps": 9.003765636752748,
    "mean_slippage_bps": 4.01926778787853,
    "median_slippage_bps": 3.4528715985360954,
    "p99_slippage_bps": 18.12833684774532,
    "maker_ratio": 0.7,
    "fills_under_threshold": 2546,
    "pct_under_threshold": 0.9799846035411856,
    "gate_status": "PASS",
    "reason": "criteria_met",
    "threshold_bps": 15.0,
    "min_sample_size": 2000
  },
  "breakdown_metrics": {
    "asset_BTC-USD": {
      "total_fills": 840,
      "p95_slippage_bps": 8.965880250956317,
      "mean_slippage_bps": 4.0215071637991135,
      "median_slippage_bps": 3.4427305439546076,
      "p99_slippage_bps": 20.859338556800605,
      "maker_ratio": 0.7,
      "fills_under_threshold": 818,
      "pct_under_threshold": 0.9738095238095238,
      "gate_status": "INSUFFICIENT_DATA",
      "reason": "need_2000_fills_have_840",
      "threshold_bps": 15.0,
      "min_sample_size": 2000
    },
    "asset_ETH-USD": {
      "total_fills": 897,
      "p95_slippage_bps": 9.154861286445051,
      "mean_slippage_bps": 4.108952694331038,
      "median_slippage_bps": 3.488204453660275,
      "p99_slippage_bps": 17.66050351686762,
      "maker_ratio": 0.7,
      "fills_under_threshold": 879,
      "pct_under_threshold": 0.979933110367893,
      "gate_status": "INSUFFICIENT_DATA",
      "reason": "need_2000_fills_have_897",
      "threshold_bps": 15.0,
      "min_sample_size": 2000
    },
    "asset_NVDA": {
      "total_fills": 861,
      "p95_slippage_bps": 8.752211858683545,
      "mean_slippage_bps": 3.923648232871339,
      "median_slippage_bps": 3.4123670212704846,
      "p99_slippage_bps": 18.148014981151313,
      "maker_ratio": 0.7,
      "fills_under_threshold": 849,
      "pct_under_threshold": 0.9860627177700348,
      "gate_status": "INSUFFICIENT_DATA",
      "reason": "need_2000_fills_have_861",
      "threshold_bps": 15.0,
      "min_sample_size": 2000
    },
    "venue_alpaca": {
      "total_fills": 893,
      "p95_slippage_bps": 9.122751161644068,
      "mean_slippage_bps": 4.089684119740459,
      "median_slippage_bps": 3.4631427943014845,
      "p99_slippage_bps": 20.103133535294898,
      "maker_ratio": 0.7,
      "fills_under_threshold": 871,
      "pct_under_threshold": 0.975363941769317,
      "gate_status": "INSUFFICIENT_DATA",
      "reason": "need_2000_fills_have_893",
      "threshold_bps": 15.0,
      "min_sample_size": 2000
    },
    "venue_coinbase": {
      "total_fills": 803,
      "p95_slippage_bps": 8.86293414277847,
      "mean_slippage_bps": 3.963568512696999,
      "median_slippage_bps": 3.461308608435818,
      "p99_slippage_bps": 16.467619526609564,
      "maker_ratio": 0.7,
      "fills_under_threshold": 792,
      "pct_under_threshold": 0.9863013698630136,
      "gate_status": "INSUFFICIENT_DATA",
      "reason": "need_2000_fills_have_803",
      "threshold_bps": 15.0,
      "min_sample_size": 2000
    },
    "venue_binance": {
      "total_fills": 902,
      "p95_slippage_bps": 8.575229514002546,
      "mean_slippage_bps": 3.999139998098115,
      "median_slippage_bps": 3.4255923902809426,
      "p99_slippage_bps": 18.104898906055336,
      "maker_ratio": 0.7,
      "fills_under_threshold": 883,
      "pct_under_threshold": 0.9789356984478935,
      "gate_status": "INSUFFICIENT_DATA",
      "reason": "need_2000_fills_have_902",
      "threshold_bps": 15.0,
      "min_sample_size": 2000
    },
    "BTC-USD_alpaca": {
      "total_fills": 275,
      "p95_slippage_bps": 9.36387283822685,
      "mean_slippage_bps": 4.039065648746408,
      "median_slippage_bps": 3.2215171540722585,
      "p99_slippage_bps": 21.85466676268767,
      "maker_ratio": 0.7,
      "fills_under_threshold": 266,
      "pct_under_threshold": 0.9672727272727273,
      "gate_status": "INSUFFICIENT_DATA",
      "reason": "need_2000_fills_have_275",
      "threshold_bps": 15.0,
      "min_sample_size": 2000
    },
    "BTC-USD_binance": {
      "total_fills": 314,
      "p95_slippage_bps": 8.309318623520243,
      "mean_slippage_bps": 4.061741002947142,
      "median_slippage_bps": 3.5010804838852603,
      "p99_slippage_bps": 21.172822511145,
      "maker_ratio": 0.7,
      "fills_under_threshold": 305,
      "pct_under_threshold": 0.9713375796178344,
      "gate_status": "INSUFFICIENT_DATA",
      "reason": "need_2000_fills_have_314",
      "threshold_bps": 15.0,
      "min_sample_size": 2000
    },
    "BTC-USD_coinbase": {
      "total_fills": 251,
      "p95_slippage_bps": 9.127868071209516,
      "mean_slippage_bps": 3.951937407412712,
      "median_slippage_bps": 3.461445772913092,
      "p99_slippage_bps": 15.32013535960704,
      "maker_ratio": 0.7,
      "fills_under_threshold": 247,
      "pct_under_threshold": 0.9840637450199203,
      "gate_status": "INSUFFICIENT_DATA",
      "reason": "need_2000_fills_have_251",
      "threshold_bps": 15.0,
      "min_sample_size": 2000
    },
    "ETH-USD_alpaca": {
      "total_fills": 315,
      "p95_slippage_bps": 9.069208811098296,
      "mean_slippage_bps": 4.244192909079134,
      "median_slippage_bps": 3.6809037015298323,
      "p99_slippage_bps": 17.623079753650945,
      "maker_ratio": 0.7,
      "fills_under_threshold": 307,
      "pct_under_threshold": 0.9746031746031746,
      "gate_status": "INSUFFICIENT_DATA",
      "reason": "need_2000_fills_have_315",
      "threshold_bps": 15.0,
      "min_sample_size": 2000
    },
    "ETH-USD_binance": {
      "total_fills": 312,
      "p95_slippage_bps": 9.50521823120426,
      "mean_slippage_bps": 4.086579415148294,
      "median_slippage_bps": 3.3218037002901717,
      "p99_slippage_bps": 17.49081360482891,
      "maker_ratio": 0.7,
      "fills_under_threshold": 305,
      "pct_under_threshold": 0.9775641025641025,
      "gate_status": "INSUFFICIENT_DATA",
      "reason": "need_2000_fills_have_312",
      "threshold_bps": 15.0,
      "min_sample_size": 2000
    },
    "ETH-USD_coinbase": {
      "total_fills": 270,
      "p95_slippage_bps": 8.966569007485436,
      "mean_slippage_bps": 3.9770260108472124,
      "median_slippage_bps": 3.4438541982037547,
      "p99_slippage_bps": 14.61227875507112,
      "maker_ratio": 0.7,
      "fills_under_threshold": 267,
      "pct_under_threshold": 0.9888888888888889,
      "gate_status": "INSUFFICIENT_DATA",
      "reason": "need_2000_fills_have_270",
      "threshold_bps": 15.0,
      "min_sample_size": 2000
    },
    "NVDA_alpaca": {
      "total_fills": 303,
      "p95_slippage_bps": 8.82003912014271,
      "mean_slippage_bps": 3.9749970269407298,
      "median_slippage_bps": 3.2976404551262917,
      "p99_slippage_bps": 19.69831008710864,
      "maker_ratio": 0.7,
      "fills_under_threshold": 298,
      "pct_under_threshold": 0.9834983498349835,
      "gate_status": "INSUFFICIENT_DATA",
      "reason": "need_2000_fills_have_303",
      "threshold_bps": 15.0,
      "min_sample_size": 2000
    },
    "NVDA_binance": {
      "total_fills": 276,
      "p95_slippage_bps": 8.426793448655449,
      "mean_slippage_bps": 3.8290754559160494,
      "median_slippage_bps": 3.4044342591049856,
      "p99_slippage_bps": 15.308627741312845,
      "maker_ratio": 0.7,
      "fills_under_threshold": 273,
      "pct_under_threshold": 0.9891304347826086,
      "gate_status": "INSUFFICIENT_DATA",
      "reason": "need_2000_fills_have_276",
      "threshold_bps": 15.0,
      "min_sample_size": 2000
    },
    "NVDA_coinbase": {
      "total_fills": 282,
      "p95_slippage_bps": 8.738550093903635,
      "mean_slippage_bps": 3.9610361826466396,
      "median_slippage_bps": 3.4793001152760414,
      "p99_slippage_bps": 18.189711324275894,
      "maker_ratio": 0.7,
      "fills_under_threshold": 278,
      "pct_under_threshold": 0.9858156028368794,
      "gate_status": "INSUFFICIENT_DATA",
      "reason": "need_2000_fills_have_282",