{
  "timestamp": "2025-08-16T19:05:06.090162+00:00",
  "window_hours": 48,
  "threshold_bps": 15.0,
  "min_sample_size": 2000,
  "overall_metrics": {
    "total_fills": 2764,
    "p95_slippage_bps": 9.536400854107148,
    "mean_slippage_bps": 4.0846007489708365,
    "median_slippage_bps": 3.3734199888967433,
    "p99_slippage_bps": 19.766820747891195,
    "maker_ratio": 0.7,
    "fills_under_threshold": 2696,
    "pct_under_threshold": 0.975397973950796,
    "gate_status": "PASS",
    "reason": "criteria_met",
    "threshold_bps": 15.0,
    "min_sample_size": 2000
  },
  "breakdown_metrics": {
    "asset_ETH-USD": {
      "total_fills": 914,
      "p95_slippage_bps": 9.676863646092851,
      "mean_slippage_bps": 4.075508194456365,
      "median_slippage_bps": 3.4035852059213867,
      "p99_slippage_bps": 18.841439271534863,
      "maker_ratio": 0.7,
      "fills_under_threshold": 890,
      "pct_under_threshold": 0.973741794310722,
      "gate_status": "INSUFFICIENT_DATA",
      "reason": "need_2000_fills_have_914",
      "threshold_bps": 15.0,
      "min_sample_size": 2000
    },
    "asset_NVDA": {
      "total_fills": 920,
      "p95_slippage_bps": 10.0053288788727,
      "mean_slippage_bps": 4.050929218847243,
      "median_slippage_bps": 3.3421335631088143,
      "p99_slippage_bps": 19.696118184399793,
      "maker_ratio": 0.7,
      "fills_under_threshold": 897,
      "pct_under_threshold": 0.975,
      "gate_status": "INSUFFICIENT_DATA",
      "reason": "need_2000_fills_have_920",
      "threshold_bps": 15.0,
      "min_sample_size": 2000
    },
    "asset_BTC-USD": {
      "total_fills": 930,
      "p95_slippage_bps": 9.199098700343455,
      "mean_slippage_bps": 4.126846343099798,
      "median_slippage_bps": 3.4004632053485486,
      "p99_slippage_bps": 21.134926540656107,
      "maker_ratio": 0.7,
      "fills_under_threshold": 909,
      "pct_under_threshold": 0.9774193548387097,
      "gate_status": "INSUFFICIENT_DATA",
      "reason": "need_2000_fills_have_930",
      "threshold_bps": 15.0,
      "min_sample_size": 2000
    },
    "venue_alpaca": {
      "total_fills": 873,
      "p95_slippage_bps": 8.97870164063915,
      "mean_slippage_bps": 3.9758752332829808,
      "median_slippage_bps": 3.3419766859028086,
      "p99_slippage_bps": 20.124406357437458,
      "maker_ratio": 0.7,
      "fills_under_threshold": 853,
      "pct_under_threshold": 0.97709049255441,
      "gate_status": "INSUFFICIENT_DATA",
      "reason": "need_2000_fills_have_873",
      "threshold_bps": 15.0,
      "min_sample_size": 2000
    },
    "venue_coinbase": {
      "total_fills": 946,
      "p95_slippage_bps": 9.683853748092051,
      "mean_slippage_bps": 4.285446407214345,
      "median_slippage_bps": 3.5223051975301662,
      "p99_slippage_bps": 20.307674368180503,
      "maker_ratio": 0.7,
      "fills_under_threshold": 919,
      "pct_under_threshold": 0.9714587737843552,
      "gate_status": "INSUFFICIENT_DATA",
      "reason": "need_2000_fills_have_946",
      "threshold_bps": 15.0,
      "min_sample_size": 2000
    },
    "venue_binance": {
      "total_fills": 945,
      "p95_slippage_bps": 9.158150574981182,
      "mean_slippage_bps": 3.9839842225127824,
      "median_slippage_bps": 3.330037650148834,
      "p99_slippage_bps": 18.510250168735773,
      "maker_ratio": 0.7,
      "fills_under_threshold": 924,
      "pct_under_threshold": 0.9777777777777777,
      "gate_status": "INSUFFICIENT_DATA",
      "reason": "need_2000_fills_have_945",
      "threshold_bps": 15.0,
      "min_sample_size": 2000
    },
    "BTC-USD_alpaca": {
      "total_fills": 281,
      "p95_slippage_bps": 9.025036654707218,
      "mean_slippage_bps": 4.2046471494625575,
      "median_slippage_bps": 3.5897139664479796,
      "p99_slippage_bps": 21.04645038259232,
      "maker_ratio": 0.7,
      "fills_under_threshold": 275,
      "pct_under_threshold": 0.9786476868327402,
      "gate_status": "INSUFFICIENT_DATA",
      "reason": "need_2000_fills_have_281",
      "threshold_bps": 15.0,
      "min_sample_size": 2000
    },
    "BTC-USD_binance": {
      "total_fills": 318,
      "p95_slippage_bps": 8.953078011289637,
      "mean_slippage_bps": 4.121013803088639,
      "median_slippage_bps": 3.386608411916062,
      "p99_slippage_bps": 20.93280349773584,
      "maker_ratio": 0.7,
      "fills_under_threshold": 310,
      "pct_under_threshold": 0.9748427672955975,
      "gate_status": "INSUFFICIENT_DATA",
      "reason": "need_2000_fills_have_318",
      "threshold_bps": 15.0,
      "min_sample_size": 2000
    },
    "BTC-USD_coinbase": {
      "total_fills": 331,
      "p95_slippage_bps": 9.397580177046443,
      "mean_slippage_bps": 4.066401391847872,
      "median_slippage_bps": 3.2825594979216004,
      "p99_slippage_bps": 19.920558175519343,
      "maker_ratio": 0.7,
      "fills_under_threshold": 324,
      "pct_under_threshold": 0.9788519637462235,
      "gate_status": "INSUFFICIENT_DATA",
      "reason": "need_2000_fills_have_331",
      "threshold_bps": 15.0,
      "min_sample_size": 2000
    },
    "ETH-USD_alpaca": {
      "total_fills": 289,
      "p95_slippage_bps": 7.94962149036268,
      "mean_slippage_bps": 3.708796718326527,
      "median_slippage_bps": 3.2681979848404725,
      "p99_slippage_bps": 15.259063378520846,
      "maker_ratio": 0.7,
      "fills_under_threshold": 286,
      "pct_under_threshold": 0.9896193771626297,
      "gate_status": "INSUFFICIENT_DATA",
      "reason": "need_2000_fills_have_289",
      "threshold_bps": 15.0,
      "min_sample_size": 2000
    },
    "ETH-USD_binance": {
      "total_fills": 314,
      "p95_slippage_bps": 8.48853145255316,
      "mean_slippage_bps": 3.7917608089625796,
      "median_slippage_bps": 3.16366231387555,
      "p99_slippage_bps": 17.1007826068222,
      "maker_ratio": 0.7,
      "fills_under_threshold": 307,
      "pct_under_threshold": 0.9777070063694268,
      "gate_status": "INSUFFICIENT_DATA",
      "reason": "need_2000_fills_have_314",
      "threshold_bps": 15.0,
      "min_sample_size": 2000
    },
    "ETH-USD_coinbase": {
      "total_fills": 311,
      "p95_slippage_bps": 11.322273633993461,
      "mean_slippage_bps": 4.702763164381032,
      "median_slippage_bps": 3.849376435942738,
      "p99_slippage_bps": 20.32072881099258,
      "maker_ratio": 0.7,
      "fills_under_threshold": 297,
      "pct_under_threshold": 0.954983922829582,
      "gate_status": "INSUFFICIENT_DATA",
      "reason": "need_2000_fills_have_311",
      "threshold_bps": 15.0,
      "min_sample_size": 2000
    },
    "NVDA_alpaca": {
      "total_fills": 303,
      "p95_slippage_bps": 10.142779673133811,
      "mean_slippage_bps": 4.018452072807581,
      "median_slippage_bps": 3.2137451548947804,
      "p99_slippage_bps": 20.550570751277213,
      "maker_ratio": 0.7,
      "fills_under_threshold": 292,
      "pct_under_threshold": 0.9636963696369637,
      "gate_status": "INSUFFICIENT_DATA",
      "reason": "need_2000_fills_have_303",
      "threshold_bps": 15.0,
      "min_sample_size": 2000
    },
    "NVDA_binance": {
      "total_fills": 313,
      "p95_slippage_bps": 10.189068867759172,
      "mean_slippage_bps": 4.037603216863073,
      "median_slippage_bps": 3.443589506526514,
      "p99_slippage_bps": 15.874171060434078,
      "maker_ratio": 0.7,
      "fills_under_threshold": 307,
      "pct_under_threshold": 0.9808306709265175,
      "gate_status": "INSUFFICIENT_DATA",
      "reason": "need_2000_fills_have_313",
      "threshold_bps": 15.0,
      "min_sample_size": 2000
    },
    "NVDA_coinbase": {
      "total_fills": 304,
      "p95_slippage_bps": 8.921017435744778,
      "mean_slippage_bps": 4.097020053949422,
      "median_slippage_bps": 3.3948057137468353,
      "p99_slippage_bps": 19.716483111649246,
      "maker_ratio": 0.7,
      "fills_under_threshold": 298,
      "pct_under_threshold": 0.9802631578947368,
      "gate_status": "INSUFFICIENT_DATA",
      "reason": "need_2000_fills_have_304",