{
  "timestamp": "2025-08-16T12:41:14.055182+00:00",
  "window_hours": 48,
  "threshold_bps": 15.0,
  "min_sample_size": 2000,
  "overall_metrics": {
    "total_fills": 2738,
    "p95_slippage_bps": 8.934955619502995,
    "mean_slippage_bps": 4.013046897324475,
    "median_slippage_bps": 3.3752367734472535,
    "p99_slippage_bps": 19.75599121049075,
    "maker_ratio": 0.7,
    "fills_under_threshold": 2676,
    "pct_under_threshold": 0.9773557341124909,
    "gate_status": "PASS",
    "reason": "criteria_met",
    "threshold_bps": 15.0,
    "min_sample_size": 2000
  },
  "breakdown_metrics": {
    "asset_ETH-USD": {
      "total_fills": 900,
      "p95_slippage_bps": 8.758968750973528,
      "mean_slippage_bps": 3.8743478811106824,
      "median_slippage_bps": 3.2697875621918753,
      "p99_slippage_bps": 19.136841341066848,
      "maker_ratio": 0.7,
      "fills_under_threshold": 882,
      "pct_under_threshold": 0.98,
      "gate_status": "INSUFFICIENT_DATA",
      "reason": "need_2000_fills_have_900",
      "threshold_bps": 15.0,
      "min_sample_size": 2000
    },
    "asset_NVDA": {
      "total_fills": 914,
      "p95_slippage_bps": 8.896284640967695,
      "mean_slippage_bps": 4.004281494979495,
      "median_slippage_bps": 3.404928302969984,
      "p99_slippage_bps": 19.340630386658795,
      "maker_ratio": 0.7,
      "fills_under_threshold": 895,
      "pct_under_threshold": 0.9792122538293216,
      "gate_status": "INSUFFICIENT_DATA",
      "reason": "need_2000_fills_have_914",
      "threshold_bps": 15.0,
      "min_sample_size": 2000
    },
    "asset_BTC-USD": {
      "total_fills": 924,
      "p95_slippage_bps": 9.144110366667825,
      "mean_slippage_bps": 4.156813880371798,
      "median_slippage_bps": 3.452800223015214,
      "p99_slippage_bps": 20.149497988245447,
      "maker_ratio": 0.7,
      "fills_under_threshold": 899,
      "pct_under_threshold": 0.9729437229437229,
      "gate_status": "INSUFFICIENT_DATA",
      "reason": "need_2000_fills_have_924",
      "threshold_bps": 15.0,
      "min_sample_size": 2000
    },
    "venue_coinbase": {
      "total_fills": 868,
      "p95_slippage_bps": 9.39235034338491,
      "mean_slippage_bps": 4.063294514124796,
      "median_slippage_bps": 3.305808736876844,
      "p99_slippage_bps": 20.786483685056965,
      "maker_ratio": 0.7,
      "fills_under_threshold": 842,
      "pct_under_threshold": 0.9700460829493087,
      "gate_status": "INSUFFICIENT_DATA",
      "reason": "need_2000_fills_have_868",
      "threshold_bps": 15.0,
      "min_sample_size": 2000
    },
    "venue_binance": {
      "total_fills": 928,
      "p95_slippage_bps": 8.046078997532971,
      "mean_slippage_bps": 3.827956321857982,
      "median_slippage_bps": 3.3460954676054016,
      "p99_slippage_bps": 15.873678337073045,
      "maker_ratio": 0.7,
      "fills_under_threshold": 916,
      "pct_under_threshold": 0.9870689655172413,
      "gate_status": "INSUFFICIENT_DATA",
      "reason": "need_2000_fills_have_928",
      "threshold_bps": 15.0,
      "min_sample_size": 2000
    },
    "venue_alpaca": {
      "total_fills": 942,
      "p95_slippage_bps": 9.448335559300391,
      "mean_slippage_bps": 4.14908630565805,
      "median_slippage_bps": 3.4303024230448136,
      "p99_slippage_bps": 19.731074541360307,
      "maker_ratio": 0.7,
      "fills_under_threshold": 918,
      "pct_under_threshold": 0.9745222929936306,
      "gate_status": "INSUFFICIENT_DATA",
      "reason": "need_2000_fills_have_942",
      "threshold_bps": 15.0,
      "min_sample_size": 2000
    },
    "BTC-USD_alpaca": {
      "total_fills": 328,
      "p95_slippage_bps": 11.346320137024524,
      "mean_slippage_bps": 4.596201242025544,
      "median_slippage_bps": 3.731066284313176,
      "p99_slippage_bps": 20.770555975545356,
      "maker_ratio": 0.7,
      "fills_under_threshold": 315,
      "pct_under_threshold": 0.9603658536585366,
      "gate_status": "INSUFFICIENT_DATA",
      "reason": "need_2000_fills_have_328",
      "threshold_bps": 15.0,
      "min_sample_size": 2000
    },
    "BTC-USD_binance": {
      "total_fills": 301,
      "p95_slippage_bps": 8.043368393524341,
      "mean_slippage_bps": 3.825673361456356,
      "median_slippage_bps": 3.225601145611883,
      "p99_slippage_bps": 15.126734939947562,
      "maker_ratio": 0.7,
      "fills_under_threshold": 297,
      "pct_under_threshold": 0.9867109634551495,
      "gate_status": "INSUFFICIENT_DATA",
      "reason": "need_2000_fills_have_301",
      "threshold_bps": 15.0,
      "min_sample_size": 2000
    },
    "BTC-USD_coinbase": {
      "total_fills": 295,
      "p95_slippage_bps": 8.781024129104672,
      "mean_slippage_bps": 4.006150292477286,
      "median_slippage_bps": 3.4095106622631315,
      "p99_slippage_bps": 19.937291144060207,
      "maker_ratio": 0.7,
      "fills_under_threshold": 287,
      "pct_under_threshold": 0.9728813559322034,
      "gate_status": "INSUFFICIENT_DATA",
      "reason": "need_2000_fills_have_295",
      "threshold_bps": 15.0,
      "min_sample_size": 2000
    },
    "ETH-USD_alpaca": {
      "total_fills": 299,
      "p95_slippage_bps": 9.179758150894527,
      "mean_slippage_bps": 3.8788888880710455,
      "median_slippage_bps": 3.2838805586371906,
      "p99_slippage_bps": 18.122757874553063,
      "maker_ratio": 0.7,
      "fills_under_threshold": 293,
      "pct_under_threshold": 0.979933110367893,
      "gate_status": "INSUFFICIENT_DATA",
      "reason": "need_2000_fills_have_299",
      "threshold_bps": 15.0,
      "min_sample_size": 2000
    },
    "ETH-USD_binance": {
      "total_fills": 332,
      "p95_slippage_bps": 7.8593134832813005,
      "mean_slippage_bps": 3.8715311096497502,
      "median_slippage_bps": 3.418458446505982,
      "p99_slippage_bps": 15.81414351366691,
      "maker_ratio": 0.7,
      "fills_under_threshold": 327,
      "pct_under_threshold": 0.9849397590361446,
      "gate_status": "INSUFFICIENT_DATA",
      "reason": "need_2000_fills_have_332",
      "threshold_bps": 15.0,
      "min_sample_size": 2000
    },
    "ETH-USD_coinbase": {
      "total_fills": 269,
      "p95_slippage_bps": 9.349396744485565,
      "mean_slippage_bps": 3.872776903578641,
      "median_slippage_bps": 2.9910677769558505,
      "p99_slippage_bps": 20.87804713429205,
      "maker_ratio": 0.7,
      "fills_under_threshold": 262,
      "pct_under_threshold": 0.9739776951672863,
      "gate_status": "INSUFFICIENT_DATA",
      "reason": "need_2000_fills_have_269",
      "threshold_bps": 15.0,
      "min_sample_size": 2000
    },
    "NVDA_alpaca": {
      "total_fills": 315,
      "p95_slippage_bps": 8.960679636167848,
      "mean_slippage_bps": 3.9399921111500373,
      "median_slippage_bps": 3.3635443014002537,
      "p99_slippage_bps": 17.62645516701824,
      "maker_ratio": 0.7,
      "fills_under_threshold": 310,
      "pct_under_threshold": 0.9841269841269841,
      "gate_status": "INSUFFICIENT_DATA",
      "reason": "need_2000_fills_have_315",
      "threshold_bps": 15.0,
      "min_sample_size": 2000
    },
    "NVDA_binance": {
      "total_fills": 295,
      "p95_slippage_bps": 7.837837215135149,
      "mean_slippage_bps": 3.7812456151936518,
      "median_slippage_bps": 3.356250502321286,
      "p99_slippage_bps": 15.079830565158453,
      "maker_ratio": 0.7,
      "fills_under_threshold": 292,
      "pct_under_threshold": 0.9898305084745763,
      "gate_status": "INSUFFICIENT_DATA",
      "reason": "need_2000_fills_have_295",
      "threshold_bps": 15.0,
      "min_sample_size": 2000
    },
    "NVDA_coinbase": {
      "total_fills": 304,
      "p95_slippage_bps": 10.053342600582182,
      "mean_slippage_bps": 4.287329983279176,
      "median_slippage_bps": 3.5593139256414874,
      "p99_slippage_bps": 20.720853992126457,
      "maker_ratio": 0.7,
      "fills_under_threshold": 293,
      "pct_under_threshold": 0.9638157894736842,
      "gate_status": "INSUFFICIENT_DATA",
      "reason": "need_2000_fills_have_304",