{
  "timestamp": "2025-08-16T11:54:35.508049+00:00",
  "window_hours": 48,
  "threshold_bps": 15.0,
  "min_sample_size": 2000,
  "overall_metrics": {
    "total_fills": 2748,
    "p95_slippage_bps": 8.857592335070569,
    "mean_slippage_bps": 4.033281071966486,
    "median_slippage_bps": 3.427150416667031,
    "p99_slippage_bps": 18.483543182018508,
    "maker_ratio": 0.7,
    "fills_under_threshold": 2694,
    "pct_under_threshold": 0.980349344978166,
    "gate_status": "PASS",
    "reason": "criteria_met",
    "threshold_bps": 15.0,
    "min_sample_size": 2000
  },
  "breakdown_metrics": {
    "asset_ETH-USD": {
      "total_fills": 902,
      "p95_slippage_bps": 9.00015745219378,
      "mean_slippage_bps": 4.082305695075833,
      "median_slippage_bps": 3.4296717048100023,
      "p99_slippage_bps": 17.407886081143992,
      "maker_ratio": 0.7,
      "fills_under_threshold": 884,
      "pct_under_threshold": 0.9800443458980045,
      "gate_status": "INSUFFICIENT_DATA",
      "reason": "need_2000_fills_have_902",
      "threshold_bps": 15.0,
      "min_sample_size": 2000
    },
    "asset_BTC-USD": {
      "total_fills": 931,
      "p95_slippage_bps": 9.460377358093409,
      "mean_slippage_bps": 4.0901708804744015,
      "median_slippage_bps": 3.4709976639017093,
      "p99_slippage_bps": 18.93358629128546,
      "maker_ratio": 0.7,
      "fills_under_threshold": 912,
      "pct_under_threshold": 0.9795918367346939,
      "gate_status": "INSUFFICIENT_DATA",
      "reason": "need_2000_fills_have_931",
      "threshold_bps": 15.0,
      "min_sample_size": 2000
    },
    "asset_NVDA": {
      "total_fills": 915,
      "p95_slippage_bps": 8.208553992849918,
      "mean_slippage_bps": 3.927068370583425,
      "median_slippage_bps": 3.364108456827089,
      "p99_slippage_bps": 18.174169127892227,
      "maker_ratio": 0.7,
      "fills_under_threshold": 898,
      "pct_under_threshold": 0.9814207650273225,
      "gate_status": "INSUFFICIENT_DATA",
      "reason": "need_2000_fills_have_915",
      "threshold_bps": 15.0,
      "min_sample_size": 2000
    },
    "venue_binance": {
      "total_fills": 911,
      "p95_slippage_bps": 8.900663341334027,
      "mean_slippage_bps": 4.054363263502394,
      "median_slippage_bps": 3.509973888821814,
      "p99_slippage_bps": 17.205490729403454,
      "maker_ratio": 0.7,
      "fills_under_threshold": 896,
      "pct_under_threshold": 0.9835345773874863,
      "gate_status": "INSUFFICIENT_DATA",
      "reason": "need_2000_fills_have_911",
      "threshold_bps": 15.0,
      "min_sample_size": 2000
    },
    "venue_alpaca": {
      "total_fills": 910,
      "p95_slippage_bps": 8.450298821426783,
      "mean_slippage_bps": 3.9467839398454707,
      "median_slippage_bps": 3.3613674963306446,
      "p99_slippage_bps": 18.67629467823579,
      "maker_ratio": 0.7,
      "fills_under_threshold": 896,
      "pct_under_threshold": 0.9846153846153847,
      "gate_status": "INSUFFICIENT_DATA",
      "reason": "need_2000_fills_have_910",
      "threshold_bps": 15.0,
      "min_sample_size": 2000
    },
    "venue_coinbase": {
      "total_fills": 927,
      "p95_slippage_bps": 9.283011922369257,
      "mean_slippage_bps": 4.097473643423781,
      "median_slippage_bps": 3.4655898625316266,
      "p99_slippage_bps": 20.13800852017458,
      "maker_ratio": 0.7,
      "fills_under_threshold": 902,
      "pct_under_threshold": 0.9730312837108953,
      "gate_status": "INSUFFICIENT_DATA",
      "reason": "need_2000_fills_have_927",
      "threshold_bps": 15.0,
      "min_sample_size": 2000
    },
    "BTC-USD_alpaca": {
      "total_fills": 300,
      "p95_slippage_bps": 8.694964250944196,
      "mean_slippage_bps": 3.9546595976163714,
      "median_slippage_bps": 3.2840593943199767,
      "p99_slippage_bps": 19.602249470817085,
      "maker_ratio": 0.7,
      "fills_under_threshold": 294,
      "pct_under_threshold": 0.98,
      "gate_status": "INSUFFICIENT_DATA",
      "reason": "need_2000_fills_have_300",
      "threshold_bps": 15.0,
      "min_sample_size": 2000
    },
    "BTC-USD_binance": {
      "total_fills": 316,
      "p95_slippage_bps": 9.168139715396467,
      "mean_slippage_bps": 4.183690729756986,
      "median_slippage_bps": 3.624056220752297,
      "p99_slippage_bps": 17.081393693947536,
      "maker_ratio": 0.7,
      "fills_under_threshold": 311,
      "pct_under_threshold": 0.9841772151898734,
      "gate_status": "INSUFFICIENT_DATA",
      "reason": "need_2000_fills_have_316",
      "threshold_bps": 15.0,
      "min_sample_size": 2000
    },
    "BTC-USD_coinbase": {
      "total_fills": 315,
      "p95_slippage_bps": 9.88744529235139,
      "mean_slippage_bps": 4.1254125074080905,
      "median_slippage_bps": 3.4709976639017093,
      "p99_slippage_bps": 19.317758714890545,
      "maker_ratio": 0.7,
      "fills_under_threshold": 307,
      "pct_under_threshold": 0.9746031746031746,
      "gate_status": "INSUFFICIENT_DATA",
      "reason": "need_2000_fills_have_315",
      "threshold_bps": 15.0,
      "min_sample_size": 2000
    },
    "ETH-USD_alpaca": {
      "total_fills": 302,
      "p95_slippage_bps": 8.535580669015399,
      "mean_slippage_bps": 3.979655367823637,
      "median_slippage_bps": 3.3810086989714243,
      "p99_slippage_bps": 14.928134785924314,
      "maker_ratio": 0.7,
      "fills_under_threshold": 299,
      "pct_under_threshold": 0.9900662251655629,
      "gate_status": "INSUFFICIENT_DATA",
      "reason": "need_2000_fills_have_302",
      "threshold_bps": 15.0,
      "min_sample_size": 2000
    },
    "ETH-USD_binance": {
      "total_fills": 306,
      "p95_slippage_bps": 9.132908399841462,
      "mean_slippage_bps": 4.091536298598557,
      "median_slippage_bps": 3.3871887195324457,
      "p99_slippage_bps": 17.395984422950026,
      "maker_ratio": 0.7,
      "fills_under_threshold": 300,
      "pct_under_threshold": 0.9803921568627451,
      "gate_status": "INSUFFICIENT_DATA",
      "reason": "need_2000_fills_have_306",
      "threshold_bps": 15.0,
      "min_sample_size": 2000
    },
    "ETH-USD_coinbase": {
      "total_fills": 294,
      "p95_slippage_bps": 9.147913627769807,
      "mean_slippage_bps": 4.178141865661582,
      "median_slippage_bps": 3.583190880363494,
      "p99_slippage_bps": 17.577600970893606,
      "maker_ratio": 0.7,
      "fills_under_threshold": 285,
      "pct_under_threshold": 0.9693877551020408,
      "gate_status": "INSUFFICIENT_DATA",
      "reason": "need_2000_fills_have_294",
      "threshold_bps": 15.0,
      "min_sample_size": 2000
    },
    "NVDA_alpaca": {
      "total_fills": 308,
      "p95_slippage_bps": 7.9592723616892,
      "mean_slippage_bps": 3.90688176912899,
      "median_slippage_bps": 3.3628811662459035,
      "p99_slippage_bps": 18.104877498866312,
      "maker_ratio": 0.7,
      "fills_under_threshold": 303,
      "pct_under_threshold": 0.9837662337662337,
      "gate_status": "INSUFFICIENT_DATA",
      "reason": "need_2000_fills_have_308",
      "threshold_bps": 15.0,
      "min_sample_size": 2000
    },
    "NVDA_binance": {
      "total_fills": 289,
      "p95_slippage_bps": 8.0604232985798,
      "mean_slippage_bps": 3.8735936161810183,
      "median_slippage_bps": 3.3707965057969047,
      "p99_slippage_bps": 16.226021995309814,
      "maker_ratio": 0.7,
      "fills_under_threshold": 285,
      "pct_under_threshold": 0.986159169550173,
      "gate_status": "INSUFFICIENT_DATA",
      "reason": "need_2000_fills_have_289",
      "threshold_bps": 15.0,
      "min_sample_size": 2000
    },
    "NVDA_coinbase": {
      "total_fills": 318,
      "p95_slippage_bps": 8.449276441838123,
      "mean_slippage_bps": 3.9952182991062615,
      "median_slippage_bps": 3.3700383365497935,
      "p99_slippage_bps": 19.902567986709148,
      "maker_ratio": 0.7,
      "fills_under_threshold": 310,
      "pct_under_threshold": 0.9748427672955975,
      "gate_status": "INSUFFICIENT_DATA",
      "reason": "need_2000_fills_have_318",