{
  "timestamp": "2025-08-16T08:27:01.595264+00:00",
  "window_hours": 48,
  "threshold_bps": 15.0,
  "min_sample_size": 2000,
  "overall_metrics": {
    "total_fills": 2750,
    "p95_slippage_bps": 9.088137848121946,
    "mean_slippage_bps": 4.063596387172811,
    "median_slippage_bps": 3.4609959114370348,
    "p99_slippage_bps": 18.165001211164697,
    "maker_ratio": 0.7,
    "fills_under_threshold": 2694,
    "pct_under_threshold": 0.9796363636363636,
    "gate_status": "PASS",
    "reason": "criteria_met",
    "threshold_bps": 15.0,
    "min_sample_size": 2000
  },
  "breakdown_metrics": {
    "asset_ETH-USD": {
      "total_fills": 916,
      "p95_slippage_bps": 9.098979291804447,
      "mean_slippage_bps": 4.128399512626366,
      "median_slippage_bps": 3.5250473549593604,
      "p99_slippage_bps": 19.399724121504203,
      "maker_ratio": 0.7,
      "fills_under_threshold": 895,
      "pct_under_threshold": 0.9770742358078602,
      "gate_status": "INSUFFICIENT_DATA",
      "reason": "need_2000_fills_have_916",
      "threshold_bps": 15.0,
      "min_sample_size": 2000
    },
    "asset_NVDA": {
      "total_fills": 945,
      "p95_slippage_bps": 8.86776343671941,
      "mean_slippage_bps": 4.06720295927311,
      "median_slippage_bps": 3.477974980533323,
      "p99_slippage_bps": 17.477384795256473,
      "maker_ratio": 0.7,
      "fills_under_threshold": 926,
      "pct_under_threshold": 0.9798941798941799,
      "gate_status": "INSUFFICIENT_DATA",
      "reason": "need_2000_fills_have_945",
      "threshold_bps": 15.0,
      "min_sample_size": 2000
    },
    "asset_BTC-USD": {
      "total_fills": 889,
      "p95_slippage_bps": 9.368904255170587,
      "mean_slippage_bps": 3.9929913550578084,
      "median_slippage_bps": 3.3787420192928637,
      "p99_slippage_bps": 16.892290989259056,
      "maker_ratio": 0.7,
      "fills_under_threshold": 873,
      "pct_under_threshold": 0.9820022497187851,
      "gate_status": "INSUFFICIENT_DATA",
      "reason": "need_2000_fills_have_889",
      "threshold_bps": 15.0,
      "min_sample_size": 2000
    },
    "venue_coinbase": {
      "total_fills": 927,
      "p95_slippage_bps": 9.311066179934125,
      "mean_slippage_bps": 4.192856918818909,
      "median_slippage_bps": 3.4691836159848553,
      "p99_slippage_bps": 20.390948045435643,
      "maker_ratio": 0.7,
      "fills_under_threshold": 905,
      "pct_under_threshold": 0.9762675296655879,
      "gate_status": "INSUFFICIENT_DATA",
      "reason": "need_2000_fills_have_927",
      "threshold_bps": 15.0,
      "min_sample_size": 2000
    },
    "venue_binance": {
      "total_fills": 910,
      "p95_slippage_bps": 9.376493545449938,
      "mean_slippage_bps": 4.0366322411571565,
      "median_slippage_bps": 3.417459996655669,
      "p99_slippage_bps": 19.035660862179565,
      "maker_ratio": 0.7,
      "fills_under_threshold": 890,
      "pct_under_threshold": 0.978021978021978,
      "gate_status": "INSUFFICIENT_DATA",
      "reason": "need_2000_fills_have_910",
      "threshold_bps": 15.0,
      "min_sample_size": 2000
    },
    "venue_alpaca": {
      "total_fills": 913,
      "p95_slippage_bps": 8.467956747932433,
      "mean_slippage_bps": 3.959229311639749,
      "median_slippage_bps": 3.4902915360612585,
      "p99_slippage_bps": 16.183233431628597,
      "maker_ratio": 0.7,
      "fills_under_threshold": 899,
      "pct_under_threshold": 0.9846659364731654,
      "gate_status": "INSUFFICIENT_DATA",
      "reason": "need_2000_fills_have_913",
      "threshold_bps": 15.0,
      "min_sample_size": 2000
    },
    "BTC-USD_alpaca": {
      "total_fills": 285,
      "p95_slippage_bps": 9.606693677307993,
      "mean_slippage_bps": 4.078658333032676,
      "median_slippage_bps": 3.4312032486321624,
      "p99_slippage_bps": 17.02320396005436,
      "maker_ratio": 0.7,
      "fills_under_threshold": 278,
      "pct_under_threshold": 0.9754385964912281,
      "gate_status": "INSUFFICIENT_DATA",
      "reason": "need_2000_fills_have_285",
      "threshold_bps": 15.0,
      "min_sample_size": 2000
    },
    "BTC-USD_binance": {
      "total_fills": 293,
      "p95_slippage_bps": 8.451553666155023,
      "mean_slippage_bps": 3.8188924967807387,
      "median_slippage_bps": 3.14648184441494,
      "p99_slippage_bps": 18.891654500526485,
      "maker_ratio": 0.7,
      "fills_under_threshold": 288,
      "pct_under_threshold": 0.9829351535836177,
      "gate_status": "INSUFFICIENT_DATA",
      "reason": "need_2000_fills_have_293",
      "threshold_bps": 15.0,
      "min_sample_size": 2000
    },
    "BTC-USD_coinbase": {
      "total_fills": 311,
      "p95_slippage_bps": 9.069916171519356,
      "mean_slippage_bps": 4.078508643650555,
      "median_slippage_bps": 3.5321567582116784,
      "p99_slippage_bps": 15.057753617115175,
      "maker_ratio": 0.7,
      "fills_under_threshold": 307,
      "pct_under_threshold": 0.9871382636655949,
      "gate_status": "INSUFFICIENT_DATA",
      "reason": "need_2000_fills_have_311",
      "threshold_bps": 15.0,
      "min_sample_size": 2000
    },
    "ETH-USD_alpaca": {
      "total_fills": 324,
      "p95_slippage_bps": 7.951957205535299,
      "mean_slippage_bps": 3.859651115595347,
      "median_slippage_bps": 3.391194381058935,
      "p99_slippage_bps": 15.810344796733041,
      "maker_ratio": 0.7,
      "fills_under_threshold": 320,
      "pct_under_threshold": 0.9876543209876543,
      "gate_status": "INSUFFICIENT_DATA",
      "reason": "need_2000_fills_have_324",
      "threshold_bps": 15.0,
      "min_sample_size": 2000
    },
    "ETH-USD_binance": {
      "total_fills": 294,
      "p95_slippage_bps": 9.187886830602773,
      "mean_slippage_bps": 4.167818121451895,
      "median_slippage_bps": 3.5827787763608576,
      "p99_slippage_bps": 19.075682602543736,
      "maker_ratio": 0.7,
      "fills_under_threshold": 287,
      "pct_under_threshold": 0.9761904761904762,
      "gate_status": "INSUFFICIENT_DATA",
      "reason": "need_2000_fills_have_294",
      "threshold_bps": 15.0,
      "min_sample_size": 2000
    },
    "ETH-USD_coinbase": {
      "total_fills": 298,
      "p95_slippage_bps": 10.810029307958919,
      "mean_slippage_bps": 4.381706256395979,
      "median_slippage_bps": 3.3898711243420045,
      "p99_slippage_bps": 21.69596548416375,
      "maker_ratio": 0.7,
      "fills_under_threshold": 288,
      "pct_under_threshold": 0.9664429530201343,
      "gate_status": "INSUFFICIENT_DATA",
      "reason": "need_2000_fills_have_298",
      "threshold_bps": 15.0,
      "min_sample_size": 2000
    },
    "NVDA_alpaca": {
      "total_fills": 304,
      "p95_slippage_bps": 8.0827601496614,
      "mean_slippage_bps": 3.953393997236465,
      "median_slippage_bps": 3.576719447706618,
      "p99_slippage_bps": 10.299430918817203,
      "maker_ratio": 0.7,
      "fills_under_threshold": 301,
      "pct_under_threshold": 0.9901315789473685,
      "gate_status": "INSUFFICIENT_DATA",
      "reason": "need_2000_fills_have_304",
      "threshold_bps": 15.0,
      "min_sample_size": 2000
    },
    "NVDA_binance": {
      "total_fills": 323,
      "p95_slippage_bps": 9.484856677666537,
      "mean_slippage_bps": 4.114740898419193,
      "median_slippage_bps": 3.41567141353823,
      "p99_slippage_bps": 17.928845642777045,
      "maker_ratio": 0.7,
      "fills_under_threshold": 315,
      "pct_under_threshold": 0.9752321981424149,
      "gate_status": "INSUFFICIENT_DATA",
      "reason": "need_2000_fills_have_323",
      "threshold_bps": 15.0,
      "min_sample_size": 2000
    },
    "NVDA_coinbase": {
      "total_fills": 318,
      "p95_slippage_bps": 8.914738677535956,
      "mean_slippage_bps": 4.12771607284215,
      "median_slippage_bps": 3.4735792982590894,
      "p99_slippage_bps": 21.71743447934222,
      "maker_ratio": 0.7,
      "fills_under_threshold": 310,
      "pct_under_threshold": 0.9748427672955975,
      "gate_status": "INSUFFICIENT_DATA",
      "reason": "need_2000_fills_have_318",