{
  "timestamp": "2025-08-16T14:30:11.375169+00:00",
  "window_hours": 48,
  "threshold_bps": 15.0,
  "min_sample_size": 2000,
  "overall_metrics": {
    "total_fills": 2781,
    "p95_slippage_bps": 8.909952681366574,
    "mean_slippage_bps": 4.030578316870525,
    "median_slippage_bps": 3.427742577866395,
    "p99_slippage_bps": 19.563401905145476,
    "maker_ratio": 0.7,
    "fills_under_threshold": 2716,
    "pct_under_threshold": 0.9766271125494427,
    "gate_status": "PASS",
    "reason": "criteria_met",
    "threshold_bps": 15.0,
    "min_sample_size": 2000
  },
  "breakdown_metrics": {
    "asset_ETH-USD": {
      "total_fills": 889,
      "p95_slippage_bps": 8.203460193799557,
      "mean_slippage_bps": 3.8895566320243153,
      "median_slippage_bps": 3.4122900276712382,
      "p99_slippage_bps": 18.276834040520228,
      "maker_ratio": 0.7,
      "fills_under_threshold": 873,
      "pct_under_threshold": 0.9820022497187851,
      "gate_status": "INSUFFICIENT_DATA",
      "reason": "need_2000_fills_have_889",
      "threshold_bps": 15.0,
      "min_sample_size": 2000
    },
    "asset_NVDA": {
      "total_fills": 924,
      "p95_slippage_bps": 10.219782266221067,
      "mean_slippage_bps": 4.186525662546906,
      "median_slippage_bps": 3.4402604600144437,
      "p99_slippage_bps": 20.58746503440139,
      "maker_ratio": 0.7,
      "fills_under_threshold": 897,
      "pct_under_threshold": 0.9707792207792207,
      "gate_status": "INSUFFICIENT_DATA",
      "reason": "need_2000_fills_have_924",
      "threshold_bps": 15.0,
      "min_sample_size": 2000
    },
    "asset_BTC-USD": {
      "total_fills": 968,
      "p95_slippage_bps": 8.909194415653877,
      "mean_slippage_bps": 4.0112321706136065,
      "median_slippage_bps": 3.4313902215627055,
      "p99_slippage_bps": 17.913276950001492,
      "maker_ratio": 0.7,
      "fills_under_threshold": 946,
      "pct_under_threshold": 0.9772727272727273,
      "gate_status": "INSUFFICIENT_DATA",
      "reason": "need_2000_fills_have_968",
      "threshold_bps": 15.0,
      "min_sample_size": 2000
    },
    "venue_alpaca": {
      "total_fills": 957,
      "p95_slippage_bps": 8.714434232886115,
      "mean_slippage_bps": 4.093818076146105,
      "median_slippage_bps": 3.460271161902468,
      "p99_slippage_bps": 20.48645054177542,
      "maker_ratio": 0.7,
      "fills_under_threshold": 931,
      "pct_under_threshold": 0.9728317659352143,
      "gate_status": "INSUFFICIENT_DATA",
      "reason": "need_2000_fills_have_957",
      "threshold_bps": 15.0,
      "min_sample_size": 2000
    },
    "venue_binance": {
      "total_fills": 886,
      "p95_slippage_bps": 8.69236512278405,
      "mean_slippage_bps": 3.8973314129406127,
      "median_slippage_bps": 3.373720416021741,
      "p99_slippage_bps": 16.869620888123308,
      "maker_ratio": 0.7,
      "fills_under_threshold": 872,
      "pct_under_threshold": 0.9841986455981941,
      "gate_status": "INSUFFICIENT_DATA",
      "reason": "need_2000_fills_have_886",
      "threshold_bps": 15.0,
      "min_sample_size": 2000
    },
    "venue_coinbase": {
      "total_fills": 938,
      "p95_slippage_bps": 9.268246824962887,
      "mean_slippage_bps": 4.091917663624438,
      "median_slippage_bps": 3.451596395599501,
      "p99_slippage_bps": 20.53555359032875,
      "maker_ratio": 0.7,
      "fills_under_threshold": 913,
      "pct_under_threshold": 0.9733475479744137,
      "gate_status": "INSUFFICIENT_DATA",
      "reason": "need_2000_fills_have_938",
      "threshold_bps": 15.0,
      "min_sample_size": 2000
    },
    "BTC-USD_alpaca": {
      "total_fills": 336,
      "p95_slippage_bps": 8.26474399909795,
      "mean_slippage_bps": 3.7944092275594747,
      "median_slippage_bps": 3.2846341394765632,
      "p99_slippage_bps": 17.590117478323343,
      "maker_ratio": 0.7,
      "fills_under_threshold": 330,
      "pct_under_threshold": 0.9821428571428571,
      "gate_status": "INSUFFICIENT_DATA",
      "reason": "need_2000_fills_have_336",
      "threshold_bps": 15.0,
      "min_sample_size": 2000
    },
    "BTC-USD_binance": {
      "total_fills": 311,
      "p95_slippage_bps": 8.615855984803432,
      "mean_slippage_bps": 3.9994885522462766,
      "median_slippage_bps": 3.483590120140259,
      "p99_slippage_bps": 16.731931121308044,
      "maker_ratio": 0.7,
      "fills_under_threshold": 306,
      "pct_under_threshold": 0.9839228295819936,
      "gate_status": "INSUFFICIENT_DATA",
      "reason": "need_2000_fills_have_311",
      "threshold_bps": 15.0,
      "min_sample_size": 2000
    },
    "BTC-USD_coinbase": {
      "total_fills": 321,
      "p95_slippage_bps": 9.53927460937874,
      "mean_slippage_bps": 4.249564800452944,
      "median_slippage_bps": 3.5123596951556553,
      "p99_slippage_bps": 20.76024859555799,
      "maker_ratio": 0.7,
      "fills_under_threshold": 310,
      "pct_under_threshold": 0.9657320872274143,
      "gate_status": "INSUFFICIENT_DATA",
      "reason": "need_2000_fills_have_321",
      "threshold_bps": 15.0,
      "min_sample_size": 2000
    },
    "ETH-USD_alpaca": {
      "total_fills": 311,
      "p95_slippage_bps": 8.925648873325695,
      "mean_slippage_bps": 4.258198071142526,
      "median_slippage_bps": 3.5382910701540595,
      "p99_slippage_bps": 21.08419747267527,
      "maker_ratio": 0.7,
      "fills_under_threshold": 301,
      "pct_under_threshold": 0.9678456591639871,
      "gate_status": "INSUFFICIENT_DATA",
      "reason": "need_2000_fills_have_311",
      "threshold_bps": 15.0,
      "min_sample_size": 2000
    },
    "ETH-USD_binance": {
      "total_fills": 276,
      "p95_slippage_bps": 8.176551176079176,
      "mean_slippage_bps": 3.674685009656883,
      "median_slippage_bps": 3.2506945733292625,
      "p99_slippage_bps": 14.965767118271714,
      "maker_ratio": 0.7,
      "fills_under_threshold": 273,
      "pct_under_threshold": 0.9891304347826086,
      "gate_status": "INSUFFICIENT_DATA",
      "reason": "need_2000_fills_have_276",
      "threshold_bps": 15.0,
      "min_sample_size": 2000
    },
    "ETH-USD_coinbase": {
      "total_fills": 302,
      "p95_slippage_bps": 7.8213405798568925,
      "mean_slippage_bps": 3.7063019307251355,
      "median_slippage_bps": 3.4046487983606766,
      "p99_slippage_bps": 11.371128267025206,
      "maker_ratio": 0.7,
      "fills_under_threshold": 299,
      "pct_under_threshold": 0.9900662251655629,
      "gate_status": "INSUFFICIENT_DATA",
      "reason": "need_2000_fills_have_302",
      "threshold_bps": 15.0,
      "min_sample_size": 2000
    },
    "NVDA_alpaca": {
      "total_fills": 310,
      "p95_slippage_bps": 9.633499078712125,
      "mean_slippage_bps": 4.2534283815694,
      "median_slippage_bps": 3.5249050392722365,
      "p99_slippage_bps": 22.272824555941536,
      "maker_ratio": 0.7,
      "fills_under_threshold": 300,
      "pct_under_threshold": 0.967741935483871,
      "gate_status": "INSUFFICIENT_DATA",
      "reason": "need_2000_fills_have_310",
      "threshold_bps": 15.0,
      "min_sample_size": 2000
    },
    "NVDA_binance": {
      "total_fills": 299,
      "p95_slippage_bps": 9.112560221673084,
      "mean_slippage_bps": 3.996594078433081,
      "median_slippage_bps": 3.4019652667108558,
      "p99_slippage_bps": 17.51956972853949,
      "maker_ratio": 0.7,
      "fills_under_threshold": 293,
      "pct_under_threshold": 0.979933110367893,
      "gate_status": "INSUFFICIENT_DATA",
      "reason": "need_2000_fills_have_299",
      "threshold_bps": 15.0,
      "min_sample_size": 2000
    },
    "NVDA_coinbase": {
      "total_fills": 315,
      "p95_slippage_bps": 11.113946906613117,
      "mean_slippage_bps": 4.300969157001066,
      "median_slippage_bps": 3.4331843428080617,
      "p99_slippage_bps": 21.410827860123405,
      "maker_ratio": 0.7,
      "fills_under_threshold": 304,
      "pct_under_threshold": 0.9650793650793651,
      "gate_status": "INSUFFICIENT_DATA",