{
  "timestamp": "2025-08-16T19:51:47.289770+00:00",
  "window_hours": 48,
  "threshold_bps": 15.0,
  "min_sample_size": 2000,
  "overall_metrics": {
    "total_fills": 2745,
    "p95_slippage_bps": 9.111517567015731,
    "mean_slippage_bps": 3.9830723143287248,
    "median_slippage_bps": 3.421742994764425,
    "p99_slippage_bps": 18.497133043297108,
    "maker_ratio": 0.7,
    "fills_under_threshold": 2697,
    "pct_under_threshold": 0.9825136612021858,
    "gate_status": "PASS",
    "reason": "criteria_met",
    "threshold_bps": 15.0,
    "min_sample_size": 2000
  },
  "breakdown_metrics": {
    "asset_ETH-USD": {
      "total_fills": 890,
      "p95_slippage_bps": 9.467405155071251,
      "mean_slippage_bps": 3.9966455100674243,
      "median_slippage_bps": 3.4372806319149394,
      "p99_slippage_bps": 18.360529918009043,
      "maker_ratio": 0.7,
      "fills_under_threshold": 875,
      "pct_under_threshold": 0.9831460674157303,
      "gate_status": "INSUFFICIENT_DATA",
      "reason": "need_2000_fills_have_890",
      "threshold_bps": 15.0,
      "min_sample_size": 2000
    },
    "asset_NVDA": {
      "total_fills": 917,
      "p95_slippage_bps": 9.504420329926093,
      "mean_slippage_bps": 4.019816043095028,
      "median_slippage_bps": 3.3725905424922678,
      "p99_slippage_bps": 19.582024812808807,
      "maker_ratio": 0.7,
      "fills_under_threshold": 898,
      "pct_under_threshold": 0.9792802617230099,
      "gate_status": "INSUFFICIENT_DATA",
      "reason": "need_2000_fills_have_917",
      "threshold_bps": 15.0,
      "min_sample_size": 2000
    },
    "asset_BTC-USD": {
      "total_fills": 938,
      "p95_slippage_bps": 8.453582031839789,
      "mean_slippage_bps": 3.934272587797654,
      "median_slippage_bps": 3.480058214959394,
      "p99_slippage_bps": 16.767729039225678,
      "maker_ratio": 0.7,
      "fills_under_threshold": 924,
      "pct_under_threshold": 0.9850746268656716,
      "gate_status": "INSUFFICIENT_DATA",
      "reason": "need_2000_fills_have_938",
      "threshold_bps": 15.0,
      "min_sample_size": 2000
    },
    "venue_binance": {
      "total_fills": 891,
      "p95_slippage_bps": 9.150377274213124,
      "mean_slippage_bps": 4.01263895169197,
      "median_slippage_bps": 3.4392421929740262,
      "p99_slippage_bps": 16.946332024617643,
      "maker_ratio": 0.7,
      "fills_under_threshold": 877,
      "pct_under_threshold": 0.9842873176206509,
      "gate_status": "INSUFFICIENT_DATA",
      "reason": "need_2000_fills_have_891",
      "threshold_bps": 15.0,
      "min_sample_size": 2000
    },
    "venue_coinbase": {
      "total_fills": 928,
      "p95_slippage_bps": 8.928749094203688,
      "mean_slippage_bps": 3.8756003736095574,
      "median_slippage_bps": 3.3727778294515747,
      "p99_slippage_bps": 17.25022904997343,
      "maker_ratio": 0.7,
      "fills_under_threshold": 914,
      "pct_under_threshold": 0.9849137931034483,
      "gate_status": "INSUFFICIENT_DATA",
      "reason": "need_2000_fills_have_928",
      "threshold_bps": 15.0,
      "min_sample_size": 2000
    },
    "venue_alpaca": {
      "total_fills": 926,
      "p95_slippage_bps": 9.72964230714375,
      "mean_slippage_bps": 4.062327267996904,
      "median_slippage_bps": 3.4640674240101355,
      "p99_slippage_bps": 18.774607426028815,
      "maker_ratio": 0.7,
      "fills_under_threshold": 906,
      "pct_under_threshold": 0.978401727861771,
      "gate_status": "INSUFFICIENT_DATA",
      "reason": "need_2000_fills_have_926",
      "threshold_bps": 15.0,
      "min_sample_size": 2000
    },
    "BTC-USD_alpaca": {
      "total_fills": 282,
      "p95_slippage_bps": 7.503171741209376,
      "mean_slippage_bps": 3.873615305932793,
      "median_slippage_bps": 3.6324888906051247,
      "p99_slippage_bps": 16.499381289783347,
      "maker_ratio": 0.7,
      "fills_under_threshold": 278,
      "pct_under_threshold": 0.9858156028368794,
      "gate_status": "INSUFFICIENT_DATA",
      "reason": "need_2000_fills_have_282",
      "threshold_bps": 15.0,
      "min_sample_size": 2000
    },
    "BTC-USD_binance": {
      "total_fills": 316,
      "p95_slippage_bps": 8.976656361034903,
      "mean_slippage_bps": 3.948732666445471,
      "median_slippage_bps": 3.4220884150625555,
      "p99_slippage_bps": 14.599824442141818,
      "maker_ratio": 0.7,
      "fills_under_threshold": 313,
      "pct_under_threshold": 0.990506329113924,
      "gate_status": "INSUFFICIENT_DATA",
      "reason": "need_2000_fills_have_316",
      "threshold_bps": 15.0,
      "min_sample_size": 2000
    },
    "BTC-USD_coinbase": {
      "total_fills": 340,
      "p95_slippage_bps": 8.998963261745551,
      "mean_slippage_bps": 3.9711430837775987,
      "median_slippage_bps": 3.4223397730654317,
      "p99_slippage_bps": 19.055490720586548,
      "maker_ratio": 0.7,
      "fills_under_threshold": 333,
      "pct_under_threshold": 0.9794117647058823,
      "gate_status": "INSUFFICIENT_DATA",
      "reason": "need_2000_fills_have_340",
      "threshold_bps": 15.0,
      "min_sample_size": 2000
    },
    "ETH-USD_alpaca": {
      "total_fills": 297,
      "p95_slippage_bps": 11.046208600103634,
      "mean_slippage_bps": 4.316846642252665,
      "median_slippage_bps": 3.50160433926638,
      "p99_slippage_bps": 19.2485177711292,
      "maker_ratio": 0.7,
      "fills_under_threshold": 290,
      "pct_under_threshold": 0.9764309764309764,
      "gate_status": "INSUFFICIENT_DATA",
      "reason": "need_2000_fills_have_297",
      "threshold_bps": 15.0,
      "min_sample_size": 2000
    },
    "ETH-USD_binance": {
      "total_fills": 304,
      "p95_slippage_bps": 8.366304076836503,
      "mean_slippage_bps": 3.868886687724663,
      "median_slippage_bps": 3.3767588677302918,
      "p99_slippage_bps": 17.15372586717125,
      "maker_ratio": 0.7,
      "fills_under_threshold": 299,
      "pct_under_threshold": 0.9835526315789473,
      "gate_status": "INSUFFICIENT_DATA",
      "reason": "need_2000_fills_have_304",
      "threshold_bps": 15.0,
      "min_sample_size": 2000
    },
    "ETH-USD_coinbase": {
      "total_fills": 289,
      "p95_slippage_bps": 8.857665820058076,
      "mean_slippage_bps": 3.8019705818085408,
      "median_slippage_bps": 3.3818695017508835,
      "p99_slippage_bps": 13.872309940296862,
      "maker_ratio": 0.7,
      "fills_under_threshold": 286,
      "pct_under_threshold": 0.9896193771626297,
      "gate_status": "INSUFFICIENT_DATA",
      "reason": "need_2000_fills_have_289",
      "threshold_bps": 15.0,
      "min_sample_size": 2000
    },
    "NVDA_alpaca": {
      "total_fills": 347,
      "p95_slippage_bps": 9.716373061444719,
      "mean_slippage_bps": 3.997844614245085,
      "median_slippage_bps": 3.332519508260319,
      "p99_slippage_bps": 18.72809124951588,
      "maker_ratio": 0.7,
      "fills_under_threshold": 338,
      "pct_under_threshold": 0.9740634005763689,
      "gate_status": "INSUFFICIENT_DATA",
      "reason": "need_2000_fills_have_347",
      "threshold_bps": 15.0,
      "min_sample_size": 2000
    },
    "NVDA_binance": {
      "total_fills": 271,
      "p95_slippage_bps": 9.9881721515037,
      "mean_slippage_bps": 4.248414133920587,
      "median_slippage_bps": 3.5700887293557013,
      "p99_slippage_bps": 20.234157938738594,
      "maker_ratio": 0.7,
      "fills_under_threshold": 265,
      "pct_under_threshold": 0.977859778597786,
      "gate_status": "INSUFFICIENT_DATA",
      "reason": "need_2000_fills_have_271",
      "threshold_bps": 15.0,
      "min_sample_size": 2000
    },
    "NVDA_coinbase": {
      "total_fills": 299,
      "p95_slippage_bps": 8.042705149637415,
      "mean_slippage_bps": 3.83812374609571,
      "median_slippage_bps": 3.315516653186603,
      "p99_slippage_bps": 15.991901140141508,
      "maker_ratio": 0.7,
      "fills_under_threshold": 295,
      "pct_under_threshold": 0.9866220735785953,
      "gate_status": "INSUFFICIENT_DATA",
      "reason": "need_2000_fills_have_299",