{
  "timestamp": "2025-08-16T07:24:46.249813+00:00",
  "window_hours": 48,
  "threshold_bps": 15.0,
  "min_sample_size": 2000,
  "overall_metrics": {
    "total_fills": 2585,
    "p95_slippage_bps": 9.584777294345947,
    "mean_slippage_bps": 4.032145298688586,
    "median_slippage_bps": 3.3690232105140927,
    "p99_slippage_bps": 18.144836339521554,
    "maker_ratio": 0.7,
    "fills_under_threshold": 2525,
    "pct_under_threshold": 0.97678916827853,
    "gate_status": "PASS",
    "reason": "criteria_met",
    "threshold_bps": 15.0,
    "min_sample_size": 2000
  },
  "breakdown_metrics": {
    "asset_ETH-USD": {
      "total_fills": 882,
      "p95_slippage_bps": 8.896797675303612,
      "mean_slippage_bps": 3.890517735306583,
      "median_slippage_bps": 3.303178953218234,
      "p99_slippage_bps": 17.03837825439078,
      "maker_ratio": 0.7,
      "fills_under_threshold": 868,
      "pct_under_threshold": 0.9841269841269841,
      "gate_status": "INSUFFICIENT_DATA",
      "reason": "need_2000_fills_have_882",
      "threshold_bps": 15.0,
      "min_sample_size": 2000
    },
    "asset_NVDA": {
      "total_fills": 837,
      "p95_slippage_bps": 10.372690434419413,
      "mean_slippage_bps": 4.143116031836845,
      "median_slippage_bps": 3.4074088782303136,
      "p99_slippage_bps": 19.36142711891761,
      "maker_ratio": 0.7,
      "fills_under_threshold": 811,
      "pct_under_threshold": 0.9689366786140979,
      "gate_status": "INSUFFICIENT_DATA",
      "reason": "need_2000_fills_have_837",
      "threshold_bps": 15.0,
      "min_sample_size": 2000
    },
    "asset_BTC-USD": {
      "total_fills": 866,
      "p95_slippage_bps": 9.620922201885497,
      "mean_slippage_bps": 4.069134914459754,
      "median_slippage_bps": 3.4150133955018083,
      "p99_slippage_bps": 17.853660423115937,
      "maker_ratio": 0.7,
      "fills_under_threshold": 846,
      "pct_under_threshold": 0.976905311778291,
      "gate_status": "INSUFFICIENT_DATA",
      "reason": "need_2000_fills_have_866",
      "threshold_bps": 15.0,
      "min_sample_size": 2000
    },
    "venue_binance": {
      "total_fills": 862,
      "p95_slippage_bps": 9.562202720153566,
      "mean_slippage_bps": 4.065138440161969,
      "median_slippage_bps": 3.3850975484984382,
      "p99_slippage_bps": 18.181634497591638,
      "maker_ratio": 0.7,
      "fills_under_threshold": 840,
      "pct_under_threshold": 0.974477958236659,
      "gate_status": "INSUFFICIENT_DATA",
      "reason": "need_2000_fills_have_862",
      "threshold_bps": 15.0,
      "min_sample_size": 2000
    },
    "venue_alpaca": {
      "total_fills": 864,
      "p95_slippage_bps": 9.7711385647783,
      "mean_slippage_bps": 4.0505971022736205,
      "median_slippage_bps": 3.401558521020205,
      "p99_slippage_bps": 18.57952758656451,
      "maker_ratio": 0.7,
      "fills_under_threshold": 842,
      "pct_under_threshold": 0.9745370370370371,
      "gate_status": "INSUFFICIENT_DATA",
      "reason": "need_2000_fills_have_864",
      "threshold_bps": 15.0,
      "min_sample_size": 2000
    },
    "venue_coinbase": {
      "total_fills": 859,
      "p95_slippage_bps": 9.105937387894235,
      "mean_slippage_bps": 3.9804777244772622,
      "median_slippage_bps": 3.3347376834259355,
      "p99_slippage_bps": 17.41549509798534,
      "maker_ratio": 0.7,
      "fills_under_threshold": 843,
      "pct_under_threshold": 0.9813736903376019,
      "gate_status": "INSUFFICIENT_DATA",
      "reason": "need_2000_fills_have_859",
      "threshold_bps": 15.0,
      "min_sample_size": 2000
    },
    "BTC-USD_alpaca": {
      "total_fills": 286,
      "p95_slippage_bps": 9.607158008789582,
      "mean_slippage_bps": 4.2004166634868625,
      "median_slippage_bps": 3.4427916010817103,
      "p99_slippage_bps": 17.47227930174618,
      "maker_ratio": 0.7,
      "fills_under_threshold": 277,
      "pct_under_threshold": 0.9685314685314685,
      "gate_status": "INSUFFICIENT_DATA",
      "reason": "need_2000_fills_have_286",
      "threshold_bps": 15.0,
      "min_sample_size": 2000
    },
    "BTC-USD_binance": {
      "total_fills": 285,
      "p95_slippage_bps": 10.470203283552936,
      "mean_slippage_bps": 4.068472168550612,
      "median_slippage_bps": 3.2355085596126933,
      "p99_slippage_bps": 18.07079825665274,
      "maker_ratio": 0.7,
      "fills_under_threshold": 278,
      "pct_under_threshold": 0.9754385964912281,
      "gate_status": "INSUFFICIENT_DATA",
      "reason": "need_2000_fills_have_285",
      "threshold_bps": 15.0,
      "min_sample_size": 2000
    },
    "BTC-USD_coinbase": {
      "total_fills": 295,
      "p95_slippage_bps": 8.69214449441521,
      "mean_slippage_bps": 3.942498651281289,
      "median_slippage_bps": 3.4878582325567367,
      "p99_slippage_bps": 17.119571890984357,
      "maker_ratio": 0.7,
      "fills_under_threshold": 291,
      "pct_under_threshold": 0.9864406779661017,
      "gate_status": "INSUFFICIENT_DATA",
      "reason": "need_2000_fills_have_295",
      "threshold_bps": 15.0,
      "min_sample_size": 2000
    },
    "ETH-USD_alpaca": {
      "total_fills": 304,
      "p95_slippage_bps": 9.411397190985097,
      "mean_slippage_bps": 3.8509918639718435,
      "median_slippage_bps": 3.2966341452870616,
      "p99_slippage_bps": 16.035217092424755,
      "maker_ratio": 0.7,
      "fills_under_threshold": 299,
      "pct_under_threshold": 0.9835526315789473,
      "gate_status": "INSUFFICIENT_DATA",
      "reason": "need_2000_fills_have_304",
      "threshold_bps": 15.0,
      "min_sample_size": 2000
    },
    "ETH-USD_binance": {
      "total_fills": 291,
      "p95_slippage_bps": 8.298574629573174,
      "mean_slippage_bps": 3.8172788570795064,
      "median_slippage_bps": 3.3000776423401557,
      "p99_slippage_bps": 15.966924388254297,
      "maker_ratio": 0.7,
      "fills_under_threshold": 287,
      "pct_under_threshold": 0.9862542955326461,
      "gate_status": "INSUFFICIENT_DATA",
      "reason": "need_2000_fills_have_291",
      "threshold_bps": 15.0,
      "min_sample_size": 2000
    },
    "ETH-USD_coinbase": {
      "total_fills": 287,
      "p95_slippage_bps": 8.986496049234358,
      "mean_slippage_bps": 4.006644489487213,
      "median_slippage_bps": 3.3464237748551167,
      "p99_slippage_bps": 17.37772389823007,
      "maker_ratio": 0.7,
      "fills_under_threshold": 282,
      "pct_under_threshold": 0.9825783972125436,
      "gate_status": "INSUFFICIENT_DATA",
      "reason": "need_2000_fills_have_287",
      "threshold_bps": 15.0,
      "min_sample_size": 2000
    },
    "NVDA_alpaca": {
      "total_fills": 274,
      "p95_slippage_bps": 10.061378786331568,
      "mean_slippage_bps": 4.115675926860308,
      "median_slippage_bps": 3.4190780031320274,
      "p99_slippage_bps": 19.30671512712687,
      "maker_ratio": 0.7,
      "fills_under_threshold": 266,
      "pct_under_threshold": 0.9708029197080292,
      "gate_status": "INSUFFICIENT_DATA",
      "reason": "need_2000_fills_have_274",
      "threshold_bps": 15.0,
      "min_sample_size": 2000
    },
    "NVDA_binance": {
      "total_fills": 286,
      "p95_slippage_bps": 10.426777188208723,
      "mean_slippage_bps": 4.314009160743206,
      "median_slippage_bps": 3.541165442705215,
      "p99_slippage_bps": 19.00257509966644,
      "maker_ratio": 0.7,
      "fills_under_threshold": 275,
      "pct_under_threshold": 0.9615384615384616,
      "gate_status": "INSUFFICIENT_DATA",
      "reason": "need_2000_fills_have_286",
      "threshold_bps": 15.0,
      "min_sample_size": 2000
    },
    "NVDA_coinbase": {
      "total_fills": 277,
      "p95_slippage_bps": 9.825161199143675,
      "mean_slippage_bps": 3.99381333832187,
      "median_slippage_bps": 3.1696380430825246,
      "p99_slippage_bps": 17.691871480674372,
      "maker_ratio": 0.7,
      "fills_under_threshold": 270,
      "pct_under_threshold": 0.9747292418772563,
      "gate_status": "INSUFFICIENT_DATA",
      "reason": "need_2000_fills_have_277",