{
  "timestamp": "2025-08-16T17:00:36.613847+00:00",
  "window_hours": 48,
  "threshold_bps": 15.0,
  "min_sample_size": 2000,
  "overall_metrics": {
    "total_fills": 2764,
    "p95_slippage_bps": 9.144830500171675,
    "mean_slippage_bps": 4.036507134396301,
    "median_slippage_bps": 3.4254980400942054,
    "p99_slippage_bps": 18.193691443998212,
    "maker_ratio": 0.7,
    "fills_under_threshold": 2714,
    "pct_under_threshold": 0.9819102749638206,
    "gate_status": "PASS",
    "reason": "criteria_met",
    "threshold_bps": 15.0,
    "min_sample_size": 2000
  },
  "breakdown_metrics": {
    "asset_NVDA": {
      "total_fills": 940,
      "p95_slippage_bps": 9.464881237771245,
      "mean_slippage_bps": 4.106538235980553,
      "median_slippage_bps": 3.47670036344823,
      "p99_slippage_bps": 18.50636329111201,
      "maker_ratio": 0.7,
      "fills_under_threshold": 918,
      "pct_under_threshold": 0.9765957446808511,
      "gate_status": "INSUFFICIENT_DATA",
      "reason": "need_2000_fills_have_940",
      "threshold_bps": 15.0,
      "min_sample_size": 2000
    },
    "asset_BTC-USD": {
      "total_fills": 905,
      "p95_slippage_bps": 9.310455101973064,
      "mean_slippage_bps": 4.060663393654535,
      "median_slippage_bps": 3.3861906314198493,
      "p99_slippage_bps": 18.424108892445584,
      "maker_ratio": 0.7,
      "fills_under_threshold": 886,
      "pct_under_threshold": 0.9790055248618784,
      "gate_status": "INSUFFICIENT_DATA",
      "reason": "need_2000_fills_have_905",
      "threshold_bps": 15.0,
      "min_sample_size": 2000
    },
    "asset_ETH-USD": {
      "total_fills": 919,
      "p95_slippage_bps": 8.894680589045079,
      "mean_slippage_bps": 3.941087493353973,
      "median_slippage_bps": 3.424696006830554,
      "p99_slippage_bps": 14.287552569297654,
      "maker_ratio": 0.7,
      "fills_under_threshold": 910,
      "pct_under_threshold": 0.9902067464635473,
      "gate_status": "INSUFFICIENT_DATA",
      "reason": "need_2000_fills_have_919",
      "threshold_bps": 15.0,
      "min_sample_size": 2000
    },
    "venue_binance": {
      "total_fills": 919,
      "p95_slippage_bps": 9.327558479038514,
      "mean_slippage_bps": 4.055926059146313,
      "median_slippage_bps": 3.4380929401568014,
      "p99_slippage_bps": 17.447261569023663,
      "maker_ratio": 0.7,
      "fills_under_threshold": 901,
      "pct_under_threshold": 0.9804134929270947,
      "gate_status": "INSUFFICIENT_DATA",
      "reason": "need_2000_fills_have_919",
      "threshold_bps": 15.0,
      "min_sample_size": 2000
    },
    "venue_coinbase": {
      "total_fills": 945,
      "p95_slippage_bps": 8.96934696217237,
      "mean_slippage_bps": 4.015889795021911,
      "median_slippage_bps": 3.451876964363093,
      "p99_slippage_bps": 18.24050294324052,
      "maker_ratio": 0.7,
      "fills_under_threshold": 932,
      "pct_under_threshold": 0.9862433862433863,
      "gate_status": "INSUFFICIENT_DATA",
      "reason": "need_2000_fills_have_945",
      "threshold_bps": 15.0,
      "min_sample_size": 2000
    },
    "venue_alpaca": {
      "total_fills": 900,
      "p95_slippage_bps": 9.315381253374417,
      "mean_slippage_bps": 4.038326460911342,
      "median_slippage_bps": 3.3979442934162654,
      "p99_slippage_bps": 18.230906683673155,
      "maker_ratio": 0.7,
      "fills_under_threshold": 881,
      "pct_under_threshold": 0.9788888888888889,
      "gate_status": "INSUFFICIENT_DATA",
      "reason": "need_2000_fills_have_900",
      "threshold_bps": 15.0,
      "min_sample_size": 2000
    },
    "BTC-USD_alpaca": {
      "total_fills": 296,
      "p95_slippage_bps": 9.886449787495451,
      "mean_slippage_bps": 4.0857540330711855,
      "median_slippage_bps": 3.3860502448429326,
      "p99_slippage_bps": 18.01422360469793,
      "maker_ratio": 0.7,
      "fills_under_threshold": 288,
      "pct_under_threshold": 0.972972972972973,
      "gate_status": "INSUFFICIENT_DATA",
      "reason": "need_2000_fills_have_296",
      "threshold_bps": 15.0,
      "min_sample_size": 2000
    },
    "BTC-USD_binance": {
      "total_fills": 284,
      "p95_slippage_bps": 8.745382108804954,
      "mean_slippage_bps": 3.9871158638017867,
      "median_slippage_bps": 3.345909978746972,
      "p99_slippage_bps": 17.66634841117948,
      "maker_ratio": 0.7,
      "fills_under_threshold": 279,
      "pct_under_threshold": 0.9823943661971831,
      "gate_status": "INSUFFICIENT_DATA",
      "reason": "need_2000_fills_have_284",
      "threshold_bps": 15.0,
      "min_sample_size": 2000
    },
    "BTC-USD_coinbase": {
      "total_fills": 325,
      "p95_slippage_bps": 8.889962172693714,
      "mean_slippage_bps": 4.102080837380234,
      "median_slippage_bps": 3.405103780875209,
      "p99_slippage_bps": 21.606344866675638,
      "maker_ratio": 0.7,
      "fills_under_threshold": 319,
      "pct_under_threshold": 0.9815384615384616,
      "gate_status": "INSUFFICIENT_DATA",
      "reason": "need_2000_fills_have_325",
      "threshold_bps": 15.0,
      "min_sample_size": 2000
    },
    "ETH-USD_alpaca": {
      "total_fills": 301,
      "p95_slippage_bps": 8.847937609386337,
      "mean_slippage_bps": 3.8700402611706086,
      "median_slippage_bps": 3.398059773082337,
      "p99_slippage_bps": 12.168827711061187,
      "maker_ratio": 0.7,
      "fills_under_threshold": 299,
      "pct_under_threshold": 0.9933554817275747,
      "gate_status": "INSUFFICIENT_DATA",
      "reason": "need_2000_fills_have_301",
      "threshold_bps": 15.0,
      "min_sample_size": 2000
    },
    "ETH-USD_binance": {
      "total_fills": 315,
      "p95_slippage_bps": 8.699831660282769,
      "mean_slippage_bps": 3.979119545258663,
      "median_slippage_bps": 3.4786200464518022,
      "p99_slippage_bps": 13.210365902620396,
      "maker_ratio": 0.7,
      "fills_under_threshold": 313,
      "pct_under_threshold": 0.9936507936507937,
      "gate_status": "INSUFFICIENT_DATA",
      "reason": "need_2000_fills_have_315",
      "threshold_bps": 15.0,
      "min_sample_size": 2000
    },
    "ETH-USD_coinbase": {
      "total_fills": 303,
      "p95_slippage_bps": 9.070113700358288,
      "mean_slippage_bps": 3.972127495126961,
      "median_slippage_bps": 3.358583134160522,
      "p99_slippage_bps": 18.37691180549288,
      "maker_ratio": 0.7,
      "fills_under_threshold": 298,
      "pct_under_threshold": 0.9834983498349835,
      "gate_status": "INSUFFICIENT_DATA",
      "reason": "need_2000_fills_have_303",
      "threshold_bps": 15.0,
      "min_sample_size": 2000
    },
    "NVDA_alpaca": {
      "total_fills": 303,
      "p95_slippage_bps": 9.141484717718312,
      "mean_slippage_bps": 4.159169974979484,
      "median_slippage_bps": 3.4362956756514738,
      "p99_slippage_bps": 21.97632617385598,
      "maker_ratio": 0.7,
      "fills_under_threshold": 294,
      "pct_under_threshold": 0.9702970297029703,
      "gate_status": "INSUFFICIENT_DATA",
      "reason": "need_2000_fills_have_303",
      "threshold_bps": 15.0,
      "min_sample_size": 2000
    },
    "NVDA_binance": {
      "total_fills": 320,
      "p95_slippage_bps": 10.231954298024181,
      "mean_slippage_bps": 4.192601519622738,
      "median_slippage_bps": 3.4729772357701734,
      "p99_slippage_bps": 18.42742143425966,
      "maker_ratio": 0.7,
      "fills_under_threshold": 309,
      "pct_under_threshold": 0.965625,
      "gate_status": "INSUFFICIENT_DATA",
      "reason": "need_2000_fills_have_320",
      "threshold_bps": 15.0,
      "min_sample_size": 2000
    },
    "NVDA_coinbase": {
      "total_fills": 317,
      "p95_slippage_bps": 8.65647036790465,
      "mean_slippage_bps": 3.9693531644279503,
      "median_slippage_bps": 3.5150655726740516,
      "p99_slippage_bps": 11.47758324872051,
      "maker_ratio": 0.7,
      "fills_under_threshold": 315,
      "pct_under_threshold": 0.9936908517350158,
      "gate_status": "INSUFFICIENT_DATA",
      "reason": "need_2000_fills_have_317",