{
  "timestamp": "2025-08-16T11:39:01.981297+00:00",
  "window_hours": 48,
  "threshold_bps": 15.0,
  "min_sample_size": 2000,
  "overall_metrics": {
    "total_fills": 2772,
    "p95_slippage_bps": 8.78577064040128,
    "mean_slippage_bps": 3.996140240202747,
    "median_slippage_bps": 3.5228444825714087,
    "p99_slippage_bps": 18.10924290610984,
    "maker_ratio": 0.7,
    "fills_under_threshold": 2729,
    "pct_under_threshold": 0.9844877344877345,
    "gate_status": "PASS",
    "reason": "criteria_met",
    "threshold_bps": 15.0,
    "min_sample_size": 2000
  },
  "breakdown_metrics": {
    "asset_NVDA": {
      "total_fills": 924,
      "p95_slippage_bps": 8.517958858725104,
      "mean_slippage_bps": 3.9722025877128027,
      "median_slippage_bps": 3.560264596636324,
      "p99_slippage_bps": 18.50030654145826,
      "maker_ratio": 0.7,
      "fills_under_threshold": 908,
      "pct_under_threshold": 0.9826839826839827,
      "gate_status": "INSUFFICIENT_DATA",
      "reason": "need_2000_fills_have_924",
      "threshold_bps": 15.0,
      "min_sample_size": 2000
    },
    "asset_ETH-USD": {
      "total_fills": 903,
      "p95_slippage_bps": 8.339255587417897,
      "mean_slippage_bps": 3.9474376488389527,
      "median_slippage_bps": 3.544070527394111,
      "p99_slippage_bps": 14.91007260173563,
      "maker_ratio": 0.7,
      "fills_under_threshold": 894,
      "pct_under_threshold": 0.9900332225913622,
      "gate_status": "INSUFFICIENT_DATA",
      "reason": "need_2000_fills_have_903",
      "threshold_bps": 15.0,
      "min_sample_size": 2000
    },
    "asset_BTC-USD": {
      "total_fills": 945,
      "p95_slippage_bps": 9.372515589993464,
      "mean_slippage_bps": 4.066083976607208,
      "median_slippage_bps": 3.484516287517613,
      "p99_slippage_bps": 18.58290066995833,
      "maker_ratio": 0.7,
      "fills_under_threshold": 927,
      "pct_under_threshold": 0.9809523809523809,
      "gate_status": "INSUFFICIENT_DATA",
      "reason": "need_2000_fills_have_945",
      "threshold_bps": 15.0,
      "min_sample_size": 2000
    },
    "venue_alpaca": {
      "total_fills": 944,
      "p95_slippage_bps": 8.867787260348447,
      "mean_slippage_bps": 3.9308218999298865,
      "median_slippage_bps": 3.459179374423782,
      "p99_slippage_bps": 18.165601474561555,
      "maker_ratio": 0.7,
      "fills_under_threshold": 929,
      "pct_under_threshold": 0.9841101694915254,
      "gate_status": "INSUFFICIENT_DATA",
      "reason": "need_2000_fills_have_944",
      "threshold_bps": 15.0,
      "min_sample_size": 2000
    },
    "venue_coinbase": {
      "total_fills": 898,
      "p95_slippage_bps": 8.53448378569678,
      "mean_slippage_bps": 4.013638166912067,
      "median_slippage_bps": 3.5484279456603907,
      "p99_slippage_bps": 17.47074437154201,
      "maker_ratio": 0.7,
      "fills_under_threshold": 886,
      "pct_under_threshold": 0.9866369710467706,
      "gate_status": "INSUFFICIENT_DATA",
      "reason": "need_2000_fills_have_898",
      "threshold_bps": 15.0,
      "min_sample_size": 2000
    },
    "venue_binance": {
      "total_fills": 930,
      "p95_slippage_bps": 8.78594394212092,
      "mean_slippage_bps": 4.045546019807706,
      "median_slippage_bps": 3.5705243829488498,
      "p99_slippage_bps": 18.050133398786212,
      "maker_ratio": 0.7,
      "fills_under_threshold": 914,
      "pct_under_threshold": 0.9827956989247312,
      "gate_status": "INSUFFICIENT_DATA",
      "reason": "need_2000_fills_have_930",
      "threshold_bps": 15.0,
      "min_sample_size": 2000
    },
    "BTC-USD_alpaca": {
      "total_fills": 330,
      "p95_slippage_bps": 8.551888447442485,
      "mean_slippage_bps": 3.8072403785058,
      "median_slippage_bps": 3.4593169110685835,
      "p99_slippage_bps": 14.781149454188053,
      "maker_ratio": 0.7,
      "fills_under_threshold": 326,
      "pct_under_threshold": 0.9878787878787879,
      "gate_status": "INSUFFICIENT_DATA",
      "reason": "need_2000_fills_have_330",
      "threshold_bps": 15.0,
      "min_sample_size": 2000
    },
    "BTC-USD_binance": {
      "total_fills": 312,
      "p95_slippage_bps": 9.55592188025924,
      "mean_slippage_bps": 4.1431960356309645,
      "median_slippage_bps": 3.4950550463932717,
      "p99_slippage_bps": 18.463314973663394,
      "maker_ratio": 0.7,
      "fills_under_threshold": 304,
      "pct_under_threshold": 0.9743589743589743,
      "gate_status": "INSUFFICIENT_DATA",
      "reason": "need_2000_fills_have_312",
      "threshold_bps": 15.0,
      "min_sample_size": 2000
    },
    "BTC-USD_coinbase": {
      "total_fills": 303,
      "p95_slippage_bps": 10.308806884976272,
      "mean_slippage_bps": 4.268590329604081,
      "median_slippage_bps": 3.486541503311019,
      "p99_slippage_bps": 19.394798259039533,
      "maker_ratio": 0.7,
      "fills_under_threshold": 297,
      "pct_under_threshold": 0.9801980198019802,
      "gate_status": "INSUFFICIENT_DATA",
      "reason": "need_2000_fills_have_303",
      "threshold_bps": 15.0,
      "min_sample_size": 2000
    },
    "ETH-USD_alpaca": {
      "total_fills": 325,
      "p95_slippage_bps": 8.491109090427956,
      "mean_slippage_bps": 3.905388317904762,
      "median_slippage_bps": 3.461537302688697,
      "p99_slippage_bps": 11.499960846618581,
      "maker_ratio": 0.7,
      "fills_under_threshold": 322,
      "pct_under_threshold": 0.9907692307692307,
      "gate_status": "INSUFFICIENT_DATA",
      "reason": "need_2000_fills_have_325",
      "threshold_bps": 15.0,
      "min_sample_size": 2000
    },
    "ETH-USD_binance": {
      "total_fills": 285,
      "p95_slippage_bps": 8.336756454138216,
      "mean_slippage_bps": 3.9990135192868492,
      "median_slippage_bps": 3.5584688844717802,
      "p99_slippage_bps": 17.26947944787453,
      "maker_ratio": 0.7,
      "fills_under_threshold": 281,
      "pct_under_threshold": 0.9859649122807017,
      "gate_status": "INSUFFICIENT_DATA",
      "reason": "need_2000_fills_have_285",
      "threshold_bps": 15.0,
      "min_sample_size": 2000
    },
    "ETH-USD_coinbase": {
      "total_fills": 293,
      "p95_slippage_bps": 7.671399531440197,
      "mean_slippage_bps": 3.943911742613565,
      "median_slippage_bps": 3.58978289174922,
      "p99_slippage_bps": 13.610161853150734,
      "maker_ratio": 0.7,
      "fills_under_threshold": 291,
      "pct_under_threshold": 0.9931740614334471,
      "gate_status": "INSUFFICIENT_DATA",
      "reason": "need_2000_fills_have_293",
      "threshold_bps": 15.0,
      "min_sample_size": 2000
    },
    "NVDA_alpaca": {
      "total_fills": 289,
      "p95_slippage_bps": 9.334282279638,
      "mean_slippage_bps": 4.100537527016787,
      "median_slippage_bps": 3.456821446158867,
      "p99_slippage_bps": 18.952540853274325,
      "maker_ratio": 0.7,
      "fills_under_threshold": 281,
      "pct_under_threshold": 0.972318339100346,
      "gate_status": "INSUFFICIENT_DATA",
      "reason": "need_2000_fills_have_289",
      "threshold_bps": 15.0,
      "min_sample_size": 2000
    },
    "NVDA_binance": {
      "total_fills": 333,
      "p95_slippage_bps": 8.371073419369626,
      "mean_slippage_bps": 3.9938792261488083,
      "median_slippage_bps": 3.64100388037511,
      "p99_slippage_bps": 15.41576551153493,
      "maker_ratio": 0.7,
      "fills_under_threshold": 329,
      "pct_under_threshold": 0.987987987987988,
      "gate_status": "INSUFFICIENT_DATA",
      "reason": "need_2000_fills_have_333",
      "threshold_bps": 15.0,
      "min_sample_size": 2000
    },
    "NVDA_coinbase": {
      "total_fills": 302,
      "p95_slippage_bps": 7.754962407667489,
      "mean_slippage_bps": 3.8254902762623337,
      "median_slippage_bps": 3.5771601856459396,
      "p99_slippage_bps": 16.297711941217838,
      "maker_ratio": 0.7,
      "fills_under_threshold": 298,
      "pct_under_threshold": 0.9867549668874173,
      "gate_status": "INSUFFICIENT_DATA",
      "reason": "need_2000_fills_have_302",