{
  "timestamp": "2025-08-15T08:13:05.139169+00:00",
  "window_hours": 48,
  "threshold_bps": 15.0,
  "min_sample_size": 2000,
  "overall_metrics": {
    "total_fills": 3000,
    "p95_slippage_bps": 37.38371670041375,
    "mean_slippage_bps": 16.513156689498146,
    "median_slippage_bps": 13.748515633799034,
    "p99_slippage_bps": 62.15432188812143,
    "maker_ratio": 0.7006666666666667,
    "fills_under_threshold": 1660,
    "pct_under_threshold": 0.5533333333333333,
    "gate_status": "FAIL",
    "reason": "p95_37.4bp_exceeds_15.0bp",
    "threshold_bps": 15.0,
    "min_sample_size": 2000
  },
  "breakdown_metrics": {
    "asset_NVDA": {
      "total_fills": 760,
      "p95_slippage_bps": 36.13700398125375,
      "mean_slippage_bps": 16.089270148891522,
      "median_slippage_bps": 13.682617648410066,
      "p99_slippage_bps": 58.71722808652414,
      "maker_ratio": 0.718421052631579,
      "fills_under_threshold": 413,
      "pct_under_threshold": 0.5434210526315789,
      "gate_status": "INSUFFICIENT_DATA",
      "reason": "need_2000_fills_have_760",
      "threshold_bps": 15.0,
      "min_sample_size": 2000
    },
    "asset_BTC-USD": {
      "total_fills": 727,
      "p95_slippage_bps": 37.12732158348554,
      "mean_slippage_bps": 16.307184286648116,
      "median_slippage_bps": 13.304699505970026,
      "p99_slippage_bps": 61.470036292457806,
      "maker_ratio": 0.7125171939477304,
      "fills_under_threshold": 424,
      "pct_under_threshold": 0.5832187070151307,
      "gate_status": "INSUFFICIENT_DATA",
      "reason": "need_2000_fills_have_727",
      "threshold_bps": 15.0,
      "min_sample_size": 2000
    },
    "asset_ETH-USD": {
      "total_fills": 775,
      "p95_slippage_bps": 39.157322231316606,
      "mean_slippage_bps": 17.07743720584091,
      "median_slippage_bps": 13.9034042838749,
      "p99_slippage_bps": 65.49604781944483,
      "maker_ratio": 0.6838709677419355,
      "fills_under_threshold": 426,
      "pct_under_threshold": 0.5496774193548387,
      "gate_status": "INSUFFICIENT_DATA",
      "reason": "need_2000_fills_have_775",
      "threshold_bps": 15.0,
      "min_sample_size": 2000
    },
    "asset_SOL-USD": {
      "total_fills": 738,
      "p95_slippage_bps": 37.589362811185694,
      "mean_slippage_bps": 16.560010764792676,
      "median_slippage_bps": 13.99330975290974,
      "p99_slippage_bps": 64.3218977897566,
      "maker_ratio": 0.6883468834688347,
      "fills_under_threshold": 397,
      "pct_under_threshold": 0.537940379403794,
      "gate_status": "INSUFFICIENT_DATA",
      "reason": "need_2000_fills_have_738",
      "threshold_bps": 15.0,
      "min_sample_size": 2000
    },
    "venue_alpaca": {
      "total_fills": 1118,
      "p95_slippage_bps": 37.07699681704904,
      "mean_slippage_bps": 16.375260083229826,
      "median_slippage_bps": 13.532331162908411,
      "p99_slippage_bps": 60.459183067893,
      "maker_ratio": 0.7164579606440071,
      "fills_under_threshold": 626,
      "pct_under_threshold": 0.5599284436493739,
      "gate_status": "INSUFFICIENT_DATA",
      "reason": "need_2000_fills_have_1118",
      "threshold_bps": 15.0,
      "min_sample_size": 2000
    },
    "venue_coinbase": {
      "total_fills": 1144,
      "p95_slippage_bps": 37.38431245393695,
      "mean_slippage_bps": 16.577003696539627,
      "median_slippage_bps": 13.644924685990487,
      "p99_slippage_bps": 62.274850233740494,
      "maker_ratio": 0.7019230769230769,
      "fills_under_threshold": 628,
      "pct_under_threshold": 0.548951048951049,
      "gate_status": "INSUFFICIENT_DATA",
      "reason": "need_2000_fills_have_1144",
      "threshold_bps": 15.0,
      "min_sample_size": 2000
    },
    "venue_binance": {
      "total_fills": 738,
      "p95_slippage_bps": 37.46253610739066,
      "mean_slippage_bps": 16.623085456100483,
      "median_slippage_bps": 14.011225939177093,
      "p99_slippage_bps": 66.64260319805395,
      "maker_ratio": 0.6747967479674797,
      "fills_under_threshold": 406,
      "pct_under_threshold": 0.5501355013550135,
      "gate_status": "INSUFFICIENT_DATA",
      "reason": "need_2000_fills_have_738",
      "threshold_bps": 15.0,
      "min_sample_size": 2000
    },
    "BTC-USD_alpaca": {
      "total_fills": 237,
      "p95_slippage_bps": 37.18807900062821,
      "mean_slippage_bps": 16.342057280224562,
      "median_slippage_bps": 13.296539572639247,
      "p99_slippage_bps": 61.41785716466463,
      "maker_ratio": 0.7172995780590717,
      "fills_under_threshold": 141,
      "pct_under_threshold": 0.5949367088607594,
      "gate_status": "INSUFFICIENT_DATA",
      "reason": "need_2000_fills_have_237",
      "threshold_bps": 15.0,
      "min_sample_size": 2000
    },
    "BTC-USD_binance": {
      "total_fills": 229,
      "p95_slippage_bps": 36.81922189884174,
      "mean_slippage_bps": 15.80879854407172,
      "median_slippage_bps": 13.43687661526941,
      "p99_slippage_bps": 56.57107580925102,
      "maker_ratio": 0.7030567685589519,
      "fills_under_threshold": 135,
      "pct_under_threshold": 0.5895196506550219,
      "gate_status": "INSUFFICIENT_DATA",
      "reason": "need_2000_fills_have_229",
      "threshold_bps": 15.0,
      "min_sample_size": 2000
    },
    "BTC-USD_coinbase": {
      "total_fills": 261,
      "p95_slippage_bps": 37.1515504630129,
      "mean_slippage_bps": 16.712798982327715,
      "median_slippage_bps": 13.290000100158135,
      "p99_slippage_bps": 59.42772786981126,
      "maker_ratio": 0.7164750957854407,
      "fills_under_threshold": 148,
      "pct_under_threshold": 0.5670498084291188,
      "gate_status": "INSUFFICIENT_DATA",
      "reason": "need_2000_fills_have_261",
      "threshold_bps": 15.0,
      "min_sample_size": 2000
    },
    "ETH-USD_alpaca": {
      "total_fills": 261,
      "p95_slippage_bps": 39.3112878514345,
      "mean_slippage_bps": 17.254801669186357,
      "median_slippage_bps": 13.793005162534097,
      "p99_slippage_bps": 67.99480626834904,
      "maker_ratio": 0.7241379310344828,
      "fills_under_threshold": 146,
      "pct_under_threshold": 0.5593869731800766,
      "gate_status": "INSUFFICIENT_DATA",
      "reason": "need_2000_fills_have_261",
      "threshold_bps": 15.0,
      "min_sample_size": 2000
    },
    "ETH-USD_binance": {
      "total_fills": 252,
      "p95_slippage_bps": 36.736119403195666,
      "mean_slippage_bps": 16.937358225931828,
      "median_slippage_bps": 14.262957116535546,
      "p99_slippage_bps": 63.36247584389348,
      "maker_ratio": 0.6428571428571429,
      "fills_under_threshold": 135,
      "pct_under_threshold": 0.5357142857142857,
      "gate_status": "INSUFFICIENT_DATA",
      "reason": "need_2000_fills_have_252",
      "threshold_bps": 15.0,
      "min_sample_size": 2000
    },
    "ETH-USD_coinbase": {
      "total_fills": 262,
      "p95_slippage_bps": 39.44797860619801,
      "mean_slippage_bps": 17.035482160054368,
      "median_slippage_bps": 13.816544448141524,
      "p99_slippage_bps": 61.9190048396333,
      "maker_ratio": 0.683206106870229,
      "fills_under_threshold": 145,
      "pct_under_threshold": 0.5534351145038168,
      "gate_status": "INSUFFICIENT_DATA",
      "reason": "need_2000_fills_have_262",
      "threshold_bps": 15.0,
      "min_sample_size": 2000
    },
    "NVDA_alpaca": {
      "total_fills": 387,
      "p95_slippage_bps": 34.50317935642588,
      "mean_slippage_bps": 15.98728834580909,
      "median_slippage_bps": 13.657181978938338,
      "p99_slippage_bps": 58.61014242102041,
      "maker_ratio": 0.7364341085271318,
      "fills_under_threshold": 212,
      "pct_under_threshold": 0.5478036175710594,
      "gate_status": "INSUFFICIENT_DATA",
      "reason": "need_2000_fills_have_387",
      "threshold_bps": 15.0,
      "min_sample_size": 2000
    },
    "NVDA_coinbase": {
      "total_fills": 373,
      "p95_slippage_bps": 36.46138294312132,
      "mean_slippage_bps": 16.195079687210292,
      "median_slippage_bps": 13.753619146413017,