{
  "timestamp": "2025-08-16T17:31:44.410632+00:00",
  "window_hours": 48,
  "threshold_bps": 15.0,
  "min_sample_size": 2000,
  "overall_metrics": {
    "total_fills": 2751,
    "p95_slippage_bps": 9.124110705387064,
    "mean_slippage_bps": 4.043539526857556,
    "median_slippage_bps": 3.400169957918064,
    "p99_slippage_bps": 18.346113000404145,
    "maker_ratio": 0.7,
    "fills_under_threshold": 2698,
    "pct_under_threshold": 0.9807342784442021,
    "gate_status": "PASS",
    "reason": "criteria_met",
    "threshold_bps": 15.0,
    "min_sample_size": 2000
  },
  "breakdown_metrics": {
    "asset_ETH-USD": {
      "total_fills": 930,
      "p95_slippage_bps": 9.327269822961153,
      "mean_slippage_bps": 4.051472240625783,
      "median_slippage_bps": 3.3677459613826617,
      "p99_slippage_bps": 17.995207426754693,
      "maker_ratio": 0.7,
      "fills_under_threshold": 913,
      "pct_under_threshold": 0.9817204301075269,
      "gate_status": "INSUFFICIENT_DATA",
      "reason": "need_2000_fills_have_930",
      "threshold_bps": 15.0,
      "min_sample_size": 2000
    },
    "asset_BTC-USD": {
      "total_fills": 962,
      "p95_slippage_bps": 9.402377038623221,
      "mean_slippage_bps": 4.085757149526703,
      "median_slippage_bps": 3.3403263452673366,
      "p99_slippage_bps": 19.506614189096776,
      "maker_ratio": 0.7,
      "fills_under_threshold": 942,
      "pct_under_threshold": 0.9792099792099792,
      "gate_status": "INSUFFICIENT_DATA",
      "reason": "need_2000_fills_have_962",
      "threshold_bps": 15.0,
      "min_sample_size": 2000
    },
    "asset_NVDA": {
      "total_fills": 859,
      "p95_slippage_bps": 8.88298218662462,
      "mean_slippage_bps": 3.9876713349923976,
      "median_slippage_bps": 3.4830635974508937,
      "p99_slippage_bps": 18.274312895036346,
      "maker_ratio": 0.7,
      "fills_under_threshold": 843,
      "pct_under_threshold": 0.9813736903376019,
      "gate_status": "INSUFFICIENT_DATA",
      "reason": "need_2000_fills_have_859",
      "threshold_bps": 15.0,
      "min_sample_size": 2000
    },
    "venue_coinbase": {
      "total_fills": 969,
      "p95_slippage_bps": 9.02623324070949,
      "mean_slippage_bps": 4.083993331769833,
      "median_slippage_bps": 3.4092388703224077,
      "p99_slippage_bps": 18.28123542930075,
      "maker_ratio": 0.7,
      "fills_under_threshold": 950,
      "pct_under_threshold": 0.9803921568627451,
      "gate_status": "INSUFFICIENT_DATA",
      "reason": "need_2000_fills_have_969",
      "threshold_bps": 15.0,
      "min_sample_size": 2000
    },
    "venue_binance": {
      "total_fills": 928,
      "p95_slippage_bps": 9.324702342444699,
      "mean_slippage_bps": 4.028350038696948,
      "median_slippage_bps": 3.357425296053213,
      "p99_slippage_bps": 19.16912603814119,
      "maker_ratio": 0.7,
      "fills_under_threshold": 905,
      "pct_under_threshold": 0.9752155172413793,
      "gate_status": "INSUFFICIENT_DATA",
      "reason": "need_2000_fills_have_928",
      "threshold_bps": 15.0,
      "min_sample_size": 2000
    },
    "venue_alpaca": {
      "total_fills": 854,
      "p95_slippage_bps": 9.002129529825925,
      "mean_slippage_bps": 4.014143868840048,
      "median_slippage_bps": 3.4265657728950556,
      "p99_slippage_bps": 17.965675892303256,
      "maker_ratio": 0.7,
      "fills_under_threshold": 843,
      "pct_under_threshold": 0.9871194379391101,
      "gate_status": "INSUFFICIENT_DATA",
      "reason": "need_2000_fills_have_854",
      "threshold_bps": 15.0,
      "min_sample_size": 2000
    },
    "BTC-USD_alpaca": {
      "total_fills": 289,
      "p95_slippage_bps": 9.179040080377165,
      "mean_slippage_bps": 4.200433320922124,
      "median_slippage_bps": 3.4676121549212047,
      "p99_slippage_bps": 20.769170115566418,
      "maker_ratio": 0.7,
      "fills_under_threshold": 284,
      "pct_under_threshold": 0.9826989619377162,
      "gate_status": "INSUFFICIENT_DATA",
      "reason": "need_2000_fills_have_289",
      "threshold_bps": 15.0,
      "min_sample_size": 2000
    },
    "BTC-USD_binance": {
      "total_fills": 339,
      "p95_slippage_bps": 10.18865268871848,
      "mean_slippage_bps": 4.0536145088375575,
      "median_slippage_bps": 3.131526319928997,
      "p99_slippage_bps": 18.73742406593918,
      "maker_ratio": 0.7,
      "fills_under_threshold": 330,
      "pct_under_threshold": 0.9734513274336283,
      "gate_status": "INSUFFICIENT_DATA",
      "reason": "need_2000_fills_have_339",
      "threshold_bps": 15.0,
      "min_sample_size": 2000
    },
    "BTC-USD_coinbase": {
      "total_fills": 334,
      "p95_slippage_bps": 8.588725462214034,
      "mean_slippage_bps": 4.019155178449889,
      "median_slippage_bps": 3.3855467927089276,
      "p99_slippage_bps": 17.262967877582245,
      "maker_ratio": 0.7,
      "fills_under_threshold": 328,
      "pct_under_threshold": 0.9820359281437125,
      "gate_status": "INSUFFICIENT_DATA",
      "reason": "need_2000_fills_have_334",
      "threshold_bps": 15.0,
      "min_sample_size": 2000
    },
    "ETH-USD_alpaca": {
      "total_fills": 291,
      "p95_slippage_bps": 9.164450679481941,
      "mean_slippage_bps": 3.8736429508286983,
      "median_slippage_bps": 3.2696862006353293,
      "p99_slippage_bps": 13.202782057957627,
      "maker_ratio": 0.7,
      "fills_under_threshold": 289,
      "pct_under_threshold": 0.993127147766323,
      "gate_status": "INSUFFICIENT_DATA",
      "reason": "need_2000_fills_have_291",
      "threshold_bps": 15.0,
      "min_sample_size": 2000
    },
    "ETH-USD_binance": {
      "total_fills": 289,
      "p95_slippage_bps": 9.853571798473599,
      "mean_slippage_bps": 4.134244032537475,
      "median_slippage_bps": 3.294101202298042,
      "p99_slippage_bps": 21.71194892255627,
      "maker_ratio": 0.7,
      "fills_under_threshold": 279,
      "pct_under_threshold": 0.9653979238754326,
      "gate_status": "INSUFFICIENT_DATA",
      "reason": "need_2000_fills_have_289",
      "threshold_bps": 15.0,
      "min_sample_size": 2000
    },
    "ETH-USD_coinbase": {
      "total_fills": 350,
      "p95_slippage_bps": 9.161626435312947,
      "mean_slippage_bps": 4.130978741964277,
      "median_slippage_bps": 3.5902544054245977,
      "p99_slippage_bps": 17.180841404948914,
      "maker_ratio": 0.7,
      "fills_under_threshold": 345,
      "pct_under_threshold": 0.9857142857142858,
      "gate_status": "INSUFFICIENT_DATA",
      "reason": "need_2000_fills_have_350",
      "threshold_bps": 15.0,
      "min_sample_size": 2000
    },
    "NVDA_alpaca": {
      "total_fills": 274,
      "p95_slippage_bps": 8.7767830889634,
      "mean_slippage_bps": 3.9668742173421725,
      "median_slippage_bps": 3.5194042213411927,
      "p99_slippage_bps": 16.1050737310007,
      "maker_ratio": 0.7,
      "fills_under_threshold": 270,
      "pct_under_threshold": 0.9854014598540146,
      "gate_status": "INSUFFICIENT_DATA",
      "reason": "need_2000_fills_have_274",
      "threshold_bps": 15.0,
      "min_sample_size": 2000
    },
    "NVDA_binance": {
      "total_fills": 300,
      "p95_slippage_bps": 8.88277280027573,
      "mean_slippage_bps": 3.8977899733716868,
      "median_slippage_bps": 3.5524414980001477,
      "p99_slippage_bps": 15.452970251528537,
      "maker_ratio": 0.7,
      "fills_under_threshold": 296,
      "pct_under_threshold": 0.9866666666666667,
      "gate_status": "INSUFFICIENT_DATA",
      "reason": "need_2000_fills_have_300",
      "threshold_bps": 15.0,
      "min_sample_size": 2000
    },
    "NVDA_coinbase": {
      "total_fills": 285,
      "p95_slippage_bps": 8.939793547949789,
      "mean_slippage_bps": 4.102277716474415,
      "median_slippage_bps": 3.360892199963002,
      "p99_slippage_bps": 20.083276698018853,
      "maker_ratio": 0.7,
      "fills_under_threshold": 277,
      "pct_under_threshold": 0.9719298245614035,
      "gate_status": "INSUFFICIENT_DATA",
      "reason": "need_2000_fills_have_285",