{
  "timestamp": "2025-08-16T08:21:50.353127+00:00",
  "window_hours": 48,
  "threshold_bps": 15.0,
  "min_sample_size": 2000,
  "overall_metrics": {
    "total_fills": 2615,
    "p95_slippage_bps": 9.560008698510678,
    "mean_slippage_bps": 4.093417682558455,
    "median_slippage_bps": 3.4350572018052454,
    "p99_slippage_bps": 19.205889954532044,
    "maker_ratio": 0.7,
    "fills_under_threshold": 2545,
    "pct_under_threshold": 0.9732313575525813,
    "gate_status": "PASS",
    "reason": "criteria_met",
    "threshold_bps": 15.0,
    "min_sample_size": 2000
  },
  "breakdown_metrics": {
    "asset_NVDA": {
      "total_fills": 891,
      "p95_slippage_bps": 9.336346667423882,
      "mean_slippage_bps": 3.9507908593773684,
      "median_slippage_bps": 3.3213803522402463,
      "p99_slippage_bps": 18.36708359041922,
      "maker_ratio": 0.7,
      "fills_under_threshold": 868,
      "pct_under_threshold": 0.9741863075196409,
      "gate_status": "INSUFFICIENT_DATA",
      "reason": "need_2000_fills_have_891",
      "threshold_bps": 15.0,
      "min_sample_size": 2000
    },
    "asset_ETH-USD": {
      "total_fills": 902,
      "p95_slippage_bps": 10.416777084260213,
      "mean_slippage_bps": 4.243335485736016,
      "median_slippage_bps": 3.5257222303438587,
      "p99_slippage_bps": 20.249140868587435,
      "maker_ratio": 0.7,
      "fills_under_threshold": 875,
      "pct_under_threshold": 0.9700665188470067,
      "gate_status": "INSUFFICIENT_DATA",
      "reason": "need_2000_fills_have_902",
      "threshold_bps": 15.0,
      "min_sample_size": 2000
    },
    "asset_BTC-USD": {
      "total_fills": 822,
      "p95_slippage_bps": 9.177710262337746,
      "mean_slippage_bps": 4.083508486680341,
      "median_slippage_bps": 3.4540786667879866,
      "p99_slippage_bps": 19.8498651823862,
      "maker_ratio": 0.7,
      "fills_under_threshold": 802,
      "pct_under_threshold": 0.975669099756691,
      "gate_status": "INSUFFICIENT_DATA",
      "reason": "need_2000_fills_have_822",
      "threshold_bps": 15.0,
      "min_sample_size": 2000
    },
    "venue_alpaca": {
      "total_fills": 873,
      "p95_slippage_bps": 10.098074850014427,
      "mean_slippage_bps": 4.122754239143546,
      "median_slippage_bps": 3.378211955965228,
      "p99_slippage_bps": 17.60853395046515,
      "maker_ratio": 0.7,
      "fills_under_threshold": 849,
      "pct_under_threshold": 0.9725085910652921,
      "gate_status": "INSUFFICIENT_DATA",
      "reason": "need_2000_fills_have_873",
      "threshold_bps": 15.0,
      "min_sample_size": 2000
    },
    "venue_coinbase": {
      "total_fills": 885,
      "p95_slippage_bps": 9.535374748479489,
      "mean_slippage_bps": 4.057509289838147,
      "median_slippage_bps": 3.476708465444897,
      "p99_slippage_bps": 20.018217450419726,
      "maker_ratio": 0.7,
      "fills_under_threshold": 862,
      "pct_under_threshold": 0.9740112994350283,
      "gate_status": "INSUFFICIENT_DATA",
      "reason": "need_2000_fills_have_885",
      "threshold_bps": 15.0,
      "min_sample_size": 2000
    },
    "venue_binance": {
      "total_fills": 857,
      "p95_slippage_bps": 8.94883723752855,
      "mean_slippage_bps": 4.100615014715619,
      "median_slippage_bps": 3.4574420744379823,
      "p99_slippage_bps": 20.60006309406587,
      "maker_ratio": 0.7,
      "fills_under_threshold": 834,
      "pct_under_threshold": 0.9731621936989499,
      "gate_status": "INSUFFICIENT_DATA",
      "reason": "need_2000_fills_have_857",
      "threshold_bps": 15.0,
      "min_sample_size": 2000
    },
    "BTC-USD_alpaca": {
      "total_fills": 265,
      "p95_slippage_bps": 9.502925813986232,
      "mean_slippage_bps": 4.242230263051284,
      "median_slippage_bps": 3.407702879445954,
      "p99_slippage_bps": 19.39608880628185,
      "maker_ratio": 0.7,
      "fills_under_threshold": 255,
      "pct_under_threshold": 0.9622641509433962,
      "gate_status": "INSUFFICIENT_DATA",
      "reason": "need_2000_fills_have_265",
      "threshold_bps": 15.0,
      "min_sample_size": 2000
    },
    "BTC-USD_binance": {
      "total_fills": 276,
      "p95_slippage_bps": 7.827924171519369,
      "mean_slippage_bps": 3.7065584437894685,
      "median_slippage_bps": 3.28496755819371,
      "p99_slippage_bps": 12.190061571086325,
      "maker_ratio": 0.7,
      "fills_under_threshold": 274,
      "pct_under_threshold": 0.9927536231884058,
      "gate_status": "INSUFFICIENT_DATA",
      "reason": "need_2000_fills_have_276",
      "threshold_bps": 15.0,
      "min_sample_size": 2000
    },
    "BTC-USD_coinbase": {
      "total_fills": 281,
      "p95_slippage_bps": 10.035039493657061,
      "mean_slippage_bps": 4.304066995931517,
      "median_slippage_bps": 3.6987538403775124,
      "p99_slippage_bps": 20.6366219004592,
      "maker_ratio": 0.7,
      "fills_under_threshold": 273,
      "pct_under_threshold": 0.9715302491103203,
      "gate_status": "INSUFFICIENT_DATA",
      "reason": "need_2000_fills_have_281",
      "threshold_bps": 15.0,
      "min_sample_size": 2000
    },
    "ETH-USD_alpaca": {
      "total_fills": 314,
      "p95_slippage_bps": 10.193057026398415,
      "mean_slippage_bps": 4.112434400971115,
      "median_slippage_bps": 3.441268494442329,
      "p99_slippage_bps": 17.06979048604995,
      "maker_ratio": 0.7,
      "fills_under_threshold": 307,
      "pct_under_threshold": 0.9777070063694268,
      "gate_status": "INSUFFICIENT_DATA",
      "reason": "need_2000_fills_have_314",
      "threshold_bps": 15.0,
      "min_sample_size": 2000
    },
    "ETH-USD_binance": {
      "total_fills": 285,
      "p95_slippage_bps": 13.400737956521214,
      "mean_slippage_bps": 4.579626109460259,
      "median_slippage_bps": 3.6314518099239352,
      "p99_slippage_bps": 21.380785024285032,
      "maker_ratio": 0.7,
      "fills_under_threshold": 273,
      "pct_under_threshold": 0.9578947368421052,
      "gate_status": "INSUFFICIENT_DATA",
      "reason": "need_2000_fills_have_285",
      "threshold_bps": 15.0,
      "min_sample_size": 2000
    },
    "ETH-USD_coinbase": {
      "total_fills": 303,
      "p95_slippage_bps": 9.589478356693775,
      "mean_slippage_bps": 4.0626757921874015,
      "median_slippage_bps": 3.512511974057906,
      "p99_slippage_bps": 17.543212334574868,
      "maker_ratio": 0.7,
      "fills_under_threshold": 295,
      "pct_under_threshold": 0.9735973597359736,
      "gate_status": "INSUFFICIENT_DATA",
      "reason": "need_2000_fills_have_303",
      "threshold_bps": 15.0,
      "min_sample_size": 2000
    },
    "NVDA_alpaca": {
      "total_fills": 294,
      "p95_slippage_bps": 10.113817427803722,
      "mean_slippage_bps": 4.026085133193183,
      "median_slippage_bps": 3.27957191087684,
      "p99_slippage_bps": 16.389028924239827,
      "maker_ratio": 0.7,
      "fills_under_threshold": 287,
      "pct_under_threshold": 0.9761904761904762,
      "gate_status": "INSUFFICIENT_DATA",
      "reason": "need_2000_fills_have_294",
      "threshold_bps": 15.0,
      "min_sample_size": 2000
    },
    "NVDA_binance": {
      "total_fills": 296,
      "p95_slippage_bps": 9.011438446299787,
      "mean_slippage_bps": 4.00683613489601,
      "median_slippage_bps": 3.439409371556817,
      "p99_slippage_bps": 19.303471987867006,
      "maker_ratio": 0.7,
      "fills_under_threshold": 287,
      "pct_under_threshold": 0.9695945945945946,
      "gate_status": "INSUFFICIENT_DATA",
      "reason": "need_2000_fills_have_296",
      "threshold_bps": 15.0,
      "min_sample_size": 2000
    },
    "NVDA_coinbase": {
      "total_fills": 301,
      "p95_slippage_bps": 8.845961079951,
      "mean_slippage_bps": 3.8221333243097035,
      "median_slippage_bps": 3.263523477091261,
      "p99_slippage_bps": 18.828248829348816,
      "maker_ratio": 0.7,
      "fills_under_threshold": 294,
      "pct_under_threshold": 0.9767441860465116,
      "gate_status": "INSUFFICIENT_DATA",
      "reason": "need_2000_fills_have_301",