{
  "timestamp": "2025-08-16T15:42:48.771530+00:00",
  "window_hours": 48,
  "threshold_bps": 15.0,
  "min_sample_size": 2000,
  "overall_metrics": {
    "total_fills": 2747,
    "p95_slippage_bps": 9.18581475348905,
    "mean_slippage_bps": 4.032181785241805,
    "median_slippage_bps": 3.4448383308097967,
    "p99_slippage_bps": 18.00847222140601,
    "maker_ratio": 0.7,
    "fills_under_threshold": 2695,
    "pct_under_threshold": 0.9810702584637787,
    "gate_status": "PASS",
    "reason": "criteria_met",
    "threshold_bps": 15.0,
    "min_sample_size": 2000
  },
  "breakdown_metrics": {
    "asset_BTC-USD": {
      "total_fills": 911,
      "p95_slippage_bps": 9.24587565536979,
      "mean_slippage_bps": 4.054866434283991,
      "median_slippage_bps": 3.3532702253425164,
      "p99_slippage_bps": 17.326342168994493,
      "maker_ratio": 0.7,
      "fills_under_threshold": 892,
      "pct_under_threshold": 0.9791437980241493,
      "gate_status": "INSUFFICIENT_DATA",
      "reason": "need_2000_fills_have_911",
      "threshold_bps": 15.0,
      "min_sample_size": 2000
    },
    "asset_ETH-USD": {
      "total_fills": 913,
      "p95_slippage_bps": 9.110832918295044,
      "mean_slippage_bps": 4.01387767532342,
      "median_slippage_bps": 3.4211392133818723,
      "p99_slippage_bps": 18.202625761053547,
      "maker_ratio": 0.7,
      "fills_under_threshold": 895,
      "pct_under_threshold": 0.9802847754654983,
      "gate_status": "INSUFFICIENT_DATA",
      "reason": "need_2000_fills_have_913",
      "threshold_bps": 15.0,
      "min_sample_size": 2000
    },
    "asset_NVDA": {
      "total_fills": 923,
      "p95_slippage_bps": 9.003911672672258,
      "mean_slippage_bps": 4.027897860082602,
      "median_slippage_bps": 3.4936308129349682,
      "p99_slippage_bps": 17.37025836073039,
      "maker_ratio": 0.7,
      "fills_under_threshold": 908,
      "pct_under_threshold": 0.9837486457204767,
      "gate_status": "INSUFFICIENT_DATA",
      "reason": "need_2000_fills_have_923",
      "threshold_bps": 15.0,
      "min_sample_size": 2000
    },
    "venue_coinbase": {
      "total_fills": 909,
      "p95_slippage_bps": 9.334931101087946,
      "mean_slippage_bps": 4.174791933811296,
      "median_slippage_bps": 3.5433612864043345,
      "p99_slippage_bps": 17.997190033030698,
      "maker_ratio": 0.7,
      "fills_under_threshold": 891,
      "pct_under_threshold": 0.9801980198019802,
      "gate_status": "INSUFFICIENT_DATA",
      "reason": "need_2000_fills_have_909",
      "threshold_bps": 15.0,
      "min_sample_size": 2000
    },
    "venue_alpaca": {
      "total_fills": 933,
      "p95_slippage_bps": 8.697260279201767,
      "mean_slippage_bps": 3.937973080192295,
      "median_slippage_bps": 3.3881909323645356,
      "p99_slippage_bps": 18.279873352550837,
      "maker_ratio": 0.7,
      "fills_under_threshold": 913,
      "pct_under_threshold": 0.9785637727759914,
      "gate_status": "INSUFFICIENT_DATA",
      "reason": "need_2000_fills_have_933",
      "threshold_bps": 15.0,
      "min_sample_size": 2000
    },
    "venue_binance": {
      "total_fills": 905,
      "p95_slippage_bps": 9.348644342786002,
      "mean_slippage_bps": 3.986064765088796,
      "median_slippage_bps": 3.4097368827212753,
      "p99_slippage_bps": 17.18360174718538,
      "maker_ratio": 0.7,
      "fills_under_threshold": 891,
      "pct_under_threshold": 0.9845303867403314,
      "gate_status": "INSUFFICIENT_DATA",
      "reason": "need_2000_fills_have_905",
      "threshold_bps": 15.0,
      "min_sample_size": 2000
    },
    "BTC-USD_alpaca": {
      "total_fills": 304,
      "p95_slippage_bps": 9.580672834351743,
      "mean_slippage_bps": 3.9799307837525255,
      "median_slippage_bps": 3.204647147492925,
      "p99_slippage_bps": 16.718458869481097,
      "maker_ratio": 0.7,
      "fills_under_threshold": 297,
      "pct_under_threshold": 0.9769736842105263,
      "gate_status": "INSUFFICIENT_DATA",
      "reason": "need_2000_fills_have_304",
      "threshold_bps": 15.0,
      "min_sample_size": 2000
    },
    "BTC-USD_binance": {
      "total_fills": 289,
      "p95_slippage_bps": 7.736506065373541,
      "mean_slippage_bps": 3.842485866458638,
      "median_slippage_bps": 3.441292284047343,
      "p99_slippage_bps": 14.600829550783976,
      "maker_ratio": 0.7,
      "fills_under_threshold": 286,
      "pct_under_threshold": 0.9896193771626297,
      "gate_status": "INSUFFICIENT_DATA",
      "reason": "need_2000_fills_have_289",
      "threshold_bps": 15.0,
      "min_sample_size": 2000
    },
    "BTC-USD_coinbase": {
      "total_fills": 318,
      "p95_slippage_bps": 10.456729742331992,
      "mean_slippage_bps": 4.319515559639627,
      "median_slippage_bps": 3.4723848129674604,
      "p99_slippage_bps": 20.053250387238265,
      "maker_ratio": 0.7,
      "fills_under_threshold": 309,
      "pct_under_threshold": 0.9716981132075472,
      "gate_status": "INSUFFICIENT_DATA",
      "reason": "need_2000_fills_have_318",
      "threshold_bps": 15.0,
      "min_sample_size": 2000
    },
    "ETH-USD_alpaca": {
      "total_fills": 309,
      "p95_slippage_bps": 7.910034512336159,
      "mean_slippage_bps": 3.9007916191126917,
      "median_slippage_bps": 3.4211392133818723,
      "p99_slippage_bps": 19.99027500542018,
      "maker_ratio": 0.7,
      "fills_under_threshold": 302,
      "pct_under_threshold": 0.9773462783171522,
      "gate_status": "INSUFFICIENT_DATA",
      "reason": "need_2000_fills_have_309",
      "threshold_bps": 15.0,
      "min_sample_size": 2000
    },
    "ETH-USD_binance": {
      "total_fills": 307,
      "p95_slippage_bps": 9.34232223846638,
      "mean_slippage_bps": 3.933124585145883,
      "median_slippage_bps": 3.322478288632418,
      "p99_slippage_bps": 15.501305523890373,
      "maker_ratio": 0.7,
      "fills_under_threshold": 302,
      "pct_under_threshold": 0.9837133550488599,
      "gate_status": "INSUFFICIENT_DATA",
      "reason": "need_2000_fills_have_307",
      "threshold_bps": 15.0,
      "min_sample_size": 2000
    },
    "ETH-USD_coinbase": {
      "total_fills": 297,
      "p95_slippage_bps": 9.442921314332986,
      "mean_slippage_bps": 4.215004914561196,
      "median_slippage_bps": 3.592221492275579,
      "p99_slippage_bps": 17.391807031989114,
      "maker_ratio": 0.7,
      "fills_under_threshold": 291,
      "pct_under_threshold": 0.9797979797979798,
      "gate_status": "INSUFFICIENT_DATA",
      "reason": "need_2000_fills_have_297",
      "threshold_bps": 15.0,
      "min_sample_size": 2000
    },
    "NVDA_alpaca": {
      "total_fills": 320,
      "p95_slippage_bps": 8.604740876680829,
      "mean_slippage_bps": 3.9340166101650693,
      "median_slippage_bps": 3.4320326418617744,
      "p99_slippage_bps": 17.993334644723095,
      "maker_ratio": 0.7,
      "fills_under_threshold": 314,
      "pct_under_threshold": 0.98125,
      "gate_status": "INSUFFICIENT_DATA",
      "reason": "need_2000_fills_have_320",
      "threshold_bps": 15.0,
      "min_sample_size": 2000
    },
    "NVDA_binance": {
      "total_fills": 309,
      "p95_slippage_bps": 9.762389107808001,
      "mean_slippage_bps": 4.172948056178085,
      "median_slippage_bps": 3.5068728569006318,
      "p99_slippage_bps": 18.97243914219967,
      "maker_ratio": 0.7,
      "fills_under_threshold": 303,
      "pct_under_threshold": 0.9805825242718447,
      "gate_status": "INSUFFICIENT_DATA",
      "reason": "need_2000_fills_have_309",
      "threshold_bps": 15.0,
      "min_sample_size": 2000
    },
    "NVDA_coinbase": {
      "total_fills": 294,
      "p95_slippage_bps": 8.42737554131299,
      "mean_slippage_bps": 3.9776308171577917,
      "median_slippage_bps": 3.546601816198515,
      "p99_slippage_bps": 14.485855351161769,
      "maker_ratio": 0.7,
      "fills_under_threshold": 291,
      "pct_under_threshold": 0.9897959183673469,
      "gate_status": "INSUFFICIENT_DATA",
      "reason": "need_2000_fills_have_294",