{
  "timestamp": "2025-08-16T21:20:00.112626+00:00",
  "window_hours": 48,
  "threshold_bps": 15.0,
  "min_sample_size": 2000,
  "overall_metrics": {
    "total_fills": 2743,
    "p95_slippage_bps": 9.139333146029433,
    "mean_slippage_bps": 4.013605595232451,
    "median_slippage_bps": 3.445113147724296,
    "p99_slippage_bps": 17.49470676443981,
    "maker_ratio": 0.7,
    "fills_under_threshold": 2693,
    "pct_under_threshold": 0.98177178271965,
    "gate_status": "PASS",
    "reason": "criteria_met",
    "threshold_bps": 15.0,
    "min_sample_size": 2000
  },
  "breakdown_metrics": {
    "asset_ETH-USD": {
      "total_fills": 897,
      "p95_slippage_bps": 8.616474221067568,
      "mean_slippage_bps": 4.00629577006727,
      "median_slippage_bps": 3.4473985277368806,
      "p99_slippage_bps": 16.21469863380855,
      "maker_ratio": 0.7,
      "fills_under_threshold": 881,
      "pct_under_threshold": 0.9821627647714605,
      "gate_status": "INSUFFICIENT_DATA",
      "reason": "need_2000_fills_have_897",
      "threshold_bps": 15.0,
      "min_sample_size": 2000
    },
    "asset_NVDA": {
      "total_fills": 898,
      "p95_slippage_bps": 8.89412605197881,
      "mean_slippage_bps": 4.040091482271821,
      "median_slippage_bps": 3.4552328661617304,
      "p99_slippage_bps": 17.328466110236338,
      "maker_ratio": 0.7,
      "fills_under_threshold": 883,
      "pct_under_threshold": 0.9832962138084632,
      "gate_status": "INSUFFICIENT_DATA",
      "reason": "need_2000_fills_have_898",
      "threshold_bps": 15.0,
      "min_sample_size": 2000
    },
    "asset_BTC-USD": {
      "total_fills": 948,
      "p95_slippage_bps": 9.299560893296258,
      "mean_slippage_bps": 3.995433218240692,
      "median_slippage_bps": 3.44127913530447,
      "p99_slippage_bps": 18.26248339044964,
      "maker_ratio": 0.7,
      "fills_under_threshold": 929,
      "pct_under_threshold": 0.979957805907173,
      "gate_status": "INSUFFICIENT_DATA",
      "reason": "need_2000_fills_have_948",
      "threshold_bps": 15.0,
      "min_sample_size": 2000
    },
    "venue_alpaca": {
      "total_fills": 922,
      "p95_slippage_bps": 8.624961064760786,
      "mean_slippage_bps": 4.007537147221076,
      "median_slippage_bps": 3.5517672011651635,
      "p99_slippage_bps": 15.97577622067238,
      "maker_ratio": 0.7,
      "fills_under_threshold": 911,
      "pct_under_threshold": 0.9880694143167028,
      "gate_status": "INSUFFICIENT_DATA",
      "reason": "need_2000_fills_have_922",
      "threshold_bps": 15.0,
      "min_sample_size": 2000
    },
    "venue_binance": {
      "total_fills": 930,
      "p95_slippage_bps": 8.495432317250126,
      "mean_slippage_bps": 3.8636136864957753,
      "median_slippage_bps": 3.4055738449370963,
      "p99_slippage_bps": 17.516942614364616,
      "maker_ratio": 0.7,
      "fills_under_threshold": 913,
      "pct_under_threshold": 0.9817204301075269,
      "gate_status": "INSUFFICIENT_DATA",
      "reason": "need_2000_fills_have_930",
      "threshold_bps": 15.0,
      "min_sample_size": 2000
    },
    "venue_coinbase": {
      "total_fills": 891,
      "p95_slippage_bps": 10.06106463984078,
      "mean_slippage_bps": 4.176442390060279,
      "median_slippage_bps": 3.39743744928454,
      "p99_slippage_bps": 18.683537911737453,
      "maker_ratio": 0.7,
      "fills_under_threshold": 869,
      "pct_under_threshold": 0.9753086419753086,
      "gate_status": "INSUFFICIENT_DATA",
      "reason": "need_2000_fills_have_891",
      "threshold_bps": 15.0,
      "min_sample_size": 2000
    },
    "BTC-USD_alpaca": {
      "total_fills": 300,
      "p95_slippage_bps": 9.170378485280207,
      "mean_slippage_bps": 4.019538953510831,
      "median_slippage_bps": 3.627883816459101,
      "p99_slippage_bps": 11.419382149424445,
      "maker_ratio": 0.7,
      "fills_under_threshold": 299,
      "pct_under_threshold": 0.9966666666666667,
      "gate_status": "INSUFFICIENT_DATA",
      "reason": "need_2000_fills_have_300",
      "threshold_bps": 15.0,
      "min_sample_size": 2000
    },
    "BTC-USD_binance": {
      "total_fills": 328,
      "p95_slippage_bps": 8.116559470098053,
      "mean_slippage_bps": 3.9429818279368045,
      "median_slippage_bps": 3.422296092758389,
      "p99_slippage_bps": 18.276679943922602,
      "maker_ratio": 0.7,
      "fills_under_threshold": 318,
      "pct_under_threshold": 0.9695121951219512,
      "gate_status": "INSUFFICIENT_DATA",
      "reason": "need_2000_fills_have_328",
      "threshold_bps": 15.0,
      "min_sample_size": 2000
    },
    "BTC-USD_coinbase": {
      "total_fills": 320,
      "p95_slippage_bps": 9.891495419972111,
      "mean_slippage_bps": 4.0265967664864215,
      "median_slippage_bps": 3.211163647593309,
      "p99_slippage_bps": 19.976445698614814,
      "maker_ratio": 0.7,
      "fills_under_threshold": 312,
      "pct_under_threshold": 0.975,
      "gate_status": "INSUFFICIENT_DATA",
      "reason": "need_2000_fills_have_320",
      "threshold_bps": 15.0,
      "min_sample_size": 2000
    },
    "ETH-USD_alpaca": {
      "total_fills": 306,
      "p95_slippage_bps": 8.114317614861948,
      "mean_slippage_bps": 3.991794521540011,
      "median_slippage_bps": 3.5177213562864837,
      "p99_slippage_bps": 16.11979868339773,
      "maker_ratio": 0.7,
      "fills_under_threshold": 301,
      "pct_under_threshold": 0.9836601307189542,
      "gate_status": "INSUFFICIENT_DATA",
      "reason": "need_2000_fills_have_306",
      "threshold_bps": 15.0,
      "min_sample_size": 2000
    },
    "ETH-USD_binance": {
      "total_fills": 295,
      "p95_slippage_bps": 8.2289224339527,
      "mean_slippage_bps": 3.742702692551163,
      "median_slippage_bps": 3.2669411426498454,
      "p99_slippage_bps": 13.155147936659024,
      "maker_ratio": 0.7,
      "fills_under_threshold": 292,
      "pct_under_threshold": 0.9898305084745763,
      "gate_status": "INSUFFICIENT_DATA",
      "reason": "need_2000_fills_have_295",
      "threshold_bps": 15.0,
      "min_sample_size": 2000
    },
    "ETH-USD_coinbase": {
      "total_fills": 296,
      "p95_slippage_bps": 10.188733261437626,
      "mean_slippage_bps": 4.283989486001706,
      "median_slippage_bps": 3.6469373835495804,
      "p99_slippage_bps": 17.023428718081092,
      "maker_ratio": 0.7,
      "fills_under_threshold": 288,
      "pct_under_threshold": 0.972972972972973,
      "gate_status": "INSUFFICIENT_DATA",
      "reason": "need_2000_fills_have_296",
      "threshold_bps": 15.0,
      "min_sample_size": 2000
    },
    "NVDA_alpaca": {
      "total_fills": 316,
      "p95_slippage_bps": 8.496405870062407,
      "mean_slippage_bps": 4.011387468649811,
      "median_slippage_bps": 3.524774326004608,
      "p99_slippage_bps": 17.068733607307173,
      "maker_ratio": 0.7,
      "fills_under_threshold": 311,
      "pct_under_threshold": 0.9841772151898734,
      "gate_status": "INSUFFICIENT_DATA",
      "reason": "need_2000_fills_have_316",
      "threshold_bps": 15.0,
      "min_sample_size": 2000
    },
    "NVDA_binance": {
      "total_fills": 307,
      "p95_slippage_bps": 8.919597267222747,
      "mean_slippage_bps": 3.8950012852612574,
      "median_slippage_bps": 3.4261123666847446,
      "p99_slippage_bps": 15.251329899524881,
      "maker_ratio": 0.7,
      "fills_under_threshold": 303,
      "pct_under_threshold": 0.9869706840390879,
      "gate_status": "INSUFFICIENT_DATA",
      "reason": "need_2000_fills_have_307",
      "threshold_bps": 15.0,
      "min_sample_size": 2000
    },
    "NVDA_coinbase": {
      "total_fills": 275,
      "p95_slippage_bps": 9.722552197799553,
      "mean_slippage_bps": 4.235048423314723,
      "median_slippage_bps": 3.456448846124451,
      "p99_slippage_bps": 18.78298697826498,
      "maker_ratio": 0.7,
      "fills_under_threshold": 269,
      "pct_under_threshold": 0.9781818181818182,
      "gate_status": "INSUFFICIENT_DATA",
      "reason": "need_2000_fills_have_275",