{
  "timestamp": "2025-08-15T09:01:14.849293+00:00",
  "window_hours": 48,
  "threshold_bps": 15.0,
  "min_sample_size": 2000,
  "overall_metrics": {
    "total_fills": 3000,
    "p95_slippage_bps": 37.42425146311511,
    "mean_slippage_bps": 16.29994304768512,
    "median_slippage_bps": 13.646574879008568,
    "p99_slippage_bps": 61.43342440833738,
    "maker_ratio": 0.699,
    "fills_under_threshold": 1673,
    "pct_under_threshold": 0.5576666666666666,
    "gate_status": "FAIL",
    "reason": "p95_37.4bp_exceeds_15.0bp",
    "threshold_bps": 15.0,
    "min_sample_size": 2000
  },
  "breakdown_metrics": {
    "asset_BTC-USD": {
      "total_fills": 769,
      "p95_slippage_bps": 41.862548043836405,
      "mean_slippage_bps": 16.824926989169136,
      "median_slippage_bps": 13.851856558251125,
      "p99_slippage_bps": 63.49001803924003,
      "maker_ratio": 0.6879063719115734,
      "fills_under_threshold": 426,
      "pct_under_threshold": 0.5539661898569571,
      "gate_status": "INSUFFICIENT_DATA",
      "reason": "need_2000_fills_have_769",
      "threshold_bps": 15.0,
      "min_sample_size": 2000
    },
    "asset_NVDA": {
      "total_fills": 727,
      "p95_slippage_bps": 37.73108014617457,
      "mean_slippage_bps": 16.757394692083352,
      "median_slippage_bps": 14.036163976599155,
      "p99_slippage_bps": 63.23147309409615,
      "maker_ratio": 0.6973865199449794,
      "fills_under_threshold": 396,
      "pct_under_threshold": 0.5447042640990372,
      "gate_status": "INSUFFICIENT_DATA",
      "reason": "need_2000_fills_have_727",
      "threshold_bps": 15.0,
      "min_sample_size": 2000
    },
    "asset_SOL-USD": {
      "total_fills": 751,
      "p95_slippage_bps": 38.72177184014505,
      "mean_slippage_bps": 16.13305793583783,
      "median_slippage_bps": 13.46992976225592,
      "p99_slippage_bps": 59.80734661613629,
      "maker_ratio": 0.6977363515312917,
      "fills_under_threshold": 420,
      "pct_under_threshold": 0.559254327563249,
      "gate_status": "INSUFFICIENT_DATA",
      "reason": "need_2000_fills_have_751",
      "threshold_bps": 15.0,
      "min_sample_size": 2000
    },
    "asset_ETH-USD": {
      "total_fills": 753,
      "p95_slippage_bps": 32.63589247253046,
      "mean_slippage_bps": 15.488589425531854,
      "median_slippage_bps": 13.294534052147858,
      "p99_slippage_bps": 51.02055238822515,
      "maker_ratio": 0.7131474103585658,
      "fills_under_threshold": 431,
      "pct_under_threshold": 0.5723771580345286,
      "gate_status": "INSUFFICIENT_DATA",
      "reason": "need_2000_fills_have_753",
      "threshold_bps": 15.0,
      "min_sample_size": 2000
    },
    "venue_coinbase": {
      "total_fills": 1145,
      "p95_slippage_bps": 39.30751307903531,
      "mean_slippage_bps": 16.40172865930207,
      "median_slippage_bps": 13.569999484176261,
      "p99_slippage_bps": 63.27278500075783,
      "maker_ratio": 0.7039301310043669,
      "fills_under_threshold": 647,
      "pct_under_threshold": 0.5650655021834061,
      "gate_status": "INSUFFICIENT_DATA",
      "reason": "need_2000_fills_have_1145",
      "threshold_bps": 15.0,
      "min_sample_size": 2000
    },
    "venue_alpaca": {
      "total_fills": 1112,
      "p95_slippage_bps": 33.96158163880747,
      "mean_slippage_bps": 16.0440031215932,
      "median_slippage_bps": 13.6745221811859,
      "p99_slippage_bps": 58.02133566687319,
      "maker_ratio": 0.6996402877697842,
      "fills_under_threshold": 612,
      "pct_under_threshold": 0.5503597122302158,
      "gate_status": "INSUFFICIENT_DATA",
      "reason": "need_2000_fills_have_1112",
      "threshold_bps": 15.0,
      "min_sample_size": 2000
    },
    "venue_binance": {
      "total_fills": 743,
      "p95_slippage_bps": 39.063560543055296,
      "mean_slippage_bps": 16.526135069909625,
      "median_slippage_bps": 13.714090102212621,
      "p99_slippage_bps": 60.46973818357324,
      "maker_ratio": 0.6904441453566622,
      "fills_under_threshold": 414,
      "pct_under_threshold": 0.5572005383580081,
      "gate_status": "INSUFFICIENT_DATA",
      "reason": "need_2000_fills_have_743",
      "threshold_bps": 15.0,
      "min_sample_size": 2000
    },
    "BTC-USD_alpaca": {
      "total_fills": 254,
      "p95_slippage_bps": 37.38122874850099,
      "mean_slippage_bps": 16.611311948088105,
      "median_slippage_bps": 13.759272050870525,
      "p99_slippage_bps": 67.46578275451142,
      "maker_ratio": 0.7204724409448819,
      "fills_under_threshold": 146,
      "pct_under_threshold": 0.5748031496062992,
      "gate_status": "INSUFFICIENT_DATA",
      "reason": "need_2000_fills_have_254",
      "threshold_bps": 15.0,
      "min_sample_size": 2000
    },
    "BTC-USD_binance": {
      "total_fills": 241,
      "p95_slippage_bps": 40.35858754361042,
      "mean_slippage_bps": 16.770438337919916,
      "median_slippage_bps": 13.895975631931822,
      "p99_slippage_bps": 60.0839380624154,
      "maker_ratio": 0.6514522821576764,
      "fills_under_threshold": 135,
      "pct_under_threshold": 0.5601659751037344,
      "gate_status": "INSUFFICIENT_DATA",
      "reason": "need_2000_fills_have_241",
      "threshold_bps": 15.0,
      "min_sample_size": 2000
    },
    "BTC-USD_coinbase": {
      "total_fills": 274,
      "p95_slippage_bps": 44.450414627208005,
      "mean_slippage_bps": 17.070875840941557,
      "median_slippage_bps": 14.211643975598847,
      "p99_slippage_bps": 63.357699899083904,
      "maker_ratio": 0.6897810218978102,
      "fills_under_threshold": 145,
      "pct_under_threshold": 0.5291970802919708,
      "gate_status": "INSUFFICIENT_DATA",
      "reason": "need_2000_fills_have_274",
      "threshold_bps": 15.0,
      "min_sample_size": 2000
    },
    "ETH-USD_alpaca": {
      "total_fills": 238,
      "p95_slippage_bps": 32.6070649697139,
      "mean_slippage_bps": 15.67847548159405,
      "median_slippage_bps": 13.606500616868935,
      "p99_slippage_bps": 42.00033066857163,
      "maker_ratio": 0.7058823529411765,
      "fills_under_threshold": 130,
      "pct_under_threshold": 0.5462184873949579,
      "gate_status": "INSUFFICIENT_DATA",
      "reason": "need_2000_fills_have_238",
      "threshold_bps": 15.0,
      "min_sample_size": 2000
    },
    "ETH-USD_binance": {
      "total_fills": 240,
      "p95_slippage_bps": 32.14422017752951,
      "mean_slippage_bps": 15.38294596477061,
      "median_slippage_bps": 13.086681399415376,
      "p99_slippage_bps": 46.38911758953696,
      "maker_ratio": 0.7125,
      "fills_under_threshold": 138,
      "pct_under_threshold": 0.575,
      "gate_status": "INSUFFICIENT_DATA",
      "reason": "need_2000_fills_have_240",
      "threshold_bps": 15.0,
      "min_sample_size": 2000
    },
    "ETH-USD_coinbase": {
      "total_fills": 275,
      "p95_slippage_bps": 32.99067439068769,
      "mean_slippage_bps": 15.416449604586013,
      "median_slippage_bps": 12.716656564535075,
      "p99_slippage_bps": 60.24525999256597,
      "maker_ratio": 0.72,
      "fills_under_threshold": 163,
      "pct_under_threshold": 0.5927272727272728,
      "gate_status": "INSUFFICIENT_DATA",
      "reason": "need_2000_fills_have_275",
      "threshold_bps": 15.0,
      "min_sample_size": 2000
    },
    "NVDA_alpaca": {
      "total_fills": 361,
      "p95_slippage_bps": 33.628355834545246,
      "mean_slippage_bps": 16.074141993642016,
      "median_slippage_bps": 14.218062883549006,
      "p99_slippage_bps": 57.81866624368472,
      "maker_ratio": 0.6925207756232687,
      "fills_under_threshold": 193,
      "pct_under_threshold": 0.5346260387811634,
      "gate_status": "INSUFFICIENT_DATA",
      "reason": "need_2000_fills_have_361",
      "threshold_bps": 15.0,
      "min_sample_size": 2000
    },
    "NVDA_coinbase": {
      "total_fills": 366,
      "p95_slippage_bps": 40.07989998787834,
      "mean_slippage_bps": 17.43131333726729,
      "median_slippage_bps": 13.936318941444375,
      "p99_slippage_bps": 73.03375562872984,