{
  "timestamp": "2025-08-16T15:01:18.703207+00:00",
  "window_hours": 48,
  "threshold_bps": 15.0,
  "min_sample_size": 2000,
  "overall_metrics": {
    "total_fills": 2741,
    "p95_slippage_bps": 8.83182814888846,
    "mean_slippage_bps": 3.958417625252464,
    "median_slippage_bps": 3.4418826067238117,
    "p99_slippage_bps": 17.17996202311695,
    "maker_ratio": 0.7,
    "fills_under_threshold": 2696,
    "pct_under_threshold": 0.983582634075155,
    "gate_status": "PASS",
    "reason": "criteria_met",
    "threshold_bps": 15.0,
    "min_sample_size": 2000
  },
  "breakdown_metrics": {
    "asset_ETH-USD": {
      "total_fills": 937,
      "p95_slippage_bps": 8.650728742850598,
      "mean_slippage_bps": 3.9454622822406487,
      "median_slippage_bps": 3.414408883489649,
      "p99_slippage_bps": 16.977870448862372,
      "maker_ratio": 0.7,
      "fills_under_threshold": 923,
      "pct_under_threshold": 0.9850586979722519,
      "gate_status": "INSUFFICIENT_DATA",
      "reason": "need_2000_fills_have_937",
      "threshold_bps": 15.0,
      "min_sample_size": 2000
    },
    "asset_BTC-USD": {
      "total_fills": 919,
      "p95_slippage_bps": 8.489352090517164,
      "mean_slippage_bps": 3.878833344472386,
      "median_slippage_bps": 3.417481858018463,
      "p99_slippage_bps": 16.29374207277834,
      "maker_ratio": 0.7,
      "fills_under_threshold": 906,
      "pct_under_threshold": 0.985854189336235,
      "gate_status": "INSUFFICIENT_DATA",
      "reason": "need_2000_fills_have_919",
      "threshold_bps": 15.0,
      "min_sample_size": 2000
    },
    "asset_NVDA": {
      "total_fills": 885,
      "p95_slippage_bps": 9.241051267106343,
      "mean_slippage_bps": 4.054775942132647,
      "median_slippage_bps": 3.4731573830817752,
      "p99_slippage_bps": 18.024968942532947,
      "maker_ratio": 0.7,
      "fills_under_threshold": 867,
      "pct_under_threshold": 0.9796610169491525,
      "gate_status": "INSUFFICIENT_DATA",
      "reason": "need_2000_fills_have_885",
      "threshold_bps": 15.0,
      "min_sample_size": 2000
    },
    "venue_alpaca": {
      "total_fills": 914,
      "p95_slippage_bps": 9.200342977117193,
      "mean_slippage_bps": 4.071934880559163,
      "median_slippage_bps": 3.5733005432520737,
      "p99_slippage_bps": 18.615533809023155,
      "maker_ratio": 0.7,
      "fills_under_threshold": 897,
      "pct_under_threshold": 0.9814004376367614,
      "gate_status": "INSUFFICIENT_DATA",
      "reason": "need_2000_fills_have_914",
      "threshold_bps": 15.0,
      "min_sample_size": 2000
    },
    "venue_binance": {
      "total_fills": 922,
      "p95_slippage_bps": 8.541716260834903,
      "mean_slippage_bps": 3.826163151072423,
      "median_slippage_bps": 3.33669134606487,
      "p99_slippage_bps": 16.26032687668581,
      "maker_ratio": 0.7,
      "fills_under_threshold": 910,
      "pct_under_threshold": 0.9869848156182213,
      "gate_status": "INSUFFICIENT_DATA",
      "reason": "need_2000_fills_have_922",
      "threshold_bps": 15.0,
      "min_sample_size": 2000
    },
    "venue_coinbase": {
      "total_fills": 905,
      "p95_slippage_bps": 9.195878799895969,
      "mean_slippage_bps": 3.9785102814333193,
      "median_slippage_bps": 3.414408883489649,
      "p99_slippage_bps": 16.044558711567056,
      "maker_ratio": 0.7,
      "fills_under_threshold": 889,
      "pct_under_threshold": 0.9823204419889503,
      "gate_status": "INSUFFICIENT_DATA",
      "reason": "need_2000_fills_have_905",
      "threshold_bps": 15.0,
      "min_sample_size": 2000
    },
    "BTC-USD_alpaca": {
      "total_fills": 321,
      "p95_slippage_bps": 7.862007282333297,
      "mean_slippage_bps": 3.85713812094288,
      "median_slippage_bps": 3.5762423940791823,
      "p99_slippage_bps": 15.092027837246553,
      "maker_ratio": 0.7,
      "fills_under_threshold": 317,
      "pct_under_threshold": 0.9875389408099688,
      "gate_status": "INSUFFICIENT_DATA",
      "reason": "need_2000_fills_have_321",
      "threshold_bps": 15.0,
      "min_sample_size": 2000
    },
    "BTC-USD_binance": {
      "total_fills": 319,
      "p95_slippage_bps": 8.837965936352353,
      "mean_slippage_bps": 3.8975771010880687,
      "median_slippage_bps": 3.3341735484562136,
      "p99_slippage_bps": 16.293742072778404,
      "maker_ratio": 0.7,
      "fills_under_threshold": 313,
      "pct_under_threshold": 0.9811912225705329,
      "gate_status": "INSUFFICIENT_DATA",
      "reason": "need_2000_fills_have_319",
      "threshold_bps": 15.0,
      "min_sample_size": 2000
    },
    "BTC-USD_coinbase": {
      "total_fills": 279,
      "p95_slippage_bps": 8.42513766365571,
      "mean_slippage_bps": 3.8823634820801596,
      "median_slippage_bps": 3.312837491235743,
      "p99_slippage_bps": 13.715644975919547,
      "maker_ratio": 0.7,
      "fills_under_threshold": 276,
      "pct_under_threshold": 0.989247311827957,
      "gate_status": "INSUFFICIENT_DATA",
      "reason": "need_2000_fills_have_279",
      "threshold_bps": 15.0,
      "min_sample_size": 2000
    },
    "ETH-USD_alpaca": {
      "total_fills": 306,
      "p95_slippage_bps": 9.046270758483143,
      "mean_slippage_bps": 4.123098003724176,
      "median_slippage_bps": 3.5787218639252547,
      "p99_slippage_bps": 17.183236647187183,
      "maker_ratio": 0.7,
      "fills_under_threshold": 301,
      "pct_under_threshold": 0.9836601307189542,
      "gate_status": "INSUFFICIENT_DATA",
      "reason": "need_2000_fills_have_306",
      "threshold_bps": 15.0,
      "min_sample_size": 2000
    },
    "ETH-USD_binance": {
      "total_fills": 317,
      "p95_slippage_bps": 8.665854012529119,
      "mean_slippage_bps": 3.7893967922797085,
      "median_slippage_bps": 3.365081641713133,
      "p99_slippage_bps": 17.860126544980098,
      "maker_ratio": 0.7,
      "fills_under_threshold": 312,
      "pct_under_threshold": 0.9842271293375394,
      "gate_status": "INSUFFICIENT_DATA",
      "reason": "need_2000_fills_have_317",
      "threshold_bps": 15.0,
      "min_sample_size": 2000
    },
    "ETH-USD_coinbase": {
      "total_fills": 314,
      "p95_slippage_bps": 8.378318277585358,
      "mean_slippage_bps": 3.9299088731440204,
      "median_slippage_bps": 3.3909689607528066,
      "p99_slippage_bps": 15.173847134722568,
      "maker_ratio": 0.7,
      "fills_under_threshold": 310,
      "pct_under_threshold": 0.9872611464968153,
      "gate_status": "INSUFFICIENT_DATA",
      "reason": "need_2000_fills_have_314",
      "threshold_bps": 15.0,
      "min_sample_size": 2000
    },
    "NVDA_alpaca": {
      "total_fills": 287,
      "p95_slippage_bps": 9.476445783990567,
      "mean_slippage_bps": 4.2576277173129355,
      "median_slippage_bps": 3.5672486043366507,
      "p99_slippage_bps": 20.714121251522958,
      "maker_ratio": 0.7,
      "fills_under_threshold": 279,
      "pct_under_threshold": 0.9721254355400697,
      "gate_status": "INSUFFICIENT_DATA",
      "reason": "need_2000_fills_have_287",
      "threshold_bps": 15.0,
      "min_sample_size": 2000
    },
    "NVDA_binance": {
      "total_fills": 286,
      "p95_slippage_bps": 8.236737854831752,
      "mean_slippage_bps": 3.7872606534580875,
      "median_slippage_bps": 3.323199916201713,
      "p99_slippage_bps": 14.090714740576383,
      "maker_ratio": 0.7,
      "fills_under_threshold": 285,
      "pct_under_threshold": 0.9965034965034965,
      "gate_status": "INSUFFICIENT_DATA",
      "reason": "need_2000_fills_have_286",
      "threshold_bps": 15.0,
      "min_sample_size": 2000
    },
    "NVDA_coinbase": {
      "total_fills": 312,
      "p95_slippage_bps": 10.022149928466574,
      "mean_slippage_bps": 4.113400663556304,
      "median_slippage_bps": 3.4704544845346996,
      "p99_slippage_bps": 17.552765657958794,
      "maker_ratio": 0.7,
      "fills_under_threshold": 303,
      "pct_under_threshold": 0.9711538461538461,
      "gate_status": "INSUFFICIENT_DATA",