{
  "timestamp": "2025-08-16T17:42:06.903204+00:00",
  "window_hours": 48,
  "threshold_bps": 15.0,
  "min_sample_size": 2000,
  "overall_metrics": {
    "total_fills": 2755,
    "p95_slippage_bps": 9.075382814563037,
    "mean_slippage_bps": 4.046994624169371,
    "median_slippage_bps": 3.383635453371566,
    "p99_slippage_bps": 18.47415246288246,
    "maker_ratio": 0.7,
    "fills_under_threshold": 2689,
    "pct_under_threshold": 0.976043557168784,
    "gate_status": "PASS",
    "reason": "criteria_met",
    "threshold_bps": 15.0,
    "min_sample_size": 2000
  },
  "breakdown_metrics": {
    "asset_NVDA": {
      "total_fills": 918,
      "p95_slippage_bps": 9.191096488257843,
      "mean_slippage_bps": 4.1118342633286575,
      "median_slippage_bps": 3.361973448422532,
      "p99_slippage_bps": 19.04855733775967,
      "maker_ratio": 0.7,
      "fills_under_threshold": 893,
      "pct_under_threshold": 0.9727668845315904,
      "gate_status": "INSUFFICIENT_DATA",
      "reason": "need_2000_fills_have_918",
      "threshold_bps": 15.0,
      "min_sample_size": 2000
    },
    "asset_ETH-USD": {
      "total_fills": 929,
      "p95_slippage_bps": 9.29193713928457,
      "mean_slippage_bps": 4.095034785170155,
      "median_slippage_bps": 3.4002429109495482,
      "p99_slippage_bps": 17.94288324899486,
      "maker_ratio": 0.7,
      "fills_under_threshold": 907,
      "pct_under_threshold": 0.976318622174381,
      "gate_status": "INSUFFICIENT_DATA",
      "reason": "need_2000_fills_have_929",
      "threshold_bps": 15.0,
      "min_sample_size": 2000
    },
    "asset_BTC-USD": {
      "total_fills": 908,
      "p95_slippage_bps": 8.437270857031411,
      "mean_slippage_bps": 3.932289670074708,
      "median_slippage_bps": 3.373045959122032,
      "p99_slippage_bps": 18.370000813400292,
      "maker_ratio": 0.7,
      "fills_under_threshold": 889,
      "pct_under_threshold": 0.9790748898678414,
      "gate_status": "INSUFFICIENT_DATA",
      "reason": "need_2000_fills_have_908",
      "threshold_bps": 15.0,
      "min_sample_size": 2000
    },
    "venue_binance": {
      "total_fills": 915,
      "p95_slippage_bps": 8.799496008712152,
      "mean_slippage_bps": 3.9542803157528077,
      "median_slippage_bps": 3.3386067740892797,
      "p99_slippage_bps": 17.45008270975808,
      "maker_ratio": 0.7,
      "fills_under_threshold": 892,
      "pct_under_threshold": 0.9748633879781421,
      "gate_status": "INSUFFICIENT_DATA",
      "reason": "need_2000_fills_have_915",
      "threshold_bps": 15.0,
      "min_sample_size": 2000
    },
    "venue_coinbase": {
      "total_fills": 931,
      "p95_slippage_bps": 8.927125968422768,
      "mean_slippage_bps": 4.097331318939747,
      "median_slippage_bps": 3.4077516033938973,
      "p99_slippage_bps": 18.20295135664788,
      "maker_ratio": 0.7,
      "fills_under_threshold": 910,
      "pct_under_threshold": 0.9774436090225563,
      "gate_status": "INSUFFICIENT_DATA",
      "reason": "need_2000_fills_have_931",
      "threshold_bps": 15.0,
      "min_sample_size": 2000
    },
    "venue_alpaca": {
      "total_fills": 909,
      "p95_slippage_bps": 9.200697793638046,
      "mean_slippage_bps": 4.088765943608243,
      "median_slippage_bps": 3.423478155761622,
      "p99_slippage_bps": 19.069019039614457,
      "maker_ratio": 0.7,
      "fills_under_threshold": 887,
      "pct_under_threshold": 0.9757975797579758,
      "gate_status": "INSUFFICIENT_DATA",
      "reason": "need_2000_fills_have_909",
      "threshold_bps": 15.0,
      "min_sample_size": 2000
    },
    "BTC-USD_alpaca": {
      "total_fills": 304,
      "p95_slippage_bps": 8.836428365516054,
      "mean_slippage_bps": 3.981154529351688,
      "median_slippage_bps": 3.420500483683325,
      "p99_slippage_bps": 18.514813452607317,
      "maker_ratio": 0.7,
      "fills_under_threshold": 298,
      "pct_under_threshold": 0.9802631578947368,
      "gate_status": "INSUFFICIENT_DATA",
      "reason": "need_2000_fills_have_304",
      "threshold_bps": 15.0,
      "min_sample_size": 2000
    },
    "BTC-USD_binance": {
      "total_fills": 292,
      "p95_slippage_bps": 8.229070775306937,
      "mean_slippage_bps": 4.007556284586351,
      "median_slippage_bps": 3.374739233666721,
      "p99_slippage_bps": 19.994236095185148,
      "maker_ratio": 0.7,
      "fills_under_threshold": 284,
      "pct_under_threshold": 0.9726027397260274,
      "gate_status": "INSUFFICIENT_DATA",
      "reason": "need_2000_fills_have_292",
      "threshold_bps": 15.0,
      "min_sample_size": 2000
    },
    "BTC-USD_coinbase": {
      "total_fills": 312,
      "p95_slippage_bps": 7.902983286834045,
      "mean_slippage_bps": 3.814235924377268,
      "median_slippage_bps": 3.2372440395153994,
      "p99_slippage_bps": 16.54645628103013,
      "maker_ratio": 0.7,
      "fills_under_threshold": 307,
      "pct_under_threshold": 0.9839743589743589,
      "gate_status": "INSUFFICIENT_DATA",
      "reason": "need_2000_fills_have_312",
      "threshold_bps": 15.0,
      "min_sample_size": 2000
    },
    "ETH-USD_alpaca": {
      "total_fills": 306,
      "p95_slippage_bps": 9.848838099214296,
      "mean_slippage_bps": 4.34282970305135,
      "median_slippage_bps": 3.5454752279827524,
      "p99_slippage_bps": 19.751805621781866,
      "maker_ratio": 0.7,
      "fills_under_threshold": 296,
      "pct_under_threshold": 0.9673202614379085,
      "gate_status": "INSUFFICIENT_DATA",
      "reason": "need_2000_fills_have_306",
      "threshold_bps": 15.0,
      "min_sample_size": 2000
    },
    "ETH-USD_binance": {
      "total_fills": 306,
      "p95_slippage_bps": 8.297059407559388,
      "mean_slippage_bps": 3.8156548173981117,
      "median_slippage_bps": 3.3838585947818047,
      "p99_slippage_bps": 16.04551199106294,
      "maker_ratio": 0.7,
      "fills_under_threshold": 301,
      "pct_under_threshold": 0.9836601307189542,
      "gate_status": "INSUFFICIENT_DATA",
      "reason": "need_2000_fills_have_306",
      "threshold_bps": 15.0,
      "min_sample_size": 2000
    },
    "ETH-USD_coinbase": {
      "total_fills": 317,
      "p95_slippage_bps": 8.805938774842954,
      "mean_slippage_bps": 4.125523823866052,
      "median_slippage_bps": 3.377339433755526,
      "p99_slippage_bps": 17.779386011092143,
      "maker_ratio": 0.7,
      "fills_under_threshold": 310,
      "pct_under_threshold": 0.9779179810725552,
      "gate_status": "INSUFFICIENT_DATA",
      "reason": "need_2000_fills_have_317",
      "threshold_bps": 15.0,
      "min_sample_size": 2000
    },
    "NVDA_alpaca": {
      "total_fills": 299,
      "p95_slippage_bps": 8.86754845704264,
      "mean_slippage_bps": 3.938165139408918,
      "median_slippage_bps": 3.324830928414481,
      "p99_slippage_bps": 18.013538492679622,
      "maker_ratio": 0.7,
      "fills_under_threshold": 293,
      "pct_under_threshold": 0.979933110367893,
      "gate_status": "INSUFFICIENT_DATA",
      "reason": "need_2000_fills_have_299",
      "threshold_bps": 15.0,
      "min_sample_size": 2000
    },
    "NVDA_binance": {
      "total_fills": 317,
      "p95_slippage_bps": 9.380983812678705,
      "mean_slippage_bps": 4.0390210715797545,
      "median_slippage_bps": 3.3030563907697466,
      "p99_slippage_bps": 17.38502309331468,
      "maker_ratio": 0.7,
      "fills_under_threshold": 307,
      "pct_under_threshold": 0.9684542586750788,
      "gate_status": "INSUFFICIENT_DATA",
      "reason": "need_2000_fills_have_317",
      "threshold_bps": 15.0,
      "min_sample_size": 2000
    },
    "NVDA_coinbase": {
      "total_fills": 302,
      "p95_slippage_bps": 9.856507203018943,
      "mean_slippage_bps": 4.3602079382836365,
      "median_slippage_bps": 3.510107420968602,
      "p99_slippage_bps": 22.753958504707708,
      "maker_ratio": 0.7,
      "fills_under_threshold": 293,
      "pct_under_threshold": 0.9701986754966887,
      "gate_status": "INSUFFICIENT_DATA",
      "reason": "need_2000_fills_have_302",