{
  "timestamp": "2025-08-16T07:55:53.522038+00:00",
  "window_hours": 48,
  "threshold_bps": 15.0,
  "min_sample_size": 2000,
  "overall_metrics": {
    "total_fills": 2544,
    "p95_slippage_bps": 9.056151249174187,
    "mean_slippage_bps": 4.010036495613116,
    "median_slippage_bps": 3.3355590708300293,
    "p99_slippage_bps": 19.000069040473143,
    "maker_ratio": 0.7,
    "fills_under_threshold": 2489,
    "pct_under_threshold": 0.9783805031446541,
    "gate_status": "PASS",
    "reason": "criteria_met",
    "threshold_bps": 15.0,
    "min_sample_size": 2000
  },
  "breakdown_metrics": {
    "asset_NVDA": {
      "total_fills": 819,
      "p95_slippage_bps": 9.385941733332109,
      "mean_slippage_bps": 4.033233953158539,
      "median_slippage_bps": 3.2507506135360704,
      "p99_slippage_bps": 18.876373815360523,
      "maker_ratio": 0.7,
      "fills_under_threshold": 801,
      "pct_under_threshold": 0.978021978021978,
      "gate_status": "INSUFFICIENT_DATA",
      "reason": "need_2000_fills_have_819",
      "threshold_bps": 15.0,
      "min_sample_size": 2000
    },
    "asset_ETH-USD": {
      "total_fills": 862,
      "p95_slippage_bps": 8.276886930349248,
      "mean_slippage_bps": 3.9323118965622186,
      "median_slippage_bps": 3.3238929407538995,
      "p99_slippage_bps": 19.649958348557636,
      "maker_ratio": 0.7,
      "fills_under_threshold": 844,
      "pct_under_threshold": 0.9791183294663574,
      "gate_status": "INSUFFICIENT_DATA",
      "reason": "need_2000_fills_have_862",
      "threshold_bps": 15.0,
      "min_sample_size": 2000
    },
    "asset_BTC-USD": {
      "total_fills": 863,
      "p95_slippage_bps": 9.173710439168124,
      "mean_slippage_bps": 4.0656562947465735,
      "median_slippage_bps": 3.4360615807379316,
      "p99_slippage_bps": 17.53454293636286,
      "maker_ratio": 0.7,
      "fills_under_threshold": 844,
      "pct_under_threshold": 0.9779837775202781,
      "gate_status": "INSUFFICIENT_DATA",
      "reason": "need_2000_fills_have_863",
      "threshold_bps": 15.0,
      "min_sample_size": 2000
    },
    "venue_alpaca": {
      "total_fills": 792,
      "p95_slippage_bps": 9.363598663765417,
      "mean_slippage_bps": 4.036713508243832,
      "median_slippage_bps": 3.3727292121939385,
      "p99_slippage_bps": 18.832822599016502,
      "maker_ratio": 0.7,
      "fills_under_threshold": 774,
      "pct_under_threshold": 0.9772727272727273,
      "gate_status": "INSUFFICIENT_DATA",
      "reason": "need_2000_fills_have_792",
      "threshold_bps": 15.0,
      "min_sample_size": 2000
    },
    "venue_binance": {
      "total_fills": 910,
      "p95_slippage_bps": 8.841802753525313,
      "mean_slippage_bps": 3.991565321825628,
      "median_slippage_bps": 3.3041263349805408,
      "p99_slippage_bps": 17.957834387512484,
      "maker_ratio": 0.7,
      "fills_under_threshold": 893,
      "pct_under_threshold": 0.9813186813186813,
      "gate_status": "INSUFFICIENT_DATA",
      "reason": "need_2000_fills_have_910",
      "threshold_bps": 15.0,
      "min_sample_size": 2000
    },
    "venue_coinbase": {
      "total_fills": 842,
      "p95_slippage_bps": 8.979370713977119,
      "mean_slippage_bps": 4.004906536163102,
      "median_slippage_bps": 3.326441426824191,
      "p99_slippage_bps": 19.98273654496282,
      "maker_ratio": 0.7,
      "fills_under_threshold": 822,
      "pct_under_threshold": 0.9762470308788599,
      "gate_status": "INSUFFICIENT_DATA",
      "reason": "need_2000_fills_have_842",
      "threshold_bps": 15.0,
      "min_sample_size": 2000
    },
    "BTC-USD_alpaca": {
      "total_fills": 246,
      "p95_slippage_bps": 10.7872973825559,
      "mean_slippage_bps": 4.314101832809588,
      "median_slippage_bps": 3.549987295688767,
      "p99_slippage_bps": 17.547459617882158,
      "maker_ratio": 0.7,
      "fills_under_threshold": 238,
      "pct_under_threshold": 0.967479674796748,
      "gate_status": "INSUFFICIENT_DATA",
      "reason": "need_2000_fills_have_246",
      "threshold_bps": 15.0,
      "min_sample_size": 2000
    },
    "BTC-USD_binance": {
      "total_fills": 314,
      "p95_slippage_bps": 8.334724255881179,
      "mean_slippage_bps": 3.9322156497167713,
      "median_slippage_bps": 3.4522405644123997,
      "p99_slippage_bps": 16.942860725585373,
      "maker_ratio": 0.7,
      "fills_under_threshold": 309,
      "pct_under_threshold": 0.9840764331210191,
      "gate_status": "INSUFFICIENT_DATA",
      "reason": "need_2000_fills_have_314",
      "threshold_bps": 15.0,
      "min_sample_size": 2000
    },
    "BTC-USD_coinbase": {
      "total_fills": 303,
      "p95_slippage_bps": 8.841470776081582,
      "mean_slippage_bps": 4.0022330610035235,
      "median_slippage_bps": 3.3358777065561527,
      "p99_slippage_bps": 17.786550122334827,
      "maker_ratio": 0.7,
      "fills_under_threshold": 297,
      "pct_under_threshold": 0.9801980198019802,
      "gate_status": "INSUFFICIENT_DATA",
      "reason": "need_2000_fills_have_303",
      "threshold_bps": 15.0,
      "min_sample_size": 2000
    },
    "ETH-USD_alpaca": {
      "total_fills": 274,
      "p95_slippage_bps": 8.264718352118354,
      "mean_slippage_bps": 3.8878619901449256,
      "median_slippage_bps": 3.320454032268839,
      "p99_slippage_bps": 19.31268877663048,
      "maker_ratio": 0.7,
      "fills_under_threshold": 267,
      "pct_under_threshold": 0.9744525547445255,
      "gate_status": "INSUFFICIENT_DATA",
      "reason": "need_2000_fills_have_274",
      "threshold_bps": 15.0,
      "min_sample_size": 2000
    },
    "ETH-USD_binance": {
      "total_fills": 308,
      "p95_slippage_bps": 8.667921994237943,
      "mean_slippage_bps": 4.064792577547134,
      "median_slippage_bps": 3.4118239034231523,
      "p99_slippage_bps": 19.316062554239224,
      "maker_ratio": 0.7,
      "fills_under_threshold": 303,
      "pct_under_threshold": 0.9837662337662337,
      "gate_status": "INSUFFICIENT_DATA",
      "reason": "need_2000_fills_have_308",
      "threshold_bps": 15.0,
      "min_sample_size": 2000
    },
    "ETH-USD_coinbase": {
      "total_fills": 280,
      "p95_slippage_bps": 8.179125973661492,
      "mean_slippage_bps": 3.830080555901448,
      "median_slippage_bps": 3.2576722918077436,
      "p99_slippage_bps": 19.868497063349636,
      "maker_ratio": 0.7,
      "fills_under_threshold": 274,
      "pct_under_threshold": 0.9785714285714285,
      "gate_status": "INSUFFICIENT_DATA",
      "reason": "need_2000_fills_have_280",
      "threshold_bps": 15.0,
      "min_sample_size": 2000
    },
    "NVDA_alpaca": {
      "total_fills": 272,
      "p95_slippage_bps": 8.957133532425987,
      "mean_slippage_bps": 3.9357862586700234,
      "median_slippage_bps": 3.3225330637256727,
      "p99_slippage_bps": 13.909479867294376,
      "maker_ratio": 0.7,
      "fills_under_threshold": 269,
      "pct_under_threshold": 0.9889705882352942,
      "gate_status": "INSUFFICIENT_DATA",
      "reason": "need_2000_fills_have_272",
      "threshold_bps": 15.0,
      "min_sample_size": 2000
    },
    "NVDA_binance": {
      "total_fills": 288,
      "p95_slippage_bps": 9.910802975486007,
      "mean_slippage_bps": 3.977960468631034,
      "median_slippage_bps": 3.039431526601229,
      "p99_slippage_bps": 17.737204723177005,
      "maker_ratio": 0.7,
      "fills_under_threshold": 281,
      "pct_under_threshold": 0.9756944444444444,
      "gate_status": "INSUFFICIENT_DATA",
      "reason": "need_2000_fills_have_288",
      "threshold_bps": 15.0,
      "min_sample_size": 2000
    },
    "NVDA_coinbase": {
      "total_fills": 259,
      "p95_slippage_bps": 9.273479162889881,
      "mean_slippage_bps": 4.197035252173202,
      "median_slippage_bps": 3.3708217600716313,
      "p99_slippage_bps": 20.790877141280614,
      "maker_ratio": 0.7,
      "fills_under_threshold": 251,
      "pct_under_threshold": 0.9691119691119691,
      "gate_status": "INSUFFICIENT_DATA",