{
  "timestamp": "2025-08-16T21:04:26.121207+00:00",
  "window_hours": 48,
  "threshold_bps": 15.0,
  "min_sample_size": 2000,
  "overall_metrics": {
    "total_fills": 2746,
    "p95_slippage_bps": 8.577568082702655,
    "mean_slippage_bps": 3.9283386752655716,
    "median_slippage_bps": 3.3859794374022965,
    "p99_slippage_bps": 17.56522887273018,
    "maker_ratio": 0.7,
    "fills_under_threshold": 2700,
    "pct_under_threshold": 0.9832483612527313,
    "gate_status": "PASS",
    "reason": "criteria_met",
    "threshold_bps": 15.0,
    "min_sample_size": 2000
  },
  "breakdown_metrics": {
    "asset_NVDA": {
      "total_fills": 916,
      "p95_slippage_bps": 8.287019921284806,
      "mean_slippage_bps": 3.870941827448091,
      "median_slippage_bps": 3.3457942460460157,
      "p99_slippage_bps": 17.74989193544857,
      "maker_ratio": 0.7,
      "fills_under_threshold": 898,
      "pct_under_threshold": 0.980349344978166,
      "gate_status": "INSUFFICIENT_DATA",
      "reason": "need_2000_fills_have_916",
      "threshold_bps": 15.0,
      "min_sample_size": 2000
    },
    "asset_ETH-USD": {
      "total_fills": 930,
      "p95_slippage_bps": 9.444688195391395,
      "mean_slippage_bps": 4.079202076514438,
      "median_slippage_bps": 3.401430792958111,
      "p99_slippage_bps": 19.186377409649385,
      "maker_ratio": 0.7,
      "fills_under_threshold": 910,
      "pct_under_threshold": 0.978494623655914,
      "gate_status": "INSUFFICIENT_DATA",
      "reason": "need_2000_fills_have_930",
      "threshold_bps": 15.0,
      "min_sample_size": 2000
    },
    "asset_BTC-USD": {
      "total_fills": 900,
      "p95_slippage_bps": 8.03886109010296,
      "mean_slippage_bps": 3.830863730198203,
      "median_slippage_bps": 3.429408953364787,
      "p99_slippage_bps": 14.385883243772284,
      "maker_ratio": 0.7,
      "fills_under_threshold": 892,
      "pct_under_threshold": 0.9911111111111112,
      "gate_status": "INSUFFICIENT_DATA",
      "reason": "need_2000_fills_have_900",
      "threshold_bps": 15.0,
      "min_sample_size": 2000
    },
    "venue_coinbase": {
      "total_fills": 927,
      "p95_slippage_bps": 8.86380107722334,
      "mean_slippage_bps": 3.947453442455478,
      "median_slippage_bps": 3.358118588723401,
      "p99_slippage_bps": 17.19017991106607,
      "maker_ratio": 0.7,
      "fills_under_threshold": 909,
      "pct_under_threshold": 0.9805825242718447,
      "gate_status": "INSUFFICIENT_DATA",
      "reason": "need_2000_fills_have_927",
      "threshold_bps": 15.0,
      "min_sample_size": 2000
    },
    "venue_alpaca": {
      "total_fills": 865,
      "p95_slippage_bps": 8.059057334968463,
      "mean_slippage_bps": 3.781512269738306,
      "median_slippage_bps": 3.3476102490095516,
      "p99_slippage_bps": 16.185087354243652,
      "maker_ratio": 0.7,
      "fills_under_threshold": 855,
      "pct_under_threshold": 0.9884393063583815,
      "gate_status": "INSUFFICIENT_DATA",
      "reason": "need_2000_fills_have_865",
      "threshold_bps": 15.0,
      "min_sample_size": 2000
    },
    "venue_binance": {
      "total_fills": 954,
      "p95_slippage_bps": 9.144835087510783,
      "mean_slippage_bps": 4.042893655974212,
      "median_slippage_bps": 3.458791114772234,
      "p99_slippage_bps": 18.260400919366838,
      "maker_ratio": 0.7,
      "fills_under_threshold": 936,
      "pct_under_threshold": 0.9811320754716981,
      "gate_status": "INSUFFICIENT_DATA",
      "reason": "need_2000_fills_have_954",
      "threshold_bps": 15.0,
      "min_sample_size": 2000
    },
    "BTC-USD_alpaca": {
      "total_fills": 287,
      "p95_slippage_bps": 7.302105317589448,
      "mean_slippage_bps": 3.7358409791224685,
      "median_slippage_bps": 3.5175471672098335,
      "p99_slippage_bps": 11.027844816513905,
      "maker_ratio": 0.7,
      "fills_under_threshold": 286,
      "pct_under_threshold": 0.9965156794425087,
      "gate_status": "INSUFFICIENT_DATA",
      "reason": "need_2000_fills_have_287",
      "threshold_bps": 15.0,
      "min_sample_size": 2000
    },
    "BTC-USD_binance": {
      "total_fills": 305,
      "p95_slippage_bps": 7.740878587209205,
      "mean_slippage_bps": 3.81709091932417,
      "median_slippage_bps": 3.4608764764858386,
      "p99_slippage_bps": 12.775947509801163,
      "maker_ratio": 0.7,
      "fills_under_threshold": 304,
      "pct_under_threshold": 0.9967213114754099,
      "gate_status": "INSUFFICIENT_DATA",
      "reason": "need_2000_fills_have_305",
      "threshold_bps": 15.0,
      "min_sample_size": 2000
    },
    "BTC-USD_coinbase": {
      "total_fills": 308,
      "p95_slippage_bps": 8.591922896956467,
      "mean_slippage_bps": 3.9330463174557218,
      "median_slippage_bps": 3.2864795845289354,
      "p99_slippage_bps": 15.598371507030775,
      "maker_ratio": 0.7,
      "fills_under_threshold": 302,
      "pct_under_threshold": 0.9805194805194806,
      "gate_status": "INSUFFICIENT_DATA",
      "reason": "need_2000_fills_have_308",
      "threshold_bps": 15.0,
      "min_sample_size": 2000
    },
    "ETH-USD_alpaca": {
      "total_fills": 300,
      "p95_slippage_bps": 8.319619874070463,
      "mean_slippage_bps": 3.7654701015712013,
      "median_slippage_bps": 3.284601917464599,
      "p99_slippage_bps": 14.793702259596607,
      "maker_ratio": 0.7,
      "fills_under_threshold": 297,
      "pct_under_threshold": 0.99,
      "gate_status": "INSUFFICIENT_DATA",
      "reason": "need_2000_fills_have_300",
      "threshold_bps": 15.0,
      "min_sample_size": 2000
    },
    "ETH-USD_binance": {
      "total_fills": 337,
      "p95_slippage_bps": 10.63750031507157,
      "mean_slippage_bps": 4.37778112575662,
      "median_slippage_bps": 3.483803860175047,
      "p99_slippage_bps": 20.346096390069704,
      "maker_ratio": 0.7,
      "fills_under_threshold": 325,
      "pct_under_threshold": 0.9643916913946587,
      "gate_status": "INSUFFICIENT_DATA",
      "reason": "need_2000_fills_have_337",
      "threshold_bps": 15.0,
      "min_sample_size": 2000
    },
    "ETH-USD_coinbase": {
      "total_fills": 293,
      "p95_slippage_bps": 9.549745649152964,
      "mean_slippage_bps": 4.05701249592862,
      "median_slippage_bps": 3.4568094712755655,
      "p99_slippage_bps": 19.71767954436704,
      "maker_ratio": 0.7,
      "fills_under_threshold": 288,
      "pct_under_threshold": 0.9829351535836177,
      "gate_status": "INSUFFICIENT_DATA",
      "reason": "need_2000_fills_have_293",
      "threshold_bps": 15.0,
      "min_sample_size": 2000
    },
    "NVDA_alpaca": {
      "total_fills": 278,
      "p95_slippage_bps": 8.12640590558297,
      "mean_slippage_bps": 3.8459738195831874,
      "median_slippage_bps": 3.3266950295946254,
      "p99_slippage_bps": 18.962834877110666,
      "maker_ratio": 0.7,
      "fills_under_threshold": 272,
      "pct_under_threshold": 0.9784172661870504,
      "gate_status": "INSUFFICIENT_DATA",
      "reason": "need_2000_fills_have_278",
      "threshold_bps": 15.0,
      "min_sample_size": 2000
    },
    "NVDA_binance": {
      "total_fills": 312,
      "p95_slippage_bps": 8.192384351409329,
      "mean_slippage_bps": 3.9019089039280312,
      "median_slippage_bps": 3.4073723044586535,
      "p99_slippage_bps": 16.618321982297225,
      "maker_ratio": 0.7,
      "fills_under_threshold": 307,
      "pct_under_threshold": 0.9839743589743589,
      "gate_status": "INSUFFICIENT_DATA",
      "reason": "need_2000_fills_have_312",
      "threshold_bps": 15.0,
      "min_sample_size": 2000
    },
    "NVDA_coinbase": {
      "total_fills": 326,
      "p95_slippage_bps": 8.673390410295834,
      "mean_slippage_bps": 3.862596362186441,
      "median_slippage_bps": 3.3114124370956493,
      "p99_slippage_bps": 17.19508899129432,
      "maker_ratio": 0.7,
      "fills_under_threshold": 319,
      "pct_under_threshold": 0.9785276073619632,
      "gate_status": "INSUFFICIENT_DATA",
      "reason": "need_2000_fills_have_326",