{
  "timestamp": "2025-08-16T11:59:46.090140+00:00",
  "window_hours": 48,
  "threshold_bps": 15.0,
  "min_sample_size": 2000,
  "overall_metrics": {
    "total_fills": 2758,
    "p95_slippage_bps": 8.877142481965972,
    "mean_slippage_bps": 3.934096325443724,
    "median_slippage_bps": 3.355542342044919,
    "p99_slippage_bps": 17.30905269982046,
    "maker_ratio": 0.7,
    "fills_under_threshold": 2704,
    "pct_under_threshold": 0.9804205946337926,
    "gate_status": "PASS",
    "reason": "criteria_met",
    "threshold_bps": 15.0,
    "min_sample_size": 2000
  },
  "breakdown_metrics": {
    "asset_ETH-USD": {
      "total_fills": 873,
      "p95_slippage_bps": 9.02181513550615,
      "mean_slippage_bps": 3.8455691348308454,
      "median_slippage_bps": 3.3249042459389146,
      "p99_slippage_bps": 16.90051007312702,
      "maker_ratio": 0.7,
      "fills_under_threshold": 855,
      "pct_under_threshold": 0.979381443298969,
      "gate_status": "INSUFFICIENT_DATA",
      "reason": "need_2000_fills_have_873",
      "threshold_bps": 15.0,
      "min_sample_size": 2000
    },
    "asset_BTC-USD": {
      "total_fills": 922,
      "p95_slippage_bps": 8.448734024249147,
      "mean_slippage_bps": 3.969863681958068,
      "median_slippage_bps": 3.375475986133762,
      "p99_slippage_bps": 17.354831261968155,
      "maker_ratio": 0.7,
      "fills_under_threshold": 903,
      "pct_under_threshold": 0.9793926247288504,
      "gate_status": "INSUFFICIENT_DATA",
      "reason": "need_2000_fills_have_922",
      "threshold_bps": 15.0,
      "min_sample_size": 2000
    },
    "asset_NVDA": {
      "total_fills": 963,
      "p95_slippage_bps": 9.07560929659792,
      "mean_slippage_bps": 3.9801053957436365,
      "median_slippage_bps": 3.351593781444929,
      "p99_slippage_bps": 17.814299763224753,
      "maker_ratio": 0.7,
      "fills_under_threshold": 946,
      "pct_under_threshold": 0.9823468328141225,
      "gate_status": "INSUFFICIENT_DATA",
      "reason": "need_2000_fills_have_963",
      "threshold_bps": 15.0,
      "min_sample_size": 2000
    },
    "venue_coinbase": {
      "total_fills": 936,
      "p95_slippage_bps": 8.916018244714186,
      "mean_slippage_bps": 3.8956473894034036,
      "median_slippage_bps": 3.2919802606556408,
      "p99_slippage_bps": 16.99769654306701,
      "maker_ratio": 0.7,
      "fills_under_threshold": 919,
      "pct_under_threshold": 0.9818376068376068,
      "gate_status": "INSUFFICIENT_DATA",
      "reason": "need_2000_fills_have_936",
      "threshold_bps": 15.0,
      "min_sample_size": 2000
    },
    "venue_alpaca": {
      "total_fills": 914,
      "p95_slippage_bps": 8.687593864824851,
      "mean_slippage_bps": 3.9401172525569574,
      "median_slippage_bps": 3.3915635156425896,
      "p99_slippage_bps": 17.222353048850916,
      "maker_ratio": 0.7,
      "fills_under_threshold": 896,
      "pct_under_threshold": 0.9803063457330415,
      "gate_status": "INSUFFICIENT_DATA",
      "reason": "need_2000_fills_have_914",
      "threshold_bps": 15.0,
      "min_sample_size": 2000
    },
    "venue_binance": {
      "total_fills": 908,
      "p95_slippage_bps": 8.97443017722287,
      "mean_slippage_bps": 3.9676701985188805,
      "median_slippage_bps": 3.3504741920916983,
      "p99_slippage_bps": 17.398955793620207,
      "maker_ratio": 0.7,
      "fills_under_threshold": 889,
      "pct_under_threshold": 0.9790748898678414,
      "gate_status": "INSUFFICIENT_DATA",
      "reason": "need_2000_fills_have_908",
      "threshold_bps": 15.0,
      "min_sample_size": 2000
    },
    "BTC-USD_alpaca": {
      "total_fills": 323,
      "p95_slippage_bps": 8.493056041268144,
      "mean_slippage_bps": 4.070098659627716,
      "median_slippage_bps": 3.6305122767926257,
      "p99_slippage_bps": 17.65497371383641,
      "maker_ratio": 0.7,
      "fills_under_threshold": 316,
      "pct_under_threshold": 0.978328173374613,
      "gate_status": "INSUFFICIENT_DATA",
      "reason": "need_2000_fills_have_323",
      "threshold_bps": 15.0,
      "min_sample_size": 2000
    },
    "BTC-USD_binance": {
      "total_fills": 290,
      "p95_slippage_bps": 9.833894543226636,
      "mean_slippage_bps": 4.081373336365216,
      "median_slippage_bps": 3.388276110511679,
      "p99_slippage_bps": 17.770631956341788,
      "maker_ratio": 0.7,
      "fills_under_threshold": 282,
      "pct_under_threshold": 0.9724137931034482,
      "gate_status": "INSUFFICIENT_DATA",
      "reason": "need_2000_fills_have_290",
      "threshold_bps": 15.0,
      "min_sample_size": 2000
    },
    "BTC-USD_coinbase": {
      "total_fills": 309,
      "p95_slippage_bps": 8.182262751501662,
      "mean_slippage_bps": 3.7604342399989457,
      "median_slippage_bps": 3.228328947709846,
      "p99_slippage_bps": 16.716632695227094,
      "maker_ratio": 0.7,
      "fills_under_threshold": 305,
      "pct_under_threshold": 0.9870550161812298,
      "gate_status": "INSUFFICIENT_DATA",
      "reason": "need_2000_fills_have_309",
      "threshold_bps": 15.0,
      "min_sample_size": 2000
    },
    "ETH-USD_alpaca": {
      "total_fills": 287,
      "p95_slippage_bps": 8.980280493759084,
      "mean_slippage_bps": 3.8463373399426546,
      "median_slippage_bps": 3.375757619625462,
      "p99_slippage_bps": 15.929026743013615,
      "maker_ratio": 0.7,
      "fills_under_threshold": 281,
      "pct_under_threshold": 0.9790940766550522,
      "gate_status": "INSUFFICIENT_DATA",
      "reason": "need_2000_fills_have_287",
      "threshold_bps": 15.0,
      "min_sample_size": 2000
    },
    "ETH-USD_binance": {
      "total_fills": 283,
      "p95_slippage_bps": 8.473085812027392,
      "mean_slippage_bps": 3.919442065254663,
      "median_slippage_bps": 3.456911315799115,
      "p99_slippage_bps": 17.39026048171248,
      "maker_ratio": 0.7,
      "fills_under_threshold": 276,
      "pct_under_threshold": 0.9752650176678446,
      "gate_status": "INSUFFICIENT_DATA",
      "reason": "need_2000_fills_have_283",
      "threshold_bps": 15.0,
      "min_sample_size": 2000
    },
    "ETH-USD_coinbase": {
      "total_fills": 303,
      "p95_slippage_bps": 8.972311463634519,
      "mean_slippage_bps": 3.775844665599724,
      "median_slippage_bps": 3.2097490465924596,
      "p99_slippage_bps": 16.630684684197156,
      "maker_ratio": 0.7,
      "fills_under_threshold": 298,
      "pct_under_threshold": 0.9834983498349835,
      "gate_status": "INSUFFICIENT_DATA",
      "reason": "need_2000_fills_have_303",
      "threshold_bps": 15.0,
      "min_sample_size": 2000
    },
    "NVDA_alpaca": {
      "total_fills": 304,
      "p95_slippage_bps": 7.714034173200871,
      "mean_slippage_bps": 3.8905476487294917,
      "median_slippage_bps": 3.315305443762931,
      "p99_slippage_bps": 17.91663833593724,
      "maker_ratio": 0.7,
      "fills_under_threshold": 299,
      "pct_under_threshold": 0.9835526315789473,
      "gate_status": "INSUFFICIENT_DATA",
      "reason": "need_2000_fills_have_304",
      "threshold_bps": 15.0,
      "min_sample_size": 2000
    },
    "NVDA_binance": {
      "total_fills": 335,
      "p95_slippage_bps": 8.87350495116182,
      "mean_slippage_bps": 3.9099825917676454,
      "median_slippage_bps": 3.2999407326705623,
      "p99_slippage_bps": 15.37098653762228,
      "maker_ratio": 0.7,
      "fills_under_threshold": 331,
      "pct_under_threshold": 0.9880597014925373,
      "gate_status": "INSUFFICIENT_DATA",
      "reason": "need_2000_fills_have_335",
      "threshold_bps": 15.0,
      "min_sample_size": 2000
    },
    "NVDA_coinbase": {
      "total_fills": 324,
      "p95_slippage_bps": 9.790403714594985,
      "mean_slippage_bps": 4.136638403225912,
      "median_slippage_bps": 3.455969519599144,
      "p99_slippage_bps": 17.52147866631178,
      "maker_ratio": 0.7,
      "fills_under_threshold": 316,
      "pct_under_threshold": 0.9753086419753086,
      "gate_status": "INSUFFICIENT_DATA",
      "reason": "need_2000_fills_have_324",