{
  "timestamp": "2025-08-16T19:41:24.855975+00:00",
  "window_hours": 48,
  "threshold_bps": 15.0,
  "min_sample_size": 2000,
  "overall_metrics": {
    "total_fills": 2762,
    "p95_slippage_bps": 9.706636638534922,
    "mean_slippage_bps": 4.180602518365106,
    "median_slippage_bps": 3.4827123685552563,
    "p99_slippage_bps": 19.479935047569846,
    "maker_ratio": 0.7,
    "fills_under_threshold": 2692,
    "pct_under_threshold": 0.9746560463432296,
    "gate_status": "PASS",
    "reason": "criteria_met",
    "threshold_bps": 15.0,
    "min_sample_size": 2000
  },
  "breakdown_metrics": {
    "asset_BTC-USD": {
      "total_fills": 940,
      "p95_slippage_bps": 10.096262065999701,
      "mean_slippage_bps": 4.216741532217658,
      "median_slippage_bps": 3.5360399526146966,
      "p99_slippage_bps": 19.50400527473104,
      "maker_ratio": 0.7,
      "fills_under_threshold": 918,
      "pct_under_threshold": 0.9765957446808511,
      "gate_status": "INSUFFICIENT_DATA",
      "reason": "need_2000_fills_have_940",
      "threshold_bps": 15.0,
      "min_sample_size": 2000
    },
    "asset_NVDA": {
      "total_fills": 902,
      "p95_slippage_bps": 9.147924430458973,
      "mean_slippage_bps": 4.125205742726875,
      "median_slippage_bps": 3.433310997560218,
      "p99_slippage_bps": 19.04765631118594,
      "maker_ratio": 0.7,
      "fills_under_threshold": 880,
      "pct_under_threshold": 0.975609756097561,
      "gate_status": "INSUFFICIENT_DATA",
      "reason": "need_2000_fills_have_902",
      "threshold_bps": 15.0,
      "min_sample_size": 2000
    },
    "asset_ETH-USD": {
      "total_fills": 920,
      "p95_slippage_bps": 10.075367935713338,
      "mean_slippage_bps": 4.197990799456719,
      "median_slippage_bps": 3.4608630074453393,
      "p99_slippage_bps": 19.344678198953687,
      "maker_ratio": 0.7,
      "fills_under_threshold": 894,
      "pct_under_threshold": 0.9717391304347827,
      "gate_status": "INSUFFICIENT_DATA",
      "reason": "need_2000_fills_have_920",
      "threshold_bps": 15.0,
      "min_sample_size": 2000
    },
    "venue_coinbase": {
      "total_fills": 959,
      "p95_slippage_bps": 9.343513519862045,
      "mean_slippage_bps": 4.134262707735073,
      "median_slippage_bps": 3.499980483147879,
      "p99_slippage_bps": 19.04698339061489,
      "maker_ratio": 0.7,
      "fills_under_threshold": 938,
      "pct_under_threshold": 0.9781021897810219,
      "gate_status": "INSUFFICIENT_DATA",
      "reason": "need_2000_fills_have_959",
      "threshold_bps": 15.0,
      "min_sample_size": 2000
    },
    "venue_binance": {
      "total_fills": 901,
      "p95_slippage_bps": 10.091022883263598,
      "mean_slippage_bps": 4.142939143350945,
      "median_slippage_bps": 3.435726319767303,
      "p99_slippage_bps": 18.544998034848753,
      "maker_ratio": 0.7,
      "fills_under_threshold": 875,
      "pct_under_threshold": 0.9711431742508324,
      "gate_status": "INSUFFICIENT_DATA",
      "reason": "need_2000_fills_have_901",
      "threshold_bps": 15.0,
      "min_sample_size": 2000
    },
    "venue_alpaca": {
      "total_fills": 902,
      "p95_slippage_bps": 10.022592109810903,
      "mean_slippage_bps": 4.267492295839563,
      "median_slippage_bps": 3.496778472094225,
      "p99_slippage_bps": 21.002624487878187,
      "maker_ratio": 0.7,
      "fills_under_threshold": 879,
      "pct_under_threshold": 0.9745011086474501,
      "gate_status": "INSUFFICIENT_DATA",
      "reason": "need_2000_fills_have_902",
      "threshold_bps": 15.0,
      "min_sample_size": 2000
    },
    "BTC-USD_alpaca": {
      "total_fills": 313,
      "p95_slippage_bps": 10.41989647989934,
      "mean_slippage_bps": 4.465204140063959,
      "median_slippage_bps": 3.600902866729836,
      "p99_slippage_bps": 21.303779012667643,
      "maker_ratio": 0.7,
      "fills_under_threshold": 303,
      "pct_under_threshold": 0.9680511182108626,
      "gate_status": "INSUFFICIENT_DATA",
      "reason": "need_2000_fills_have_313",
      "threshold_bps": 15.0,
      "min_sample_size": 2000
    },
    "BTC-USD_binance": {
      "total_fills": 308,
      "p95_slippage_bps": 10.67002268306522,
      "mean_slippage_bps": 4.2216031966674485,
      "median_slippage_bps": 3.4372170491956417,
      "p99_slippage_bps": 15.816746833096223,
      "maker_ratio": 0.7,
      "fills_under_threshold": 302,
      "pct_under_threshold": 0.9805194805194806,
      "gate_status": "INSUFFICIENT_DATA",
      "reason": "need_2000_fills_have_308",
      "threshold_bps": 15.0,
      "min_sample_size": 2000
    },
    "BTC-USD_coinbase": {
      "total_fills": 319,
      "p95_slippage_bps": 8.962385603745828,
      "mean_slippage_bps": 3.9682581814138116,
      "median_slippage_bps": 3.583271598787587,
      "p99_slippage_bps": 17.88104057429149,
      "maker_ratio": 0.7,
      "fills_under_threshold": 313,
      "pct_under_threshold": 0.9811912225705329,
      "gate_status": "INSUFFICIENT_DATA",
      "reason": "need_2000_fills_have_319",
      "threshold_bps": 15.0,
      "min_sample_size": 2000
    },
    "ETH-USD_alpaca": {
      "total_fills": 304,
      "p95_slippage_bps": 9.855956376530761,
      "mean_slippage_bps": 4.107980500555203,
      "median_slippage_bps": 3.285616848166849,
      "p99_slippage_bps": 16.77376690666112,
      "maker_ratio": 0.7,
      "fills_under_threshold": 300,
      "pct_under_threshold": 0.9868421052631579,
      "gate_status": "INSUFFICIENT_DATA",
      "reason": "need_2000_fills_have_304",
      "threshold_bps": 15.0,
      "min_sample_size": 2000
    },
    "ETH-USD_binance": {
      "total_fills": 317,
      "p95_slippage_bps": 9.425952423294502,
      "mean_slippage_bps": 4.181805656596764,
      "median_slippage_bps": 3.57356234403949,
      "p99_slippage_bps": 20.132877216794714,
      "maker_ratio": 0.7,
      "fills_under_threshold": 305,
      "pct_under_threshold": 0.9621451104100947,
      "gate_status": "INSUFFICIENT_DATA",
      "reason": "need_2000_fills_have_317",
      "threshold_bps": 15.0,
      "min_sample_size": 2000
    },
    "ETH-USD_coinbase": {
      "total_fills": 299,
      "p95_slippage_bps": 10.439207689566608,
      "mean_slippage_bps": 4.306665786589386,
      "median_slippage_bps": 3.4549198005975397,
      "p99_slippage_bps": 19.426462387244577,
      "maker_ratio": 0.7,
      "fills_under_threshold": 289,
      "pct_under_threshold": 0.9665551839464883,
      "gate_status": "INSUFFICIENT_DATA",
      "reason": "need_2000_fills_have_299",
      "threshold_bps": 15.0,
      "min_sample_size": 2000
    },
    "NVDA_alpaca": {
      "total_fills": 285,
      "p95_slippage_bps": 9.253594114056078,
      "mean_slippage_bps": 4.220502045047321,
      "median_slippage_bps": 3.5193676750598666,
      "p99_slippage_bps": 21.43040550195379,
      "maker_ratio": 0.7,
      "fills_under_threshold": 276,
      "pct_under_threshold": 0.968421052631579,
      "gate_status": "INSUFFICIENT_DATA",
      "reason": "need_2000_fills_have_285",
      "threshold_bps": 15.0,
      "min_sample_size": 2000
    },
    "NVDA_binance": {
      "total_fills": 276,
      "p95_slippage_bps": 9.03697655348726,
      "mean_slippage_bps": 4.0105144581320715,
      "median_slippage_bps": 3.2250840998538877,
      "p99_slippage_bps": 18.14161522149723,
      "maker_ratio": 0.7,
      "fills_under_threshold": 268,
      "pct_under_threshold": 0.9710144927536232,
      "gate_status": "INSUFFICIENT_DATA",
      "reason": "need_2000_fills_have_276",
      "threshold_bps": 15.0,
      "min_sample_size": 2000
    },
    "NVDA_coinbase": {
      "total_fills": 341,
      "p95_slippage_bps": 8.98884324223157,
      "mean_slippage_bps": 4.138388582570975,
      "median_slippage_bps": 3.499980483147879,
      "p99_slippage_bps": 18.736986445255976,
      "maker_ratio": 0.7,
      "fills_under_threshold": 336,
      "pct_under_threshold": 0.9853372434017595,
      "gate_status": "INSUFFICIENT_DATA",
      "reason": "need_2000_fills_have_341",