{
  "timestamp": "2025-08-16T16:34:40.460034+00:00",
  "window_hours": 48,
  "threshold_bps": 15.0,
  "min_sample_size": 2000,
  "overall_metrics": {
    "total_fills": 2746,
    "p95_slippage_bps": 9.161122715360872,
    "mean_slippage_bps": 4.074219211924499,
    "median_slippage_bps": 3.4767657979785156,
    "p99_slippage_bps": 19.028127151726515,
    "maker_ratio": 0.7,
    "fills_under_threshold": 2690,
    "pct_under_threshold": 0.9796067006554989,
    "gate_status": "PASS",
    "reason": "criteria_met",
    "threshold_bps": 15.0,
    "min_sample_size": 2000
  },
  "breakdown_metrics": {
    "asset_ETH-USD": {
      "total_fills": 923,
      "p95_slippage_bps": 9.935799629947098,
      "mean_slippage_bps": 4.226376416541131,
      "median_slippage_bps": 3.5544456644552604,
      "p99_slippage_bps": 20.204165832671475,
      "maker_ratio": 0.7,
      "fills_under_threshold": 899,
      "pct_under_threshold": 0.9739978331527628,
      "gate_status": "INSUFFICIENT_DATA",
      "reason": "need_2000_fills_have_923",
      "threshold_bps": 15.0,
      "min_sample_size": 2000
    },
    "asset_NVDA": {
      "total_fills": 942,
      "p95_slippage_bps": 8.911131110500962,
      "mean_slippage_bps": 4.068507614152823,
      "median_slippage_bps": 3.5274955615232066,
      "p99_slippage_bps": 18.709824134659584,
      "maker_ratio": 0.7,
      "fills_under_threshold": 923,
      "pct_under_threshold": 0.9798301486199575,
      "gate_status": "INSUFFICIENT_DATA",
      "reason": "need_2000_fills_have_942",
      "threshold_bps": 15.0,
      "min_sample_size": 2000
    },
    "asset_BTC-USD": {
      "total_fills": 881,
      "p95_slippage_bps": 8.697937396497954,
      "mean_slippage_bps": 3.9209152678152686,
      "median_slippage_bps": 3.4024687816208914,
      "p99_slippage_bps": 15.688315131838372,
      "maker_ratio": 0.7,
      "fills_under_threshold": 868,
      "pct_under_threshold": 0.985244040862656,
      "gate_status": "INSUFFICIENT_DATA",
      "reason": "need_2000_fills_have_881",
      "threshold_bps": 15.0,
      "min_sample_size": 2000
    },
    "venue_coinbase": {
      "total_fills": 927,
      "p95_slippage_bps": 9.875393004033427,
      "mean_slippage_bps": 4.185234951975744,
      "median_slippage_bps": 3.470649494096398,
      "p99_slippage_bps": 20.157530825518723,
      "maker_ratio": 0.7,
      "fills_under_threshold": 904,
      "pct_under_threshold": 0.9751887810140237,
      "gate_status": "INSUFFICIENT_DATA",
      "reason": "need_2000_fills_have_927",
      "threshold_bps": 15.0,
      "min_sample_size": 2000
    },
    "venue_alpaca": {
      "total_fills": 954,
      "p95_slippage_bps": 8.772124018624915,
      "mean_slippage_bps": 4.015418253080025,
      "median_slippage_bps": 3.4621129767381245,
      "p99_slippage_bps": 18.050892058356123,
      "maker_ratio": 0.7,
      "fills_under_threshold": 934,
      "pct_under_threshold": 0.9790356394129979,
      "gate_status": "INSUFFICIENT_DATA",
      "reason": "need_2000_fills_have_954",
      "threshold_bps": 15.0,
      "min_sample_size": 2000
    },
    "venue_binance": {
      "total_fills": 865,
      "p95_slippage_bps": 8.520370863838226,
      "mean_slippage_bps": 4.020097274017129,
      "median_slippage_bps": 3.536649451097319,
      "p99_slippage_bps": 16.629420415833668,
      "maker_ratio": 0.7,
      "fills_under_threshold": 852,
      "pct_under_threshold": 0.9849710982658959,
      "gate_status": "INSUFFICIENT_DATA",
      "reason": "need_2000_fills_have_865",
      "threshold_bps": 15.0,
      "min_sample_size": 2000
    },
    "BTC-USD_alpaca": {
      "total_fills": 306,
      "p95_slippage_bps": 8.30531003018935,
      "mean_slippage_bps": 4.108094599394122,
      "median_slippage_bps": 3.518037033405018,
      "p99_slippage_bps": 15.843557332543423,
      "maker_ratio": 0.7,
      "fills_under_threshold": 299,
      "pct_under_threshold": 0.9771241830065359,
      "gate_status": "INSUFFICIENT_DATA",
      "reason": "need_2000_fills_have_306",
      "threshold_bps": 15.0,
      "min_sample_size": 2000
    },
    "BTC-USD_binance": {
      "total_fills": 282,
      "p95_slippage_bps": 8.893508913480085,
      "mean_slippage_bps": 3.8628169183699996,
      "median_slippage_bps": 3.421514063632272,
      "p99_slippage_bps": 13.438991701944989,
      "maker_ratio": 0.7,
      "fills_under_threshold": 279,
      "pct_under_threshold": 0.9893617021276596,
      "gate_status": "INSUFFICIENT_DATA",
      "reason": "need_2000_fills_have_282",
      "threshold_bps": 15.0,
      "min_sample_size": 2000
    },
    "BTC-USD_coinbase": {
      "total_fills": 293,
      "p95_slippage_bps": 8.84847955879937,
      "mean_slippage_bps": 3.781348233960104,
      "median_slippage_bps": 3.2258769366210456,
      "p99_slippage_bps": 14.216267051799724,
      "maker_ratio": 0.7,
      "fills_under_threshold": 290,
      "pct_under_threshold": 0.9897610921501706,
      "gate_status": "INSUFFICIENT_DATA",
      "reason": "need_2000_fills_have_293",
      "threshold_bps": 15.0,
      "min_sample_size": 2000
    },
    "ETH-USD_alpaca": {
      "total_fills": 326,
      "p95_slippage_bps": 9.577463975884873,
      "mean_slippage_bps": 4.155692492301799,
      "median_slippage_bps": 3.4816909227895914,
      "p99_slippage_bps": 19.44413762268496,
      "maker_ratio": 0.7,
      "fills_under_threshold": 317,
      "pct_under_threshold": 0.9723926380368099,
      "gate_status": "INSUFFICIENT_DATA",
      "reason": "need_2000_fills_have_326",
      "threshold_bps": 15.0,
      "min_sample_size": 2000
    },
    "ETH-USD_binance": {
      "total_fills": 269,
      "p95_slippage_bps": 8.28305504858532,
      "mean_slippage_bps": 3.9909085643799145,
      "median_slippage_bps": 3.5859153858100257,
      "p99_slippage_bps": 17.063847649648753,
      "maker_ratio": 0.7,
      "fills_under_threshold": 265,
      "pct_under_threshold": 0.9851301115241635,
      "gate_status": "INSUFFICIENT_DATA",
      "reason": "need_2000_fills_have_269",
      "threshold_bps": 15.0,
      "min_sample_size": 2000
    },
    "ETH-USD_coinbase": {
      "total_fills": 328,
      "p95_slippage_bps": 12.123663640226505,
      "mean_slippage_bps": 4.489741695606342,
      "median_slippage_bps": 3.6248005189442316,
      "p99_slippage_bps": 22.734113049501605,
      "maker_ratio": 0.7,
      "fills_under_threshold": 317,
      "pct_under_threshold": 0.9664634146341463,
      "gate_status": "INSUFFICIENT_DATA",
      "reason": "need_2000_fills_have_328",
      "threshold_bps": 15.0,
      "min_sample_size": 2000
    },
    "NVDA_alpaca": {
      "total_fills": 322,
      "p95_slippage_bps": 8.723196630620299,
      "mean_slippage_bps": 3.785330166252657,
      "median_slippage_bps": 3.3364192181960317,
      "p99_slippage_bps": 17.010668668366215,
      "maker_ratio": 0.7,
      "fills_under_threshold": 318,
      "pct_under_threshold": 0.9875776397515528,
      "gate_status": "INSUFFICIENT_DATA",
      "reason": "need_2000_fills_have_322",
      "threshold_bps": 15.0,
      "min_sample_size": 2000
    },
    "NVDA_binance": {
      "total_fills": 314,
      "p95_slippage_bps": 8.507503383711637,
      "mean_slippage_bps": 4.186354672695157,
      "median_slippage_bps": 3.5515240682026232,
      "p99_slippage_bps": 18.47689065762089,
      "maker_ratio": 0.7,
      "fills_under_threshold": 308,
      "pct_under_threshold": 0.9808917197452229,
      "gate_status": "INSUFFICIENT_DATA",
      "reason": "need_2000_fills_have_314",
      "threshold_bps": 15.0,
      "min_sample_size": 2000
    },
    "NVDA_coinbase": {
      "total_fills": 306,
      "p95_slippage_bps": 9.294152613836612,
      "mean_slippage_bps": 4.245563698602366,
      "median_slippage_bps": 3.6867491682599196,
      "p99_slippage_bps": 19.932247121919502,
      "maker_ratio": 0.7,
      "fills_under_threshold": 297,
      "pct_under_threshold": 0.9705882352941176,
      "gate_status": "INSUFFICIENT_DATA",