{
  "timestamp": "2025-08-16T20:22:54.267207+00:00",
  "window_hours": 48,
  "threshold_bps": 15.0,
  "min_sample_size": 2000,
  "overall_metrics": {
    "total_fills": 2761,
    "p95_slippage_bps": 8.934464454523088,
    "mean_slippage_bps": 4.0053664863896525,
    "median_slippage_bps": 3.4186534613227177,
    "p99_slippage_bps": 17.670927343941553,
    "maker_ratio": 0.7,
    "fills_under_threshold": 2704,
    "pct_under_threshold": 0.9793553060485332,
    "gate_status": "PASS",
    "reason": "criteria_met",
    "threshold_bps": 15.0,
    "min_sample_size": 2000
  },
  "breakdown_metrics": {
    "asset_BTC-USD": {
      "total_fills": 922,
      "p95_slippage_bps": 9.399549651004248,
      "mean_slippage_bps": 4.10443593734601,
      "median_slippage_bps": 3.448838234414067,
      "p99_slippage_bps": 17.94504963413643,
      "maker_ratio": 0.7,
      "fills_under_threshold": 898,
      "pct_under_threshold": 0.9739696312364425,
      "gate_status": "INSUFFICIENT_DATA",
      "reason": "need_2000_fills_have_922",
      "threshold_bps": 15.0,
      "min_sample_size": 2000
    },
    "asset_NVDA": {
      "total_fills": 894,
      "p95_slippage_bps": 8.574864523729655,
      "mean_slippage_bps": 3.9161409736955504,
      "median_slippage_bps": 3.352392375853457,
      "p99_slippage_bps": 16.926580468062014,
      "maker_ratio": 0.7,
      "fills_under_threshold": 878,
      "pct_under_threshold": 0.9821029082774049,
      "gate_status": "INSUFFICIENT_DATA",
      "reason": "need_2000_fills_have_894",
      "threshold_bps": 15.0,
      "min_sample_size": 2000
    },
    "asset_ETH-USD": {
      "total_fills": 945,
      "p95_slippage_bps": 8.735631600445487,
      "mean_slippage_bps": 3.9931184171481355,
      "median_slippage_bps": 3.447690289845937,
      "p99_slippage_bps": 17.272047132712135,
      "maker_ratio": 0.7,
      "fills_under_threshold": 928,
      "pct_under_threshold": 0.982010582010582,
      "gate_status": "INSUFFICIENT_DATA",
      "reason": "need_2000_fills_have_945",
      "threshold_bps": 15.0,
      "min_sample_size": 2000
    },
    "venue_alpaca": {
      "total_fills": 903,
      "p95_slippage_bps": 8.517348960905457,
      "mean_slippage_bps": 3.9092267852461164,
      "median_slippage_bps": 3.3182975156390118,
      "p99_slippage_bps": 17.550335128325596,
      "maker_ratio": 0.7,
      "fills_under_threshold": 885,
      "pct_under_threshold": 0.9800664451827242,
      "gate_status": "INSUFFICIENT_DATA",
      "reason": "need_2000_fills_have_903",
      "threshold_bps": 15.0,
      "min_sample_size": 2000
    },
    "venue_coinbase": {
      "total_fills": 975,
      "p95_slippage_bps": 8.599759292519543,
      "mean_slippage_bps": 3.9469157446682455,
      "median_slippage_bps": 3.4186534613227177,
      "p99_slippage_bps": 17.86745294873585,
      "maker_ratio": 0.7,
      "fills_under_threshold": 954,
      "pct_under_threshold": 0.9784615384615385,
      "gate_status": "INSUFFICIENT_DATA",
      "reason": "need_2000_fills_have_975",
      "threshold_bps": 15.0,
      "min_sample_size": 2000
    },
    "venue_binance": {
      "total_fills": 883,
      "p95_slippage_bps": 9.409706815928653,
      "mean_slippage_bps": 4.168224496934369,
      "median_slippage_bps": 3.5112498002699,
      "p99_slippage_bps": 17.17507806243879,
      "maker_ratio": 0.7,
      "fills_under_threshold": 865,
      "pct_under_threshold": 0.9796149490373726,
      "gate_status": "INSUFFICIENT_DATA",
      "reason": "need_2000_fills_have_883",
      "threshold_bps": 15.0,
      "min_sample_size": 2000
    },
    "BTC-USD_alpaca": {
      "total_fills": 305,
      "p95_slippage_bps": 9.523091237063078,
      "mean_slippage_bps": 3.9833822554734817,
      "median_slippage_bps": 3.119849485641998,
      "p99_slippage_bps": 19.8351226676646,
      "maker_ratio": 0.7,
      "fills_under_threshold": 295,
      "pct_under_threshold": 0.9672131147540983,
      "gate_status": "INSUFFICIENT_DATA",
      "reason": "need_2000_fills_have_305",
      "threshold_bps": 15.0,
      "min_sample_size": 2000
    },
    "BTC-USD_binance": {
      "total_fills": 293,
      "p95_slippage_bps": 8.60775104815604,
      "mean_slippage_bps": 4.078035977150169,
      "median_slippage_bps": 3.683327122644107,
      "p99_slippage_bps": 14.311749508679043,
      "maker_ratio": 0.7,
      "fills_under_threshold": 290,
      "pct_under_threshold": 0.9897610921501706,
      "gate_status": "INSUFFICIENT_DATA",
      "reason": "need_2000_fills_have_293",
      "threshold_bps": 15.0,
      "min_sample_size": 2000
    },
    "BTC-USD_coinbase": {
      "total_fills": 324,
      "p95_slippage_bps": 10.117603221285142,
      "mean_slippage_bps": 4.242264830273486,
      "median_slippage_bps": 3.504273382241494,
      "p99_slippage_bps": 17.938041951085868,
      "maker_ratio": 0.7,
      "fills_under_threshold": 313,
      "pct_under_threshold": 0.9660493827160493,
      "gate_status": "INSUFFICIENT_DATA",
      "reason": "need_2000_fills_have_324",
      "threshold_bps": 15.0,
      "min_sample_size": 2000
    },
    "ETH-USD_alpaca": {
      "total_fills": 317,
      "p95_slippage_bps": 8.270947064187604,
      "mean_slippage_bps": 3.954656240309497,
      "median_slippage_bps": 3.4343961107637035,
      "p99_slippage_bps": 16.496942916893634,
      "maker_ratio": 0.7,
      "fills_under_threshold": 312,
      "pct_under_threshold": 0.9842271293375394,
      "gate_status": "INSUFFICIENT_DATA",
      "reason": "need_2000_fills_have_317",
      "threshold_bps": 15.0,
      "min_sample_size": 2000
    },
    "ETH-USD_binance": {
      "total_fills": 302,
      "p95_slippage_bps": 9.539099985207978,
      "mean_slippage_bps": 4.252771737507856,
      "median_slippage_bps": 3.5622452748179096,
      "p99_slippage_bps": 17.119449655337306,
      "maker_ratio": 0.7,
      "fills_under_threshold": 295,
      "pct_under_threshold": 0.9768211920529801,
      "gate_status": "INSUFFICIENT_DATA",
      "reason": "need_2000_fills_have_302",
      "threshold_bps": 15.0,
      "min_sample_size": 2000
    },
    "ETH-USD_coinbase": {
      "total_fills": 326,
      "p95_slippage_bps": 7.599029657849366,
      "mean_slippage_bps": 3.78998101625615,
      "median_slippage_bps": 3.401112238372132,
      "p99_slippage_bps": 17.76570583059908,
      "maker_ratio": 0.7,
      "fills_under_threshold": 321,
      "pct_under_threshold": 0.9846625766871165,
      "gate_status": "INSUFFICIENT_DATA",
      "reason": "need_2000_fills_have_326",
      "threshold_bps": 15.0,
      "min_sample_size": 2000
    },
    "NVDA_alpaca": {
      "total_fills": 281,
      "p95_slippage_bps": 8.18736908984615,
      "mean_slippage_bps": 3.777488152952744,
      "median_slippage_bps": 3.3620618495885055,
      "p99_slippage_bps": 12.529989366013425,
      "maker_ratio": 0.7,
      "fills_under_threshold": 278,
      "pct_under_threshold": 0.9893238434163701,
      "gate_status": "INSUFFICIENT_DATA",
      "reason": "need_2000_fills_have_281",
      "threshold_bps": 15.0,
      "min_sample_size": 2000
    },
    "NVDA_binance": {
      "total_fills": 288,
      "p95_slippage_bps": 9.865226427592685,
      "mean_slippage_bps": 4.171321613752346,
      "median_slippage_bps": 3.421203961966499,
      "p99_slippage_bps": 19.718973671387396,
      "maker_ratio": 0.7,
      "fills_under_threshold": 280,
      "pct_under_threshold": 0.9722222222222222,
      "gate_status": "INSUFFICIENT_DATA",
      "reason": "need_2000_fills_have_288",
      "threshold_bps": 15.0,
      "min_sample_size": 2000
    },
    "NVDA_coinbase": {
      "total_fills": 325,
      "p95_slippage_bps": 8.408270762467577,
      "mean_slippage_bps": 3.8098930299797686,
      "median_slippage_bps": 3.278671409255178,
      "p99_slippage_bps": 17.292167314448136,
      "maker_ratio": 0.7,
      "fills_under_threshold": 320,
      "pct_under_threshold": 0.9846153846153847,
      "gate_status": "INSUFFICIENT_DATA",
      "reason": "need_2000_fills_have_325",