{
  "timestamp": "2025-08-16T09:55:14.365855+00:00",
  "window_hours": 48,
  "threshold_bps": 15.0,
  "min_sample_size": 2000,
  "overall_metrics": {
    "total_fills": 2779,
    "p95_slippage_bps": 9.413160162069884,
    "mean_slippage_bps": 4.0868231520500515,
    "median_slippage_bps": 3.483603034589053,
    "p99_slippage_bps": 18.515426057836628,
    "maker_ratio": 0.7,
    "fills_under_threshold": 2723,
    "pct_under_threshold": 0.9798488664987406,
    "gate_status": "PASS",
    "reason": "criteria_met",
    "threshold_bps": 15.0,
    "min_sample_size": 2000
  },
  "breakdown_metrics": {
    "asset_ETH-USD": {
      "total_fills": 962,
      "p95_slippage_bps": 9.381798403366341,
      "mean_slippage_bps": 4.02686837977386,
      "median_slippage_bps": 3.38933806975888,
      "p99_slippage_bps": 18.818792665129624,
      "maker_ratio": 0.7,
      "fills_under_threshold": 942,
      "pct_under_threshold": 0.9792099792099792,
      "gate_status": "INSUFFICIENT_DATA",
      "reason": "need_2000_fills_have_962",
      "threshold_bps": 15.0,
      "min_sample_size": 2000
    },
    "asset_BTC-USD": {
      "total_fills": 897,
      "p95_slippage_bps": 8.871093630557619,
      "mean_slippage_bps": 4.061225609231576,
      "median_slippage_bps": 3.5917195448032704,
      "p99_slippage_bps": 17.74886307219179,
      "maker_ratio": 0.7,
      "fills_under_threshold": 884,
      "pct_under_threshold": 0.9855072463768116,
      "gate_status": "INSUFFICIENT_DATA",
      "reason": "need_2000_fills_have_897",
      "threshold_bps": 15.0,
      "min_sample_size": 2000
    },
    "asset_NVDA": {
      "total_fills": 920,
      "p95_slippage_bps": 9.548068680174294,
      "mean_slippage_bps": 4.174472594265127,
      "median_slippage_bps": 3.507602926952714,
      "p99_slippage_bps": 18.96625570168594,
      "maker_ratio": 0.7,
      "fills_under_threshold": 897,
      "pct_under_threshold": 0.975,
      "gate_status": "INSUFFICIENT_DATA",
      "reason": "need_2000_fills_have_920",
      "threshold_bps": 15.0,
      "min_sample_size": 2000
    },
    "venue_coinbase": {
      "total_fills": 953,
      "p95_slippage_bps": 9.427212809168454,
      "mean_slippage_bps": 4.102357485063811,
      "median_slippage_bps": 3.5721913323996843,
      "p99_slippage_bps": 17.489371596045316,
      "maker_ratio": 0.7,
      "fills_under_threshold": 938,
      "pct_under_threshold": 0.9842602308499475,
      "gate_status": "INSUFFICIENT_DATA",
      "reason": "need_2000_fills_have_953",
      "threshold_bps": 15.0,
      "min_sample_size": 2000
    },
    "venue_alpaca": {
      "total_fills": 915,
      "p95_slippage_bps": 9.292068152201535,
      "mean_slippage_bps": 4.099654310524616,
      "median_slippage_bps": 3.4582886122284338,
      "p99_slippage_bps": 18.82755337045419,
      "maker_ratio": 0.7,
      "fills_under_threshold": 893,
      "pct_under_threshold": 0.9759562841530055,
      "gate_status": "INSUFFICIENT_DATA",
      "reason": "need_2000_fills_have_915",
      "threshold_bps": 15.0,
      "min_sample_size": 2000
    },
    "venue_binance": {
      "total_fills": 911,
      "p95_slippage_bps": 9.36881085011634,
      "mean_slippage_bps": 4.0576851395732785,
      "median_slippage_bps": 3.4587273855818776,
      "p99_slippage_bps": 18.68577045173681,
      "maker_ratio": 0.7,
      "fills_under_threshold": 892,
      "pct_under_threshold": 0.9791437980241493,
      "gate_status": "INSUFFICIENT_DATA",
      "reason": "need_2000_fills_have_911",
      "threshold_bps": 15.0,
      "min_sample_size": 2000
    },
    "BTC-USD_alpaca": {
      "total_fills": 281,
      "p95_slippage_bps": 8.421590508682957,
      "mean_slippage_bps": 4.037288991979741,
      "median_slippage_bps": 3.4763520160889096,
      "p99_slippage_bps": 18.016624360596513,
      "maker_ratio": 0.7,
      "fills_under_threshold": 276,
      "pct_under_threshold": 0.9822064056939501,
      "gate_status": "INSUFFICIENT_DATA",
      "reason": "need_2000_fills_have_281",
      "threshold_bps": 15.0,
      "min_sample_size": 2000
    },
    "BTC-USD_binance": {
      "total_fills": 295,
      "p95_slippage_bps": 8.983992470794469,
      "mean_slippage_bps": 4.053587706970331,
      "median_slippage_bps": 3.5000086009456863,
      "p99_slippage_bps": 17.900671481790965,
      "maker_ratio": 0.7,
      "fills_under_threshold": 290,
      "pct_under_threshold": 0.9830508474576272,
      "gate_status": "INSUFFICIENT_DATA",
      "reason": "need_2000_fills_have_295",
      "threshold_bps": 15.0,
      "min_sample_size": 2000
    },
    "BTC-USD_coinbase": {
      "total_fills": 321,
      "p95_slippage_bps": 9.450650788693224,
      "mean_slippage_bps": 4.08919872641174,
      "median_slippage_bps": 3.685690685030571,
      "p99_slippage_bps": 13.746207817337805,
      "maker_ratio": 0.7,
      "fills_under_threshold": 318,
      "pct_under_threshold": 0.9906542056074766,
      "gate_status": "INSUFFICIENT_DATA",
      "reason": "need_2000_fills_have_321",
      "threshold_bps": 15.0,
      "min_sample_size": 2000
    },
    "ETH-USD_alpaca": {
      "total_fills": 310,
      "p95_slippage_bps": 9.819771398718611,
      "mean_slippage_bps": 4.184618652977046,
      "median_slippage_bps": 3.432971815413933,
      "p99_slippage_bps": 20.275808144257148,
      "maker_ratio": 0.7,
      "fills_under_threshold": 302,
      "pct_under_threshold": 0.9741935483870968,
      "gate_status": "INSUFFICIENT_DATA",
      "reason": "need_2000_fills_have_310",
      "threshold_bps": 15.0,
      "min_sample_size": 2000
    },
    "ETH-USD_binance": {
      "total_fills": 317,
      "p95_slippage_bps": 9.304617464839854,
      "mean_slippage_bps": 3.9418452152181978,
      "median_slippage_bps": 3.244582713427974,
      "p99_slippage_bps": 21.10129309555567,
      "maker_ratio": 0.7,
      "fills_under_threshold": 309,
      "pct_under_threshold": 0.9747634069400631,
      "gate_status": "INSUFFICIENT_DATA",
      "reason": "need_2000_fills_have_317",
      "threshold_bps": 15.0,
      "min_sample_size": 2000
    },
    "ETH-USD_coinbase": {
      "total_fills": 335,
      "p95_slippage_bps": 8.879359076000803,
      "mean_slippage_bps": 3.961345270732537,
      "median_slippage_bps": 3.4623520424768497,
      "p99_slippage_bps": 15.227694462860809,
      "maker_ratio": 0.7,
      "fills_under_threshold": 331,
      "pct_under_threshold": 0.9880597014925373,
      "gate_status": "INSUFFICIENT_DATA",
      "reason": "need_2000_fills_have_335",
      "threshold_bps": 15.0,
      "min_sample_size": 2000
    },
    "NVDA_alpaca": {
      "total_fills": 324,
      "p95_slippage_bps": 9.656898951345656,
      "mean_slippage_bps": 4.072449706669236,
      "median_slippage_bps": 3.457610282858823,
      "p99_slippage_bps": 16.511092141487936,
      "maker_ratio": 0.7,
      "fills_under_threshold": 315,
      "pct_under_threshold": 0.9722222222222222,
      "gate_status": "INSUFFICIENT_DATA",
      "reason": "need_2000_fills_have_324",
      "threshold_bps": 15.0,
      "min_sample_size": 2000
    },
    "NVDA_binance": {
      "total_fills": 299,
      "p95_slippage_bps": 9.299736370109791,
      "mean_slippage_bps": 4.184541322310502,
      "median_slippage_bps": 3.5889643098599158,
      "p99_slippage_bps": 18.611923033790845,
      "maker_ratio": 0.7,
      "fills_under_threshold": 293,
      "pct_under_threshold": 0.979933110367893,
      "gate_status": "INSUFFICIENT_DATA",
      "reason": "need_2000_fills_have_299",
      "threshold_bps": 15.0,
      "min_sample_size": 2000
    },
    "NVDA_coinbase": {
      "total_fills": 297,
      "p95_slippage_bps": 9.498588924704338,
      "mean_slippage_bps": 4.2756337588964435,
      "median_slippage_bps": 3.470779433293755,
      "p99_slippage_bps": 21.452679915027723,
      "maker_ratio": 0.7,
      "fills_under_threshold": 289,
      "pct_under_threshold": 0.9730639730639731,
      "gate_status": "INSUFFICIENT_DATA",
      "reason": "need_2000_fills_have_297",