{
  "timestamp": "2025-08-16T17:05:47.814653+00:00",
  "window_hours": 48,
  "threshold_bps": 15.0,
  "min_sample_size": 2000,
  "overall_metrics": {
    "total_fills": 2747,
    "p95_slippage_bps": 9.431852242840304,
    "mean_slippage_bps": 4.048515608955765,
    "median_slippage_bps": 3.3931225332725328,
    "p99_slippage_bps": 19.169286800436822,
    "maker_ratio": 0.7,
    "fills_under_threshold": 2688,
    "pct_under_threshold": 0.9785220240262104,
    "gate_status": "PASS",
    "reason": "criteria_met",
    "threshold_bps": 15.0,
    "min_sample_size": 2000
  },
  "breakdown_metrics": {
    "asset_BTC-USD": {
      "total_fills": 903,
      "p95_slippage_bps": 9.542308086186186,
      "mean_slippage_bps": 4.035402921517047,
      "median_slippage_bps": 3.3329149894793124,
      "p99_slippage_bps": 19.620901788214386,
      "maker_ratio": 0.7,
      "fills_under_threshold": 883,
      "pct_under_threshold": 0.9778516057585825,
      "gate_status": "INSUFFICIENT_DATA",
      "reason": "need_2000_fills_have_903",
      "threshold_bps": 15.0,
      "min_sample_size": 2000
    },
    "asset_ETH-USD": {
      "total_fills": 923,
      "p95_slippage_bps": 9.422712272984493,
      "mean_slippage_bps": 4.112421628904735,
      "median_slippage_bps": 3.4303698443453072,
      "p99_slippage_bps": 19.404575162786593,
      "maker_ratio": 0.7,
      "fills_under_threshold": 899,
      "pct_under_threshold": 0.9739978331527628,
      "gate_status": "INSUFFICIENT_DATA",
      "reason": "need_2000_fills_have_923",
      "threshold_bps": 15.0,
      "min_sample_size": 2000
    },
    "asset_NVDA": {
      "total_fills": 921,
      "p95_slippage_bps": 9.283372953965475,
      "mean_slippage_bps": 3.9973272271362896,
      "median_slippage_bps": 3.39329256972601,
      "p99_slippage_bps": 18.07839541281185,
      "maker_ratio": 0.7,
      "fills_under_threshold": 906,
      "pct_under_threshold": 0.9837133550488599,
      "gate_status": "INSUFFICIENT_DATA",
      "reason": "need_2000_fills_have_921",
      "threshold_bps": 15.0,
      "min_sample_size": 2000
    },
    "venue_coinbase": {
      "total_fills": 904,
      "p95_slippage_bps": 9.764301243992701,
      "mean_slippage_bps": 4.0919423286853,
      "median_slippage_bps": 3.37053015425636,
      "p99_slippage_bps": 18.834018518746127,
      "maker_ratio": 0.7,
      "fills_under_threshold": 884,
      "pct_under_threshold": 0.9778761061946902,
      "gate_status": "INSUFFICIENT_DATA",
      "reason": "need_2000_fills_have_904",
      "threshold_bps": 15.0,
      "min_sample_size": 2000
    },
    "venue_alpaca": {
      "total_fills": 914,
      "p95_slippage_bps": 9.102841976217626,
      "mean_slippage_bps": 3.938430309269307,
      "median_slippage_bps": 3.396376850608367,
      "p99_slippage_bps": 17.23748900604986,
      "maker_ratio": 0.7,
      "fills_under_threshold": 896,
      "pct_under_threshold": 0.9803063457330415,
      "gate_status": "INSUFFICIENT_DATA",
      "reason": "need_2000_fills_have_914",
      "threshold_bps": 15.0,
      "min_sample_size": 2000
    },
    "venue_binance": {
      "total_fills": 929,
      "p95_slippage_bps": 9.083768420951325,
      "mean_slippage_bps": 4.114565349836199,
      "median_slippage_bps": 3.3952182509298323,
      "p99_slippage_bps": 20.942778414176033,
      "maker_ratio": 0.7,
      "fills_under_threshold": 908,
      "pct_under_threshold": 0.9773950484391819,
      "gate_status": "INSUFFICIENT_DATA",
      "reason": "need_2000_fills_have_929",
      "threshold_bps": 15.0,
      "min_sample_size": 2000
    },
    "BTC-USD_alpaca": {
      "total_fills": 289,
      "p95_slippage_bps": 8.768226786487357,
      "mean_slippage_bps": 3.873307959567033,
      "median_slippage_bps": 3.3407882161307016,
      "p99_slippage_bps": 19.241834580433526,
      "maker_ratio": 0.7,
      "fills_under_threshold": 283,
      "pct_under_threshold": 0.9792387543252595,
      "gate_status": "INSUFFICIENT_DATA",
      "reason": "need_2000_fills_have_289",
      "threshold_bps": 15.0,
      "min_sample_size": 2000
    },
    "BTC-USD_binance": {
      "total_fills": 318,
      "p95_slippage_bps": 9.731761795039327,
      "mean_slippage_bps": 4.078477086747299,
      "median_slippage_bps": 3.3147998498475566,
      "p99_slippage_bps": 21.983659734496232,
      "maker_ratio": 0.7,
      "fills_under_threshold": 311,
      "pct_under_threshold": 0.9779874213836478,
      "gate_status": "INSUFFICIENT_DATA",
      "reason": "need_2000_fills_have_318",
      "threshold_bps": 15.0,
      "min_sample_size": 2000
    },
    "BTC-USD_coinbase": {
      "total_fills": 296,
      "p95_slippage_bps": 9.591818354012165,
      "mean_slippage_bps": 4.147388933207365,
      "median_slippage_bps": 3.3355875148474343,
      "p99_slippage_bps": 17.23395984751469,
      "maker_ratio": 0.7,
      "fills_under_threshold": 289,
      "pct_under_threshold": 0.9763513513513513,
      "gate_status": "INSUFFICIENT_DATA",
      "reason": "need_2000_fills_have_296",
      "threshold_bps": 15.0,
      "min_sample_size": 2000
    },
    "ETH-USD_alpaca": {
      "total_fills": 314,
      "p95_slippage_bps": 10.356834835766081,
      "mean_slippage_bps": 3.9944623274145106,
      "median_slippage_bps": 3.3648636268893375,
      "p99_slippage_bps": 16.856743272981006,
      "maker_ratio": 0.7,
      "fills_under_threshold": 305,
      "pct_under_threshold": 0.9713375796178344,
      "gate_status": "INSUFFICIENT_DATA",
      "reason": "need_2000_fills_have_314",
      "threshold_bps": 15.0,
      "min_sample_size": 2000
    },
    "ETH-USD_binance": {
      "total_fills": 320,
      "p95_slippage_bps": 8.879333177373502,
      "mean_slippage_bps": 4.254669656740326,
      "median_slippage_bps": 3.570460618440696,
      "p99_slippage_bps": 21.888072064130128,
      "maker_ratio": 0.7,
      "fills_under_threshold": 312,
      "pct_under_threshold": 0.975,
      "gate_status": "INSUFFICIENT_DATA",
      "reason": "need_2000_fills_have_320",
      "threshold_bps": 15.0,
      "min_sample_size": 2000
    },
    "ETH-USD_coinbase": {
      "total_fills": 289,
      "p95_slippage_bps": 10.103396281899553,
      "mean_slippage_bps": 4.083078555411796,
      "median_slippage_bps": 3.346975800787408,
      "p99_slippage_bps": 19.35679170956245,
      "maker_ratio": 0.7,
      "fills_under_threshold": 282,
      "pct_under_threshold": 0.9757785467128027,
      "gate_status": "INSUFFICIENT_DATA",
      "reason": "need_2000_fills_have_289",
      "threshold_bps": 15.0,
      "min_sample_size": 2000
    },
    "NVDA_alpaca": {
      "total_fills": 311,
      "p95_slippage_bps": 8.646388505679719,
      "mean_slippage_bps": 3.9423734133412136,
      "median_slippage_bps": 3.451281621333964,
      "p99_slippage_bps": 14.940813063272785,
      "maker_ratio": 0.7,
      "fills_under_threshold": 308,
      "pct_under_threshold": 0.9903536977491961,
      "gate_status": "INSUFFICIENT_DATA",
      "reason": "need_2000_fills_have_311",
      "threshold_bps": 15.0,
      "min_sample_size": 2000
    },
    "NVDA_binance": {
      "total_fills": 291,
      "p95_slippage_bps": 9.00533470116088,
      "mean_slippage_bps": 3.999935416684823,
      "median_slippage_bps": 3.3555098843228963,
      "p99_slippage_bps": 18.178707855049005,
      "maker_ratio": 0.7,
      "fills_under_threshold": 285,
      "pct_under_threshold": 0.979381443298969,
      "gate_status": "INSUFFICIENT_DATA",
      "reason": "need_2000_fills_have_291",
      "threshold_bps": 15.0,
      "min_sample_size": 2000
    },
    "NVDA_coinbase": {
      "total_fills": 319,
      "p95_slippage_bps": 9.778904177049975,
      "mean_slippage_bps": 4.048523631310727,
      "median_slippage_bps": 3.3875830221838954,
      "p99_slippage_bps": 18.625966686448564,
      "maker_ratio": 0.7,
      "fills_under_threshold": 313,
      "pct_under_threshold": 0.9811912225705329,
      "gate_status": "INSUFFICIENT_DATA",
      "reason": "need_2000_fills_have_319",