{
  "timestamp": "2025-08-16T21:09:37.655486+00:00",
  "window_hours": 48,
  "threshold_bps": 15.0,
  "min_sample_size": 2000,
  "overall_metrics": {
    "total_fills": 2735,
    "p95_slippage_bps": 9.483062344984557,
    "mean_slippage_bps": 4.130079250149248,
    "median_slippage_bps": 3.3802747864876608,
    "p99_slippage_bps": 19.891184346308222,
    "maker_ratio": 0.7,
    "fills_under_threshold": 2664,
    "pct_under_threshold": 0.9740402193784278,
    "gate_status": "PASS",
    "reason": "criteria_met",
    "threshold_bps": 15.0,
    "min_sample_size": 2000
  },
  "breakdown_metrics": {
    "asset_ETH-USD": {
      "total_fills": 919,
      "p95_slippage_bps": 9.666568734582924,
      "mean_slippage_bps": 4.236600608056771,
      "median_slippage_bps": 3.4706791720592505,
      "p99_slippage_bps": 20.16363144035651,
      "maker_ratio": 0.7,
      "fills_under_threshold": 892,
      "pct_under_threshold": 0.970620239390642,
      "gate_status": "INSUFFICIENT_DATA",
      "reason": "need_2000_fills_have_919",
      "threshold_bps": 15.0,
      "min_sample_size": 2000
    },
    "asset_BTC-USD": {
      "total_fills": 899,
      "p95_slippage_bps": 9.350127028627563,
      "mean_slippage_bps": 4.123837887660796,
      "median_slippage_bps": 3.3471062763341486,
      "p99_slippage_bps": 20.57251189791349,
      "maker_ratio": 0.7,
      "fills_under_threshold": 873,
      "pct_under_threshold": 0.9710789766407119,
      "gate_status": "INSUFFICIENT_DATA",
      "reason": "need_2000_fills_have_899",
      "threshold_bps": 15.0,
      "min_sample_size": 2000
    },
    "asset_NVDA": {
      "total_fills": 917,
      "p95_slippage_bps": 9.023651336353183,
      "mean_slippage_bps": 4.029444415863648,
      "median_slippage_bps": 3.32850893667249,
      "p99_slippage_bps": 19.069538913054785,
      "maker_ratio": 0.7,
      "fills_under_threshold": 899,
      "pct_under_threshold": 0.9803707742639041,
      "gate_status": "INSUFFICIENT_DATA",
      "reason": "need_2000_fills_have_917",
      "threshold_bps": 15.0,
      "min_sample_size": 2000
    },
    "venue_alpaca": {
      "total_fills": 917,
      "p95_slippage_bps": 10.383494564677456,
      "mean_slippage_bps": 4.249114022526294,
      "median_slippage_bps": 3.3094276402259357,
      "p99_slippage_bps": 22.265663321021538,
      "maker_ratio": 0.7,
      "fills_under_threshold": 885,
      "pct_under_threshold": 0.965103598691385,
      "gate_status": "INSUFFICIENT_DATA",
      "reason": "need_2000_fills_have_917",
      "threshold_bps": 15.0,
      "min_sample_size": 2000
    },
    "venue_binance": {
      "total_fills": 880,
      "p95_slippage_bps": 9.203588086542004,
      "mean_slippage_bps": 4.090104977316202,
      "median_slippage_bps": 3.4180077201451438,
      "p99_slippage_bps": 18.633259770116958,
      "maker_ratio": 0.7,
      "fills_under_threshold": 860,
      "pct_under_threshold": 0.9772727272727273,
      "gate_status": "INSUFFICIENT_DATA",
      "reason": "need_2000_fills_have_880",
      "threshold_bps": 15.0,
      "min_sample_size": 2000
    },
    "venue_coinbase": {
      "total_fills": 938,
      "p95_slippage_bps": 9.043419318907565,
      "mean_slippage_bps": 4.051211951453438,
      "median_slippage_bps": 3.4734369074959783,
      "p99_slippage_bps": 18.92791879276679,
      "maker_ratio": 0.7,
      "fills_under_threshold": 919,
      "pct_under_threshold": 0.9797441364605544,
      "gate_status": "INSUFFICIENT_DATA",
      "reason": "need_2000_fills_have_938",
      "threshold_bps": 15.0,
      "min_sample_size": 2000
    },
    "BTC-USD_alpaca": {
      "total_fills": 273,
      "p95_slippage_bps": 12.61196358270197,
      "mean_slippage_bps": 4.3939920211837045,
      "median_slippage_bps": 3.1823350408358744,
      "p99_slippage_bps": 22.55269666717884,
      "maker_ratio": 0.7,
      "fills_under_threshold": 261,
      "pct_under_threshold": 0.9560439560439561,
      "gate_status": "INSUFFICIENT_DATA",
      "reason": "need_2000_fills_have_273",
      "threshold_bps": 15.0,
      "min_sample_size": 2000
    },
    "BTC-USD_binance": {
      "total_fills": 303,
      "p95_slippage_bps": 8.653447881782535,
      "mean_slippage_bps": 4.041011266879334,
      "median_slippage_bps": 3.376526887729287,
      "p99_slippage_bps": 18.6886185847688,
      "maker_ratio": 0.7,
      "fills_under_threshold": 295,
      "pct_under_threshold": 0.9735973597359736,
      "gate_status": "INSUFFICIENT_DATA",
      "reason": "need_2000_fills_have_303",
      "threshold_bps": 15.0,
      "min_sample_size": 2000
    },
    "BTC-USD_coinbase": {
      "total_fills": 323,
      "p95_slippage_bps": 8.366857356916578,
      "mean_slippage_bps": 3.973201316902372,
      "median_slippage_bps": 3.4999687175327994,
      "p99_slippage_bps": 20.396635404671276,
      "maker_ratio": 0.7,
      "fills_under_threshold": 317,
      "pct_under_threshold": 0.9814241486068112,
      "gate_status": "INSUFFICIENT_DATA",
      "reason": "need_2000_fills_have_323",
      "threshold_bps": 15.0,
      "min_sample_size": 2000
    },
    "ETH-USD_alpaca": {
      "total_fills": 310,
      "p95_slippage_bps": 10.638259532753567,
      "mean_slippage_bps": 4.488693867734443,
      "median_slippage_bps": 3.585229163422675,
      "p99_slippage_bps": 21.572082680033994,
      "maker_ratio": 0.7,
      "fills_under_threshold": 297,
      "pct_under_threshold": 0.9580645161290322,
      "gate_status": "INSUFFICIENT_DATA",
      "reason": "need_2000_fills_have_310",
      "threshold_bps": 15.0,
      "min_sample_size": 2000
    },
    "ETH-USD_binance": {
      "total_fills": 282,
      "p95_slippage_bps": 9.236225686760712,
      "mean_slippage_bps": 4.125867308690741,
      "median_slippage_bps": 3.534715405637022,
      "p99_slippage_bps": 16.290521492464876,
      "maker_ratio": 0.7,
      "fills_under_threshold": 275,
      "pct_under_threshold": 0.975177304964539,
      "gate_status": "INSUFFICIENT_DATA",
      "reason": "need_2000_fills_have_282",
      "threshold_bps": 15.0,
      "min_sample_size": 2000
    },
    "ETH-USD_coinbase": {
      "total_fills": 327,
      "p95_slippage_bps": 9.383937362387869,
      "mean_slippage_bps": 4.093107886103079,
      "median_slippage_bps": 3.329163630251822,
      "p99_slippage_bps": 18.78346030774621,
      "maker_ratio": 0.7,
      "fills_under_threshold": 320,
      "pct_under_threshold": 0.9785932721712538,
      "gate_status": "INSUFFICIENT_DATA",
      "reason": "need_2000_fills_have_327",
      "threshold_bps": 15.0,
      "min_sample_size": 2000
    },
    "NVDA_alpaca": {
      "total_fills": 334,
      "p95_slippage_bps": 8.475770931935703,
      "mean_slippage_bps": 3.9083312511251,
      "median_slippage_bps": 3.2254920082622944,
      "p99_slippage_bps": 20.18492323866631,
      "maker_ratio": 0.7,
      "fills_under_threshold": 327,
      "pct_under_threshold": 0.9790419161676647,
      "gate_status": "INSUFFICIENT_DATA",
      "reason": "need_2000_fills_have_334",
      "threshold_bps": 15.0,
      "min_sample_size": 2000
    },
    "NVDA_binance": {
      "total_fills": 295,
      "p95_slippage_bps": 9.386196190885913,
      "mean_slippage_bps": 4.106343678383153,
      "median_slippage_bps": 3.366941186490785,
      "p99_slippage_bps": 17.134349286220893,
      "maker_ratio": 0.7,
      "fills_under_threshold": 290,
      "pct_under_threshold": 0.9830508474576272,
      "gate_status": "INSUFFICIENT_DATA",
      "reason": "need_2000_fills_have_295",
      "threshold_bps": 15.0,
      "min_sample_size": 2000
    },
    "NVDA_coinbase": {
      "total_fills": 288,
      "p95_slippage_bps": 8.956370139166449,
      "mean_slippage_bps": 4.091133702597751,
      "median_slippage_bps": 3.560129224735554,
      "p99_slippage_bps": 17.347691707709895,
      "maker_ratio": 0.7,
      "fills_under_threshold": 282,
      "pct_under_threshold": 0.9791666666666666,
      "gate_status": "INSUFFICIENT_DATA",
      "reason": "need_2000_fills_have_288",