{
  "timestamp": "2025-08-16T06:32:52.895673+00:00",
  "window_hours": 48,
  "threshold_bps": 15.0,
  "min_sample_size": 2000,
  "overall_metrics": {
    "total_fills": 2597,
    "p95_slippage_bps": 9.272775643282383,
    "mean_slippage_bps": 4.100947829120194,
    "median_slippage_bps": 3.456421562619591,
    "p99_slippage_bps": 19.231999495672948,
    "maker_ratio": 0.7,
    "fills_under_threshold": 2535,
    "pct_under_threshold": 0.9761262995764344,
    "gate_status": "PASS",
    "reason": "criteria_met",
    "threshold_bps": 15.0,
    "min_sample_size": 2000
  },
  "breakdown_metrics": {
    "asset_ETH-USD": {
      "total_fills": 858,
      "p95_slippage_bps": 8.86651958429858,
      "mean_slippage_bps": 4.090317013731478,
      "median_slippage_bps": 3.54402973282149,
      "p99_slippage_bps": 19.145947963599536,
      "maker_ratio": 0.7,
      "fills_under_threshold": 839,
      "pct_under_threshold": 0.9778554778554779,
      "gate_status": "INSUFFICIENT_DATA",
      "reason": "need_2000_fills_have_858",
      "threshold_bps": 15.0,
      "min_sample_size": 2000
    },
    "asset_NVDA": {
      "total_fills": 911,
      "p95_slippage_bps": 10.12894948547602,
      "mean_slippage_bps": 4.241912325363336,
      "median_slippage_bps": 3.46701961688432,
      "p99_slippage_bps": 19.682131459572588,
      "maker_ratio": 0.7,
      "fills_under_threshold": 885,
      "pct_under_threshold": 0.9714599341383096,
      "gate_status": "INSUFFICIENT_DATA",
      "reason": "need_2000_fills_have_911",
      "threshold_bps": 15.0,
      "min_sample_size": 2000
    },
    "asset_BTC-USD": {
      "total_fills": 828,
      "p95_slippage_bps": 8.466129649132693,
      "mean_slippage_bps": 3.956868823716835,
      "median_slippage_bps": 3.3553121550896794,
      "p99_slippage_bps": 18.54765967502366,
      "maker_ratio": 0.7,
      "fills_under_threshold": 811,
      "pct_under_threshold": 0.9794685990338164,
      "gate_status": "INSUFFICIENT_DATA",
      "reason": "need_2000_fills_have_828",
      "threshold_bps": 15.0,
      "min_sample_size": 2000
    },
    "venue_coinbase": {
      "total_fills": 863,
      "p95_slippage_bps": 9.034502688765565,
      "mean_slippage_bps": 4.103549010676195,
      "median_slippage_bps": 3.4535088136026864,
      "p99_slippage_bps": 20.162794287941846,
      "maker_ratio": 0.7,
      "fills_under_threshold": 842,
      "pct_under_threshold": 0.9756662804171495,
      "gate_status": "INSUFFICIENT_DATA",
      "reason": "need_2000_fills_have_863",
      "threshold_bps": 15.0,
      "min_sample_size": 2000
    },
    "venue_alpaca": {
      "total_fills": 841,
      "p95_slippage_bps": 9.717775721539319,
      "mean_slippage_bps": 4.0530015906742864,
      "median_slippage_bps": 3.479233844113612,
      "p99_slippage_bps": 17.844232321242853,
      "maker_ratio": 0.7,
      "fills_under_threshold": 824,
      "pct_under_threshold": 0.9797859690844233,
      "gate_status": "INSUFFICIENT_DATA",
      "reason": "need_2000_fills_have_841",
      "threshold_bps": 15.0,
      "min_sample_size": 2000
    },
    "venue_binance": {
      "total_fills": 893,
      "p95_slippage_bps": 9.010901254422295,
      "mean_slippage_bps": 4.143588329512335,
      "median_slippage_bps": 3.436448182901331,
      "p99_slippage_bps": 19.828240821377833,
      "maker_ratio": 0.7,
      "fills_under_threshold": 869,
      "pct_under_threshold": 0.973124300111982,
      "gate_status": "INSUFFICIENT_DATA",
      "reason": "need_2000_fills_have_893",
      "threshold_bps": 15.0,
      "min_sample_size": 2000
    },
    "BTC-USD_alpaca": {
      "total_fills": 261,
      "p95_slippage_bps": 8.866326952000119,
      "mean_slippage_bps": 3.9097478057526747,
      "median_slippage_bps": 3.38582946044545,
      "p99_slippage_bps": 16.325103710113595,
      "maker_ratio": 0.7,
      "fills_under_threshold": 257,
      "pct_under_threshold": 0.9846743295019157,
      "gate_status": "INSUFFICIENT_DATA",
      "reason": "need_2000_fills_have_261",
      "threshold_bps": 15.0,
      "min_sample_size": 2000
    },
    "BTC-USD_binance": {
      "total_fills": 287,
      "p95_slippage_bps": 7.870905827640379,
      "mean_slippage_bps": 4.162165234734736,
      "median_slippage_bps": 3.3919021322690943,
      "p99_slippage_bps": 19.850895794382065,
      "maker_ratio": 0.7,
      "fills_under_threshold": 279,
      "pct_under_threshold": 0.9721254355400697,
      "gate_status": "INSUFFICIENT_DATA",
      "reason": "need_2000_fills_have_287",
      "threshold_bps": 15.0,
      "min_sample_size": 2000
    },
    "BTC-USD_coinbase": {
      "total_fills": 280,
      "p95_slippage_bps": 8.24444848000666,
      "mean_slippage_bps": 3.790363522740078,
      "median_slippage_bps": 3.2093394614927355,
      "p99_slippage_bps": 16.78633294015489,
      "maker_ratio": 0.7,
      "fills_under_threshold": 275,
      "pct_under_threshold": 0.9821428571428571,
      "gate_status": "INSUFFICIENT_DATA",
      "reason": "need_2000_fills_have_280",
      "threshold_bps": 15.0,
      "min_sample_size": 2000
    },
    "ETH-USD_alpaca": {
      "total_fills": 292,
      "p95_slippage_bps": 9.920421193445883,
      "mean_slippage_bps": 4.185125248691832,
      "median_slippage_bps": 3.520288775380404,
      "p99_slippage_bps": 19.01969189645532,
      "maker_ratio": 0.7,
      "fills_under_threshold": 283,
      "pct_under_threshold": 0.9691780821917808,
      "gate_status": "INSUFFICIENT_DATA",
      "reason": "need_2000_fills_have_292",
      "threshold_bps": 15.0,
      "min_sample_size": 2000
    },
    "ETH-USD_binance": {
      "total_fills": 290,
      "p95_slippage_bps": 8.67533782988416,
      "mean_slippage_bps": 3.998943175379294,
      "median_slippage_bps": 3.507254432468208,
      "p99_slippage_bps": 18.098656220300132,
      "maker_ratio": 0.7,
      "fills_under_threshold": 285,
      "pct_under_threshold": 0.9827586206896551,
      "gate_status": "INSUFFICIENT_DATA",
      "reason": "need_2000_fills_have_290",
      "threshold_bps": 15.0,
      "min_sample_size": 2000
    },
    "ETH-USD_coinbase": {
      "total_fills": 276,
      "p95_slippage_bps": 8.291785863484762,
      "mean_slippage_bps": 4.086021392404339,
      "median_slippage_bps": 3.5535868474628387,
      "p99_slippage_bps": 21.288410190263342,
      "maker_ratio": 0.7,
      "fills_under_threshold": 271,
      "pct_under_threshold": 0.9818840579710145,
      "gate_status": "INSUFFICIENT_DATA",
      "reason": "need_2000_fills_have_276",
      "threshold_bps": 15.0,
      "min_sample_size": 2000
    },
    "NVDA_alpaca": {
      "total_fills": 288,
      "p95_slippage_bps": 9.856378214036683,
      "mean_slippage_bps": 4.048866624436152,
      "median_slippage_bps": 3.4849806218019967,
      "p99_slippage_bps": 15.295191007738103,
      "maker_ratio": 0.7,
      "fills_under_threshold": 284,
      "pct_under_threshold": 0.9861111111111112,
      "gate_status": "INSUFFICIENT_DATA",
      "reason": "need_2000_fills_have_288",
      "threshold_bps": 15.0,
      "min_sample_size": 2000
    },
    "NVDA_binance": {
      "total_fills": 316,
      "p95_slippage_bps": 10.03145755054858,
      "mean_slippage_bps": 4.259460237422944,
      "median_slippage_bps": 3.4267199049248465,
      "p99_slippage_bps": 20.31230383185427,
      "maker_ratio": 0.7,
      "fills_under_threshold": 305,
      "pct_under_threshold": 0.9651898734177216,
      "gate_status": "INSUFFICIENT_DATA",
      "reason": "need_2000_fills_have_316",
      "threshold_bps": 15.0,
      "min_sample_size": 2000
    },
    "NVDA_coinbase": {
      "total_fills": 307,
      "p95_slippage_bps": 11.543744806935507,
      "mean_slippage_bps": 4.404948226523572,
      "median_slippage_bps": 3.4535088136026864,
      "p99_slippage_bps": 19.852441605056033,
      "maker_ratio": 0.7,
      "fills_under_threshold": 296,
      "pct_under_threshold": 0.9641693811074918,
      "gate_status": "INSUFFICIENT_DATA",
      "reason": "need_2000_fills_have_307",