{
  "timestamp": "2025-08-16T08:47:45.871657+00:00",
  "window_hours": 48,
  "threshold_bps": 15.0,
  "min_sample_size": 2000,
  "overall_metrics": {
    "total_fills": 2739,
    "p95_slippage_bps": 8.910016386787968,
    "mean_slippage_bps": 3.979925578705205,
    "median_slippage_bps": 3.4212441969617697,
    "p99_slippage_bps": 17.657170444434975,
    "maker_ratio": 0.7,
    "fills_under_threshold": 2696,
    "pct_under_threshold": 0.9843008397225265,
    "gate_status": "PASS",
    "reason": "criteria_met",
    "threshold_bps": 15.0,
    "min_sample_size": 2000
  },
  "breakdown_metrics": {
    "asset_BTC-USD": {
      "total_fills": 929,
      "p95_slippage_bps": 8.586091638081422,
      "mean_slippage_bps": 4.046902308009391,
      "median_slippage_bps": 3.5433300647971055,
      "p99_slippage_bps": 16.411868300769157,
      "maker_ratio": 0.7,
      "fills_under_threshold": 917,
      "pct_under_threshold": 0.9870828848223897,
      "gate_status": "INSUFFICIENT_DATA",
      "reason": "need_2000_fills_have_929",
      "threshold_bps": 15.0,
      "min_sample_size": 2000
    },
    "asset_ETH-USD": {
      "total_fills": 928,
      "p95_slippage_bps": 9.072709279197225,
      "mean_slippage_bps": 3.9661606817740678,
      "median_slippage_bps": 3.3368409095885108,
      "p99_slippage_bps": 18.969256665190013,
      "maker_ratio": 0.7,
      "fills_under_threshold": 906,
      "pct_under_threshold": 0.9762931034482759,
      "gate_status": "INSUFFICIENT_DATA",
      "reason": "need_2000_fills_have_928",
      "threshold_bps": 15.0,
      "min_sample_size": 2000
    },
    "asset_NVDA": {
      "total_fills": 882,
      "p95_slippage_bps": 8.986206763819988,
      "mean_slippage_bps": 3.9238625887148477,
      "median_slippage_bps": 3.2923852053246314,
      "p99_slippage_bps": 14.751164519549103,
      "maker_ratio": 0.7,
      "fills_under_threshold": 873,
      "pct_under_threshold": 0.9897959183673469,
      "gate_status": "INSUFFICIENT_DATA",
      "reason": "need_2000_fills_have_882",
      "threshold_bps": 15.0,
      "min_sample_size": 2000
    },
    "venue_coinbase": {
      "total_fills": 888,
      "p95_slippage_bps": 8.820096989514555,
      "mean_slippage_bps": 3.941061532897425,
      "median_slippage_bps": 3.3676447672072376,
      "p99_slippage_bps": 16.905558747817988,
      "maker_ratio": 0.7,
      "fills_under_threshold": 876,
      "pct_under_threshold": 0.9864864864864865,
      "gate_status": "INSUFFICIENT_DATA",
      "reason": "need_2000_fills_have_888",
      "threshold_bps": 15.0,
      "min_sample_size": 2000
    },
    "venue_alpaca": {
      "total_fills": 922,
      "p95_slippage_bps": 8.741371996729102,
      "mean_slippage_bps": 3.98264144156627,
      "median_slippage_bps": 3.430773442865474,
      "p99_slippage_bps": 17.715323905946946,
      "maker_ratio": 0.7,
      "fills_under_threshold": 906,
      "pct_under_threshold": 0.982646420824295,
      "gate_status": "INSUFFICIENT_DATA",
      "reason": "need_2000_fills_have_922",
      "threshold_bps": 15.0,
      "min_sample_size": 2000
    },
    "venue_binance": {
      "total_fills": 929,
      "p95_slippage_bps": 9.150753287411241,
      "mean_slippage_bps": 4.014379020168506,
      "median_slippage_bps": 3.4321048971614143,
      "p99_slippage_bps": 18.807333524084395,
      "maker_ratio": 0.7,
      "fills_under_threshold": 914,
      "pct_under_threshold": 0.9838536060279871,
      "gate_status": "INSUFFICIENT_DATA",
      "reason": "need_2000_fills_have_929",
      "threshold_bps": 15.0,
      "min_sample_size": 2000
    },
    "BTC-USD_alpaca": {
      "total_fills": 315,
      "p95_slippage_bps": 8.269619677131827,
      "mean_slippage_bps": 3.98227036991301,
      "median_slippage_bps": 3.5306492619267438,
      "p99_slippage_bps": 17.2804569912042,
      "maker_ratio": 0.7,
      "fills_under_threshold": 310,
      "pct_under_threshold": 0.9841269841269841,
      "gate_status": "INSUFFICIENT_DATA",
      "reason": "need_2000_fills_have_315",
      "threshold_bps": 15.0,
      "min_sample_size": 2000
    },
    "BTC-USD_binance": {
      "total_fills": 313,
      "p95_slippage_bps": 8.460956310345022,
      "mean_slippage_bps": 4.123197811551401,
      "median_slippage_bps": 3.69524875963564,
      "p99_slippage_bps": 13.5236647613609,
      "maker_ratio": 0.7,
      "fills_under_threshold": 310,
      "pct_under_threshold": 0.9904153354632588,
      "gate_status": "INSUFFICIENT_DATA",
      "reason": "need_2000_fills_have_313",
      "threshold_bps": 15.0,
      "min_sample_size": 2000
    },
    "BTC-USD_coinbase": {
      "total_fills": 301,
      "p95_slippage_bps": 8.821865640627506,
      "mean_slippage_bps": 4.035203198015074,
      "median_slippage_bps": 3.4043970272228545,
      "p99_slippage_bps": 16.06553115938312,
      "maker_ratio": 0.7,
      "fills_under_threshold": 297,
      "pct_under_threshold": 0.9867109634551495,
      "gate_status": "INSUFFICIENT_DATA",
      "reason": "need_2000_fills_have_301",
      "threshold_bps": 15.0,
      "min_sample_size": 2000
    },
    "ETH-USD_alpaca": {
      "total_fills": 295,
      "p95_slippage_bps": 9.159787602927693,
      "mean_slippage_bps": 4.027619150008212,
      "median_slippage_bps": 3.2843603189544983,
      "p99_slippage_bps": 19.57957184472522,
      "maker_ratio": 0.7,
      "fills_under_threshold": 286,
      "pct_under_threshold": 0.9694915254237289,
      "gate_status": "INSUFFICIENT_DATA",
      "reason": "need_2000_fills_have_295",
      "threshold_bps": 15.0,
      "min_sample_size": 2000
    },
    "ETH-USD_binance": {
      "total_fills": 332,
      "p95_slippage_bps": 9.16751608419014,
      "mean_slippage_bps": 3.975775372807248,
      "median_slippage_bps": 3.3456863814610016,
      "p99_slippage_bps": 19.127253922938102,
      "maker_ratio": 0.7,
      "fills_under_threshold": 325,
      "pct_under_threshold": 0.9789156626506024,
      "gate_status": "INSUFFICIENT_DATA",
      "reason": "need_2000_fills_have_332",
      "threshold_bps": 15.0,
      "min_sample_size": 2000
    },
    "ETH-USD_coinbase": {
      "total_fills": 301,
      "p95_slippage_bps": 8.332093866792395,
      "mean_slippage_bps": 3.895322390903343,
      "median_slippage_bps": 3.388103514654043,
      "p99_slippage_bps": 17.756633886471455,
      "maker_ratio": 0.7,
      "fills_under_threshold": 295,
      "pct_under_threshold": 0.9800664451827242,
      "gate_status": "INSUFFICIENT_DATA",
      "reason": "need_2000_fills_have_301",
      "threshold_bps": 15.0,
      "min_sample_size": 2000
    },
    "NVDA_alpaca": {
      "total_fills": 312,
      "p95_slippage_bps": 8.576624522985618,
      "mean_slippage_bps": 3.940489081247051,
      "median_slippage_bps": 3.44042241837088,
      "p99_slippage_bps": 13.74981474626468,
      "maker_ratio": 0.7,
      "fills_under_threshold": 310,
      "pct_under_threshold": 0.9935897435897436,
      "gate_status": "INSUFFICIENT_DATA",
      "reason": "need_2000_fills_have_312",
      "threshold_bps": 15.0,
      "min_sample_size": 2000
    },
    "NVDA_binance": {
      "total_fills": 284,
      "p95_slippage_bps": 9.425643765859988,
      "mean_slippage_bps": 3.939576658270939,
      "median_slippage_bps": 3.1894552009240638,
      "p99_slippage_bps": 18.717254081916714,
      "maker_ratio": 0.7,
      "fills_under_threshold": 279,
      "pct_under_threshold": 0.9823943661971831,
      "gate_status": "INSUFFICIENT_DATA",
      "reason": "need_2000_fills_have_284",
      "threshold_bps": 15.0,
      "min_sample_size": 2000
    },
    "NVDA_coinbase": {
      "total_fills": 286,
      "p95_slippage_bps": 8.735028326113765,
      "mean_slippage_bps": 3.8901204159037377,
      "median_slippage_bps": 3.2275291212857495,
      "p99_slippage_bps": 12.41033990279935,
      "maker_ratio": 0.7,
      "fills_under_threshold": 284,
      "pct_under_threshold": 0.993006993006993,
      "gate_status": "INSUFFICIENT_DATA",
      "reason": "need_2000_fills_have_286",