{
  "timestamp": "2025-08-16T07:50:42.224132+00:00",
  "window_hours": 48,
  "threshold_bps": 15.0,
  "min_sample_size": 2000,
  "overall_metrics": {
    "total_fills": 2548,
    "p95_slippage_bps": 9.110505767199777,
    "mean_slippage_bps": 4.073327882902027,
    "median_slippage_bps": 3.446692716170697,
    "p99_slippage_bps": 18.5782997712546,
    "maker_ratio": 0.7,
    "fills_under_threshold": 2491,
    "pct_under_threshold": 0.9776295133437991,
    "gate_status": "PASS",
    "reason": "criteria_met",
    "threshold_bps": 15.0,
    "min_sample_size": 2000
  },
  "breakdown_metrics": {
    "asset_BTC-USD": {
      "total_fills": 841,
      "p95_slippage_bps": 9.985949003410514,
      "mean_slippage_bps": 4.308684805614951,
      "median_slippage_bps": 3.5400383861532916,
      "p99_slippage_bps": 19.043922006445293,
      "maker_ratio": 0.7,
      "fills_under_threshold": 814,
      "pct_under_threshold": 0.9678953626634959,
      "gate_status": "INSUFFICIENT_DATA",
      "reason": "need_2000_fills_have_841",
      "threshold_bps": 15.0,
      "min_sample_size": 2000
    },
    "asset_NVDA": {
      "total_fills": 843,
      "p95_slippage_bps": 8.427846363506891,
      "mean_slippage_bps": 3.997033683748779,
      "median_slippage_bps": 3.410586359376951,
      "p99_slippage_bps": 18.56486947621776,
      "maker_ratio": 0.7,
      "fills_under_threshold": 826,
      "pct_under_threshold": 0.9798339264531435,
      "gate_status": "INSUFFICIENT_DATA",
      "reason": "need_2000_fills_have_843",
      "threshold_bps": 15.0,
      "min_sample_size": 2000
    },
    "asset_ETH-USD": {
      "total_fills": 864,
      "p95_slippage_bps": 8.598144721712885,
      "mean_slippage_bps": 3.918676074898115,
      "median_slippage_bps": 3.416689153468427,
      "p99_slippage_bps": 16.798161786062888,
      "maker_ratio": 0.7,
      "fills_under_threshold": 851,
      "pct_under_threshold": 0.9849537037037037,
      "gate_status": "INSUFFICIENT_DATA",
      "reason": "need_2000_fills_have_864",
      "threshold_bps": 15.0,
      "min_sample_size": 2000
    },
    "venue_coinbase": {
      "total_fills": 819,
      "p95_slippage_bps": 8.808329750023965,
      "mean_slippage_bps": 3.961240921429673,
      "median_slippage_bps": 3.4061275898270327,
      "p99_slippage_bps": 18.385155764403354,
      "maker_ratio": 0.7,
      "fills_under_threshold": 804,
      "pct_under_threshold": 0.9816849816849816,
      "gate_status": "INSUFFICIENT_DATA",
      "reason": "need_2000_fills_have_819",
      "threshold_bps": 15.0,
      "min_sample_size": 2000
    },
    "venue_binance": {
      "total_fills": 878,
      "p95_slippage_bps": 9.303651406130962,
      "mean_slippage_bps": 4.175827146653994,
      "median_slippage_bps": 3.521138557526503,
      "p99_slippage_bps": 18.58978426168732,
      "maker_ratio": 0.7,
      "fills_under_threshold": 851,
      "pct_under_threshold": 0.969248291571754,
      "gate_status": "INSUFFICIENT_DATA",
      "reason": "need_2000_fills_have_878",
      "threshold_bps": 15.0,
      "min_sample_size": 2000
    },
    "venue_alpaca": {
      "total_fills": 851,
      "p95_slippage_bps": 9.092320609947166,
      "mean_slippage_bps": 4.075448761717105,
      "median_slippage_bps": 3.4252299995438586,
      "p99_slippage_bps": 17.60179485970572,
      "maker_ratio": 0.7,
      "fills_under_threshold": 836,
      "pct_under_threshold": 0.982373678025852,
      "gate_status": "INSUFFICIENT_DATA",
      "reason": "need_2000_fills_have_851",
      "threshold_bps": 15.0,
      "min_sample_size": 2000
    },
    "BTC-USD_alpaca": {
      "total_fills": 276,
      "p95_slippage_bps": 10.0902177310709,
      "mean_slippage_bps": 4.429277873506111,
      "median_slippage_bps": 3.636740379694692,
      "p99_slippage_bps": 19.361037444019168,
      "maker_ratio": 0.7,
      "fills_under_threshold": 268,
      "pct_under_threshold": 0.9710144927536232,
      "gate_status": "INSUFFICIENT_DATA",
      "reason": "need_2000_fills_have_276",
      "threshold_bps": 15.0,
      "min_sample_size": 2000
    },
    "BTC-USD_binance": {
      "total_fills": 292,
      "p95_slippage_bps": 10.27034377308619,
      "mean_slippage_bps": 4.382245825500242,
      "median_slippage_bps": 3.602998732495175,
      "p99_slippage_bps": 18.982049462105554,
      "maker_ratio": 0.7,
      "fills_under_threshold": 280,
      "pct_under_threshold": 0.958904109589041,
      "gate_status": "INSUFFICIENT_DATA",
      "reason": "need_2000_fills_have_292",
      "threshold_bps": 15.0,
      "min_sample_size": 2000
    },
    "BTC-USD_coinbase": {
      "total_fills": 273,
      "p95_slippage_bps": 9.222238249077368,
      "mean_slippage_bps": 4.108085887869657,
      "median_slippage_bps": 3.389149789935233,
      "p99_slippage_bps": 18.043971238334624,
      "maker_ratio": 0.7,
      "fills_under_threshold": 266,
      "pct_under_threshold": 0.9743589743589743,
      "gate_status": "INSUFFICIENT_DATA",
      "reason": "need_2000_fills_have_273",
      "threshold_bps": 15.0,
      "min_sample_size": 2000
    },
    "ETH-USD_alpaca": {
      "total_fills": 281,
      "p95_slippage_bps": 8.818892344607558,
      "mean_slippage_bps": 3.8620736195126173,
      "median_slippage_bps": 3.2728792107975297,
      "p99_slippage_bps": 15.702560610400576,
      "maker_ratio": 0.7,
      "fills_under_threshold": 277,
      "pct_under_threshold": 0.9857651245551602,
      "gate_status": "INSUFFICIENT_DATA",
      "reason": "need_2000_fills_have_281",
      "threshold_bps": 15.0,
      "min_sample_size": 2000
    },
    "ETH-USD_binance": {
      "total_fills": 295,
      "p95_slippage_bps": 8.295910989661378,
      "mean_slippage_bps": 4.126649027861414,
      "median_slippage_bps": 3.6021820476136934,
      "p99_slippage_bps": 18.55296693600139,
      "maker_ratio": 0.7,
      "fills_under_threshold": 286,
      "pct_under_threshold": 0.9694915254237289,
      "gate_status": "INSUFFICIENT_DATA",
      "reason": "need_2000_fills_have_295",
      "threshold_bps": 15.0,
      "min_sample_size": 2000
    },
    "ETH-USD_coinbase": {
      "total_fills": 288,
      "p95_slippage_bps": 8.161855882775233,
      "mean_slippage_bps": 3.7608749250340563,
      "median_slippage_bps": 3.4638794882665076,
      "p99_slippage_bps": 10.361056859839342,
      "maker_ratio": 0.7,
      "fills_under_threshold": 288,
      "pct_under_threshold": 1.0,
      "gate_status": "INSUFFICIENT_DATA",
      "reason": "need_2000_fills_have_288",
      "threshold_bps": 15.0,
      "min_sample_size": 2000
    },
    "NVDA_alpaca": {
      "total_fills": 294,
      "p95_slippage_bps": 8.46466918913582,
      "mean_slippage_bps": 3.947222843709266,
      "median_slippage_bps": 3.458146012486446,
      "p99_slippage_bps": 14.70777553999768,
      "maker_ratio": 0.7,
      "fills_under_threshold": 291,
      "pct_under_threshold": 0.9897959183673469,
      "gate_status": "INSUFFICIENT_DATA",
      "reason": "need_2000_fills_have_294",
      "threshold_bps": 15.0,
      "min_sample_size": 2000
    },
    "NVDA_binance": {
      "total_fills": 291,
      "p95_slippage_bps": 8.06169691199749,
      "mean_slippage_bps": 4.018553231948517,
      "median_slippage_bps": 3.416685291773646,
      "p99_slippage_bps": 17.61097806179298,
      "maker_ratio": 0.7,
      "fills_under_threshold": 285,
      "pct_under_threshold": 0.979381443298969,
      "gate_status": "INSUFFICIENT_DATA",
      "reason": "need_2000_fills_have_291",
      "threshold_bps": 15.0,
      "min_sample_size": 2000
    },
    "NVDA_coinbase": {
      "total_fills": 258,
      "p95_slippage_bps": 8.343606984756255,
      "mean_slippage_bps": 4.029522825010378,
      "median_slippage_bps": 3.356860558888524,
      "p99_slippage_bps": 19.059560244617145,
      "maker_ratio": 0.7,
      "fills_under_threshold": 250,
      "pct_under_threshold": 0.9689922480620154,
      "gate_status": "INSUFFICIENT_DATA",
      "reason": "need_2000_fills_have_258",