{
  "timestamp": "2025-08-16T22:53:22.619253+00:00",
  "window_hours": 48,
  "threshold_bps": 15.0,
  "min_sample_size": 2000,
  "overall_metrics": {
    "total_fills": 2778,
    "p95_slippage_bps": 8.990691093342612,
    "mean_slippage_bps": 3.9702300419336174,
    "median_slippage_bps": 3.4205041224191346,
    "p99_slippage_bps": 17.634732991062485,
    "maker_ratio": 0.7,
    "fills_under_threshold": 2723,
    "pct_under_threshold": 0.9802015838732901,
    "gate_status": "PASS",
    "reason": "criteria_met",
    "threshold_bps": 15.0,
    "min_sample_size": 2000
  },
  "breakdown_metrics": {
    "asset_ETH-USD": {
      "total_fills": 964,
      "p95_slippage_bps": 9.121526398417044,
      "mean_slippage_bps": 4.027646858989662,
      "median_slippage_bps": 3.393382872283451,
      "p99_slippage_bps": 17.719890652341764,
      "maker_ratio": 0.7,
      "fills_under_threshold": 945,
      "pct_under_threshold": 0.9802904564315352,
      "gate_status": "INSUFFICIENT_DATA",
      "reason": "need_2000_fills_have_964",
      "threshold_bps": 15.0,
      "min_sample_size": 2000
    },
    "asset_NVDA": {
      "total_fills": 888,
      "p95_slippage_bps": 8.516489084001837,
      "mean_slippage_bps": 3.8726389325372423,
      "median_slippage_bps": 3.3284587296808503,
      "p99_slippage_bps": 17.566533342146943,
      "maker_ratio": 0.7,
      "fills_under_threshold": 870,
      "pct_under_threshold": 0.9797297297297297,
      "gate_status": "INSUFFICIENT_DATA",
      "reason": "need_2000_fills_have_888",
      "threshold_bps": 15.0,
      "min_sample_size": 2000
    },
    "asset_BTC-USD": {
      "total_fills": 926,
      "p95_slippage_bps": 9.076166334793944,
      "mean_slippage_bps": 4.004043317853654,
      "median_slippage_bps": 3.4843830750643674,
      "p99_slippage_bps": 17.491425649301824,
      "maker_ratio": 0.7,
      "fills_under_threshold": 908,
      "pct_under_threshold": 0.980561555075594,
      "gate_status": "INSUFFICIENT_DATA",
      "reason": "need_2000_fills_have_926",
      "threshold_bps": 15.0,
      "min_sample_size": 2000
    },
    "venue_binance": {
      "total_fills": 930,
      "p95_slippage_bps": 8.34370085775102,
      "mean_slippage_bps": 3.870590904876731,
      "median_slippage_bps": 3.3830426023494042,
      "p99_slippage_bps": 16.706276929291842,
      "maker_ratio": 0.7,
      "fills_under_threshold": 917,
      "pct_under_threshold": 0.986021505376344,
      "gate_status": "INSUFFICIENT_DATA",
      "reason": "need_2000_fills_have_930",
      "threshold_bps": 15.0,
      "min_sample_size": 2000
    },
    "venue_alpaca": {
      "total_fills": 940,
      "p95_slippage_bps": 9.761762545352415,
      "mean_slippage_bps": 4.067510354778624,
      "median_slippage_bps": 3.38649112533957,
      "p99_slippage_bps": 18.82588930426714,
      "maker_ratio": 0.7,
      "fills_under_threshold": 916,
      "pct_under_threshold": 0.9744680851063829,
      "gate_status": "INSUFFICIENT_DATA",
      "reason": "need_2000_fills_have_940",
      "threshold_bps": 15.0,
      "min_sample_size": 2000
    },
    "venue_coinbase": {
      "total_fills": 908,
      "p95_slippage_bps": 8.774378595562794,
      "mean_slippage_bps": 3.9715746491897836,
      "median_slippage_bps": 3.462010968339216,
      "p99_slippage_bps": 17.46417894412209,
      "maker_ratio": 0.7,
      "fills_under_threshold": 890,
      "pct_under_threshold": 0.9801762114537445,
      "gate_status": "INSUFFICIENT_DATA",
      "reason": "need_2000_fills_have_908",
      "threshold_bps": 15.0,
      "min_sample_size": 2000
    },
    "BTC-USD_alpaca": {
      "total_fills": 348,
      "p95_slippage_bps": 10.37631678842601,
      "mean_slippage_bps": 4.201353288257148,
      "median_slippage_bps": 3.516799203194881,
      "p99_slippage_bps": 20.675045819570858,
      "maker_ratio": 0.7,
      "fills_under_threshold": 338,
      "pct_under_threshold": 0.9712643678160919,
      "gate_status": "INSUFFICIENT_DATA",
      "reason": "need_2000_fills_have_348",
      "threshold_bps": 15.0,
      "min_sample_size": 2000
    },
    "BTC-USD_binance": {
      "total_fills": 291,
      "p95_slippage_bps": 7.662666014166135,
      "mean_slippage_bps": 3.810000202580524,
      "median_slippage_bps": 3.5228341805808125,
      "p99_slippage_bps": 14.999273222488274,
      "maker_ratio": 0.7,
      "fills_under_threshold": 288,
      "pct_under_threshold": 0.9896907216494846,
      "gate_status": "INSUFFICIENT_DATA",
      "reason": "need_2000_fills_have_291",
      "threshold_bps": 15.0,
      "min_sample_size": 2000
    },
    "BTC-USD_coinbase": {
      "total_fills": 287,
      "p95_slippage_bps": 9.110407501035063,
      "mean_slippage_bps": 3.961543934035065,
      "median_slippage_bps": 3.3633607695388976,
      "p99_slippage_bps": 15.741079349432546,
      "maker_ratio": 0.7,
      "fills_under_threshold": 282,
      "pct_under_threshold": 0.9825783972125436,
      "gate_status": "INSUFFICIENT_DATA",
      "reason": "need_2000_fills_have_287",
      "threshold_bps": 15.0,
      "min_sample_size": 2000
    },
    "ETH-USD_alpaca": {
      "total_fills": 310,
      "p95_slippage_bps": 9.556931704976705,
      "mean_slippage_bps": 4.049158919813547,
      "median_slippage_bps": 3.34864865737484,
      "p99_slippage_bps": 17.852601265644488,
      "maker_ratio": 0.7,
      "fills_under_threshold": 302,
      "pct_under_threshold": 0.9741935483870968,
      "gate_status": "INSUFFICIENT_DATA",
      "reason": "need_2000_fills_have_310",
      "threshold_bps": 15.0,
      "min_sample_size": 2000
    },
    "ETH-USD_binance": {
      "total_fills": 337,
      "p95_slippage_bps": 8.383974231321835,
      "mean_slippage_bps": 3.923472466906921,
      "median_slippage_bps": 3.3343821358901478,
      "p99_slippage_bps": 15.503019881449267,
      "maker_ratio": 0.7,
      "fills_under_threshold": 333,
      "pct_under_threshold": 0.9881305637982196,
      "gate_status": "INSUFFICIENT_DATA",
      "reason": "need_2000_fills_have_337",
      "threshold_bps": 15.0,
      "min_sample_size": 2000
    },
    "ETH-USD_coinbase": {
      "total_fills": 317,
      "p95_slippage_bps": 9.047599819264073,
      "mean_slippage_bps": 4.117356736833445,
      "median_slippage_bps": 3.4963827577932687,
      "p99_slippage_bps": 18.306193746228846,
      "maker_ratio": 0.7,
      "fills_under_threshold": 310,
      "pct_under_threshold": 0.9779179810725552,
      "gate_status": "INSUFFICIENT_DATA",
      "reason": "need_2000_fills_have_317",
      "threshold_bps": 15.0,
      "min_sample_size": 2000
    },
    "NVDA_alpaca": {
      "total_fills": 282,
      "p95_slippage_bps": 9.126553552648755,
      "mean_slippage_bps": 3.9225160426816283,
      "median_slippage_bps": 3.213639777257823,
      "p99_slippage_bps": 18.697308651394472,
      "maker_ratio": 0.7,
      "fills_under_threshold": 276,
      "pct_under_threshold": 0.9787234042553191,
      "gate_status": "INSUFFICIENT_DATA",
      "reason": "need_2000_fills_have_282",
      "threshold_bps": 15.0,
      "min_sample_size": 2000
    },
    "NVDA_binance": {
      "total_fills": 302,
      "p95_slippage_bps": 8.543254546490932,
      "mean_slippage_bps": 3.8699644411814393,
      "median_slippage_bps": 3.2574831310012273,
      "p99_slippage_bps": 17.359805078999443,
      "maker_ratio": 0.7,
      "fills_under_threshold": 296,
      "pct_under_threshold": 0.9801324503311258,
      "gate_status": "INSUFFICIENT_DATA",
      "reason": "need_2000_fills_have_302",
      "threshold_bps": 15.0,
      "min_sample_size": 2000
    },
    "NVDA_coinbase": {
      "total_fills": 304,
      "p95_slippage_bps": 7.513824540838099,
      "mean_slippage_bps": 3.8290282461186096,
      "median_slippage_bps": 3.471601106364761,
      "p99_slippage_bps": 17.338171270529823,
      "maker_ratio": 0.7,
      "fills_under_threshold": 298,
      "pct_under_threshold": 0.9802631578947368,
      "gate_status": "INSUFFICIENT_DATA",