{
  "timestamp": "2025-08-16T13:27:55.967994+00:00",
  "window_hours": 48,
  "threshold_bps": 15.0,
  "min_sample_size": 2000,
  "overall_metrics": {
    "total_fills": 2751,
    "p95_slippage_bps": 8.782398698991607,
    "mean_slippage_bps": 4.01008716929613,
    "median_slippage_bps": 3.498159980719768,
    "p99_slippage_bps": 18.105861220410596,
    "maker_ratio": 0.7,
    "fills_under_threshold": 2701,
    "pct_under_threshold": 0.9818247909850963,
    "gate_status": "PASS",
    "reason": "criteria_met",
    "threshold_bps": 15.0,
    "min_sample_size": 2000
  },
  "breakdown_metrics": {
    "asset_NVDA": {
      "total_fills": 892,
      "p95_slippage_bps": 8.924333335723121,
      "mean_slippage_bps": 4.076715981559791,
      "median_slippage_bps": 3.5425103376111853,
      "p99_slippage_bps": 18.855579532540492,
      "maker_ratio": 0.7,
      "fills_under_threshold": 871,
      "pct_under_threshold": 0.976457399103139,
      "gate_status": "INSUFFICIENT_DATA",
      "reason": "need_2000_fills_have_892",
      "threshold_bps": 15.0,
      "min_sample_size": 2000
    },
    "asset_ETH-USD": {
      "total_fills": 930,
      "p95_slippage_bps": 8.94180076444887,
      "mean_slippage_bps": 4.057544436405338,
      "median_slippage_bps": 3.463681363572288,
      "p99_slippage_bps": 17.580651364939975,
      "maker_ratio": 0.7,
      "fills_under_threshold": 914,
      "pct_under_threshold": 0.9827956989247312,
      "gate_status": "INSUFFICIENT_DATA",
      "reason": "need_2000_fills_have_930",
      "threshold_bps": 15.0,
      "min_sample_size": 2000
    },
    "asset_BTC-USD": {
      "total_fills": 929,
      "p95_slippage_bps": 8.338690692333607,
      "mean_slippage_bps": 3.898603682804477,
      "median_slippage_bps": 3.5058495772275187,
      "p99_slippage_bps": 17.092594731504743,
      "maker_ratio": 0.7,
      "fills_under_threshold": 916,
      "pct_under_threshold": 0.9860064585575888,
      "gate_status": "INSUFFICIENT_DATA",
      "reason": "need_2000_fills_have_929",
      "threshold_bps": 15.0,
      "min_sample_size": 2000
    },
    "venue_coinbase": {
      "total_fills": 852,
      "p95_slippage_bps": 8.398669104816763,
      "mean_slippage_bps": 3.963817926831716,
      "median_slippage_bps": 3.5201656603339933,
      "p99_slippage_bps": 17.9271689183026,
      "maker_ratio": 0.7,
      "fills_under_threshold": 839,
      "pct_under_threshold": 0.9847417840375586,
      "gate_status": "INSUFFICIENT_DATA",
      "reason": "need_2000_fills_have_852",
      "threshold_bps": 15.0,
      "min_sample_size": 2000
    },
    "venue_alpaca": {
      "total_fills": 968,
      "p95_slippage_bps": 9.007393046869986,
      "mean_slippage_bps": 4.087744219102692,
      "median_slippage_bps": 3.5370597765145266,
      "p99_slippage_bps": 17.83155791427801,
      "maker_ratio": 0.7,
      "fills_under_threshold": 948,
      "pct_under_threshold": 0.9793388429752066,
      "gate_status": "INSUFFICIENT_DATA",
      "reason": "need_2000_fills_have_968",
      "threshold_bps": 15.0,
      "min_sample_size": 2000
    },
    "venue_binance": {
      "total_fills": 931,
      "p95_slippage_bps": 8.695538143973685,
      "mean_slippage_bps": 3.9716869226440696,
      "median_slippage_bps": 3.4480951685692007,
      "p99_slippage_bps": 18.227818153894226,
      "maker_ratio": 0.7,
      "fills_under_threshold": 914,
      "pct_under_threshold": 0.9817400644468314,
      "gate_status": "INSUFFICIENT_DATA",
      "reason": "need_2000_fills_have_931",
      "threshold_bps": 15.0,
      "min_sample_size": 2000
    },
    "BTC-USD_alpaca": {
      "total_fills": 316,
      "p95_slippage_bps": 8.949894458779948,
      "mean_slippage_bps": 4.064988028094088,
      "median_slippage_bps": 3.5915741588090726,
      "p99_slippage_bps": 20.549626282921526,
      "maker_ratio": 0.7,
      "fills_under_threshold": 309,
      "pct_under_threshold": 0.9778481012658228,
      "gate_status": "INSUFFICIENT_DATA",
      "reason": "need_2000_fills_have_316",
      "threshold_bps": 15.0,
      "min_sample_size": 2000
    },
    "BTC-USD_binance": {
      "total_fills": 325,
      "p95_slippage_bps": 8.35619104379525,
      "mean_slippage_bps": 3.9161071869993833,
      "median_slippage_bps": 3.392447880663672,
      "p99_slippage_bps": 18.040044145801584,
      "maker_ratio": 0.7,
      "fills_under_threshold": 319,
      "pct_under_threshold": 0.9815384615384616,
      "gate_status": "INSUFFICIENT_DATA",
      "reason": "need_2000_fills_have_325",
      "threshold_bps": 15.0,
      "min_sample_size": 2000
    },
    "BTC-USD_coinbase": {
      "total_fills": 288,
      "p95_slippage_bps": 7.015752924469106,
      "mean_slippage_bps": 3.6962908634473175,
      "median_slippage_bps": 3.5188568019397253,
      "p99_slippage_bps": 10.552532291604495,
      "maker_ratio": 0.7,
      "fills_under_threshold": 288,
      "pct_under_threshold": 1.0,
      "gate_status": "INSUFFICIENT_DATA",
      "reason": "need_2000_fills_have_288",
      "threshold_bps": 15.0,
      "min_sample_size": 2000
    },
    "ETH-USD_alpaca": {
      "total_fills": 330,
      "p95_slippage_bps": 9.49614396877692,
      "mean_slippage_bps": 4.267418842670449,
      "median_slippage_bps": 3.4961810778238105,
      "p99_slippage_bps": 17.70674173768222,
      "maker_ratio": 0.7,
      "fills_under_threshold": 321,
      "pct_under_threshold": 0.9727272727272728,
      "gate_status": "INSUFFICIENT_DATA",
      "reason": "need_2000_fills_have_330",
      "threshold_bps": 15.0,
      "min_sample_size": 2000
    },
    "ETH-USD_binance": {
      "total_fills": 314,
      "p95_slippage_bps": 8.81326357291156,
      "mean_slippage_bps": 3.985736177218931,
      "median_slippage_bps": 3.475987582966485,
      "p99_slippage_bps": 15.134534738764664,
      "maker_ratio": 0.7,
      "fills_under_threshold": 310,
      "pct_under_threshold": 0.9872611464968153,
      "gate_status": "INSUFFICIENT_DATA",
      "reason": "need_2000_fills_have_314",
      "threshold_bps": 15.0,
      "min_sample_size": 2000
    },
    "ETH-USD_coinbase": {
      "total_fills": 286,
      "p95_slippage_bps": 8.388617779370787,
      "mean_slippage_bps": 3.894220098353048,
      "median_slippage_bps": 3.3750154935630716,
      "p99_slippage_bps": 15.14482337658939,
      "maker_ratio": 0.7,
      "fills_under_threshold": 283,
      "pct_under_threshold": 0.9895104895104895,
      "gate_status": "INSUFFICIENT_DATA",
      "reason": "need_2000_fills_have_286",
      "threshold_bps": 15.0,
      "min_sample_size": 2000
    },
    "NVDA_alpaca": {
      "total_fills": 322,
      "p95_slippage_bps": 8.681797405113237,
      "mean_slippage_bps": 3.925937792336727,
      "median_slippage_bps": 3.506701935451999,
      "p99_slippage_bps": 15.343892589662596,
      "maker_ratio": 0.7,
      "fills_under_threshold": 318,
      "pct_under_threshold": 0.9875776397515528,
      "gate_status": "INSUFFICIENT_DATA",
      "reason": "need_2000_fills_have_322",
      "threshold_bps": 15.0,
      "min_sample_size": 2000
    },
    "NVDA_binance": {
      "total_fills": 292,
      "p95_slippage_bps": 8.737882671374393,
      "mean_slippage_bps": 4.018440169726318,
      "median_slippage_bps": 3.4920807034230106,
      "p99_slippage_bps": 17.71865656091408,
      "maker_ratio": 0.7,
      "fills_under_threshold": 285,
      "pct_under_threshold": 0.976027397260274,
      "gate_status": "INSUFFICIENT_DATA",
      "reason": "need_2000_fills_have_292",
      "threshold_bps": 15.0,
      "min_sample_size": 2000
    },
    "NVDA_coinbase": {
      "total_fills": 278,
      "p95_slippage_bps": 11.013156204625135,
      "mean_slippage_bps": 4.31256890956411,
      "median_slippage_bps": 3.667133558918978,
      "p99_slippage_bps": 20.002718830632535,
      "maker_ratio": 0.7,
      "fills_under_threshold": 268,
      "pct_under_threshold": 0.9640287769784173,
      "gate_status": "INSUFFICIENT_DATA",
      "reason": "need_2000_fills_have_278",