{
  "timestamp": "2025-08-16T19:56:58.283871+00:00",
  "window_hours": 48,
  "threshold_bps": 15.0,
  "min_sample_size": 2000,
  "overall_metrics": {
    "total_fills": 2774,
    "p95_slippage_bps": 9.178588120285383,
    "mean_slippage_bps": 3.9766336705151324,
    "median_slippage_bps": 3.3770530101905933,
    "p99_slippage_bps": 18.131360801969922,
    "maker_ratio": 0.7,
    "fills_under_threshold": 2719,
    "pct_under_threshold": 0.9801730353280461,
    "gate_status": "PASS",
    "reason": "criteria_met",
    "threshold_bps": 15.0,
    "min_sample_size": 2000
  },
  "breakdown_metrics": {
    "asset_NVDA": {
      "total_fills": 956,
      "p95_slippage_bps": 9.547350466265685,
      "mean_slippage_bps": 3.9769910793553214,
      "median_slippage_bps": 3.4089097310403074,
      "p99_slippage_bps": 17.486018590716466,
      "maker_ratio": 0.7,
      "fills_under_threshold": 934,
      "pct_under_threshold": 0.9769874476987448,
      "gate_status": "INSUFFICIENT_DATA",
      "reason": "need_2000_fills_have_956",
      "threshold_bps": 15.0,
      "min_sample_size": 2000
    },
    "asset_BTC-USD": {
      "total_fills": 927,
      "p95_slippage_bps": 8.82600634204866,
      "mean_slippage_bps": 4.032548039237475,
      "median_slippage_bps": 3.4052865654021636,
      "p99_slippage_bps": 18.527540983270487,
      "maker_ratio": 0.7,
      "fills_under_threshold": 910,
      "pct_under_threshold": 0.9816612729234089,
      "gate_status": "INSUFFICIENT_DATA",
      "reason": "need_2000_fills_have_927",
      "threshold_bps": 15.0,
      "min_sample_size": 2000
    },
    "asset_ETH-USD": {
      "total_fills": 891,
      "p95_slippage_bps": 9.303769022420779,
      "mean_slippage_bps": 3.9180766529429323,
      "median_slippage_bps": 3.2912277495844906,
      "p99_slippage_bps": 17.32546590714184,
      "maker_ratio": 0.7,
      "fills_under_threshold": 875,
      "pct_under_threshold": 0.9820426487093153,
      "gate_status": "INSUFFICIENT_DATA",
      "reason": "need_2000_fills_have_891",
      "threshold_bps": 15.0,
      "min_sample_size": 2000
    },
    "venue_alpaca": {
      "total_fills": 860,
      "p95_slippage_bps": 10.030942842759824,
      "mean_slippage_bps": 4.058354512250121,
      "median_slippage_bps": 3.334965729175212,
      "p99_slippage_bps": 18.70311844211315,
      "maker_ratio": 0.7,
      "fills_under_threshold": 837,
      "pct_under_threshold": 0.9732558139534884,
      "gate_status": "INSUFFICIENT_DATA",
      "reason": "need_2000_fills_have_860",
      "threshold_bps": 15.0,
      "min_sample_size": 2000
    },
    "venue_coinbase": {
      "total_fills": 986,
      "p95_slippage_bps": 8.735847896091283,
      "mean_slippage_bps": 3.8368537857524765,
      "median_slippage_bps": 3.3525800951125238,
      "p99_slippage_bps": 15.822984331217947,
      "maker_ratio": 0.7,
      "fills_under_threshold": 973,
      "pct_under_threshold": 0.986815415821501,
      "gate_status": "INSUFFICIENT_DATA",
      "reason": "need_2000_fills_have_986",
      "threshold_bps": 15.0,
      "min_sample_size": 2000
    },
    "venue_binance": {
      "total_fills": 928,
      "p95_slippage_bps": 9.257168047386122,
      "mean_slippage_bps": 4.0494171214676005,
      "median_slippage_bps": 3.4130926778647304,
      "p99_slippage_bps": 18.362590094937307,
      "maker_ratio": 0.7,
      "fills_under_threshold": 909,
      "pct_under_threshold": 0.9795258620689655,
      "gate_status": "INSUFFICIENT_DATA",
      "reason": "need_2000_fills_have_928",
      "threshold_bps": 15.0,
      "min_sample_size": 2000
    },
    "BTC-USD_alpaca": {
      "total_fills": 277,
      "p95_slippage_bps": 9.18919203436764,
      "mean_slippage_bps": 4.258801768047219,
      "median_slippage_bps": 3.6426373148636433,
      "p99_slippage_bps": 18.702332838736343,
      "maker_ratio": 0.7,
      "fills_under_threshold": 270,
      "pct_under_threshold": 0.9747292418772563,
      "gate_status": "INSUFFICIENT_DATA",
      "reason": "need_2000_fills_have_277",
      "threshold_bps": 15.0,
      "min_sample_size": 2000
    },
    "BTC-USD_binance": {
      "total_fills": 311,
      "p95_slippage_bps": 8.475225645823958,
      "mean_slippage_bps": 3.95750546778807,
      "median_slippage_bps": 3.404325147708936,
      "p99_slippage_bps": 18.773022698191095,
      "maker_ratio": 0.7,
      "fills_under_threshold": 307,
      "pct_under_threshold": 0.9871382636655949,
      "gate_status": "INSUFFICIENT_DATA",
      "reason": "need_2000_fills_have_311",
      "threshold_bps": 15.0,
      "min_sample_size": 2000
    },
    "BTC-USD_coinbase": {
      "total_fills": 339,
      "p95_slippage_bps": 8.666167780131792,
      "mean_slippage_bps": 3.9165184133981397,
      "median_slippage_bps": 3.2518234009656983,
      "p99_slippage_bps": 17.35303760286107,
      "maker_ratio": 0.7,
      "fills_under_threshold": 333,
      "pct_under_threshold": 0.9823008849557522,
      "gate_status": "INSUFFICIENT_DATA",
      "reason": "need_2000_fills_have_339",
      "threshold_bps": 15.0,
      "min_sample_size": 2000
    },
    "ETH-USD_alpaca": {
      "total_fills": 283,
      "p95_slippage_bps": 8.656587785481804,
      "mean_slippage_bps": 3.7980187714947116,
      "median_slippage_bps": 3.143865740447313,
      "p99_slippage_bps": 18.838326361129862,
      "maker_ratio": 0.7,
      "fills_under_threshold": 276,
      "pct_under_threshold": 0.9752650176678446,
      "gate_status": "INSUFFICIENT_DATA",
      "reason": "need_2000_fills_have_283",
      "threshold_bps": 15.0,
      "min_sample_size": 2000
    },
    "ETH-USD_binance": {
      "total_fills": 302,
      "p95_slippage_bps": 10.046130823345802,
      "mean_slippage_bps": 4.09843104656147,
      "median_slippage_bps": 3.4376435386971114,
      "p99_slippage_bps": 18.41019787489004,
      "maker_ratio": 0.7,
      "fills_under_threshold": 296,
      "pct_under_threshold": 0.9801324503311258,
      "gate_status": "INSUFFICIENT_DATA",
      "reason": "need_2000_fills_have_302",
      "threshold_bps": 15.0,
      "min_sample_size": 2000
    },
    "ETH-USD_coinbase": {
      "total_fills": 306,
      "p95_slippage_bps": 9.271285749319102,
      "mean_slippage_bps": 3.8511137561359003,
      "median_slippage_bps": 3.314657975170891,
      "p99_slippage_bps": 11.441010627270998,
      "maker_ratio": 0.7,
      "fills_under_threshold": 303,
      "pct_under_threshold": 0.9901960784313726,
      "gate_status": "INSUFFICIENT_DATA",
      "reason": "need_2000_fills_have_306",
      "threshold_bps": 15.0,
      "min_sample_size": 2000
    },
    "NVDA_alpaca": {
      "total_fills": 300,
      "p95_slippage_bps": 11.264799904092131,
      "mean_slippage_bps": 4.118858261510069,
      "median_slippage_bps": 3.332152794698583,
      "p99_slippage_bps": 18.526545876339743,
      "maker_ratio": 0.7,
      "fills_under_threshold": 291,
      "pct_under_threshold": 0.97,
      "gate_status": "INSUFFICIENT_DATA",
      "reason": "need_2000_fills_have_300",
      "threshold_bps": 15.0,
      "min_sample_size": 2000
    },
    "NVDA_binance": {
      "total_fills": 315,
      "p95_slippage_bps": 9.685969991365221,
      "mean_slippage_bps": 4.09317051485168,
      "median_slippage_bps": 3.4277101059572685,
      "p99_slippage_bps": 17.746367972492685,
      "maker_ratio": 0.7,
      "fills_under_threshold": 306,
      "pct_under_threshold": 0.9714285714285714,
      "gate_status": "INSUFFICIENT_DATA",
      "reason": "need_2000_fills_have_315",
      "threshold_bps": 15.0,
      "min_sample_size": 2000
    },
    "NVDA_coinbase": {
      "total_fills": 341,
      "p95_slippage_bps": 7.6979995086464506,
      "mean_slippage_bps": 3.744860062265065,
      "median_slippage_bps": 3.460021662385368,
      "p99_slippage_bps": 14.301727365997154,
      "maker_ratio": 0.7,
      "fills_under_threshold": 337,
      "pct_under_threshold": 0.9882697947214076,
      "gate_status": "INSUFFICIENT_DATA",
      "reason": "need_2000_fills_have_341",