{
  "timestamp": "2025-08-16T17:10:58.963180+00:00",
  "window_hours": 48,
  "threshold_bps": 15.0,
  "min_sample_size": 2000,
  "overall_metrics": {
    "total_fills": 2741,
    "p95_slippage_bps": 9.491045142154414,
    "mean_slippage_bps": 4.126132054618637,
    "median_slippage_bps": 3.4356653190676276,
    "p99_slippage_bps": 19.376637434814132,
    "maker_ratio": 0.7,
    "fills_under_threshold": 2667,
    "pct_under_threshold": 0.9730025538124772,
    "gate_status": "PASS",
    "reason": "criteria_met",
    "threshold_bps": 15.0,
    "min_sample_size": 2000
  },
  "breakdown_metrics": {
    "asset_BTC-USD": {
      "total_fills": 878,
      "p95_slippage_bps": 9.989377242564043,
      "mean_slippage_bps": 4.267042352828222,
      "median_slippage_bps": 3.5097600004099823,
      "p99_slippage_bps": 20.996324340155056,
      "maker_ratio": 0.7,
      "fills_under_threshold": 850,
      "pct_under_threshold": 0.9681093394077449,
      "gate_status": "INSUFFICIENT_DATA",
      "reason": "need_2000_fills_have_878",
      "threshold_bps": 15.0,
      "min_sample_size": 2000
    },
    "asset_NVDA": {
      "total_fills": 930,
      "p95_slippage_bps": 9.663710499773416,
      "mean_slippage_bps": 4.149096004735268,
      "median_slippage_bps": 3.4285424908788658,
      "p99_slippage_bps": 19.041162479474615,
      "maker_ratio": 0.7,
      "fills_under_threshold": 902,
      "pct_under_threshold": 0.9698924731182795,
      "gate_status": "INSUFFICIENT_DATA",
      "reason": "need_2000_fills_have_930",
      "threshold_bps": 15.0,
      "min_sample_size": 2000
    },
    "asset_ETH-USD": {
      "total_fills": 933,
      "p95_slippage_bps": 8.869496474830614,
      "mean_slippage_bps": 3.9706382545795353,
      "median_slippage_bps": 3.349274191928922,
      "p99_slippage_bps": 17.398429325088973,
      "maker_ratio": 0.7,
      "fills_under_threshold": 915,
      "pct_under_threshold": 0.9807073954983923,
      "gate_status": "INSUFFICIENT_DATA",
      "reason": "need_2000_fills_have_933",
      "threshold_bps": 15.0,
      "min_sample_size": 2000
    },
    "venue_alpaca": {
      "total_fills": 882,
      "p95_slippage_bps": 9.593901431279635,
      "mean_slippage_bps": 4.170383557696573,
      "median_slippage_bps": 3.4777647815669983,
      "p99_slippage_bps": 19.53037593900947,
      "maker_ratio": 0.7,
      "fills_under_threshold": 856,
      "pct_under_threshold": 0.9705215419501134,
      "gate_status": "INSUFFICIENT_DATA",
      "reason": "need_2000_fills_have_882",
      "threshold_bps": 15.0,
      "min_sample_size": 2000
    },
    "venue_binance": {
      "total_fills": 923,
      "p95_slippage_bps": 9.221114981131532,
      "mean_slippage_bps": 4.157854369865405,
      "median_slippage_bps": 3.504866064764254,
      "p99_slippage_bps": 20.5211252986847,
      "maker_ratio": 0.7,
      "fills_under_threshold": 896,
      "pct_under_threshold": 0.9707475622968581,
      "gate_status": "INSUFFICIENT_DATA",
      "reason": "need_2000_fills_have_923",
      "threshold_bps": 15.0,
      "min_sample_size": 2000
    },
    "venue_coinbase": {
      "total_fills": 936,
      "p95_slippage_bps": 9.474983824760391,
      "mean_slippage_bps": 4.053151795337113,
      "median_slippage_bps": 3.3294566860877017,
      "p99_slippage_bps": 17.38902577456803,
      "maker_ratio": 0.7,
      "fills_under_threshold": 915,
      "pct_under_threshold": 0.9775641025641025,
      "gate_status": "INSUFFICIENT_DATA",
      "reason": "need_2000_fills_have_936",
      "threshold_bps": 15.0,
      "min_sample_size": 2000
    },
    "BTC-USD_alpaca": {
      "total_fills": 288,
      "p95_slippage_bps": 13.474871308819218,
      "mean_slippage_bps": 4.577830813696256,
      "median_slippage_bps": 3.5095333945485847,
      "p99_slippage_bps": 21.75504919614269,
      "maker_ratio": 0.7,
      "fills_under_threshold": 274,
      "pct_under_threshold": 0.9513888888888888,
      "gate_status": "INSUFFICIENT_DATA",
      "reason": "need_2000_fills_have_288",
      "threshold_bps": 15.0,
      "min_sample_size": 2000
    },
    "BTC-USD_binance": {
      "total_fills": 287,
      "p95_slippage_bps": 7.639809934863979,
      "mean_slippage_bps": 3.930867361097304,
      "median_slippage_bps": 3.600480092543278,
      "p99_slippage_bps": 15.43272595979825,
      "maker_ratio": 0.7,
      "fills_under_threshold": 283,
      "pct_under_threshold": 0.9860627177700348,
      "gate_status": "INSUFFICIENT_DATA",
      "reason": "need_2000_fills_have_287",
      "threshold_bps": 15.0,
      "min_sample_size": 2000
    },
    "BTC-USD_coinbase": {
      "total_fills": 303,
      "p95_slippage_bps": 10.659335366556306,
      "mean_slippage_bps": 4.290062636315943,
      "median_slippage_bps": 3.440224328227987,
      "p99_slippage_bps": 21.014069593812362,
      "maker_ratio": 0.7,
      "fills_under_threshold": 293,
      "pct_under_threshold": 0.966996699669967,
      "gate_status": "INSUFFICIENT_DATA",
      "reason": "need_2000_fills_have_303",
      "threshold_bps": 15.0,
      "min_sample_size": 2000
    },
    "ETH-USD_alpaca": {
      "total_fills": 297,
      "p95_slippage_bps": 8.216069426729186,
      "mean_slippage_bps": 3.866645688379836,
      "median_slippage_bps": 3.422162647388606,
      "p99_slippage_bps": 15.113577681414387,
      "maker_ratio": 0.7,
      "fills_under_threshold": 293,
      "pct_under_threshold": 0.9865319865319865,
      "gate_status": "INSUFFICIENT_DATA",
      "reason": "need_2000_fills_have_297",
      "threshold_bps": 15.0,
      "min_sample_size": 2000
    },
    "ETH-USD_binance": {
      "total_fills": 311,
      "p95_slippage_bps": 9.740964425957458,
      "mean_slippage_bps": 4.18963371201867,
      "median_slippage_bps": 3.494909198010508,
      "p99_slippage_bps": 20.594240076640457,
      "maker_ratio": 0.7,
      "fills_under_threshold": 304,
      "pct_under_threshold": 0.977491961414791,
      "gate_status": "INSUFFICIENT_DATA",
      "reason": "need_2000_fills_have_311",
      "threshold_bps": 15.0,
      "min_sample_size": 2000
    },
    "ETH-USD_coinbase": {
      "total_fills": 325,
      "p95_slippage_bps": 8.549909395172735,
      "mean_slippage_bps": 3.8561096542648885,
      "median_slippage_bps": 3.2627680158269547,
      "p99_slippage_bps": 16.80392928708019,
      "maker_ratio": 0.7,
      "fills_under_threshold": 318,
      "pct_under_threshold": 0.9784615384615385,
      "gate_status": "INSUFFICIENT_DATA",
      "reason": "need_2000_fills_have_325",
      "threshold_bps": 15.0,
      "min_sample_size": 2000
    },
    "NVDA_alpaca": {
      "total_fills": 297,
      "p95_slippage_bps": 9.616374975968911,
      "mean_slippage_bps": 4.079021057559071,
      "median_slippage_bps": 3.4451446107906527,
      "p99_slippage_bps": 16.687496530384788,
      "maker_ratio": 0.7,
      "fills_under_threshold": 289,
      "pct_under_threshold": 0.9730639730639731,
      "gate_status": "INSUFFICIENT_DATA",
      "reason": "need_2000_fills_have_297",
      "threshold_bps": 15.0,
      "min_sample_size": 2000
    },
    "NVDA_binance": {
      "total_fills": 325,
      "p95_slippage_bps": 11.587904913444245,
      "mean_slippage_bps": 4.327890973270882,
      "median_slippage_bps": 3.4421100693437356,
      "p99_slippage_bps": 21.353542784571264,
      "maker_ratio": 0.7,
      "fills_under_threshold": 309,
      "pct_under_threshold": 0.9507692307692308,
      "gate_status": "INSUFFICIENT_DATA",
      "reason": "need_2000_fills_have_325",
      "threshold_bps": 15.0,
      "min_sample_size": 2000
    },
    "NVDA_coinbase": {
      "total_fills": 308,
      "p95_slippage_bps": 9.32312154955476,
      "mean_slippage_bps": 4.028004753232852,
      "median_slippage_bps": 3.3947737829704687,
      "p99_slippage_bps": 15.199925867394331,
      "maker_ratio": 0.7,
      "fills_under_threshold": 304,
      "pct_under_threshold": 0.987012987012987,
      "gate_status": "INSUFFICIENT_DATA",
      "reason": "need_2000_fills_have_308",