{
  "timestamp": "2025-08-16T11:44:13.227495+00:00",
  "window_hours": 48,
  "threshold_bps": 15.0,
  "min_sample_size": 2000,
  "overall_metrics": {
    "total_fills": 2755,
    "p95_slippage_bps": 9.04096962246955,
    "mean_slippage_bps": 4.039798960042775,
    "median_slippage_bps": 3.3765562090901033,
    "p99_slippage_bps": 18.017663469032016,
    "maker_ratio": 0.7,
    "fills_under_threshold": 2698,
    "pct_under_threshold": 0.9793103448275862,
    "gate_status": "PASS",
    "reason": "criteria_met",
    "threshold_bps": 15.0,
    "min_sample_size": 2000
  },
  "breakdown_metrics": {
    "asset_ETH-USD": {
      "total_fills": 928,
      "p95_slippage_bps": 8.58306516692178,
      "mean_slippage_bps": 4.021796913959333,
      "median_slippage_bps": 3.3323163152057953,
      "p99_slippage_bps": 17.794872920865625,
      "maker_ratio": 0.7,
      "fills_under_threshold": 907,
      "pct_under_threshold": 0.9773706896551724,
      "gate_status": "INSUFFICIENT_DATA",
      "reason": "need_2000_fills_have_928",
      "threshold_bps": 15.0,
      "min_sample_size": 2000
    },
    "asset_NVDA": {
      "total_fills": 891,
      "p95_slippage_bps": 9.862153545003036,
      "mean_slippage_bps": 4.22959480544633,
      "median_slippage_bps": 3.458974006468777,
      "p99_slippage_bps": 19.522114106411934,
      "maker_ratio": 0.7,
      "fills_under_threshold": 866,
      "pct_under_threshold": 0.9719416386083053,
      "gate_status": "INSUFFICIENT_DATA",
      "reason": "need_2000_fills_have_891",
      "threshold_bps": 15.0,
      "min_sample_size": 2000
    },
    "asset_BTC-USD": {
      "total_fills": 936,
      "p95_slippage_bps": 8.831741384222045,
      "mean_slippage_bps": 3.876976097340711,
      "median_slippage_bps": 3.36041302204836,
      "p99_slippage_bps": 16.543994541245883,
      "maker_ratio": 0.7,
      "fills_under_threshold": 925,
      "pct_under_threshold": 0.9882478632478633,
      "gate_status": "INSUFFICIENT_DATA",
      "reason": "need_2000_fills_have_936",
      "threshold_bps": 15.0,
      "min_sample_size": 2000
    },
    "venue_alpaca": {
      "total_fills": 951,
      "p95_slippage_bps": 9.57946246649566,
      "mean_slippage_bps": 4.13273338486736,
      "median_slippage_bps": 3.3743950892574133,
      "p99_slippage_bps": 18.566109162375888,
      "maker_ratio": 0.7,
      "fills_under_threshold": 929,
      "pct_under_threshold": 0.9768664563617245,
      "gate_status": "INSUFFICIENT_DATA",
      "reason": "need_2000_fills_have_951",
      "threshold_bps": 15.0,
      "min_sample_size": 2000
    },
    "venue_binance": {
      "total_fills": 910,
      "p95_slippage_bps": 8.729304619086312,
      "mean_slippage_bps": 4.052457361760538,
      "median_slippage_bps": 3.390844993884789,
      "p99_slippage_bps": 18.656856211323223,
      "maker_ratio": 0.7,
      "fills_under_threshold": 889,
      "pct_under_threshold": 0.9769230769230769,
      "gate_status": "INSUFFICIENT_DATA",
      "reason": "need_2000_fills_have_910",
      "threshold_bps": 15.0,
      "min_sample_size": 2000
    },
    "venue_coinbase": {
      "total_fills": 894,
      "p95_slippage_bps": 8.72317247244641,
      "mean_slippage_bps": 3.928054235690042,
      "median_slippage_bps": 3.3650310618666377,
      "p99_slippage_bps": 16.74567544632092,
      "maker_ratio": 0.7,
      "fills_under_threshold": 880,
      "pct_under_threshold": 0.9843400447427293,
      "gate_status": "INSUFFICIENT_DATA",
      "reason": "need_2000_fills_have_894",
      "threshold_bps": 15.0,
      "min_sample_size": 2000
    },
    "BTC-USD_alpaca": {
      "total_fills": 345,
      "p95_slippage_bps": 9.774841348455485,
      "mean_slippage_bps": 3.99611123202867,
      "median_slippage_bps": 3.2928873057335286,
      "p99_slippage_bps": 15.943572013641568,
      "maker_ratio": 0.7,
      "fills_under_threshold": 341,
      "pct_under_threshold": 0.9884057971014493,
      "gate_status": "INSUFFICIENT_DATA",
      "reason": "need_2000_fills_have_345",
      "threshold_bps": 15.0,
      "min_sample_size": 2000
    },
    "BTC-USD_binance": {
      "total_fills": 300,
      "p95_slippage_bps": 7.968293051455079,
      "mean_slippage_bps": 3.7399053948296515,
      "median_slippage_bps": 3.323000264203249,
      "p99_slippage_bps": 17.42796221789507,
      "maker_ratio": 0.7,
      "fills_under_threshold": 296,
      "pct_under_threshold": 0.9866666666666667,
      "gate_status": "INSUFFICIENT_DATA",
      "reason": "need_2000_fills_have_300",
      "threshold_bps": 15.0,
      "min_sample_size": 2000
    },
    "BTC-USD_coinbase": {
      "total_fills": 291,
      "p95_slippage_bps": 8.423003316083932,
      "mean_slippage_bps": 3.8770434144746346,
      "median_slippage_bps": 3.4562840269439588,
      "p99_slippage_bps": 14.995339759192827,
      "maker_ratio": 0.7,
      "fills_under_threshold": 288,
      "pct_under_threshold": 0.9896907216494846,
      "gate_status": "INSUFFICIENT_DATA",
      "reason": "need_2000_fills_have_291",
      "threshold_bps": 15.0,
      "min_sample_size": 2000
    },
    "ETH-USD_alpaca": {
      "total_fills": 300,
      "p95_slippage_bps": 8.933079508954087,
      "mean_slippage_bps": 4.123043261309262,
      "median_slippage_bps": 3.3722164259563487,
      "p99_slippage_bps": 17.660628297283733,
      "maker_ratio": 0.7,
      "fills_under_threshold": 294,
      "pct_under_threshold": 0.98,
      "gate_status": "INSUFFICIENT_DATA",
      "reason": "need_2000_fills_have_300",
      "threshold_bps": 15.0,
      "min_sample_size": 2000
    },
    "ETH-USD_binance": {
      "total_fills": 336,
      "p95_slippage_bps": 8.601981531519424,
      "mean_slippage_bps": 4.13584532498617,
      "median_slippage_bps": 3.3349529717871924,
      "p99_slippage_bps": 19.19619457534338,
      "maker_ratio": 0.7,
      "fills_under_threshold": 327,
      "pct_under_threshold": 0.9732142857142857,
      "gate_status": "INSUFFICIENT_DATA",
      "reason": "need_2000_fills_have_336",
      "threshold_bps": 15.0,
      "min_sample_size": 2000
    },
    "ETH-USD_coinbase": {
      "total_fills": 292,
      "p95_slippage_bps": 7.429761219236402,
      "mean_slippage_bps": 3.786542906048389,
      "median_slippage_bps": 3.3070611640094674,
      "p99_slippage_bps": 17.794853071818473,
      "maker_ratio": 0.7,
      "fills_under_threshold": 286,
      "pct_under_threshold": 0.9794520547945206,
      "gate_status": "INSUFFICIENT_DATA",
      "reason": "need_2000_fills_have_292",
      "threshold_bps": 15.0,
      "min_sample_size": 2000
    },
    "NVDA_alpaca": {
      "total_fills": 306,
      "p95_slippage_bps": 9.596390816710564,
      "mean_slippage_bps": 4.29626828616402,
      "median_slippage_bps": 3.4348555749020817,
      "p99_slippage_bps": 21.44005760916672,
      "maker_ratio": 0.7,
      "fills_under_threshold": 294,
      "pct_under_threshold": 0.9607843137254902,
      "gate_status": "INSUFFICIENT_DATA",
      "reason": "need_2000_fills_have_306",
      "threshold_bps": 15.0,
      "min_sample_size": 2000
    },
    "NVDA_binance": {
      "total_fills": 274,
      "p95_slippage_bps": 10.478838976838157,
      "mean_slippage_bps": 4.292410772108907,
      "median_slippage_bps": 3.525469116905896,
      "p99_slippage_bps": 19.18437812349804,
      "maker_ratio": 0.7,
      "fills_under_threshold": 266,
      "pct_under_threshold": 0.9708029197080292,
      "gate_status": "INSUFFICIENT_DATA",
      "reason": "need_2000_fills_have_274",
      "threshold_bps": 15.0,
      "min_sample_size": 2000
    },
    "NVDA_coinbase": {
      "total_fills": 311,
      "p95_slippage_bps": 9.776659688032238,
      "mean_slippage_bps": 4.108650561185367,
      "median_slippage_bps": 3.4585410552412883,
      "p99_slippage_bps": 16.10862757762328,
      "maker_ratio": 0.7,
      "fills_under_threshold": 306,
      "pct_under_threshold": 0.9839228295819936,
      "gate_status": "INSUFFICIENT_DATA",
      "reason": "need_2000_fills_have_311",