{
  "timestamp": "2025-08-16T10:26:22.372411+00:00",
  "window_hours": 48,
  "threshold_bps": 15.0,
  "min_sample_size": 2000,
  "overall_metrics": {
    "total_fills": 2742,
    "p95_slippage_bps": 9.241753185500956,
    "mean_slippage_bps": 4.096769762691919,
    "median_slippage_bps": 3.501468717072594,
    "p99_slippage_bps": 19.708920873305445,
    "maker_ratio": 0.7,
    "fills_under_threshold": 2678,
    "pct_under_threshold": 0.9766593727206418,
    "gate_status": "PASS",
    "reason": "criteria_met",
    "threshold_bps": 15.0,
    "min_sample_size": 2000
  },
  "breakdown_metrics": {
    "asset_ETH-USD": {
      "total_fills": 980,
      "p95_slippage_bps": 9.297172766346462,
      "mean_slippage_bps": 4.105677254089227,
      "median_slippage_bps": 3.4625600061006043,
      "p99_slippage_bps": 19.8916911156002,
      "maker_ratio": 0.7,
      "fills_under_threshold": 957,
      "pct_under_threshold": 0.976530612244898,
      "gate_status": "INSUFFICIENT_DATA",
      "reason": "need_2000_fills_have_980",
      "threshold_bps": 15.0,
      "min_sample_size": 2000
    },
    "asset_BTC-USD": {
      "total_fills": 835,
      "p95_slippage_bps": 8.092143642380682,
      "mean_slippage_bps": 3.9691936443122904,
      "median_slippage_bps": 3.478479464359883,
      "p99_slippage_bps": 16.381612348148046,
      "maker_ratio": 0.7,
      "fills_under_threshold": 819,
      "pct_under_threshold": 0.9808383233532935,
      "gate_status": "INSUFFICIENT_DATA",
      "reason": "need_2000_fills_have_835",
      "threshold_bps": 15.0,
      "min_sample_size": 2000
    },
    "asset_NVDA": {
      "total_fills": 927,
      "p95_slippage_bps": 9.665207567879056,
      "mean_slippage_bps": 4.202267839582563,
      "median_slippage_bps": 3.5619394239044575,
      "p99_slippage_bps": 20.024397517756537,
      "maker_ratio": 0.7,
      "fills_under_threshold": 902,
      "pct_under_threshold": 0.9730312837108953,
      "gate_status": "INSUFFICIENT_DATA",
      "reason": "need_2000_fills_have_927",
      "threshold_bps": 15.0,
      "min_sample_size": 2000
    },
    "venue_coinbase": {
      "total_fills": 921,
      "p95_slippage_bps": 9.559930868899272,
      "mean_slippage_bps": 4.200745657092113,
      "median_slippage_bps": 3.512602390295616,
      "p99_slippage_bps": 20.286219484715883,
      "maker_ratio": 0.7,
      "fills_under_threshold": 894,
      "pct_under_threshold": 0.9706840390879479,
      "gate_status": "INSUFFICIENT_DATA",
      "reason": "need_2000_fills_have_921",
      "threshold_bps": 15.0,
      "min_sample_size": 2000
    },
    "venue_binance": {
      "total_fills": 912,
      "p95_slippage_bps": 8.559740743549966,
      "mean_slippage_bps": 3.9825476205737527,
      "median_slippage_bps": 3.465504658770741,
      "p99_slippage_bps": 16.201107098501662,
      "maker_ratio": 0.7,
      "fills_under_threshold": 899,
      "pct_under_threshold": 0.9857456140350878,
      "gate_status": "INSUFFICIENT_DATA",
      "reason": "need_2000_fills_have_912",
      "threshold_bps": 15.0,
      "min_sample_size": 2000
    },
    "venue_alpaca": {
      "total_fills": 909,
      "p95_slippage_bps": 9.667397374953097,
      "mean_slippage_bps": 4.106020362107968,
      "median_slippage_bps": 3.511425145917244,
      "p99_slippage_bps": 19.795951851025773,
      "maker_ratio": 0.7,
      "fills_under_threshold": 885,
      "pct_under_threshold": 0.9735973597359736,
      "gate_status": "INSUFFICIENT_DATA",
      "reason": "need_2000_fills_have_909",
      "threshold_bps": 15.0,
      "min_sample_size": 2000
    },
    "BTC-USD_alpaca": {
      "total_fills": 259,
      "p95_slippage_bps": 9.808940040444075,
      "mean_slippage_bps": 4.120317660098033,
      "median_slippage_bps": 3.49014183976593,
      "p99_slippage_bps": 18.363483898557533,
      "maker_ratio": 0.7,
      "fills_under_threshold": 251,
      "pct_under_threshold": 0.9691119691119691,
      "gate_status": "INSUFFICIENT_DATA",
      "reason": "need_2000_fills_have_259",
      "threshold_bps": 15.0,
      "min_sample_size": 2000
    },
    "BTC-USD_binance": {
      "total_fills": 291,
      "p95_slippage_bps": 8.486476259008676,
      "mean_slippage_bps": 4.018221140321125,
      "median_slippage_bps": 3.6289354896662482,
      "p99_slippage_bps": 15.381497362946673,
      "maker_ratio": 0.7,
      "fills_under_threshold": 287,
      "pct_under_threshold": 0.9862542955326461,
      "gate_status": "INSUFFICIENT_DATA",
      "reason": "need_2000_fills_have_291",
      "threshold_bps": 15.0,
      "min_sample_size": 2000
    },
    "BTC-USD_coinbase": {
      "total_fills": 285,
      "p95_slippage_bps": 7.31012497759061,
      "mean_slippage_bps": 3.7817967270242963,
      "median_slippage_bps": 3.396445685236121,
      "p99_slippage_bps": 16.965093588052476,
      "maker_ratio": 0.7,
      "fills_under_threshold": 281,
      "pct_under_threshold": 0.9859649122807017,
      "gate_status": "INSUFFICIENT_DATA",
      "reason": "need_2000_fills_have_285",
      "threshold_bps": 15.0,
      "min_sample_size": 2000
    },
    "ETH-USD_alpaca": {
      "total_fills": 343,
      "p95_slippage_bps": 9.203758920848502,
      "mean_slippage_bps": 4.054163973576823,
      "median_slippage_bps": 3.462990283874368,
      "p99_slippage_bps": 18.84102774703089,
      "maker_ratio": 0.7,
      "fills_under_threshold": 336,
      "pct_under_threshold": 0.9795918367346939,
      "gate_status": "INSUFFICIENT_DATA",
      "reason": "need_2000_fills_have_343",
      "threshold_bps": 15.0,
      "min_sample_size": 2000
    },
    "ETH-USD_binance": {
      "total_fills": 313,
      "p95_slippage_bps": 8.686012405055399,
      "mean_slippage_bps": 4.034800683115957,
      "median_slippage_bps": 3.4577150474621012,
      "p99_slippage_bps": 16.073139985668764,
      "maker_ratio": 0.7,
      "fills_under_threshold": 309,
      "pct_under_threshold": 0.987220447284345,
      "gate_status": "INSUFFICIENT_DATA",
      "reason": "need_2000_fills_have_313",
      "threshold_bps": 15.0,
      "min_sample_size": 2000
    },
    "ETH-USD_coinbase": {
      "total_fills": 324,
      "p95_slippage_bps": 10.911835299370605,
      "mean_slippage_bps": 4.228681642763263,
      "median_slippage_bps": 3.465788054171977,
      "p99_slippage_bps": 20.0269238471312,
      "maker_ratio": 0.7,
      "fills_under_threshold": 312,
      "pct_under_threshold": 0.9629629629629629,
      "gate_status": "INSUFFICIENT_DATA",
      "reason": "need_2000_fills_have_324",
      "threshold_bps": 15.0,
      "min_sample_size": 2000
    },
    "NVDA_alpaca": {
      "total_fills": 307,
      "p95_slippage_bps": 9.937585642730475,
      "mean_slippage_bps": 4.151895740240722,
      "median_slippage_bps": 3.621115696716539,
      "p99_slippage_bps": 19.90359344131989,
      "maker_ratio": 0.7,
      "fills_under_threshold": 298,
      "pct_under_threshold": 0.9706840390879479,
      "gate_status": "INSUFFICIENT_DATA",
      "reason": "need_2000_fills_have_307",
      "threshold_bps": 15.0,
      "min_sample_size": 2000
    },
    "NVDA_binance": {
      "total_fills": 308,
      "p95_slippage_bps": 8.465685064809847,
      "mean_slippage_bps": 3.895741767254937,
      "median_slippage_bps": 3.3181389729761444,
      "p99_slippage_bps": 16.324026388269484,
      "maker_ratio": 0.7,
      "fills_under_threshold": 303,
      "pct_under_threshold": 0.9837662337662337,
      "gate_status": "INSUFFICIENT_DATA",
      "reason": "need_2000_fills_have_308",
      "threshold_bps": 15.0,
      "min_sample_size": 2000
    },
    "NVDA_coinbase": {
      "total_fills": 312,
      "p95_slippage_bps": 10.408554502142836,
      "mean_slippage_bps": 4.554428944630174,
      "median_slippage_bps": 3.728903434994173,
      "p99_slippage_bps": 21.018983624638764,
      "maker_ratio": 0.7,
      "fills_under_threshold": 301,
      "pct_under_threshold": 0.9647435897435898,
      "gate_status": "INSUFFICIENT_DATA",
      "reason": "need_2000_fills_have_312",