{
  "timestamp": "2025-08-16T22:11:52.096544+00:00",
  "window_hours": 48,
  "threshold_bps": 15.0,
  "min_sample_size": 2000,
  "overall_metrics": {
    "total_fills": 2756,
    "p95_slippage_bps": 8.957684303187579,
    "mean_slippage_bps": 4.082804287778147,
    "median_slippage_bps": 3.4903941869381256,
    "p99_slippage_bps": 18.34996215345803,
    "maker_ratio": 0.7,
    "fills_under_threshold": 2701,
    "pct_under_threshold": 0.9800435413642961,
    "gate_status": "PASS",
    "reason": "criteria_met",
    "threshold_bps": 15.0,
    "min_sample_size": 2000
  },
  "breakdown_metrics": {
    "asset_BTC-USD": {
      "total_fills": 926,
      "p95_slippage_bps": 9.012112551185808,
      "mean_slippage_bps": 4.092092320605986,
      "median_slippage_bps": 3.4228750713691722,
      "p99_slippage_bps": 18.729133518812127,
      "maker_ratio": 0.7,
      "fills_under_threshold": 905,
      "pct_under_threshold": 0.9773218142548596,
      "gate_status": "INSUFFICIENT_DATA",
      "reason": "need_2000_fills_have_926",
      "threshold_bps": 15.0,
      "min_sample_size": 2000
    },
    "asset_NVDA": {
      "total_fills": 935,
      "p95_slippage_bps": 8.804352881703021,
      "mean_slippage_bps": 4.059595259530537,
      "median_slippage_bps": 3.512312993687115,
      "p99_slippage_bps": 17.39362615047271,
      "maker_ratio": 0.7,
      "fills_under_threshold": 920,
      "pct_under_threshold": 0.983957219251337,
      "gate_status": "INSUFFICIENT_DATA",
      "reason": "need_2000_fills_have_935",
      "threshold_bps": 15.0,
      "min_sample_size": 2000
    },
    "asset_ETH-USD": {
      "total_fills": 895,
      "p95_slippage_bps": 8.934636479122748,
      "mean_slippage_bps": 4.097440849803775,
      "median_slippage_bps": 3.5361757524817317,
      "p99_slippage_bps": 18.523152777055333,
      "maker_ratio": 0.7,
      "fills_under_threshold": 876,
      "pct_under_threshold": 0.9787709497206704,
      "gate_status": "INSUFFICIENT_DATA",
      "reason": "need_2000_fills_have_895",
      "threshold_bps": 15.0,
      "min_sample_size": 2000
    },
    "venue_binance": {
      "total_fills": 893,
      "p95_slippage_bps": 8.771408464823086,
      "mean_slippage_bps": 4.081070166659158,
      "median_slippage_bps": 3.479689407472532,
      "p99_slippage_bps": 17.748171136522405,
      "maker_ratio": 0.7,
      "fills_under_threshold": 878,
      "pct_under_threshold": 0.9832026875699889,
      "gate_status": "INSUFFICIENT_DATA",
      "reason": "need_2000_fills_have_893",
      "threshold_bps": 15.0,
      "min_sample_size": 2000
    },
    "venue_coinbase": {
      "total_fills": 926,
      "p95_slippage_bps": 9.010853811797903,
      "mean_slippage_bps": 4.050113142907854,
      "median_slippage_bps": 3.453478404525045,
      "p99_slippage_bps": 18.684453446580157,
      "maker_ratio": 0.7,
      "fills_under_threshold": 909,
      "pct_under_threshold": 0.9816414686825053,
      "gate_status": "INSUFFICIENT_DATA",
      "reason": "need_2000_fills_have_926",
      "threshold_bps": 15.0,
      "min_sample_size": 2000
    },
    "venue_alpaca": {
      "total_fills": 937,
      "p95_slippage_bps": 8.967521329710655,
      "mean_slippage_bps": 4.116764341469875,
      "median_slippage_bps": 3.519857555019674,
      "p99_slippage_bps": 18.49061923134419,
      "maker_ratio": 0.7,
      "fills_under_threshold": 914,
      "pct_under_threshold": 0.9754535752401281,
      "gate_status": "INSUFFICIENT_DATA",
      "reason": "need_2000_fills_have_937",
      "threshold_bps": 15.0,
      "min_sample_size": 2000
    },
    "BTC-USD_alpaca": {
      "total_fills": 306,
      "p95_slippage_bps": 9.919018956745083,
      "mean_slippage_bps": 4.181355831599963,
      "median_slippage_bps": 3.416232674966262,
      "p99_slippage_bps": 19.900582396926378,
      "maker_ratio": 0.7,
      "fills_under_threshold": 296,
      "pct_under_threshold": 0.9673202614379085,
      "gate_status": "INSUFFICIENT_DATA",
      "reason": "need_2000_fills_have_306",
      "threshold_bps": 15.0,
      "min_sample_size": 2000
    },
    "BTC-USD_binance": {
      "total_fills": 314,
      "p95_slippage_bps": 7.6585057192231325,
      "mean_slippage_bps": 3.933491849859525,
      "median_slippage_bps": 3.418385161021453,
      "p99_slippage_bps": 18.1678051668794,
      "maker_ratio": 0.7,
      "fills_under_threshold": 308,
      "pct_under_threshold": 0.9808917197452229,
      "gate_status": "INSUFFICIENT_DATA",
      "reason": "need_2000_fills_have_314",
      "threshold_bps": 15.0,
      "min_sample_size": 2000
    },
    "BTC-USD_coinbase": {
      "total_fills": 306,
      "p95_slippage_bps": 9.656648597841587,
      "mean_slippage_bps": 4.165575697894328,
      "median_slippage_bps": 3.504108553635522,
      "p99_slippage_bps": 17.476313046458515,
      "maker_ratio": 0.7,
      "fills_under_threshold": 301,
      "pct_under_threshold": 0.9836601307189542,
      "gate_status": "INSUFFICIENT_DATA",
      "reason": "need_2000_fills_have_306",
      "threshold_bps": 15.0,
      "min_sample_size": 2000
    },
    "ETH-USD_alpaca": {
      "total_fills": 312,
      "p95_slippage_bps": 9.21288780381633,
      "mean_slippage_bps": 4.171399576681563,
      "median_slippage_bps": 3.593117759706727,
      "p99_slippage_bps": 18.212211434992437,
      "maker_ratio": 0.7,
      "fills_under_threshold": 305,
      "pct_under_threshold": 0.9775641025641025,
      "gate_status": "INSUFFICIENT_DATA",
      "reason": "need_2000_fills_have_312",
      "threshold_bps": 15.0,
      "min_sample_size": 2000
    },
    "ETH-USD_binance": {
      "total_fills": 284,
      "p95_slippage_bps": 9.14093413733943,
      "mean_slippage_bps": 4.148997113774043,
      "median_slippage_bps": 3.561693194083391,
      "p99_slippage_bps": 16.186474868983936,
      "maker_ratio": 0.7,
      "fills_under_threshold": 279,
      "pct_under_threshold": 0.9823943661971831,
      "gate_status": "INSUFFICIENT_DATA",
      "reason": "need_2000_fills_have_284",
      "threshold_bps": 15.0,
      "min_sample_size": 2000
    },
    "ETH-USD_coinbase": {
      "total_fills": 299,
      "p95_slippage_bps": 8.505038179862602,
      "mean_slippage_bps": 3.971296696782283,
      "median_slippage_bps": 3.4865594554677033,
      "p99_slippage_bps": 17.21180875254169,
      "maker_ratio": 0.7,
      "fills_under_threshold": 292,
      "pct_under_threshold": 0.9765886287625418,
      "gate_status": "INSUFFICIENT_DATA",
      "reason": "need_2000_fills_have_299",
      "threshold_bps": 15.0,
      "min_sample_size": 2000
    },
    "NVDA_alpaca": {
      "total_fills": 319,
      "p95_slippage_bps": 8.534488605829505,
      "mean_slippage_bps": 4.0013687635204915,
      "median_slippage_bps": 3.55812691526532,
      "p99_slippage_bps": 17.18028839054279,
      "maker_ratio": 0.7,
      "fills_under_threshold": 313,
      "pct_under_threshold": 0.9811912225705329,
      "gate_status": "INSUFFICIENT_DATA",
      "reason": "need_2000_fills_have_319",
      "threshold_bps": 15.0,
      "min_sample_size": 2000
    },
    "NVDA_binance": {
      "total_fills": 295,
      "p95_slippage_bps": 9.17781821005259,
      "mean_slippage_bps": 4.172759449691214,
      "median_slippage_bps": 3.5203993743061455,
      "p99_slippage_bps": 16.814107217827818,
      "maker_ratio": 0.7,
      "fills_under_threshold": 291,
      "pct_under_threshold": 0.9864406779661017,
      "gate_status": "INSUFFICIENT_DATA",
      "reason": "need_2000_fills_have_295",
      "threshold_bps": 15.0,
      "min_sample_size": 2000
    },
    "NVDA_coinbase": {
      "total_fills": 321,
      "p95_slippage_bps": 8.959041691335623,
      "mean_slippage_bps": 4.013460730339896,
      "median_slippage_bps": 3.3949348231737924,
      "p99_slippage_bps": 18.526538495893806,
      "maker_ratio": 0.7,
      "fills_under_threshold": 316,
      "pct_under_threshold": 0.9844236760124611,
      "gate_status": "INSUFFICIENT_DATA",
      "reason": "need_2000_fills_have_321",