{
  "timestamp": "2025-08-16T11:18:15.506156+00:00",
  "window_hours": 48,
  "threshold_bps": 15.0,
  "min_sample_size": 2000,
  "overall_metrics": {
    "total_fills": 2769,
    "p95_slippage_bps": 8.962750893425975,
    "mean_slippage_bps": 3.9856338928983086,
    "median_slippage_bps": 3.398424575970179,
    "p99_slippage_bps": 17.854781857639548,
    "maker_ratio": 0.7,
    "fills_under_threshold": 2718,
    "pct_under_threshold": 0.9815817984832069,
    "gate_status": "PASS",
    "reason": "criteria_met",
    "threshold_bps": 15.0,
    "min_sample_size": 2000
  },
  "breakdown_metrics": {
    "asset_ETH-USD": {
      "total_fills": 950,
      "p95_slippage_bps": 8.334291977872752,
      "mean_slippage_bps": 3.900282305164696,
      "median_slippage_bps": 3.4120523745688276,
      "p99_slippage_bps": 16.158634550462214,
      "maker_ratio": 0.7,
      "fills_under_threshold": 937,
      "pct_under_threshold": 0.9863157894736843,
      "gate_status": "INSUFFICIENT_DATA",
      "reason": "need_2000_fills_have_950",
      "threshold_bps": 15.0,
      "min_sample_size": 2000
    },
    "asset_NVDA": {
      "total_fills": 884,
      "p95_slippage_bps": 8.890757055835698,
      "mean_slippage_bps": 3.9825242786402604,
      "median_slippage_bps": 3.370282800335999,
      "p99_slippage_bps": 17.532106337797003,
      "maker_ratio": 0.7,
      "fills_under_threshold": 866,
      "pct_under_threshold": 0.9796380090497737,
      "gate_status": "INSUFFICIENT_DATA",
      "reason": "need_2000_fills_have_884",
      "threshold_bps": 15.0,
      "min_sample_size": 2000
    },
    "asset_BTC-USD": {
      "total_fills": 935,
      "p95_slippage_bps": 9.364081512953623,
      "mean_slippage_bps": 4.0752947563753645,
      "median_slippage_bps": 3.4351130714912057,
      "p99_slippage_bps": 18.723774569956035,
      "maker_ratio": 0.7,
      "fills_under_threshold": 915,
      "pct_under_threshold": 0.9786096256684492,
      "gate_status": "INSUFFICIENT_DATA",
      "reason": "need_2000_fills_have_935",
      "threshold_bps": 15.0,
      "min_sample_size": 2000
    },
    "venue_binance": {
      "total_fills": 922,
      "p95_slippage_bps": 8.242566540940068,
      "mean_slippage_bps": 3.8520174616901866,
      "median_slippage_bps": 3.3182886309851076,
      "p99_slippage_bps": 17.370500732050637,
      "maker_ratio": 0.7,
      "fills_under_threshold": 906,
      "pct_under_threshold": 0.982646420824295,
      "gate_status": "INSUFFICIENT_DATA",
      "reason": "need_2000_fills_have_922",
      "threshold_bps": 15.0,
      "min_sample_size": 2000
    },
    "venue_alpaca": {
      "total_fills": 936,
      "p95_slippage_bps": 8.802272860015695,
      "mean_slippage_bps": 4.0002200961267835,
      "median_slippage_bps": 3.4258885491485014,
      "p99_slippage_bps": 16.251744624610563,
      "maker_ratio": 0.7,
      "fills_under_threshold": 920,
      "pct_under_threshold": 0.9829059829059829,
      "gate_status": "INSUFFICIENT_DATA",
      "reason": "need_2000_fills_have_936",
      "threshold_bps": 15.0,
      "min_sample_size": 2000
    },
    "venue_coinbase": {
      "total_fills": 911,
      "p95_slippage_bps": 9.390277153923128,
      "mean_slippage_bps": 4.105877211616241,
      "median_slippage_bps": 3.4353947363151818,
      "p99_slippage_bps": 19.194268384997983,
      "maker_ratio": 0.7,
      "fills_under_threshold": 892,
      "pct_under_threshold": 0.9791437980241493,
      "gate_status": "INSUFFICIENT_DATA",
      "reason": "need_2000_fills_have_911",
      "threshold_bps": 15.0,
      "min_sample_size": 2000
    },
    "BTC-USD_alpaca": {
      "total_fills": 317,
      "p95_slippage_bps": 9.311610128355431,
      "mean_slippage_bps": 4.129748633084128,
      "median_slippage_bps": 3.4835382270449378,
      "p99_slippage_bps": 19.28295441972358,
      "maker_ratio": 0.7,
      "fills_under_threshold": 309,
      "pct_under_threshold": 0.9747634069400631,
      "gate_status": "INSUFFICIENT_DATA",
      "reason": "need_2000_fills_have_317",
      "threshold_bps": 15.0,
      "min_sample_size": 2000
    },
    "BTC-USD_binance": {
      "total_fills": 304,
      "p95_slippage_bps": 8.875418912532629,
      "mean_slippage_bps": 4.019918560997641,
      "median_slippage_bps": 3.423102694745199,
      "p99_slippage_bps": 18.40131410737597,
      "maker_ratio": 0.7,
      "fills_under_threshold": 297,
      "pct_under_threshold": 0.9769736842105263,
      "gate_status": "INSUFFICIENT_DATA",
      "reason": "need_2000_fills_have_304",
      "threshold_bps": 15.0,
      "min_sample_size": 2000
    },
    "BTC-USD_coinbase": {
      "total_fills": 314,
      "p95_slippage_bps": 9.385385888901865,
      "mean_slippage_bps": 4.073933241974569,
      "median_slippage_bps": 3.4210930930456387,
      "p99_slippage_bps": 18.346303231281677,
      "maker_ratio": 0.7,
      "fills_under_threshold": 309,
      "pct_under_threshold": 0.9840764331210191,
      "gate_status": "INSUFFICIENT_DATA",
      "reason": "need_2000_fills_have_314",
      "threshold_bps": 15.0,
      "min_sample_size": 2000
    },
    "ETH-USD_alpaca": {
      "total_fills": 326,
      "p95_slippage_bps": 8.544444199649588,
      "mean_slippage_bps": 3.9887816633692323,
      "median_slippage_bps": 3.4891907697379154,
      "p99_slippage_bps": 15.176603662913877,
      "maker_ratio": 0.7,
      "fills_under_threshold": 322,
      "pct_under_threshold": 0.9877300613496932,
      "gate_status": "INSUFFICIENT_DATA",
      "reason": "need_2000_fills_have_326",
      "threshold_bps": 15.0,
      "min_sample_size": 2000
    },
    "ETH-USD_binance": {
      "total_fills": 318,
      "p95_slippage_bps": 7.894528144990373,
      "mean_slippage_bps": 3.83038261270966,
      "median_slippage_bps": 3.4188152074912312,
      "p99_slippage_bps": 15.927367529043627,
      "maker_ratio": 0.7,
      "fills_under_threshold": 314,
      "pct_under_threshold": 0.9874213836477987,
      "gate_status": "INSUFFICIENT_DATA",
      "reason": "need_2000_fills_have_318",
      "threshold_bps": 15.0,
      "min_sample_size": 2000
    },
    "ETH-USD_coinbase": {
      "total_fills": 306,
      "p95_slippage_bps": 8.435503998650594,
      "mean_slippage_bps": 3.878639532047121,
      "median_slippage_bps": 3.3539358112430664,
      "p99_slippage_bps": 18.446571897930824,
      "maker_ratio": 0.7,
      "fills_under_threshold": 301,
      "pct_under_threshold": 0.9836601307189542,
      "gate_status": "INSUFFICIENT_DATA",
      "reason": "need_2000_fills_have_306",
      "threshold_bps": 15.0,
      "min_sample_size": 2000
    },
    "NVDA_alpaca": {
      "total_fills": 293,
      "p95_slippage_bps": 7.963173877862117,
      "mean_slippage_bps": 3.872808433544815,
      "median_slippage_bps": 3.364016245217254,
      "p99_slippage_bps": 15.197750707655848,
      "maker_ratio": 0.7,
      "fills_under_threshold": 289,
      "pct_under_threshold": 0.9863481228668942,
      "gate_status": "INSUFFICIENT_DATA",
      "reason": "need_2000_fills_have_293",
      "threshold_bps": 15.0,
      "min_sample_size": 2000
    },
    "NVDA_binance": {
      "total_fills": 300,
      "p95_slippage_bps": 8.110100897643548,
      "mean_slippage_bps": 3.70481062097799,
      "median_slippage_bps": 3.1647208101556608,
      "p99_slippage_bps": 16.999539352651798,
      "maker_ratio": 0.7,
      "fills_under_threshold": 295,
      "pct_under_threshold": 0.9833333333333333,
      "gate_status": "INSUFFICIENT_DATA",
      "reason": "need_2000_fills_have_300",
      "threshold_bps": 15.0,
      "min_sample_size": 2000
    },
    "NVDA_coinbase": {
      "total_fills": 291,
      "p95_slippage_bps": 10.180885144342565,
      "mean_slippage_bps": 4.379296924384749,
      "median_slippage_bps": 3.5873670703705125,
      "p99_slippage_bps": 19.922419170137555,
      "maker_ratio": 0.7,
      "fills_under_threshold": 282,
      "pct_under_threshold": 0.9690721649484536,
      "gate_status": "INSUFFICIENT_DATA",