{
  "timestamp": "2025-08-16T12:56:47.775388+00:00",
  "window_hours": 48,
  "threshold_bps": 15.0,
  "min_sample_size": 2000,
  "overall_metrics": {
    "total_fills": 2781,
    "p95_slippage_bps": 9.343563428055994,
    "mean_slippage_bps": 4.051768719374916,
    "median_slippage_bps": 3.3599060549803634,
    "p99_slippage_bps": 19.614895757303522,
    "maker_ratio": 0.7,
    "fills_under_threshold": 2714,
    "pct_under_threshold": 0.9759079467817332,
    "gate_status": "PASS",
    "reason": "criteria_met",
    "threshold_bps": 15.0,
    "min_sample_size": 2000
  },
  "breakdown_metrics": {
    "asset_NVDA": {
      "total_fills": 902,
      "p95_slippage_bps": 9.35204643040239,
      "mean_slippage_bps": 3.998801930784026,
      "median_slippage_bps": 3.2912836914115395,
      "p99_slippage_bps": 16.250925783830755,
      "maker_ratio": 0.7,
      "fills_under_threshold": 885,
      "pct_under_threshold": 0.9811529933481153,
      "gate_status": "INSUFFICIENT_DATA",
      "reason": "need_2000_fills_have_902",
      "threshold_bps": 15.0,
      "min_sample_size": 2000
    },
    "asset_BTC-USD": {
      "total_fills": 972,
      "p95_slippage_bps": 8.87768819942187,
      "mean_slippage_bps": 3.9129806463979135,
      "median_slippage_bps": 3.3213423906049835,
      "p99_slippage_bps": 19.35336695484355,
      "maker_ratio": 0.7,
      "fills_under_threshold": 950,
      "pct_under_threshold": 0.977366255144033,
      "gate_status": "INSUFFICIENT_DATA",
      "reason": "need_2000_fills_have_972",
      "threshold_bps": 15.0,
      "min_sample_size": 2000
    },
    "asset_ETH-USD": {
      "total_fills": 907,
      "p95_slippage_bps": 9.520287942910429,
      "mean_slippage_bps": 4.253177815563042,
      "median_slippage_bps": 3.5392681915346813,
      "p99_slippage_bps": 19.85863195699922,
      "maker_ratio": 0.7,
      "fills_under_threshold": 879,
      "pct_under_threshold": 0.9691289966923925,
      "gate_status": "INSUFFICIENT_DATA",
      "reason": "need_2000_fills_have_907",
      "threshold_bps": 15.0,
      "min_sample_size": 2000
    },
    "venue_alpaca": {
      "total_fills": 890,
      "p95_slippage_bps": 9.654482919053725,
      "mean_slippage_bps": 4.093958442583224,
      "median_slippage_bps": 3.364788142453558,
      "p99_slippage_bps": 20.143252775442747,
      "maker_ratio": 0.7,
      "fills_under_threshold": 865,
      "pct_under_threshold": 0.9719101123595506,
      "gate_status": "INSUFFICIENT_DATA",
      "reason": "need_2000_fills_have_890",
      "threshold_bps": 15.0,
      "min_sample_size": 2000
    },
    "venue_binance": {
      "total_fills": 943,
      "p95_slippage_bps": 9.377136547268146,
      "mean_slippage_bps": 4.026640888040427,
      "median_slippage_bps": 3.3549356587662245,
      "p99_slippage_bps": 18.73893821369065,
      "maker_ratio": 0.7,
      "fills_under_threshold": 923,
      "pct_under_threshold": 0.9787910922587487,
      "gate_status": "INSUFFICIENT_DATA",
      "reason": "need_2000_fills_have_943",
      "threshold_bps": 15.0,
      "min_sample_size": 2000
    },
    "venue_coinbase": {
      "total_fills": 948,
      "p95_slippage_bps": 8.731672827343955,
      "mean_slippage_bps": 4.037155524536339,
      "median_slippage_bps": 3.3623988200402977,
      "p99_slippage_bps": 19.16827198804231,
      "maker_ratio": 0.7,
      "fills_under_threshold": 926,
      "pct_under_threshold": 0.9767932489451476,
      "gate_status": "INSUFFICIENT_DATA",
      "reason": "need_2000_fills_have_948",
      "threshold_bps": 15.0,
      "min_sample_size": 2000
    },
    "BTC-USD_alpaca": {
      "total_fills": 324,
      "p95_slippage_bps": 9.255637858864594,
      "mean_slippage_bps": 3.9684962207482677,
      "median_slippage_bps": 3.2608194080552586,
      "p99_slippage_bps": 19.470527502306314,
      "maker_ratio": 0.7,
      "fills_under_threshold": 315,
      "pct_under_threshold": 0.9722222222222222,
      "gate_status": "INSUFFICIENT_DATA",
      "reason": "need_2000_fills_have_324",
      "threshold_bps": 15.0,
      "min_sample_size": 2000
    },
    "BTC-USD_binance": {
      "total_fills": 317,
      "p95_slippage_bps": 9.15057062134724,
      "mean_slippage_bps": 3.9260015722175083,
      "median_slippage_bps": 3.368653361180775,
      "p99_slippage_bps": 19.821367565704335,
      "maker_ratio": 0.7,
      "fills_under_threshold": 311,
      "pct_under_threshold": 0.9810725552050473,
      "gate_status": "INSUFFICIENT_DATA",
      "reason": "need_2000_fills_have_317",
      "threshold_bps": 15.0,
      "min_sample_size": 2000
    },
    "BTC-USD_coinbase": {
      "total_fills": 331,
      "p95_slippage_bps": 8.67625963905558,
      "mean_slippage_bps": 3.8461689256295553,
      "median_slippage_bps": 3.2695308085388737,
      "p99_slippage_bps": 17.597960266229553,
      "maker_ratio": 0.7,
      "fills_under_threshold": 324,
      "pct_under_threshold": 0.9788519637462235,
      "gate_status": "INSUFFICIENT_DATA",
      "reason": "need_2000_fills_have_331",
      "threshold_bps": 15.0,
      "min_sample_size": 2000
    },
    "ETH-USD_alpaca": {
      "total_fills": 282,
      "p95_slippage_bps": 11.417714157134546,
      "mean_slippage_bps": 4.229253187112387,
      "median_slippage_bps": 3.456263702515974,
      "p99_slippage_bps": 20.34580312272485,
      "maker_ratio": 0.7,
      "fills_under_threshold": 272,
      "pct_under_threshold": 0.9645390070921985,
      "gate_status": "INSUFFICIENT_DATA",
      "reason": "need_2000_fills_have_282",
      "threshold_bps": 15.0,
      "min_sample_size": 2000
    },
    "ETH-USD_binance": {
      "total_fills": 312,
      "p95_slippage_bps": 9.432969110806136,
      "mean_slippage_bps": 4.132550513221817,
      "median_slippage_bps": 3.587771480551797,
      "p99_slippage_bps": 17.397227806156543,
      "maker_ratio": 0.7,
      "fills_under_threshold": 304,
      "pct_under_threshold": 0.9743589743589743,
      "gate_status": "INSUFFICIENT_DATA",
      "reason": "need_2000_fills_have_312",
      "threshold_bps": 15.0,
      "min_sample_size": 2000
    },
    "ETH-USD_coinbase": {
      "total_fills": 313,
      "p95_slippage_bps": 9.47116371866964,
      "mean_slippage_bps": 4.394974823721337,
      "median_slippage_bps": 3.521296859517531,
      "p99_slippage_bps": 19.70819053249548,
      "maker_ratio": 0.7,
      "fills_under_threshold": 303,
      "pct_under_threshold": 0.9680511182108626,
      "gate_status": "INSUFFICIENT_DATA",
      "reason": "need_2000_fills_have_313",
      "threshold_bps": 15.0,
      "min_sample_size": 2000
    },
    "NVDA_alpaca": {
      "total_fills": 284,
      "p95_slippage_bps": 9.664108436080037,
      "mean_slippage_bps": 4.102749435249779,
      "median_slippage_bps": 3.3768659393184794,
      "p99_slippage_bps": 19.92501956483398,
      "maker_ratio": 0.7,
      "fills_under_threshold": 278,
      "pct_under_threshold": 0.9788732394366197,
      "gate_status": "INSUFFICIENT_DATA",
      "reason": "need_2000_fills_have_284",
      "threshold_bps": 15.0,
      "min_sample_size": 2000
    },
    "NVDA_binance": {
      "total_fills": 314,
      "p95_slippage_bps": 9.406448502526107,
      "mean_slippage_bps": 4.023006684407536,
      "median_slippage_bps": 3.190880872695825,
      "p99_slippage_bps": 15.711957843218459,
      "maker_ratio": 0.7,
      "fills_under_threshold": 308,
      "pct_under_threshold": 0.9808917197452229,
      "gate_status": "INSUFFICIENT_DATA",
      "reason": "need_2000_fills_have_314",
      "threshold_bps": 15.0,
      "min_sample_size": 2000
    },
    "NVDA_coinbase": {
      "total_fills": 304,
      "p95_slippage_bps": 8.275769184715049,
      "mean_slippage_bps": 3.8766921153035803,
      "median_slippage_bps": 3.3506187923960935,
      "p99_slippage_bps": 15.92330867748965,
      "maker_ratio": 0.7,
      "fills_under_threshold": 299,
      "pct_under_threshold": 0.9835526315789473,
      "gate_status": "INSUFFICIENT_DATA",
      "reason": "need_2000_fills_have_304",