{
  "timestamp": "2025-08-16T05:25:26.449217+00:00",
  "window_hours": 48,
  "threshold_bps": 15.0,
  "min_sample_size": 2000,
  "overall_metrics": {
    "total_fills": 2555,
    "p95_slippage_bps": 9.037745615063185,
    "mean_slippage_bps": 3.9991206640099515,
    "median_slippage_bps": 3.4376978638492925,
    "p99_slippage_bps": 17.68393309230745,
    "maker_ratio": 0.7,
    "fills_under_threshold": 2508,
    "pct_under_threshold": 0.9816046966731898,
    "gate_status": "PASS",
    "reason": "criteria_met",
    "threshold_bps": 15.0,
    "min_sample_size": 2000
  },
  "breakdown_metrics": {
    "asset_NVDA": {
      "total_fills": 840,
      "p95_slippage_bps": 8.596914441643543,
      "mean_slippage_bps": 4.00470311508022,
      "median_slippage_bps": 3.4476128790393874,
      "p99_slippage_bps": 19.170792336904036,
      "maker_ratio": 0.7,
      "fills_under_threshold": 821,
      "pct_under_threshold": 0.9773809523809524,
      "gate_status": "INSUFFICIENT_DATA",
      "reason": "need_2000_fills_have_840",
      "threshold_bps": 15.0,
      "min_sample_size": 2000
    },
    "asset_BTC-USD": {
      "total_fills": 854,
      "p95_slippage_bps": 9.161110577019667,
      "mean_slippage_bps": 4.148898572457662,
      "median_slippage_bps": 3.480061177256797,
      "p99_slippage_bps": 18.49957553055744,
      "maker_ratio": 0.7,
      "fills_under_threshold": 835,
      "pct_under_threshold": 0.977751756440281,
      "gate_status": "INSUFFICIENT_DATA",
      "reason": "need_2000_fills_have_854",
      "threshold_bps": 15.0,
      "min_sample_size": 2000
    },
    "asset_ETH-USD": {
      "total_fills": 861,
      "p95_slippage_bps": 8.977258847002755,
      "mean_slippage_bps": 3.845114168407896,
      "median_slippage_bps": 3.3914097718018366,
      "p99_slippage_bps": 14.642433437934931,
      "maker_ratio": 0.7,
      "fills_under_threshold": 852,
      "pct_under_threshold": 0.9895470383275261,
      "gate_status": "INSUFFICIENT_DATA",
      "reason": "need_2000_fills_have_861",
      "threshold_bps": 15.0,
      "min_sample_size": 2000
    },
    "venue_alpaca": {
      "total_fills": 849,
      "p95_slippage_bps": 9.10512999117319,
      "mean_slippage_bps": 3.9038811075945166,
      "median_slippage_bps": 3.267902328898144,
      "p99_slippage_bps": 17.528700803352802,
      "maker_ratio": 0.7,
      "fills_under_threshold": 835,
      "pct_under_threshold": 0.983510011778563,
      "gate_status": "INSUFFICIENT_DATA",
      "reason": "need_2000_fills_have_849",
      "threshold_bps": 15.0,
      "min_sample_size": 2000
    },
    "venue_coinbase": {
      "total_fills": 865,
      "p95_slippage_bps": 9.134009775296088,
      "mean_slippage_bps": 4.0085087794483165,
      "median_slippage_bps": 3.4600560473781536,
      "p99_slippage_bps": 17.4453025127782,
      "maker_ratio": 0.7,
      "fills_under_threshold": 846,
      "pct_under_threshold": 0.9780346820809248,
      "gate_status": "INSUFFICIENT_DATA",
      "reason": "need_2000_fills_have_865",
      "threshold_bps": 15.0,
      "min_sample_size": 2000
    },
    "venue_binance": {
      "total_fills": 841,
      "p95_slippage_bps": 8.828886991113308,
      "mean_slippage_bps": 4.085610156926145,
      "median_slippage_bps": 3.528336812821956,
      "p99_slippage_bps": 17.720298190037955,
      "maker_ratio": 0.7,
      "fills_under_threshold": 827,
      "pct_under_threshold": 0.9833531510107015,
      "gate_status": "INSUFFICIENT_DATA",
      "reason": "need_2000_fills_have_841",
      "threshold_bps": 15.0,
      "min_sample_size": 2000
    },
    "BTC-USD_alpaca": {
      "total_fills": 267,
      "p95_slippage_bps": 8.617921483242476,
      "mean_slippage_bps": 3.926718676120958,
      "median_slippage_bps": 3.3255913354003344,
      "p99_slippage_bps": 15.426041390245931,
      "maker_ratio": 0.7,
      "fills_under_threshold": 264,
      "pct_under_threshold": 0.9887640449438202,
      "gate_status": "INSUFFICIENT_DATA",
      "reason": "need_2000_fills_have_267",
      "threshold_bps": 15.0,
      "min_sample_size": 2000
    },
    "BTC-USD_binance": {
      "total_fills": 298,
      "p95_slippage_bps": 10.265843552651756,
      "mean_slippage_bps": 4.39287507246225,
      "median_slippage_bps": 3.6290626920028695,
      "p99_slippage_bps": 19.028656060782392,
      "maker_ratio": 0.7,
      "fills_under_threshold": 289,
      "pct_under_threshold": 0.9697986577181208,
      "gate_status": "INSUFFICIENT_DATA",
      "reason": "need_2000_fills_have_298",
      "threshold_bps": 15.0,
      "min_sample_size": 2000
    },
    "BTC-USD_coinbase": {
      "total_fills": 289,
      "p95_slippage_bps": 9.413161565816914,
      "mean_slippage_bps": 4.102590736196528,
      "median_slippage_bps": 3.4600560473781536,
      "p99_slippage_bps": 17.81150215177304,
      "maker_ratio": 0.7,
      "fills_under_threshold": 282,
      "pct_under_threshold": 0.9757785467128027,
      "gate_status": "INSUFFICIENT_DATA",
      "reason": "need_2000_fills_have_289",
      "threshold_bps": 15.0,
      "min_sample_size": 2000
    },
    "ETH-USD_alpaca": {
      "total_fills": 302,
      "p95_slippage_bps": 8.554493144375554,
      "mean_slippage_bps": 3.759135273996399,
      "median_slippage_bps": 3.2239543922879843,
      "p99_slippage_bps": 15.483539577405606,
      "maker_ratio": 0.7,
      "fills_under_threshold": 298,
      "pct_under_threshold": 0.9867549668874173,
      "gate_status": "INSUFFICIENT_DATA",
      "reason": "need_2000_fills_have_302",
      "threshold_bps": 15.0,
      "min_sample_size": 2000
    },
    "ETH-USD_binance": {
      "total_fills": 271,
      "p95_slippage_bps": 8.917065305237056,
      "mean_slippage_bps": 3.925281782575176,
      "median_slippage_bps": 3.4759063394548253,
      "p99_slippage_bps": 13.702378784752836,
      "maker_ratio": 0.7,
      "fills_under_threshold": 269,
      "pct_under_threshold": 0.992619926199262,
      "gate_status": "INSUFFICIENT_DATA",
      "reason": "need_2000_fills_have_271",
      "threshold_bps": 15.0,
      "min_sample_size": 2000
    },
    "ETH-USD_coinbase": {
      "total_fills": 288,
      "p95_slippage_bps": 9.052211646125881,
      "mean_slippage_bps": 3.8598370943556026,
      "median_slippage_bps": 3.406388199990849,
      "p99_slippage_bps": 12.834088909759489,
      "maker_ratio": 0.7,
      "fills_under_threshold": 285,
      "pct_under_threshold": 0.9895833333333334,
      "gate_status": "INSUFFICIENT_DATA",
      "reason": "need_2000_fills_have_288",
      "threshold_bps": 15.0,
      "min_sample_size": 2000
    },
    "NVDA_alpaca": {
      "total_fills": 280,
      "p95_slippage_bps": 9.877696835353243,
      "mean_slippage_bps": 4.038222575273345,
      "median_slippage_bps": 3.2086599727016676,
      "p99_slippage_bps": 18.96993739969904,
      "maker_ratio": 0.7,
      "fills_under_threshold": 273,
      "pct_under_threshold": 0.975,
      "gate_status": "INSUFFICIENT_DATA",
      "reason": "need_2000_fills_have_280",
      "threshold_bps": 15.0,
      "min_sample_size": 2000
    },
    "NVDA_binance": {
      "total_fills": 272,
      "p95_slippage_bps": 7.188223509693933,
      "mean_slippage_bps": 3.908713262144356,
      "median_slippage_bps": 3.5294339004392272,
      "p99_slippage_bps": 13.054338426422373,
      "maker_ratio": 0.7,
      "fills_under_threshold": 269,
      "pct_under_threshold": 0.9889705882352942,
      "gate_status": "INSUFFICIENT_DATA",
      "reason": "need_2000_fills_have_272",
      "threshold_bps": 15.0,
      "min_sample_size": 2000
    },
    "NVDA_coinbase": {
      "total_fills": 288,
      "p95_slippage_bps": 8.699981218770198,
      "mean_slippage_bps": 4.062771834331887,
      "median_slippage_bps": 3.4979442079137026,
      "p99_slippage_bps": 19.327873280157256,
      "maker_ratio": 0.7,
      "fills_under_threshold": 279,
      "pct_under_threshold": 0.96875,
      "gate_status": "INSUFFICIENT_DATA",
      "reason": "need_2000_fills_have_288",