{
  "timestamp": "2025-08-16T08:06:16.319729+00:00",
  "window_hours": 48,
  "threshold_bps": 15.0,
  "min_sample_size": 2000,
  "overall_metrics": {
    "total_fills": 2559,
    "p95_slippage_bps": 8.891623055500663,
    "mean_slippage_bps": 4.0009194497466405,
    "median_slippage_bps": 3.439611480961263,
    "p99_slippage_bps": 19.02122552445885,
    "maker_ratio": 0.7,
    "fills_under_threshold": 2503,
    "pct_under_threshold": 0.9781164517389606,
    "gate_status": "PASS",
    "reason": "criteria_met",
    "threshold_bps": 15.0,
    "min_sample_size": 2000
  },
  "breakdown_metrics": {
    "asset_NVDA": {
      "total_fills": 851,
      "p95_slippage_bps": 8.156918852297467,
      "mean_slippage_bps": 3.8654596122546243,
      "median_slippage_bps": 3.4664594794469092,
      "p99_slippage_bps": 17.432113646571366,
      "maker_ratio": 0.7,
      "fills_under_threshold": 837,
      "pct_under_threshold": 0.9835487661574618,
      "gate_status": "INSUFFICIENT_DATA",
      "reason": "need_2000_fills_have_851",
      "threshold_bps": 15.0,
      "min_sample_size": 2000
    },
    "asset_BTC-USD": {
      "total_fills": 834,
      "p95_slippage_bps": 9.278905208977166,
      "mean_slippage_bps": 4.073118251183901,
      "median_slippage_bps": 3.3327837554867674,
      "p99_slippage_bps": 20.290640099875514,
      "maker_ratio": 0.7,
      "fills_under_threshold": 812,
      "pct_under_threshold": 0.973621103117506,
      "gate_status": "INSUFFICIENT_DATA",
      "reason": "need_2000_fills_have_834",
      "threshold_bps": 15.0,
      "min_sample_size": 2000
    },
    "asset_ETH-USD": {
      "total_fills": 874,
      "p95_slippage_bps": 9.18435665480484,
      "mean_slippage_bps": 4.063920046207776,
      "median_slippage_bps": 3.5032710555437427,
      "p99_slippage_bps": 18.791173119350322,
      "maker_ratio": 0.7,
      "fills_under_threshold": 854,
      "pct_under_threshold": 0.977116704805492,
      "gate_status": "INSUFFICIENT_DATA",
      "reason": "need_2000_fills_have_874",
      "threshold_bps": 15.0,
      "min_sample_size": 2000
    },
    "venue_binance": {
      "total_fills": 854,
      "p95_slippage_bps": 8.619013772223212,
      "mean_slippage_bps": 3.973034965568229,
      "median_slippage_bps": 3.4606680897334376,
      "p99_slippage_bps": 18.169395316512556,
      "maker_ratio": 0.7,
      "fills_under_threshold": 837,
      "pct_under_threshold": 0.9800936768149883,
      "gate_status": "INSUFFICIENT_DATA",
      "reason": "need_2000_fills_have_854",
      "threshold_bps": 15.0,
      "min_sample_size": 2000
    },
    "venue_coinbase": {
      "total_fills": 892,
      "p95_slippage_bps": 8.609381770083997,
      "mean_slippage_bps": 3.8737206117668275,
      "median_slippage_bps": 3.3819205095453766,
      "p99_slippage_bps": 18.30569280296871,
      "maker_ratio": 0.7,
      "fills_under_threshold": 874,
      "pct_under_threshold": 0.9798206278026906,
      "gate_status": "INSUFFICIENT_DATA",
      "reason": "need_2000_fills_have_892",
      "threshold_bps": 15.0,
      "min_sample_size": 2000
    },
    "venue_alpaca": {
      "total_fills": 813,
      "p95_slippage_bps": 9.399882793806208,
      "mean_slippage_bps": 4.169769035191115,
      "median_slippage_bps": 3.4906609778996733,
      "p99_slippage_bps": 20.704024695789712,
      "maker_ratio": 0.7,
      "fills_under_threshold": 792,
      "pct_under_threshold": 0.974169741697417,
      "gate_status": "INSUFFICIENT_DATA",
      "reason": "need_2000_fills_have_813",
      "threshold_bps": 15.0,
      "min_sample_size": 2000
    },
    "BTC-USD_alpaca": {
      "total_fills": 270,
      "p95_slippage_bps": 10.519624021638586,
      "mean_slippage_bps": 4.617576099950067,
      "median_slippage_bps": 3.545126353488355,
      "p99_slippage_bps": 21.784181985513733,
      "maker_ratio": 0.7,
      "fills_under_threshold": 259,
      "pct_under_threshold": 0.9592592592592593,
      "gate_status": "INSUFFICIENT_DATA",
      "reason": "need_2000_fills_have_270",
      "threshold_bps": 15.0,
      "min_sample_size": 2000
    },
    "BTC-USD_binance": {
      "total_fills": 281,
      "p95_slippage_bps": 8.614584727359368,
      "mean_slippage_bps": 3.905708233669337,
      "median_slippage_bps": 3.2487532492968993,
      "p99_slippage_bps": 18.1918097914749,
      "maker_ratio": 0.7,
      "fills_under_threshold": 276,
      "pct_under_threshold": 0.9822064056939501,
      "gate_status": "INSUFFICIENT_DATA",
      "reason": "need_2000_fills_have_281",
      "threshold_bps": 15.0,
      "min_sample_size": 2000
    },
    "BTC-USD_coinbase": {
      "total_fills": 283,
      "p95_slippage_bps": 8.517765836741205,
      "mean_slippage_bps": 3.7198977414832926,
      "median_slippage_bps": 3.267232066865458,
      "p99_slippage_bps": 18.022993632590573,
      "maker_ratio": 0.7,
      "fills_under_threshold": 277,
      "pct_under_threshold": 0.9787985865724381,
      "gate_status": "INSUFFICIENT_DATA",
      "reason": "need_2000_fills_have_283",
      "threshold_bps": 15.0,
      "min_sample_size": 2000
    },
    "ETH-USD_alpaca": {
      "total_fills": 281,
      "p95_slippage_bps": 9.258822881056123,
      "mean_slippage_bps": 3.9988695597695365,
      "median_slippage_bps": 3.539178087912127,
      "p99_slippage_bps": 17.686992452355227,
      "maker_ratio": 0.7,
      "fills_under_threshold": 275,
      "pct_under_threshold": 0.9786476868327402,
      "gate_status": "INSUFFICIENT_DATA",
      "reason": "need_2000_fills_have_281",
      "threshold_bps": 15.0,
      "min_sample_size": 2000
    },
    "ETH-USD_binance": {
      "total_fills": 287,
      "p95_slippage_bps": 9.88552031963249,
      "mean_slippage_bps": 4.1675652545793085,
      "median_slippage_bps": 3.4256236627638166,
      "p99_slippage_bps": 18.983401949035194,
      "maker_ratio": 0.7,
      "fills_under_threshold": 278,
      "pct_under_threshold": 0.9686411149825784,
      "gate_status": "INSUFFICIENT_DATA",
      "reason": "need_2000_fills_have_287",
      "threshold_bps": 15.0,
      "min_sample_size": 2000
    },
    "ETH-USD_coinbase": {
      "total_fills": 306,
      "p95_slippage_bps": 8.385529650418585,
      "mean_slippage_bps": 4.026446228843446,
      "median_slippage_bps": 3.5050707053125283,
      "p99_slippage_bps": 16.800395808035884,
      "maker_ratio": 0.7,
      "fills_under_threshold": 301,
      "pct_under_threshold": 0.9836601307189542,
      "gate_status": "INSUFFICIENT_DATA",
      "reason": "need_2000_fills_have_306",
      "threshold_bps": 15.0,
      "min_sample_size": 2000
    },
    "NVDA_alpaca": {
      "total_fills": 262,
      "p95_slippage_bps": 8.170768562644014,
      "mean_slippage_bps": 3.8915814211016007,
      "median_slippage_bps": 3.383094490456583,
      "p99_slippage_bps": 16.345810911240534,
      "maker_ratio": 0.7,
      "fills_under_threshold": 258,
      "pct_under_threshold": 0.9847328244274809,
      "gate_status": "INSUFFICIENT_DATA",
      "reason": "need_2000_fills_have_262",
      "threshold_bps": 15.0,
      "min_sample_size": 2000
    },
    "NVDA_binance": {
      "total_fills": 286,
      "p95_slippage_bps": 7.859333014388766,
      "mean_slippage_bps": 3.8439741918528756,
      "median_slippage_bps": 3.592854872052412,
      "p99_slippage_bps": 11.768911624771455,
      "maker_ratio": 0.7,
      "fills_under_threshold": 283,
      "pct_under_threshold": 0.9895104895104895,
      "gate_status": "INSUFFICIENT_DATA",
      "reason": "need_2000_fills_have_286",
      "threshold_bps": 15.0,
      "min_sample_size": 2000
    },
    "NVDA_coinbase": {
      "total_fills": 303,
      "p95_slippage_bps": 8.649620293440957,
      "mean_slippage_bps": 3.8631524053800126,
      "median_slippage_bps": 3.385226255383982,
      "p99_slippage_bps": 18.275999783935685,
      "maker_ratio": 0.7,
      "fills_under_threshold": 296,
      "pct_under_threshold": 0.976897689768977,
      "gate_status": "INSUFFICIENT_DATA",