{
  "timestamp": "2025-08-15T22:12:00.041498+00:00",
  "window_hours": 24,
  "target_maker_ratio": 0.75,
  "min_maker_ratio": 0.65,
  "overall_metrics": {
    "total_fills": 2000,
    "maker_ratio": 0.7135,
    "maker_fills": 1427,
    "taker_fills": 573,
    "avg_spread_capture_bps": 1.9874941959778056,
    "maker_spread_capture_bps": 6.256431222441471,
    "taker_spread_capture_bps": -8.643872534848807,
    "spread_capture_improvement": 0.5438610871410949,
    "target_maker_ratio": 0.75
  },
  "breakdown": {
    "hourly": {
      "hour_00": {
        "total_fills": 78,
        "maker_ratio": 0.7435897435897436,
        "maker_fills": 58,
        "taker_fills": 20,
        "avg_spread_capture_bps": 2.3368052355316067,
        "maker_spread_capture_bps": 5.949772712939124,
        "taker_spread_capture_bps": -8.140800448950193,
        "spread_capture_improvement": 0.09032418693518807,
        "target_maker_ratio": 0.75
      },
      "hour_01": {
        "total_fills": 97,
        "maker_ratio": 0.7216494845360825,
        "maker_fills": 70,
        "taker_fills": 27,
        "avg_spread_capture_bps": 2.2932510552980374,
        "maker_spread_capture_bps": 6.93517096153053,
        "taker_spread_capture_bps": -9.741356109008427,
        "spread_capture_improvement": 0.47278813859775415,
        "target_maker_ratio": 0.75
      },
      "hour_02": {
        "total_fills": 74,
        "maker_ratio": 0.6621621621621622,
        "maker_fills": 49,
        "taker_fills": 25,
        "avg_spread_capture_bps": 0.8914687128789301,
        "maker_spread_capture_bps": 5.828083041442002,
        "taker_spread_capture_bps": -8.784295371104694,
        "spread_capture_improvement": 1.2835197254263986,
        "target_maker_ratio": 0.75
      },
      "hour_03": {
        "total_fills": 65,
        "maker_ratio": 0.676923076923077,
        "maker_fills": 44,
        "taker_fills": 21,
        "avg_spread_capture_bps": 1.4794399953428412,
        "maker_spread_capture_bps": 6.234409787564283,
        "taker_spread_capture_bps": -8.483353855025891,
        "spread_capture_improvement": 1.0755288815738973,
        "target_maker_ratio": 0.75
      },
      "hour_04": {
        "total_fills": 93,
        "maker_ratio": 0.8172043010752689,
        "maker_fills": 76,
        "taker_fills": 17,
        "avg_spread_capture_bps": 3.625355069430418,
        "maker_spread_capture_bps": 6.402767467012334,
        "taker_spread_capture_bps": -8.791312119759326,
        "spread_capture_improvement": -1.021107499110999,
        "target_maker_ratio": 0.75
      },
      "hour_05": {
        "total_fills": 82,
        "maker_ratio": 0.7317073170731707,
        "maker_fills": 60,
        "taker_fills": 22,
        "avg_spread_capture_bps": 2.884803599798326,
        "maker_spread_capture_bps": 6.542468497610728,
        "taker_spread_capture_bps": -7.0906461215082315,
        "spread_capture_improvement": 0.2493862430326641,
        "target_maker_ratio": 0.75
      },
      "hour_06": {
        "total_fills": 100,
        "maker_ratio": 0.77,
        "maker_fills": 77,
        "taker_fills": 23,
        "avg_spread_capture_bps": 2.838176851228356,
        "maker_spread_capture_bps": 6.238969470492063,
        "taker_spread_capture_bps": -8.547085395871877,
        "spread_capture_improvement": -0.29572109732727947,
        "target_maker_ratio": 0.75
      },
      "hour_07": {
        "total_fills": 89,
        "maker_ratio": 0.7415730337078652,
        "maker_fills": 66,
        "taker_fills": 23,
        "avg_spread_capture_bps": 2.3275381516526394,
        "maker_spread_capture_bps": 6.254527848706504,
        "taker_spread_capture_bps": -8.941214892067148,
        "spread_capture_improvement": 0.1280540118604514,
        "target_maker_ratio": 0.75
      },
      "hour_08": {
        "total_fills": 76,
        "maker_ratio": 0.7631578947368421,
        "maker_fills": 58,
        "taker_fills": 18,
        "avg_spread_capture_bps": 3.1483317074300516,
        "maker_spread_capture_bps": 6.4857905875916675,
        "taker_spread_capture_bps": -7.605702461979594,
        "spread_capture_improvement": -0.18541438223120066,
        "target_maker_ratio": 0.75
      },
      "hour_09": {
        "total_fills": 85,
        "maker_ratio": 0.7529411764705882,
        "maker_fills": 64,
        "taker_fills": 21,
        "avg_spread_capture_bps": 2.223378534355253,
        "maker_spread_capture_bps": 6.296351913252125,
        "taker_spread_capture_bps": -10.189492715616169,
        "spread_capture_improvement": -0.048487778320200015,
        "target_maker_ratio": 0.75
      },
      "hour_10": {
        "total_fills": 76,
        "maker_ratio": 0.618421052631579,
        "maker_fills": 47,
        "taker_fills": 29,
        "avg_spread_capture_bps": 0.20230725719975048,
        "maker_spread_capture_bps": 6.311569012014449,
        "taker_spread_capture_bps": -9.698910069568903,
        "spread_capture_improvement": 2.1066419844188617,
        "target_maker_ratio": 0.75
      },
      "hour_11": {
        "total_fills": 89,
        "maker_ratio": 0.7303370786516854,
        "maker_fills": 65,
        "taker_fills": 24,
        "avg_spread_capture_bps": 1.9664952322424305,
        "maker_spread_capture_bps": 6.059796952854586,
        "taker_spread_capture_bps": -9.119530261082154,
        "spread_capture_improvement": 0.29846991712796944,
        "target_maker_ratio": 0.75
      },
      "hour_12": {
        "total_fills": 76,
        "maker_ratio": 0.75,
        "maker_fills": 57,
        "taker_fills": 19,
        "avg_spread_capture_bps": 2.234351285461738,
        "maker_spread_capture_bps": 6.081240215055037,
        "taker_spread_capture_bps": -9.306315503318162,
        "spread_capture_improvement": 0.0,
        "target_maker_ratio": 0.75
      },
      "hour_13": {
        "total_fills": 85,
        "maker_ratio": 0.6235294117647059,
        "maker_fills": 53,
        "taker_fills": 32,
        "avg_spread_capture_bps": 0.8387939012424952,
        "maker_spread_capture_bps": 6.16088297908076,
        "taker_spread_capture_bps": -7.975916133927133,
        "spread_capture_improvement": 1.7878892995862925,
        "target_maker_ratio": 0.75
      },
      "hour_14": {
        "total_fills": 76,
        "maker_ratio": 0.6578947368421053,
        "maker_fills": 50,
        "taker_fills": 26,
        "avg_spread_capture_bps": 1.4954265655610453,
        "maker_spread_capture_bps": 6.699897892832947,
        "taker_spread_capture_bps": -8.513172140731077,
        "spread_capture_improvement": 1.4012038188808957,
        "target_maker_ratio": 0.75
      },
      "hour_15": {
        "total_fills": 83,
        "maker_ratio": 0.7108433734939759,
        "maker_fills": 59,
        "taker_fills": 24,
        "avg_spread_capture_bps": 1.90685911350629,
        "maker_spread_capture_bps": 6.0142517577976555,
        "taker_spread_capture_bps": -8.190481137043312,
        "spread_capture_improvement": 0.5562094205811228,
        "target_maker_ratio": 0.75
      },
      "hour_16": {
        "total_fills": 78,
        "maker_ratio": 0.5512820512820513,
        "maker_fills": 43,
        "taker_fills": 35,
        "avg_spread_capture_bps": 0.13017359730411485,
        "maker_spread_capture_bps": 6.723138763838153,
        "taker_spread_capture_bps": -7.969755035866274,
        "spread_capture_improvement": 2.91974171660793,
        "target_maker_ratio": 0.75
      },
      "hour_17": {
        "total_fills": 87,
        "maker_ratio": 0.7011494252873564,
        "maker_fills": 61,
        "taker_fills": 26,
        "avg_spread_capture_bps": 1.9348426169436292,
        "maker_spread_capture_bps": 6.16737597417198,
        "taker_spread_capture_bps": -7.995331798092118,
        "spread_capture_improvement": 0.6918564141623262,
        "target_maker_ratio": 0.75
      },
      "hour_18": {
        "total_fills": 83,
        "maker_ratio": 0.6746987951807228,
        "maker_fills": 56,