{
  "timestamp": "2025-08-15T22:19:26.966367+00:00",
  "window_hours": 24,
  "target_maker_ratio": 0.75,
  "min_maker_ratio": 0.65,
  "overall_metrics": {
    "total_fills": 2000,
    "maker_ratio": 0.723,
    "maker_fills": 1446,
    "taker_fills": 554,
    "avg_spread_capture_bps": 2.1319270278378437,
    "maker_spread_capture_bps": 6.327230257109582,
    "taker_spread_capture_bps": -8.818268765532073,
    "spread_capture_improvement": 0.40892847361132434,
    "target_maker_ratio": 0.75
  },
  "breakdown": {
    "hourly": {
      "hour_00": {
        "total_fills": 85,
        "maker_ratio": 0.7411764705882353,
        "maker_fills": 63,
        "taker_fills": 22,
        "avg_spread_capture_bps": 2.4673282916340047,
        "maker_spread_capture_bps": 6.20640348453429,
        "taker_spread_capture_bps": -8.240023397125897,
        "spread_capture_improvement": 0.12746847248523574,
        "target_maker_ratio": 0.75
      },
      "hour_01": {
        "total_fills": 89,
        "maker_ratio": 0.6629213483146067,
        "maker_fills": 59,
        "taker_fills": 30,
        "avg_spread_capture_bps": 1.2297444359244547,
        "maker_spread_capture_bps": 6.499915830989324,
        "taker_spread_capture_bps": -9.134925974369791,
        "spread_capture_improvement": 1.3614609437250924,
        "target_maker_ratio": 0.75
      },
      "hour_02": {
        "total_fills": 86,
        "maker_ratio": 0.813953488372093,
        "maker_fills": 70,
        "taker_fills": 16,
        "avg_spread_capture_bps": 2.845775492326743,
        "maker_spread_capture_bps": 6.083886411465088,
        "taker_spread_capture_bps": -11.320959778903518,
        "spread_capture_improvement": -1.113100628453806,
        "target_maker_ratio": 0.75
      },
      "hour_03": {
        "total_fills": 90,
        "maker_ratio": 0.7,
        "maker_fills": 63,
        "taker_fills": 27,
        "avg_spread_capture_bps": 2.297296799590381,
        "maker_spread_capture_bps": 6.422610122067315,
        "taker_spread_capture_bps": -7.328434286189134,
        "spread_capture_improvement": 0.6875522204128237,
        "target_maker_ratio": 0.75
      },
      "hour_04": {
        "total_fills": 83,
        "maker_ratio": 0.7590361445783133,
        "maker_fills": 63,
        "taker_fills": 20,
        "avg_spread_capture_bps": 2.8308078776120222,
        "maker_spread_capture_bps": 6.4571282885392005,
        "taker_spread_capture_bps": -8.592101416808594,
        "spread_capture_improvement": -0.13598701540976998,
        "target_maker_ratio": 0.75
      },
      "hour_05": {
        "total_fills": 72,
        "maker_ratio": 0.6666666666666666,
        "maker_fills": 48,
        "taker_fills": 24,
        "avg_spread_capture_bps": 1.1018666672415645,
        "maker_spread_capture_bps": 6.48846344067631,
        "taker_spread_capture_bps": -9.671326879627928,
        "spread_capture_improvement": 1.3466491933586875,
        "target_maker_ratio": 0.75
      },
      "hour_06": {
        "total_fills": 67,
        "maker_ratio": 0.7313432835820896,
        "maker_fills": 49,
        "taker_fills": 18,
        "avg_spread_capture_bps": 2.137852044483506,
        "maker_spread_capture_bps": 6.460860855854017,
        "taker_spread_capture_bps": -9.630338608691776,
        "spread_capture_improvement": 0.3002089452340635,
        "target_maker_ratio": 0.75
      },
      "hour_07": {
        "total_fills": 87,
        "maker_ratio": 0.7701149425287356,
        "maker_fills": 67,
        "taker_fills": 20,
        "avg_spread_capture_bps": 2.578914089568774,
        "maker_spread_capture_bps": 6.164681199865768,
        "taker_spread_capture_bps": -9.433405729926159,
        "spread_capture_improvement": -0.3137546221509866,
        "target_maker_ratio": 0.75
      },
      "hour_08": {
        "total_fills": 79,
        "maker_ratio": 0.7974683544303798,
        "maker_fills": 63,
        "taker_fills": 16,
        "avg_spread_capture_bps": 3.180140975458946,
        "maker_spread_capture_bps": 6.283113023511765,
        "taker_spread_capture_bps": -9.037811463749033,
        "spread_capture_improvement": -0.7272590737623803,
        "target_maker_ratio": 0.75
      },
      "hour_09": {
        "total_fills": 89,
        "maker_ratio": 0.6853932584269663,
        "maker_fills": 61,
        "taker_fills": 28,
        "avg_spread_capture_bps": 1.5691323941643258,
        "maker_spread_capture_bps": 6.534593612233116,
        "taker_spread_capture_bps": -9.248479545199825,
        "spread_capture_improvement": 1.0196929287105547,
        "target_maker_ratio": 0.75
      },
      "hour_10": {
        "total_fills": 91,
        "maker_ratio": 0.6043956043956044,
        "maker_fills": 55,
        "taker_fills": 36,
        "avg_spread_capture_bps": -0.04359005579797708,
        "maker_spread_capture_bps": 5.88472004403462,
        "taker_spread_capture_bps": -9.100730486097776,
        "spread_capture_improvement": 2.181947467299498,
        "target_maker_ratio": 0.75
      },
      "hour_11": {
        "total_fills": 92,
        "maker_ratio": 0.6847826086956522,
        "maker_fills": 63,
        "taker_fills": 29,
        "avg_spread_capture_bps": 1.784919149760158,
        "maker_spread_capture_bps": 6.519814445644277,
        "taker_spread_capture_bps": -8.501232699919136,
        "spread_capture_improvement": 0.9796335094932651,
        "target_maker_ratio": 0.75
      },
      "hour_12": {
        "total_fills": 85,
        "maker_ratio": 0.6705882352941176,
        "maker_fills": 57,
        "taker_fills": 28,
        "avg_spread_capture_bps": 1.7979353450217577,
        "maker_spread_capture_bps": 6.451471375607314,
        "taker_spread_capture_bps": -7.67533443152741,
        "spread_capture_improvement": 1.121834578801876,
        "target_maker_ratio": 0.75
      },
      "hour_13": {
        "total_fills": 76,
        "maker_ratio": 0.6973684210526315,
        "maker_fills": 53,
        "taker_fills": 23,
        "avg_spread_capture_bps": 1.9915948976700155,
        "maker_spread_capture_bps": 6.444585653744813,
        "taker_spread_capture_bps": -8.269644670676255,
        "spread_capture_improvement": 0.7744331749695306,
        "target_maker_ratio": 0.75
      },
      "hour_14": {
        "total_fills": 73,
        "maker_ratio": 0.6986301369863014,
        "maker_fills": 51,
        "taker_fills": 22,
        "avg_spread_capture_bps": 1.97711413911274,
        "maker_spread_capture_bps": 6.632460760046298,
        "taker_spread_capture_bps": -8.814825754869597,
        "spread_capture_improvement": 0.7935249922045826,
        "target_maker_ratio": 0.75
      },
      "hour_15": {
        "total_fills": 80,
        "maker_ratio": 0.7375,
        "maker_fills": 59,
        "taker_fills": 21,
        "avg_spread_capture_bps": 2.305897500269368,
        "maker_spread_capture_bps": 6.256065417334702,
        "taker_spread_capture_bps": -8.792193314342754,
        "spread_capture_improvement": 0.1881032341459674,
        "target_maker_ratio": 0.75
      },
      "hour_16": {
        "total_fills": 85,
        "maker_ratio": 0.6941176470588235,
        "maker_fills": 59,
        "taker_fills": 26,
        "avg_spread_capture_bps": 1.7836695695409113,
        "maker_spread_capture_bps": 6.333840895915027,
        "taker_spread_capture_bps": -8.541719209538813,
        "spread_capture_improvement": 0.8312813000106556,
        "target_maker_ratio": 0.75
      },
      "hour_17": {
        "total_fills": 92,
        "maker_ratio": 0.7065217391304348,
        "maker_fills": 65,
        "taker_fills": 27,
        "avg_spread_capture_bps": 1.8865493525744774,
        "maker_spread_capture_bps": 6.273622769657479,
        "taker_spread_capture_bps": -8.674923688551262,
        "spread_capture_improvement": 0.6499368025308145,
        "target_maker_ratio": 0.75
      },
      "hour_18": {
        "total_fills": 83,
        "maker_ratio": 0.8433734939759037,
        "maker_fills": 70,