{
  "timestamp": "2025-08-15T08:24:09.064313+00:00",
  "window_hours": 24,
  "target_maker_ratio": 0.75,
  "min_maker_ratio": 0.65,
  "overall_metrics": {
    "total_fills": 2000,
    "maker_ratio": 0.726,
    "maker_fills": 1452,
    "taker_fills": 548,
    "avg_spread_capture_bps": 2.159285112155532,
    "maker_spread_capture_bps": 6.286473202989154,
    "taker_spread_capture_bps": -8.776257055527719,
    "spread_capture_improvement": 0.36150552620440557,
    "target_maker_ratio": 0.75
  },
  "breakdown": {
    "hourly": {
      "hour_00": {
        "total_fills": 77,
        "maker_ratio": 0.7662337662337663,
        "maker_fills": 59,
        "taker_fills": 18,
        "avg_spread_capture_bps": 2.172073220302414,
        "maker_spread_capture_bps": 6.2066458780270946,
        "taker_spread_capture_bps": -11.052359380017375,
        "spread_capture_improvement": -0.2801786567864375,
        "target_maker_ratio": 0.75
      },
      "hour_01": {
        "total_fills": 72,
        "maker_ratio": 0.75,
        "maker_fills": 54,
        "taker_fills": 18,
        "avg_spread_capture_bps": 1.9446370586870267,
        "maker_spread_capture_bps": 5.473171187348371,
        "taker_spread_capture_bps": -8.640965327297002,
        "spread_capture_improvement": 0.0,
        "target_maker_ratio": 0.75
      },
      "hour_02": {
        "total_fills": 84,
        "maker_ratio": 0.7380952380952381,
        "maker_fills": 62,
        "taker_fills": 22,
        "avg_spread_capture_bps": 2.847587173642144,
        "maker_spread_capture_bps": 6.433070170891849,
        "taker_spread_capture_bps": -7.25695581860702,
        "spread_capture_improvement": 0.1629764998749863,
        "target_maker_ratio": 0.75
      },
      "hour_03": {
        "total_fills": 78,
        "maker_ratio": 0.7692307692307693,
        "maker_fills": 60,
        "taker_fills": 18,
        "avg_spread_capture_bps": 2.972975008184164,
        "maker_spread_capture_bps": 6.508347177462729,
        "taker_spread_capture_bps": -8.811598889411052,
        "spread_capture_improvement": -0.294614347439881,
        "target_maker_ratio": 0.75
      },
      "hour_04": {
        "total_fills": 86,
        "maker_ratio": 0.6395348837209303,
        "maker_fills": 55,
        "taker_fills": 31,
        "avg_spread_capture_bps": 1.2124683608454843,
        "maker_spread_capture_bps": 6.673109320343238,
        "taker_spread_capture_bps": -8.475765599553755,
        "spread_capture_improvement": 1.673422229523505,
        "target_maker_ratio": 0.75
      },
      "hour_05": {
        "total_fills": 106,
        "maker_ratio": 0.7358490566037735,
        "maker_fills": 78,
        "taker_fills": 28,
        "avg_spread_capture_bps": 2.4200953284491034,
        "maker_spread_capture_bps": 6.250654678252315,
        "taker_spread_capture_bps": -8.250748574574127,
        "spread_capture_improvement": 0.20520853659660165,
        "target_maker_ratio": 0.75
      },
      "hour_06": {
        "total_fills": 78,
        "maker_ratio": 0.7051282051282052,
        "maker_fills": 55,
        "taker_fills": 23,
        "avg_spread_capture_bps": 1.782757129212914,
        "maker_spread_capture_bps": 6.2059257482361065,
        "taker_spread_capture_bps": -8.794385220625154,
        "spread_capture_improvement": 0.6730908768078772,
        "target_maker_ratio": 0.75
      },
      "hour_07": {
        "total_fills": 94,
        "maker_ratio": 0.776595744680851,
        "maker_fills": 73,
        "taker_fills": 21,
        "avg_spread_capture_bps": 3.1292624466500794,
        "maker_spread_capture_bps": 6.42150072679666,
        "taker_spread_capture_bps": -8.315184908145175,
        "spread_capture_improvement": -0.39193312858887763,
        "target_maker_ratio": 0.75
      },
      "hour_08": {
        "total_fills": 99,
        "maker_ratio": 0.7474747474747475,
        "maker_fills": 74,
        "taker_fills": 25,
        "avg_spread_capture_bps": 2.4803307678178697,
        "maker_spread_capture_bps": 6.3017205065335204,
        "taker_spread_capture_bps": -8.830982858780455,
        "spread_capture_improvement": 0.038213897387155527,
        "target_maker_ratio": 0.75
      },
      "hour_09": {
        "total_fills": 72,
        "maker_ratio": 0.7777777777777778,
        "maker_fills": 56,
        "taker_fills": 16,
        "avg_spread_capture_bps": 2.5469893138094273,
        "maker_spread_capture_bps": 6.08484977282713,
        "taker_spread_capture_bps": -9.835522292752536,
        "spread_capture_improvement": -0.442232557377213,
        "target_maker_ratio": 0.75
      },
      "hour_10": {
        "total_fills": 87,
        "maker_ratio": 0.632183908045977,
        "maker_fills": 55,
        "taker_fills": 32,
        "avg_spread_capture_bps": 0.760320019775275,
        "maker_spread_capture_bps": 6.567415581274872,
        "taker_spread_capture_bps": -9.220625476552158,
        "spread_capture_improvement": 1.8600852970428394,
        "target_maker_ratio": 0.75
      },
      "hour_11": {
        "total_fills": 88,
        "maker_ratio": 0.7386363636363636,
        "maker_fills": 65,
        "taker_fills": 23,
        "avg_spread_capture_bps": 2.345723854419391,
        "maker_spread_capture_bps": 6.626837097600865,
        "taker_spread_capture_bps": -9.753074441528257,
        "spread_capture_improvement": 0.18613535839919448,
        "target_maker_ratio": 0.75
      },
      "hour_12": {
        "total_fills": 79,
        "maker_ratio": 0.759493670886076,
        "maker_fills": 60,
        "taker_fills": 19,
        "avg_spread_capture_bps": 2.395869859469416,
        "maker_spread_capture_bps": 5.910426518906875,
        "taker_spread_capture_bps": -8.702730117701512,
        "spread_capture_improvement": -0.1387324997146373,
        "target_maker_ratio": 0.75
      },
      "hour_13": {
        "total_fills": 98,
        "maker_ratio": 0.7040816326530612,
        "maker_fills": 69,
        "taker_fills": 29,
        "avg_spread_capture_bps": 1.6759550572437236,
        "maker_spread_capture_bps": 6.3018731086502555,
        "taker_spread_capture_bps": -9.330539616792507,
        "spread_capture_improvement": 0.7178148700458413,
        "target_maker_ratio": 0.75
      },
      "hour_14": {
        "total_fills": 92,
        "maker_ratio": 0.6739130434782609,
        "maker_fills": 62,
        "taker_fills": 30,
        "avg_spread_capture_bps": 1.1695001300107988,
        "maker_spread_capture_bps": 6.485725912840146,
        "taker_spread_capture_bps": -9.817366487836516,
        "spread_capture_improvement": 1.2404526826601812,
        "target_maker_ratio": 0.75
      },
      "hour_15": {
        "total_fills": 82,
        "maker_ratio": 0.7195121951219512,
        "maker_fills": 59,
        "taker_fills": 23,
        "avg_spread_capture_bps": 1.969904311752803,
        "maker_spread_capture_bps": 6.074987490549105,
        "taker_spread_capture_bps": -8.560526451246409,
        "spread_capture_improvement": 0.44620469334742463,
        "target_maker_ratio": 0.75
      },
      "hour_16": {
        "total_fills": 74,
        "maker_ratio": 0.6081081081081081,
        "maker_fills": 45,
        "taker_fills": 29,
        "avg_spread_capture_bps": 0.4555286174201772,
        "maker_spread_capture_bps": 6.393475100450411,
        "taker_spread_capture_bps": -8.758526270040534,
        "spread_capture_improvement": 2.1499461404074993,
        "target_maker_ratio": 0.75
      },
      "hour_17": {
        "total_fills": 73,
        "maker_ratio": 0.7945205479452054,
        "maker_fills": 58,
        "taker_fills": 15,
        "avg_spread_capture_bps": 3.50170676549734,
        "maker_spread_capture_bps": 6.226228315502715,
        "taker_spread_capture_bps": -7.033109894523439,
        "spread_capture_improvement": -0.5903130025011638,
        "target_maker_ratio": 0.75
      },
      "hour_18": {
        "total_fills": 80,
        "maker_ratio": 0.625,
        "maker_fills": 50,