{
  "timestamp": "2025-08-15T08:14:00.742092+00:00",
  "window_hours": 24,
  "target_maker_ratio": 0.75,
  "min_maker_ratio": 0.65,
  "overall_metrics": {
    "total_fills": 2000,
    "maker_ratio": 0.7295,
    "maker_fills": 1459,
    "taker_fills": 541,
    "avg_spread_capture_bps": 2.320141631897311,
    "maker_spread_capture_bps": 6.316340140580582,
    "taker_spread_capture_bps": -8.457036971002674,
    "spread_capture_improvement": 0.3028542307874562,
    "target_maker_ratio": 0.75
  },
  "breakdown": {
    "hourly": {
      "hour_00": {
        "total_fills": 74,
        "maker_ratio": 0.6891891891891891,
        "maker_fills": 51,
        "taker_fills": 23,
        "avg_spread_capture_bps": 1.0662247247400778,
        "maker_spread_capture_bps": 5.862460777017924,
        "taker_spread_capture_bps": -9.56890739118036,
        "spread_capture_improvement": 0.9383940102282748,
        "target_maker_ratio": 0.75
      },
      "hour_01": {
        "total_fills": 73,
        "maker_ratio": 0.7945205479452054,
        "maker_fills": 58,
        "taker_fills": 15,
        "avg_spread_capture_bps": 2.9686206375950466,
        "maker_spread_capture_bps": 5.894484116927677,
        "taker_spread_capture_bps": -8.34471814915779,
        "spread_capture_improvement": -0.6339370871887362,
        "target_maker_ratio": 0.75
      },
      "hour_02": {
        "total_fills": 98,
        "maker_ratio": 0.7653061224489796,
        "maker_fills": 75,
        "taker_fills": 23,
        "avg_spread_capture_bps": 2.9243651137603823,
        "maker_spread_capture_bps": 6.164261897233257,
        "taker_spread_capture_bps": -7.640515701912032,
        "spread_capture_improvement": -0.21129761631344746,
        "target_maker_ratio": 0.75
      },
      "hour_03": {
        "total_fills": 78,
        "maker_ratio": 0.8076923076923077,
        "maker_fills": 63,
        "taker_fills": 15,
        "avg_spread_capture_bps": 3.5230131256088044,
        "maker_spread_capture_bps": 6.400139748840651,
        "taker_spread_capture_bps": -8.560918691964948,
        "spread_capture_improvement": -0.8631379869695537,
        "target_maker_ratio": 0.75
      },
      "hour_04": {
        "total_fills": 71,
        "maker_ratio": 0.7323943661971831,
        "maker_fills": 52,
        "taker_fills": 19,
        "avg_spread_capture_bps": 2.72526569342534,
        "maker_spread_capture_bps": 6.540247229785314,
        "taker_spread_capture_bps": -7.71573640608617,
        "spread_capture_improvement": 0.2509856273921036,
        "target_maker_ratio": 0.75
      },
      "hour_05": {
        "total_fills": 72,
        "maker_ratio": 0.8055555555555556,
        "maker_fills": 58,
        "taker_fills": 14,
        "avg_spread_capture_bps": 3.759574216668828,
        "maker_spread_capture_bps": 6.434324906134216,
        "taker_spread_capture_bps": -7.321535782544922,
        "spread_capture_improvement": -0.7642144827043968,
        "target_maker_ratio": 0.75
      },
      "hour_06": {
        "total_fills": 82,
        "maker_ratio": 0.6829268292682927,
        "maker_fills": 56,
        "taker_fills": 26,
        "avg_spread_capture_bps": 1.5178483179201017,
        "maker_spread_capture_bps": 6.108074564476254,
        "taker_spread_capture_bps": -8.368792828508536,
        "spread_capture_improvement": 0.9710093983099548,
        "target_maker_ratio": 0.75
      },
      "hour_07": {
        "total_fills": 80,
        "maker_ratio": 0.8375,
        "maker_fills": 67,
        "taker_fills": 13,
        "avg_spread_capture_bps": 4.02321923196382,
        "maker_spread_capture_bps": 6.509214728535441,
        "taker_spread_capture_bps": -8.789219096520693,
        "spread_capture_improvement": -1.3386129596924121,
        "target_maker_ratio": 0.75
      },
      "hour_08": {
        "total_fills": 83,
        "maker_ratio": 0.7108433734939759,
        "maker_fills": 59,
        "taker_fills": 24,
        "avg_spread_capture_bps": 1.9436118838633718,
        "maker_spread_capture_bps": 6.173653373551098,
        "taker_spread_capture_bps": -8.455240111618952,
        "spread_capture_improvement": 0.5728181183952135,
        "target_maker_ratio": 0.75
      },
      "hour_09": {
        "total_fills": 78,
        "maker_ratio": 0.6666666666666666,
        "maker_fills": 52,
        "taker_fills": 26,
        "avg_spread_capture_bps": 1.5968066272181882,
        "maker_spread_capture_bps": 6.468077963697984,
        "taker_spread_capture_bps": -8.145736045741403,
        "spread_capture_improvement": 1.2178178341199497,
        "target_maker_ratio": 0.75
      },
      "hour_10": {
        "total_fills": 73,
        "maker_ratio": 0.6575342465753424,
        "maker_fills": 48,
        "taker_fills": 25,
        "avg_spread_capture_bps": 1.4169262930127589,
        "maker_spread_capture_bps": 6.365849475233684,
        "taker_spread_capture_bps": -8.085006216851417,
        "spread_capture_improvement": 1.3362092591996508,
        "target_maker_ratio": 0.75
      },
      "hour_11": {
        "total_fills": 88,
        "maker_ratio": 0.6363636363636364,
        "maker_fills": 56,
        "taker_fills": 32,
        "avg_spread_capture_bps": 0.9669399853810856,
        "maker_spread_capture_bps": 6.432719906866315,
        "taker_spread_capture_bps": -8.598174877218067,
        "spread_capture_improvement": 1.708056225464135,
        "target_maker_ratio": 0.75
      },
      "hour_12": {
        "total_fills": 91,
        "maker_ratio": 0.6813186813186813,
        "maker_fills": 62,
        "taker_fills": 29,
        "avg_spread_capture_bps": 1.674811930890938,
        "maker_spread_capture_bps": 6.143311036968392,
        "taker_spread_capture_bps": -7.878530985550511,
        "spread_capture_improvement": 0.9630386004477263,
        "target_maker_ratio": 0.75
      },
      "hour_13": {
        "total_fills": 92,
        "maker_ratio": 0.6847826086956522,
        "maker_fills": 63,
        "taker_fills": 29,
        "avg_spread_capture_bps": 1.632041836751344,
        "maker_spread_capture_bps": 6.225989228197901,
        "taker_spread_capture_bps": -8.347912841218765,
        "spread_capture_improvement": 0.9504718740923908,
        "target_maker_ratio": 0.75
      },
      "hour_14": {
        "total_fills": 84,
        "maker_ratio": 0.7380952380952381,
        "maker_fills": 62,
        "taker_fills": 22,
        "avg_spread_capture_bps": 2.36658568174971,
        "maker_spread_capture_bps": 6.3049679190593295,
        "taker_spread_capture_bps": -8.732491532486488,
        "spread_capture_improvement": 0.179017374423164,
        "target_maker_ratio": 0.75
      },
      "hour_15": {
        "total_fills": 73,
        "maker_ratio": 0.6575342465753424,
        "maker_fills": 48,
        "taker_fills": 25,
        "avg_spread_capture_bps": 1.3213826784261884,
        "maker_spread_capture_bps": 6.637447104221934,
        "taker_spread_capture_bps": -8.885461019101642,
        "spread_capture_improvement": 1.435337394964852,
        "target_maker_ratio": 0.75
      },
      "hour_16": {
        "total_fills": 93,
        "maker_ratio": 0.7096774193548387,
        "maker_fills": 66,
        "taker_fills": 27,
        "avg_spread_capture_bps": 2.1887714478844424,
        "maker_spread_capture_bps": 6.379074992565007,
        "taker_spread_capture_bps": -8.054192772445825,
        "spread_capture_improvement": 0.5819866034278549,
        "target_maker_ratio": 0.75
      },
      "hour_17": {
        "total_fills": 85,
        "maker_ratio": 0.8352941176470589,
        "maker_fills": 71,
        "taker_fills": 14,
        "avg_spread_capture_bps": 4.030025775590579,
        "maker_spread_capture_bps": 6.536830313574854,
        "taker_spread_capture_bps": -8.683054381329674,
        "spread_capture_improvement": -1.298166635741857,
        "target_maker_ratio": 0.75
      },
      "hour_18": {
        "total_fills": 98,
        "maker_ratio": 0.7142857142857143,