{
  "timestamp": "20250817_022335Z",
  "window_days": 2,
  "ev_threshold": 10.0,
  "assets": [
    "SOL-USD",
    "BTC-USD",
    "ETH-USD",
    "NVDA"
  ],
  "venues": [
    "coinbase",
    "binance",
    "alpaca"
  ],
  "cv_r2": 0.36106255568985085,
  "cv_mae": 6.708665116650934,
  "feature_importance": {
    "vol_5m": 0.073746587767869,
    "spread_bps": 0.15699795123801824,
    "depth": 0.06732524303353805,
    "slip_p95": 0.3721870415746665,
    "is_bps": 0.20778417201373092,
    "fees_bps": 0.020043186393037107,
    "rebate_bps": 0.014089515991859905,
    "cost_per_hour": 0.0,
    "hour": 0.039799992041558735,
    "dow": 0.01860888230257384,
    "is_weekend": 0.013671197768886673,
    "is_night": 0.005333188483976482,
    "is_lunch": 0.010413041390284634
  },
  "ev_bands": {
    "red": 387,
    "amber": 5
  }
}