{
  "timestamp": "20250817_045913Z",
  "window_days": 2,
  "ev_threshold": 10.0,
  "assets": [
    "SOL-USD",
    "BTC-USD",
    "ETH-USD",
    "NVDA"
  ],
  "venues": [
    "coinbase",
    "binance",
    "alpaca"
  ],
  "cv_r2": 0.3652971108337905,
  "cv_mae": 6.607933487550151,
  "feature_importance": {
    "vol_5m": 0.05843574700736344,
    "spread_bps": 0.24934449872313122,
    "depth": 0.06727883949643061,
    "slip_p95": 0.3469871541955687,
    "is_bps": 0.15692559091728936,
    "fees_bps": 0.01559902937305479,
    "rebate_bps": 0.013915080156559163,
    "cost_per_hour": 0.0,
    "hour": 0.058065037069038386,
    "dow": 0.016151778874656526,
    "is_weekend": 0.008139713505893487,
    "is_night": 0.005368219924372301,
    "is_lunch": 0.0037893107566420565
  },
  "ev_bands": {
    "red": 392
  }
}