{
  "timestamp": "20250816_160104Z",
  "window_days": 2,
  "ev_threshold": 10.0,
  "assets": [
    "SOL-USD",
    "BTC-USD",
    "ETH-USD",
    "NVDA"
  ],
  "venues": [
    "coinbase",
    "binance",
    "alpaca"
  ],
  "cv_r2": 0.36910907814617344,
  "cv_mae": 6.480709979702709,
  "feature_importance": {
    "vol_5m": 0.07839313680426066,
    "spread_bps": 0.33780363845559663,
    "depth": 0.06749250313476644,
    "slip_p95": 0.22046442598744737,
    "is_bps": 0.1804230792349739,
    "fees_bps": 0.01720063722467403,
    "rebate_bps": 0.013138517585788734,
    "cost_per_hour": 0.0,
    "hour": 0.054531788600471705,
    "dow": 0.010680527932976514,
    "is_weekend": 0.009946318381563532,
    "is_night": 0.00673442814616174,
    "is_lunch": 0.0031909985113187096
  },
  "ev_bands": {
    "red": 392
  }
}