{
  "timestamp": "20250816_203051Z",
  "window_days": 2,
  "ev_threshold": 10.0,
  "assets": [
    "SOL-USD",
    "BTC-USD",
    "ETH-USD",
    "NVDA"
  ],
  "venues": [
    "coinbase",
    "binance",
    "alpaca"
  ],
  "cv_r2": 0.3239614903160981,
  "cv_mae": 6.801258317389784,
  "feature_importance": {
    "vol_5m": 0.08632656046407233,
    "spread_bps": 0.11540870281578591,
    "depth": 0.11116700065455429,
    "slip_p95": 0.38191579337568354,
    "is_bps": 0.17390649968672192,
    "fees_bps": 0.027538029780941137,
    "rebate_bps": 0.01356095001455097,
    "cost_per_hour": 0.0,
    "hour": 0.05216254032284347,
    "dow": 0.011434994225362108,
    "is_weekend": 0.008186339406404352,
    "is_night": 0.009872664136216156,
    "is_lunch": 0.008519925116863862
  },
  "ev_bands": {
    "red": 389,
    "amber": 3
  }
}