{
  "timestamp": "20250816_182621Z",
  "window_days": 2,
  "ev_threshold": 10.0,
  "assets": [
    "SOL-USD",
    "BTC-USD",
    "ETH-USD",
    "NVDA"
  ],
  "venues": [
    "coinbase",
    "binance",
    "alpaca"
  ],
  "cv_r2": 0.2526057713883212,
  "cv_mae": 6.810032163338068,
  "feature_importance": {
    "vol_5m": 0.0833275194056526,
    "spread_bps": 0.2203787881689742,
    "depth": 0.07804539520442239,
    "slip_p95": 0.2582126178794105,
    "is_bps": 0.21028140574765392,
    "fees_bps": 0.03597038800762666,
    "rebate_bps": 0.013925287574078942,
    "cost_per_hour": 0.0,
    "hour": 0.06449710799421543,
    "dow": 0.012392951570498002,
    "is_weekend": 0.007704832212267554,
    "is_night": 0.005228194607397104,
    "is_lunch": 0.010035511627802675
  },
  "ev_bands": {
    "red": 392
  }
}