{
  "timestamp": "20250816_170319Z",
  "window_days": 2,
  "ev_threshold": 10.0,
  "assets": [
    "SOL-USD",
    "BTC-USD",
    "ETH-USD",
    "NVDA"
  ],
  "venues": [
    "coinbase",
    "binance",
    "alpaca"
  ],
  "cv_r2": 0.37506815386112297,
  "cv_mae": 7.005557999077671,
  "feature_importance": {
    "vol_5m": 0.07713711485252842,
    "spread_bps": 0.1661240866823353,
    "depth": 0.07837780090648679,
    "slip_p95": 0.39347950824743844,
    "is_bps": 0.16821249349930964,
    "fees_bps": 0.02124379306856774,
    "rebate_bps": 0.013651694560780352,
    "cost_per_hour": 0.0,
    "hour": 0.04572560924134958,
    "dow": 0.018033627763539926,
    "is_weekend": 0.006814035109983908,
    "is_night": 0.007793542499443213,
    "is_lunch": 0.003406693568236697
  },
  "ev_bands": {
    "red": 391,
    "amber": 1
  }
}