{
  "timestamp": "20250816_224033Z",
  "window_days": 2,
  "ev_threshold": 10.0,
  "assets": [
    "SOL-USD",
    "BTC-USD",
    "ETH-USD",
    "NVDA"
  ],
  "venues": [
    "coinbase",
    "binance",
    "alpaca"
  ],
  "cv_r2": 0.31011178972950143,
  "cv_mae": 6.7868508711098725,
  "feature_importance": {
    "vol_5m": 0.07809921335201928,
    "spread_bps": 0.09063205183225344,
    "depth": 0.0693500790104403,
    "slip_p95": 0.36888192908541195,
    "is_bps": 0.2727390278315289,
    "fees_bps": 0.026573066235065713,
    "rebate_bps": 0.013622729523023052,
    "cost_per_hour": 0.0,
    "hour": 0.048873101759622714,
    "dow": 0.011096057640859578,
    "is_weekend": 0.007389217093762568,
    "is_night": 0.00746160063570893,
    "is_lunch": 0.005281926000303623
  },
  "ev_bands": {
    "red": 390,
    "amber": 2
  }
}