{
  "timestamp": "20250816_164745Z",
  "window_days": 2,
  "ev_threshold": 10.0,
  "assets": [
    "SOL-USD",
    "BTC-USD",
    "ETH-USD",
    "NVDA"
  ],
  "venues": [
    "coinbase",
    "binance",
    "alpaca"
  ],
  "cv_r2": 0.2566693246853262,
  "cv_mae": 7.105644065900127,
  "feature_importance": {
    "vol_5m": 0.05712518764161387,
    "spread_bps": 0.12819978889210484,
    "depth": 0.068605641562752,
    "slip_p95": 0.4298469359350722,
    "is_bps": 0.18963167380865745,
    "fees_bps": 0.019460524571824324,
    "rebate_bps": 0.015845249017919717,
    "cost_per_hour": 0.0,
    "hour": 0.0570154887494388,
    "dow": 0.014472565115919662,
    "is_weekend": 0.01094432824247526,
    "is_night": 0.003869984583354848,
    "is_lunch": 0.004982631878866906
  },
  "ev_bands": {
    "red": 391,
    "amber": 1
  }
}