{
  "timestamp": "20250816_202540Z",
  "window_days": 2,
  "ev_threshold": 10.0,
  "assets": [
    "SOL-USD",
    "BTC-USD",
    "ETH-USD",
    "NVDA"
  ],
  "venues": [
    "coinbase",
    "binance",
    "alpaca"
  ],
  "cv_r2": 0.39713407029573045,
  "cv_mae": 6.852250922937745,
  "feature_importance": {
    "vol_5m": 0.07427939855393302,
    "spread_bps": 0.23867302253853132,
    "depth": 0.05227079444812091,
    "slip_p95": 0.3348595961158811,
    "is_bps": 0.13699527978726947,
    "fees_bps": 0.03603924836914829,
    "rebate_bps": 0.01418847091615486,
    "cost_per_hour": 0.0,
    "hour": 0.06425682087481374,
    "dow": 0.016971403172303917,
    "is_weekend": 0.012422496736213245,
    "is_night": 0.01185581806546683,
    "is_lunch": 0.0071876504221632794
  },
  "ev_bands": {
    "red": 379,
    "amber": 13
  }
}