{
  "timestamp": "20250817_020802Z",
  "window_days": 2,
  "ev_threshold": 10.0,
  "assets": [
    "SOL-USD",
    "BTC-USD",
    "ETH-USD",
    "NVDA"
  ],
  "venues": [
    "coinbase",
    "binance",
    "alpaca"
  ],
  "cv_r2": 0.41071785415882806,
  "cv_mae": 6.40554359030693,
  "feature_importance": {
    "vol_5m": 0.04879692036590188,
    "spread_bps": 0.2910505300082628,
    "depth": 0.06646911995221164,
    "slip_p95": 0.30836762524992545,
    "is_bps": 0.18011804645804858,
    "fees_bps": 0.021180105002439435,
    "rebate_bps": 0.01702650840846542,
    "cost_per_hour": 0.0,
    "hour": 0.04147759218770788,
    "dow": 0.0085453326213962,
    "is_weekend": 0.010046529845716952,
    "is_night": 0.00415067145338821,
    "is_lunch": 0.0027710184465356774
  },
  "ev_bands": {
    "red": 389,
    "amber": 3
  }
}