{
  "timestamp": "2025-08-15T04:11:52.300270+00:00",
  "period_hours": 24,
  "metrics": {
    "total_fills": 234,
    "total_notional_usd": 2269953.0824112887,
    "gross_pnl_usd": 1429.3561630728775,
    "fees_usd": 406.80187245812925,
    "net_pnl_usd": 1022.5542906147482,
    "infra_cost_usd": 112.52468145317792,
    "active_hours": 25.57264337638889,
    "cost_ratio": 0.07872403279198699,
    "maker_ratio": 0.7008547008547008,
    "avg_slippage_bps": 9.931121329946023,
    "slippage_p95_bps": 19.005269093516993,
    "assets_traded": 4,
    "venues_used": 3,
    "pnl_per_hour": 39.98625701552887,
    "fills_per_hour": 9.150403286664185
  }
}