{
  "timestamp": "20250816_232714Z",
  "window_days": 2,
  "ev_threshold": 10.0,
  "assets": [
    "SOL-USD",
    "BTC-USD",
    "ETH-USD",
    "NVDA"
  ],
  "venues": [
    "coinbase",
    "binance",
    "alpaca"
  ],
  "cv_r2": 0.1879647235938363,
  "cv_mae": 7.368983559095994,
  "feature_importance": {
    "vol_5m": 0.08630339414227782,
    "spread_bps": 0.25464529888319265,
    "depth": 0.06677724890024249,
    "slip_p95": 0.31767758121163303,
    "is_bps": 0.14729435497475557,
    "fees_bps": 0.029905173584423274,
    "rebate_bps": 0.013580570375832492,
    "cost_per_hour": 0.0,
    "hour": 0.058415933654340634,
    "dow": 0.0070085023220417385,
    "is_weekend": 0.00657559596071942,
    "is_night": 0.006546109311525705,
    "is_lunch": 0.005270236679015207
  },
  "ev_bands": {
    "red": 390,
    "amber": 2
  }
}