{
  "timestamp": "20250816_212243Z",
  "window_days": 2,
  "ev_threshold": 10.0,
  "assets": [
    "SOL-USD",
    "BTC-USD",
    "ETH-USD",
    "NVDA"
  ],
  "venues": [
    "coinbase",
    "binance",
    "alpaca"
  ],
  "cv_r2": 0.3834726769776429,
  "cv_mae": 6.060110845514893,
  "feature_importance": {
    "vol_5m": 0.05806353643253672,
    "spread_bps": 0.2102757581629268,
    "depth": 0.0714566166907876,
    "slip_p95": 0.34550592221511167,
    "is_bps": 0.2285385024131507,
    "fees_bps": 0.01828113017930136,
    "rebate_bps": 0.01215739607166768,
    "cost_per_hour": 0.0,
    "hour": 0.030663744021580775,
    "dow": 0.008370666352364501,
    "is_weekend": 0.006051486850729704,
    "is_night": 0.0038090217905594943,
    "is_lunch": 0.006826218819282923
  },
  "ev_bands": {
    "red": 392
  }
}