{
  "timestamp": "20250817_054045Z",
  "window_days": 2,
  "ev_threshold": 10.0,
  "assets": [
    "SOL-USD",
    "BTC-USD",
    "ETH-USD",
    "NVDA"
  ],
  "venues": [
    "coinbase",
    "binance",
    "alpaca"
  ],
  "cv_r2": 0.39018956256646115,
  "cv_mae": 6.597588502374747,
  "feature_importance": {
    "vol_5m": 0.07818129063599204,
    "spread_bps": 0.28008986407341013,
    "depth": 0.066477148735838,
    "slip_p95": 0.3087348205243979,
    "is_bps": 0.17537907619379423,
    "fees_bps": 0.012013653664714298,
    "rebate_bps": 0.009860061454474656,
    "cost_per_hour": 0.0,
    "hour": 0.03901293172734272,
    "dow": 0.013410800158259456,
    "is_weekend": 0.009004847605004323,
    "is_night": 0.004715034598982886,
    "is_lunch": 0.0031204706277892687
  },
  "ev_bands": {
    "red": 385,
    "amber": 7
  }
}