{
  "timestamp": "20250816_221948Z",
  "window_days": 2,
  "ev_threshold": 10.0,
  "assets": [
    "SOL-USD",
    "BTC-USD",
    "ETH-USD",
    "NVDA"
  ],
  "venues": [
    "coinbase",
    "binance",
    "alpaca"
  ],
  "cv_r2": 0.24384395623619168,
  "cv_mae": 7.392464191562347,
  "feature_importance": {
    "vol_5m": 0.06564387929467294,
    "spread_bps": 0.29191366003302816,
    "depth": 0.08443981191751522,
    "slip_p95": 0.27136021947046923,
    "is_bps": 0.14643232153796695,
    "fees_bps": 0.04436922632582701,
    "rebate_bps": 0.01135236999809587,
    "cost_per_hour": 0.0,
    "hour": 0.052086876619004206,
    "dow": 0.012243002002553044,
    "is_weekend": 0.008631552263685609,
    "is_night": 0.005214510017332819,
    "is_lunch": 0.006312570519848902
  },
  "ev_bands": {
    "red": 383,
    "amber": 9
  }
}