{
  "timestamp": "20250817_031016Z",
  "window_days": 2,
  "ev_threshold": 10.0,
  "assets": [
    "SOL-USD",
    "BTC-USD",
    "ETH-USD",
    "NVDA"
  ],
  "venues": [
    "coinbase",
    "binance",
    "alpaca"
  ],
  "cv_r2": 0.4311499952461353,
  "cv_mae": 6.280136032954228,
  "feature_importance": {
    "vol_5m": 0.07517223441265646,
    "spread_bps": 0.13436825607193542,
    "depth": 0.06760162683503033,
    "slip_p95": 0.467007762112718,
    "is_bps": 0.14822343588508005,
    "fees_bps": 0.015197838966512748,
    "rebate_bps": 0.013522662457253387,
    "cost_per_hour": 0.0,
    "hour": 0.0439282934162185,
    "dow": 0.010100329674988598,
    "is_weekend": 0.0065391369791534485,
    "is_night": 0.006958992842584248,
    "is_lunch": 0.011379430345868649
  },
  "ev_bands": {
    "red": 383,
    "amber": 9
  }
}