{
  "timestamp": "20250817_001906Z",
  "window_days": 2,
  "ev_threshold": 10.0,
  "assets": [
    "SOL-USD",
    "BTC-USD",
    "ETH-USD",
    "NVDA"
  ],
  "venues": [
    "coinbase",
    "binance",
    "alpaca"
  ],
  "cv_r2": 0.41842977265460357,
  "cv_mae": 6.321896627937771,
  "feature_importance": {
    "vol_5m": 0.07913295646834993,
    "spread_bps": 0.30402960637778803,
    "depth": 0.07005471973441181,
    "slip_p95": 0.29949455846993983,
    "is_bps": 0.12149374554550676,
    "fees_bps": 0.02077297328998405,
    "rebate_bps": 0.012051309973202364,
    "cost_per_hour": 0.0,
    "hour": 0.06851653779023613,
    "dow": 0.00700197383214636,
    "is_weekend": 0.00620499478067633,
    "is_night": 0.006752694187654655,
    "is_lunch": 0.004493929550103623
  },
  "ev_bands": {
    "red": 380,
    "amber": 12
  }
}