{
  "timestamp": "20250816_193901Z",
  "window_days": 2,
  "ev_threshold": 10.0,
  "assets": [
    "SOL-USD",
    "BTC-USD",
    "ETH-USD",
    "NVDA"
  ],
  "venues": [
    "coinbase",
    "binance",
    "alpaca"
  ],
  "cv_r2": 0.3705392042419013,
  "cv_mae": 6.9211771295627145,
  "feature_importance": {
    "vol_5m": 0.07354677176715957,
    "spread_bps": 0.1300978465080543,
    "depth": 0.06913919071687626,
    "slip_p95": 0.39647429789287036,
    "is_bps": 0.19706578487844267,
    "fees_bps": 0.024429712988198765,
    "rebate_bps": 0.014687644143220525,
    "cost_per_hour": 0.0,
    "hour": 0.062491066987232,
    "dow": 0.014532221096696605,
    "is_weekend": 0.008462453759023908,
    "is_night": 0.005326003019945716,
    "is_lunch": 0.0037470062422794055
  },
  "ev_bands": {
    "red": 384,
    "amber": 8
  }
}