{
  "timestamp": "20250817_024420Z",
  "window_days": 2,
  "ev_threshold": 10.0,
  "assets": [
    "SOL-USD",
    "BTC-USD",
    "ETH-USD",
    "NVDA"
  ],
  "venues": [
    "coinbase",
    "binance",
    "alpaca"
  ],
  "cv_r2": 0.36007766715433204,
  "cv_mae": 6.766712682368507,
  "feature_importance": {
    "vol_5m": 0.0832619614632915,
    "spread_bps": 0.10625477302111574,
    "depth": 0.07089234123251302,
    "slip_p95": 0.40502098821128557,
    "is_bps": 0.22842801326812168,
    "fees_bps": 0.018165417907225926,
    "rebate_bps": 0.016380879269027544,
    "cost_per_hour": 0.0,
    "hour": 0.04415927889507663,
    "dow": 0.009327036842695592,
    "is_weekend": 0.008815703852281047,
    "is_night": 0.005064374522284842,
    "is_lunch": 0.004229231515080894
  },
  "ev_bands": {
    "red": 388,
    "amber": 4
  }
}