{
  "timestamp": "20250816_201006Z",
  "window_days": 2,
  "ev_threshold": 10.0,
  "assets": [
    "SOL-USD",
    "BTC-USD",
    "ETH-USD",
    "NVDA"
  ],
  "venues": [
    "coinbase",
    "binance",
    "alpaca"
  ],
  "cv_r2": 0.3159980203801753,
  "cv_mae": 6.815519090563242,
  "feature_importance": {
    "vol_5m": 0.07519396813397818,
    "spread_bps": 0.25665641992313376,
    "depth": 0.058772107749585474,
    "slip_p95": 0.35340959205021655,
    "is_bps": 0.14040260840594693,
    "fees_bps": 0.01798549188108627,
    "rebate_bps": 0.016038863704193367,
    "cost_per_hour": 0.0,
    "hour": 0.03798990438467361,
    "dow": 0.017494115081765915,
    "is_weekend": 0.01076409355869985,
    "is_night": 0.004482502055133731,
    "is_lunch": 0.010810333071586077
  },
  "ev_bands": {
    "red": 386,
    "amber": 6
  }
}