{
  "timestamp": "20250817_052510Z",
  "window_days": 2,
  "ev_threshold": 10.0,
  "assets": [
    "SOL-USD",
    "BTC-USD",
    "ETH-USD",
    "NVDA"
  ],
  "venues": [
    "coinbase",
    "binance",
    "alpaca"
  ],
  "cv_r2": 0.34620826144424965,
  "cv_mae": 6.400333793176105,
  "feature_importance": {
    "vol_5m": 0.08012017746147121,
    "spread_bps": 0.319017641756979,
    "depth": 0.07534477676911754,
    "slip_p95": 0.2516072368848212,
    "is_bps": 0.15205450277137916,
    "fees_bps": 0.02499496769253323,
    "rebate_bps": 0.0125566022657421,
    "cost_per_hour": 0.0,
    "hour": 0.051135080902091706,
    "dow": 0.010668267769055306,
    "is_weekend": 0.011231050537598269,
    "is_night": 0.0032162132264566983,
    "is_lunch": 0.00805348196275461
  },
  "ev_bands": {
    "red": 392
  }
}