{
  "timestamp": "20250816_161127Z",
  "window_days": 2,
  "ev_threshold": 10.0,
  "assets": [
    "SOL-USD",
    "BTC-USD",
    "ETH-USD",
    "NVDA"
  ],
  "venues": [
    "coinbase",
    "binance",
    "alpaca"
  ],
  "cv_r2": 0.3462391531874896,
  "cv_mae": 7.248819198735298,
  "feature_importance": {
    "vol_5m": 0.07639519650326315,
    "spread_bps": 0.16419914115039513,
    "depth": 0.07679155867484477,
    "slip_p95": 0.40058765566137416,
    "is_bps": 0.17297929095578776,
    "fees_bps": 0.023737411339467763,
    "rebate_bps": 0.01349402258639954,
    "cost_per_hour": 0.0,
    "hour": 0.04266278105278715,
    "dow": 0.012765537225953923,
    "is_weekend": 0.0077489063973586346,
    "is_night": 0.0035770354603472483,
    "is_lunch": 0.005061462992020689
  },
  "ev_bands": {
    "red": 390,
    "amber": 2
  }
}