{
  "timestamp": "20250817_054556Z",
  "window_days": 2,
  "ev_threshold": 10.0,
  "assets": [
    "SOL-USD",
    "BTC-USD",
    "ETH-USD",
    "NVDA"
  ],
  "venues": [
    "coinbase",
    "binance",
    "alpaca"
  ],
  "cv_r2": 0.4471111787785353,
  "cv_mae": 6.264960293317131,
  "feature_importance": {
    "vol_5m": 0.05830738719932723,
    "spread_bps": 0.15198962798867813,
    "depth": 0.06983180861395316,
    "slip_p95": 0.46553897388414955,
    "is_bps": 0.13802779173951188,
    "fees_bps": 0.01803310001498212,
    "rebate_bps": 0.013395326576821206,
    "cost_per_hour": 0.0,
    "hour": 0.04782425724814472,
    "dow": 0.015459564499301512,
    "is_weekend": 0.01144435587369123,
    "is_night": 0.004106325047230989,
    "is_lunch": 0.006041481314208392
  },
  "ev_bands": {
    "red": 385,
    "amber": 7
  }
}