{
  "timestamp": "20250816_205136Z",
  "window_days": 2,
  "ev_threshold": 10.0,
  "assets": [
    "SOL-USD",
    "BTC-USD",
    "ETH-USD",
    "NVDA"
  ],
  "venues": [
    "coinbase",
    "binance",
    "alpaca"
  ],
  "cv_r2": 0.38025199445387664,
  "cv_mae": 6.675599677388456,
  "feature_importance": {
    "vol_5m": 0.06042489202073514,
    "spread_bps": 0.1971331803376424,
    "depth": 0.06718191317828877,
    "slip_p95": 0.3985782098153504,
    "is_bps": 0.15847511910764922,
    "fees_bps": 0.01967721547440812,
    "rebate_bps": 0.022755220053345245,
    "cost_per_hour": 0.0,
    "hour": 0.04088765401948256,
    "dow": 0.014616351027002547,
    "is_weekend": 0.010972675027098297,
    "is_night": 0.0036790243506510203,
    "is_lunch": 0.005618545588346211
  },
  "ev_bands": {
    "red": 391,
    "amber": 1
  }
}