{
  "timestamp": "2025-08-14T13:41:46.184315Z",
  "regime": {
    "vol_bucket": "low",
    "trend": -0.49497474683058335,
    "liquidity": 0.2
  },
  "training": {
    "status": "success",
    "training_samples": 144,
    "train_accuracy": 0.6319444444444444,
    "feature_count": 23,
    "avg_feature_importance": 0.05434917446783981
  },
  "weights": {
    "ma_momentum": 0.11310519356450746,
    "mean_rev": 0.26677029827118,
    "momo_fast": 0.12707457903365607,
    "news_sent_alpha": 0.12707457903365602,
    "ob_pressure": 0.19696702782303924,
    "big_bet_flag": 0.1690083222739612
  },
  "updates": {
    "param_server": true,
    "model_saved": true
  }
}