{
  "timestamp": "20250816_234759Z",
  "window_days": 2,
  "ev_threshold": 10.0,
  "assets": [
    "SOL-USD",
    "BTC-USD",
    "ETH-USD",
    "NVDA"
  ],
  "venues": [
    "coinbase",
    "binance",
    "alpaca"
  ],
  "cv_r2": 0.30831678853615635,
  "cv_mae": 6.335104838873419,
  "feature_importance": {
    "vol_5m": 0.0817657646702797,
    "spread_bps": 0.10919977724759636,
    "depth": 0.07136485047226564,
    "slip_p95": 0.3868090876344164,
    "is_bps": 0.23962158927662772,
    "fees_bps": 0.020167630238043476,
    "rebate_bps": 0.015153247158110056,
    "cost_per_hour": 0.0,
    "hour": 0.04891180809454977,
    "dow": 0.007556497964282801,
    "is_weekend": 0.007201977283371868,
    "is_night": 0.005222075400957048,
    "is_lunch": 0.00702569455949905
  },
  "ev_bands": {
    "red": 389,
    "amber": 3
  }
}