{
  "timestamp": "20250817_065833Z",
  "window_days": 2,
  "ev_threshold": 10.0,
  "assets": [
    "SOL-USD",
    "BTC-USD",
    "ETH-USD",
    "NVDA"
  ],
  "venues": [
    "coinbase",
    "binance",
    "alpaca"
  ],
  "cv_r2": 0.37772977581858735,
  "cv_mae": 7.079727071395799,
  "feature_importance": {
    "vol_5m": 0.06348650271651617,
    "spread_bps": 0.1323457889029578,
    "depth": 0.06948775977156312,
    "slip_p95": 0.41933138958407834,
    "is_bps": 0.18060109311754624,
    "fees_bps": 0.018995184883064932,
    "rebate_bps": 0.013575862949146787,
    "cost_per_hour": 0.0,
    "hour": 0.04328952534165178,
    "dow": 0.02435365205460134,
    "is_weekend": 0.025343227893157908,
    "is_night": 0.0017418089450405958,
    "is_lunch": 0.007448203840674984
  },
  "ev_bands": {
    "red": 387,
    "amber": 5
  }
}