{
  "timestamp": "20250817_073029Z",
  "window_days": 2,
  "ev_threshold": 10.0,
  "assets": [
    "SOL-USD",
    "BTC-USD",
    "ETH-USD",
    "NVDA"
  ],
  "venues": [
    "coinbase",
    "binance",
    "alpaca"
  ],
  "cv_r2": 0.46136942203855513,
  "cv_mae": 6.125031110445747,
  "feature_importance": {
    "vol_5m": 0.047942021721539205,
    "spread_bps": 0.06151590454039573,
    "depth": 0.06264567081879079,
    "slip_p95": 0.5120812963121604,
    "is_bps": 0.20891356525399765,
    "fees_bps": 0.020551072059932167,
    "rebate_bps": 0.022097659148687117,
    "cost_per_hour": 0.0,
    "hour": 0.03789227842353128,
    "dow": 0.010606178160477658,
    "is_weekend": 0.00639524250004836,
    "is_night": 0.004803113258116452,
    "is_lunch": 0.004555997802323079
  },
  "ev_bands": {
    "red": 381,
    "amber": 11
  }
}