{
  "timestamp": "20250816_205647Z",
  "window_days": 2,
  "ev_threshold": 10.0,
  "assets": [
    "SOL-USD",
    "BTC-USD",
    "ETH-USD",
    "NVDA"
  ],
  "venues": [
    "coinbase",
    "binance",
    "alpaca"
  ],
  "cv_r2": 0.31184384170704527,
  "cv_mae": 6.760957321963087,
  "feature_importance": {
    "vol_5m": 0.06310320615589594,
    "spread_bps": 0.15707141523165172,
    "depth": 0.0767601214098585,
    "slip_p95": 0.43837544160857883,
    "is_bps": 0.1576800996205925,
    "fees_bps": 0.016916392664884507,
    "rebate_bps": 0.01093179049000218,
    "cost_per_hour": 0.0,
    "hour": 0.04700323467482271,
    "dow": 0.011749727711357467,
    "is_weekend": 0.010119701434555194,
    "is_night": 0.0035778927584215296,
    "is_lunch": 0.0067109762393787395
  },
  "ev_bands": {
    "red": 392
  }
}