{
  "timestamp": "20250815_065833Z",
  "window_days": 2,
  "ev_threshold": 10.0,
  "assets": [
    "SOL-USD",
    "BTC-USD",
    "ETH-USD",
    "NVDA"
  ],
  "venues": [
    "coinbase",
    "binance",
    "alpaca"
  ],
  "cv_r2": 0.2929899121234627,
  "cv_mae": 7.315390233445022,
  "feature_importance": {
    "vol_5m": 0.06815719320269237,
    "spread_bps": 0.13074975858672228,
    "depth": 0.07032700850033938,
    "slip_p95": 0.3708029861710967,
    "is_bps": 0.1711224181142559,
    "fees_bps": 0.033390882212790185,
    "rebate_bps": 0.019555109917894668,
    "cost_per_hour": 0.0,
    "hour": 0.06725032821415441,
    "dow": 0.017494304092248673,
    "is_weekend": 0.0,
    "is_night": 0.033888039495209944,
    "is_lunch": 0.017261971492595497
  },
  "ev_bands": {
    "red": 378,
    "amber": 14
  }
}