{
  "timestamp": "20250817_080726Z",
  "window_days": 2,
  "ev_threshold": 10.0,
  "assets": [
    "SOL-USD",
    "BTC-USD",
    "ETH-USD",
    "NVDA"
  ],
  "venues": [
    "coinbase",
    "binance",
    "alpaca"
  ],
  "cv_r2": 0.3224315232572615,
  "cv_mae": 6.625168862491031,
  "feature_importance": {
    "vol_5m": 0.06353261633911339,
    "spread_bps": 0.19053186337500447,
    "depth": 0.0634645725667073,
    "slip_p95": 0.37840058390856074,
    "is_bps": 0.1827649059863011,
    "fees_bps": 0.02760303252251974,
    "rebate_bps": 0.012130670440538588,
    "cost_per_hour": 0.0,
    "hour": 0.04335787840511443,
    "dow": 0.014472649397501489,
    "is_weekend": 0.014483155793236944,
    "is_night": 0.004070350007738798,
    "is_lunch": 0.005187721257663192
  },
  "ev_bands": {
    "red": 390,
    "amber": 2
  }
}