{
  "timestamp": "20250816_134100Z",
  "window_days": 2,
  "ev_threshold": 10.0,
  "assets": [
    "SOL-USD",
    "BTC-USD",
    "ETH-USD",
    "NVDA"
  ],
  "venues": [
    "coinbase",
    "binance",
    "alpaca"
  ],
  "cv_r2": 0.14240426260836683,
  "cv_mae": 7.608322893389758,
  "feature_importance": {
    "vol_5m": 0.09775204378905447,
    "spread_bps": 0.10106555873132099,
    "depth": 0.10412926967449303,
    "slip_p95": 0.36299960159823885,
    "is_bps": 0.158334506708693,
    "fees_bps": 0.05252279837777426,
    "rebate_bps": 0.01510042146651289,
    "cost_per_hour": 0.0,
    "hour": 0.06130441912503764,
    "dow": 0.014670967926702761,
    "is_weekend": 0.011075964074707737,
    "is_night": 0.007594585782032251,
    "is_lunch": 0.013449862745432046
  },
  "ev_bands": {
    "red": 392
  }
}