{
  "timestamp": "20250816_134611Z",
  "window_days": 2,
  "ev_threshold": 10.0,
  "assets": [
    "SOL-USD",
    "BTC-USD",
    "ETH-USD",
    "NVDA"
  ],
  "venues": [
    "coinbase",
    "binance",
    "alpaca"
  ],
  "cv_r2": 0.2809338002638137,
  "cv_mae": 7.4267321619114774,
  "feature_importance": {
    "vol_5m": 0.12106235182802885,
    "spread_bps": 0.08256137193002464,
    "depth": 0.06678971378818763,
    "slip_p95": 0.39699979318633216,
    "is_bps": 0.19821210865353178,
    "fees_bps": 0.017899213458493116,
    "rebate_bps": 0.015479142287302306,
    "cost_per_hour": 0.0,
    "hour": 0.0674039165979006,
    "dow": 0.01784824269646798,
    "is_weekend": 0.004643044710297853,
    "is_night": 0.004122822241605466,
    "is_lunch": 0.006978278621827497
  },
  "ev_bands": {
    "red": 381,
    "amber": 11
  }
}