{
  "timestamp": "20250817_041742Z",
  "window_days": 2,
  "ev_threshold": 10.0,
  "assets": [
    "SOL-USD",
    "BTC-USD",
    "ETH-USD",
    "NVDA"
  ],
  "venues": [
    "coinbase",
    "binance",
    "alpaca"
  ],
  "cv_r2": 0.3436184331816152,
  "cv_mae": 6.265347153686598,
  "feature_importance": {
    "vol_5m": 0.07841385324862384,
    "spread_bps": 0.11591109896894775,
    "depth": 0.07546982967246561,
    "slip_p95": 0.3703570079696775,
    "is_bps": 0.24452336699998334,
    "fees_bps": 0.018071272974446075,
    "rebate_bps": 0.01375068072827667,
    "cost_per_hour": 0.0,
    "hour": 0.05011476682462968,
    "dow": 0.011980583806224753,
    "is_weekend": 0.011743011686361325,
    "is_night": 0.0036815236962843383,
    "is_lunch": 0.00598300342407919
  },
  "ev_bands": {
    "red": 391,
    "amber": 1
  }
}