{
  "timestamp": "20250817_022847Z",
  "window_days": 2,
  "ev_threshold": 10.0,
  "assets": [
    "SOL-USD",
    "BTC-USD",
    "ETH-USD",
    "NVDA"
  ],
  "venues": [
    "coinbase",
    "binance",
    "alpaca"
  ],
  "cv_r2": 0.38165370666675386,
  "cv_mae": 6.842007652313259,
  "feature_importance": {
    "vol_5m": 0.04934593183232914,
    "spread_bps": 0.13586393020350687,
    "depth": 0.062100111347482355,
    "slip_p95": 0.41887844157841575,
    "is_bps": 0.20839003084411714,
    "fees_bps": 0.025676214204084825,
    "rebate_bps": 0.013123891039496065,
    "cost_per_hour": 0.0,
    "hour": 0.05204703486220817,
    "dow": 0.016484007139548007,
    "is_weekend": 0.009308769073546136,
    "is_night": 0.006191084234021438,
    "is_lunch": 0.00259055364124405
  },
  "ev_bands": {
    "red": 387,
    "amber": 5
  }
}