{
  "timestamp": "20250816_191303Z",
  "window_days": 2,
  "ev_threshold": 10.0,
  "assets": [
    "SOL-USD",
    "BTC-USD",
    "ETH-USD",
    "NVDA"
  ],
  "venues": [
    "coinbase",
    "binance",
    "alpaca"
  ],
  "cv_r2": 0.29522276186397817,
  "cv_mae": 6.63164357685429,
  "feature_importance": {
    "vol_5m": 0.08170752739939773,
    "spread_bps": 0.12112414487082267,
    "depth": 0.07145039105054243,
    "slip_p95": 0.4791778440474808,
    "is_bps": 0.1225246805757824,
    "fees_bps": 0.0168859296522877,
    "rebate_bps": 0.012490168056381113,
    "cost_per_hour": 0.0,
    "hour": 0.06640969376874463,
    "dow": 0.01637972870883274,
    "is_weekend": 0.005721445885122883,
    "is_night": 0.003502679751619732,
    "is_lunch": 0.002625766232985053
  },
  "ev_bands": {
    "red": 386,
    "amber": 6
  }
}