{
  "timestamp": "20250817_002928Z",
  "window_days": 2,
  "ev_threshold": 10.0,
  "assets": [
    "SOL-USD",
    "BTC-USD",
    "ETH-USD",
    "NVDA"
  ],
  "venues": [
    "coinbase",
    "binance",
    "alpaca"
  ],
  "cv_r2": 0.23131684755341117,
  "cv_mae": 6.970675883734175,
  "feature_importance": {
    "vol_5m": 0.0792869587126455,
    "spread_bps": 0.17280878482319498,
    "depth": 0.07135807597816825,
    "slip_p95": 0.3233117027360492,
    "is_bps": 0.2218172381442227,
    "fees_bps": 0.0324785482229972,
    "rebate_bps": 0.013595869713804564,
    "cost_per_hour": 0.0,
    "hour": 0.04712698080473127,
    "dow": 0.012967405346760991,
    "is_weekend": 0.01255882045041949,
    "is_night": 0.004387438216501661,
    "is_lunch": 0.008302176850504338
  },
  "ev_bands": {
    "red": 389,
    "amber": 3
  }
}