{
  "timestamp": "20250816_130441Z",
  "window_days": 2,
  "ev_threshold": 10.0,
  "assets": [
    "SOL-USD",
    "BTC-USD",
    "ETH-USD",
    "NVDA"
  ],
  "venues": [
    "coinbase",
    "binance",
    "alpaca"
  ],
  "cv_r2": 0.3590439814837856,
  "cv_mae": 7.199493301637875,
  "feature_importance": {
    "vol_5m": 0.059951536269196394,
    "spread_bps": 0.11052937570265421,
    "depth": 0.08449533744665612,
    "slip_p95": 0.4120107904081837,
    "is_bps": 0.22376260272754034,
    "fees_bps": 0.016275093080463963,
    "rebate_bps": 0.01726423214622812,
    "cost_per_hour": 0.0,
    "hour": 0.04676897944515018,
    "dow": 0.00953986347926757,
    "is_weekend": 0.0023774447160299036,
    "is_night": 0.008487401323506893,
    "is_lunch": 0.00853734325512263
  },
  "ev_bands": {
    "red": 377,
    "amber": 15
  }
}