{
  "timestamp": "20250816_155552Z",
  "window_days": 2,
  "ev_threshold": 10.0,
  "assets": [
    "SOL-USD",
    "BTC-USD",
    "ETH-USD",
    "NVDA"
  ],
  "venues": [
    "coinbase",
    "binance",
    "alpaca"
  ],
  "cv_r2": 0.4222328337017134,
  "cv_mae": 6.821543387733285,
  "feature_importance": {
    "vol_5m": 0.07475952926554746,
    "spread_bps": 0.19019029600657358,
    "depth": 0.061716544370715505,
    "slip_p95": 0.38815683700023024,
    "is_bps": 0.1681303525532633,
    "fees_bps": 0.019057327542590194,
    "rebate_bps": 0.014165615817360427,
    "cost_per_hour": 0.0,
    "hour": 0.04558221057234206,
    "dow": 0.015036905703437978,
    "is_weekend": 0.00935270543128176,
    "is_night": 0.008834941076036272,
    "is_lunch": 0.005016734660621299
  },
  "ev_bands": {
    "red": 382,
    "amber": 10
  }
}