{
  "timestamp": "20250817_003951Z",
  "window_days": 2,
  "ev_threshold": 10.0,
  "assets": [
    "SOL-USD",
    "BTC-USD",
    "ETH-USD",
    "NVDA"
  ],
  "venues": [
    "coinbase",
    "binance",
    "alpaca"
  ],
  "cv_r2": 0.41205600829665096,
  "cv_mae": 6.171898136395722,
  "feature_importance": {
    "vol_5m": 0.06411291248085949,
    "spread_bps": 0.09070959897124961,
    "depth": 0.09707457589142589,
    "slip_p95": 0.4586246975664644,
    "is_bps": 0.17410757160258647,
    "fees_bps": 0.027932930122343224,
    "rebate_bps": 0.01569483991683954,
    "cost_per_hour": 0.0,
    "hour": 0.04480910012172708,
    "dow": 0.01096498175916225,
    "is_weekend": 0.0051522044316322955,
    "is_night": 0.004768326465341663,
    "is_lunch": 0.006048260670368047
  },
  "ev_bands": {
    "red": 389,
    "amber": 3
  }
}