{
  "timestamp": "20250816_154019Z",
  "window_days": 2,
  "ev_threshold": 10.0,
  "assets": [
    "SOL-USD",
    "BTC-USD",
    "ETH-USD",
    "NVDA"
  ],
  "venues": [
    "coinbase",
    "binance",
    "alpaca"
  ],
  "cv_r2": 0.321168003489224,
  "cv_mae": 6.780205721666509,
  "feature_importance": {
    "vol_5m": 0.09140621759494844,
    "spread_bps": 0.2101786650352942,
    "depth": 0.08699898247183475,
    "slip_p95": 0.3356697105500519,
    "is_bps": 0.1742342955713429,
    "fees_bps": 0.015552349202518682,
    "rebate_bps": 0.014514161427444348,
    "cost_per_hour": 0.0,
    "hour": 0.038188606356215744,
    "dow": 0.015691764000920035,
    "is_weekend": 0.005913817442122634,
    "is_night": 0.004126366120699412,
    "is_lunch": 0.00752506422660699
  },
  "ev_bands": {
    "red": 389,
    "amber": 3
  }
}