{
  "timestamp": "20250816_165808Z",
  "window_days": 2,
  "ev_threshold": 10.0,
  "assets": [
    "SOL-USD",
    "BTC-USD",
    "ETH-USD",
    "NVDA"
  ],
  "venues": [
    "coinbase",
    "binance",
    "alpaca"
  ],
  "cv_r2": 0.32604019410231455,
  "cv_mae": 6.736149067571677,
  "feature_importance": {
    "vol_5m": 0.06549431963803738,
    "spread_bps": 0.2743300827147263,
    "depth": 0.06514226678726774,
    "slip_p95": 0.2880197014053234,
    "is_bps": 0.17169458590065478,
    "fees_bps": 0.042391339782677596,
    "rebate_bps": 0.014378664631705958,
    "cost_per_hour": 0.0,
    "hour": 0.048010059605939404,
    "dow": 0.012838878318863428,
    "is_weekend": 0.0064962431230447745,
    "is_night": 0.005543006195173342,
    "is_lunch": 0.005660851896585948
  },
  "ev_bands": {
    "red": 391,
    "amber": 1
  }
}