{
  "timestamp": "20250816_140656Z",
  "window_days": 2,
  "ev_threshold": 10.0,
  "assets": [
    "SOL-USD",
    "BTC-USD",
    "ETH-USD",
    "NVDA"
  ],
  "venues": [
    "coinbase",
    "binance",
    "alpaca"
  ],
  "cv_r2": 0.35414968151100235,
  "cv_mae": 7.290476945845286,
  "feature_importance": {
    "vol_5m": 0.06287218617936696,
    "spread_bps": 0.22366586795861856,
    "depth": 0.06587308256010753,
    "slip_p95": 0.38946295649810986,
    "is_bps": 0.12412580578137006,
    "fees_bps": 0.019719688661531076,
    "rebate_bps": 0.014262996329609326,
    "cost_per_hour": 0.0,
    "hour": 0.06000619097341557,
    "dow": 0.017454900285969664,
    "is_weekend": 0.004143062734876,
    "is_night": 0.009070487524141708,
    "is_lunch": 0.009342774512883767
  },
  "ev_bands": {
    "red": 383,
    "amber": 9
  }
}