{
  "timestamp": "20250817_050937Z",
  "window_days": 2,
  "ev_threshold": 10.0,
  "assets": [
    "SOL-USD",
    "BTC-USD",
    "ETH-USD",
    "NVDA"
  ],
  "venues": [
    "coinbase",
    "binance",
    "alpaca"
  ],
  "cv_r2": 0.40739269376288384,
  "cv_mae": 6.574166252963079,
  "feature_importance": {
    "vol_5m": 0.05800085644944365,
    "spread_bps": 0.14322670858476097,
    "depth": 0.0702462520010996,
    "slip_p95": 0.4867024725321838,
    "is_bps": 0.1485798562115723,
    "fees_bps": 0.017296967052210645,
    "rebate_bps": 0.01181592063492217,
    "cost_per_hour": 0.0,
    "hour": 0.03800751981972523,
    "dow": 0.009939988776504783,
    "is_weekend": 0.008149564647715142,
    "is_night": 0.0036904978512638537,
    "is_lunch": 0.004343395438597817
  },
  "ev_bands": {
    "red": 392
  }
}