{
  "timestamp": "20250817_003439Z",
  "window_days": 2,
  "ev_threshold": 10.0,
  "assets": [
    "SOL-USD",
    "BTC-USD",
    "ETH-USD",
    "NVDA"
  ],
  "venues": [
    "coinbase",
    "binance",
    "alpaca"
  ],
  "cv_r2": 0.4443237694611173,
  "cv_mae": 6.048251833976537,
  "feature_importance": {
    "vol_5m": 0.058576786881293155,
    "spread_bps": 0.15529348417691982,
    "depth": 0.06433522965564611,
    "slip_p95": 0.472460477480152,
    "is_bps": 0.1354791477456166,
    "fees_bps": 0.021109203205742045,
    "rebate_bps": 0.009544206589664869,
    "cost_per_hour": 0.0,
    "hour": 0.0630451163291881,
    "dow": 0.008034602504946402,
    "is_weekend": 0.005331373407176217,
    "is_night": 0.0042665979526877165,
    "is_lunch": 0.0025237740709670472
  },
  "ev_bands": {
    "red": 391,
    "amber": 1
  }
}