{
  "timestamp": "20250816_180536Z",
  "window_days": 2,
  "ev_threshold": 10.0,
  "assets": [
    "SOL-USD",
    "BTC-USD",
    "ETH-USD",
    "NVDA"
  ],
  "venues": [
    "coinbase",
    "binance",
    "alpaca"
  ],
  "cv_r2": 0.285109348469667,
  "cv_mae": 6.814192625095817,
  "feature_importance": {
    "vol_5m": 0.0684575886111626,
    "spread_bps": 0.12343230631529925,
    "depth": 0.06151251032972647,
    "slip_p95": 0.4916531098108989,
    "is_bps": 0.14122706589247153,
    "fees_bps": 0.018272582778911264,
    "rebate_bps": 0.013481956646045196,
    "cost_per_hour": 0.0,
    "hour": 0.044274666790963195,
    "dow": 0.017512458853059912,
    "is_weekend": 0.007807696590982685,
    "is_night": 0.005739698126711318,
    "is_lunch": 0.006628359253767766
  },
  "ev_bands": {
    "red": 389,
    "amber": 3
  }
}