{
  "timestamp": "20250817_024931Z",
  "window_days": 2,
  "ev_threshold": 10.0,
  "assets": [
    "SOL-USD",
    "BTC-USD",
    "ETH-USD",
    "NVDA"
  ],
  "venues": [
    "coinbase",
    "binance",
    "alpaca"
  ],
  "cv_r2": 0.3643283604313449,
  "cv_mae": 6.5773670492548915,
  "feature_importance": {
    "vol_5m": 0.06606680059926945,
    "spread_bps": 0.10481839226795939,
    "depth": 0.07692110560703048,
    "slip_p95": 0.4824876713969155,
    "is_bps": 0.167531550364628,
    "fees_bps": 0.01724037509211074,
    "rebate_bps": 0.01318656308595498,
    "cost_per_hour": 0.0,
    "hour": 0.04666551702206432,
    "dow": 0.007591232816895196,
    "is_weekend": 0.005521145083809512,
    "is_night": 0.00616640233422251,
    "is_lunch": 0.005803244329139918
  },
  "ev_bands": {
    "red": 392
  }
}