{
  "timestamp": "20250817_074052Z",
  "window_days": 2,
  "ev_threshold": 10.0,
  "assets": [
    "SOL-USD",
    "BTC-USD",
    "ETH-USD",
    "NVDA"
  ],
  "venues": [
    "coinbase",
    "binance",
    "alpaca"
  ],
  "cv_r2": 0.4118890789086908,
  "cv_mae": 6.598932315447198,
  "feature_importance": {
    "vol_5m": 0.0657226521742529,
    "spread_bps": 0.07185206659706284,
    "depth": 0.06780990491038358,
    "slip_p95": 0.4210947661188043,
    "is_bps": 0.2593445645582594,
    "fees_bps": 0.019625502027605303,
    "rebate_bps": 0.00979715695073917,
    "cost_per_hour": 0.0,
    "hour": 0.04061499383467065,
    "dow": 0.021187982946827836,
    "is_weekend": 0.013011312383548704,
    "is_night": 0.0027401088197298563,
    "is_lunch": 0.00719898867811544
  },
  "ev_bands": {
    "red": 392
  }
}