{
  "timestamp": "20250816_151934Z",
  "window_days": 2,
  "ev_threshold": 10.0,
  "assets": [
    "SOL-USD",
    "BTC-USD",
    "ETH-USD",
    "NVDA"
  ],
  "venues": [
    "coinbase",
    "binance",
    "alpaca"
  ],
  "cv_r2": 0.28434242357209294,
  "cv_mae": 7.310963544148223,
  "feature_importance": {
    "vol_5m": 0.06821855502339155,
    "spread_bps": 0.33080948934818566,
    "depth": 0.07983419140809266,
    "slip_p95": 0.2137771019622158,
    "is_bps": 0.15528795237633114,
    "fees_bps": 0.02108962826690291,
    "rebate_bps": 0.01731661013026559,
    "cost_per_hour": 0.0,
    "hour": 0.0677017008209528,
    "dow": 0.01956542900334986,
    "is_weekend": 0.008963875165801995,
    "is_night": 0.011104186920995936,
    "is_lunch": 0.006331279573514092
  },
  "ev_bands": {
    "red": 388,
    "amber": 4
  }
}