{
  "timestamp": "20250816_215351Z",
  "window_days": 2,
  "ev_threshold": 10.0,
  "assets": [
    "SOL-USD",
    "BTC-USD",
    "ETH-USD",
    "NVDA"
  ],
  "venues": [
    "coinbase",
    "binance",
    "alpaca"
  ],
  "cv_r2": 0.33572556218478766,
  "cv_mae": 6.743633989576163,
  "feature_importance": {
    "vol_5m": 0.08908874465265736,
    "spread_bps": 0.11151959875243449,
    "depth": 0.05985508367971613,
    "slip_p95": 0.4504321034448757,
    "is_bps": 0.15396011394577847,
    "fees_bps": 0.042132159220247184,
    "rebate_bps": 0.009335173632062032,
    "cost_per_hour": 0.0,
    "hour": 0.0519835774794048,
    "dow": 0.013551974715004432,
    "is_weekend": 0.00595254451915924,
    "is_night": 0.005914131179916479,
    "is_lunch": 0.0062747947787436835
  },
  "ev_bands": {
    "red": 387,
    "amber": 5
  }
}