{
  "timestamp": "20250817_011058Z",
  "window_days": 2,
  "ev_threshold": 10.0,
  "assets": [
    "SOL-USD",
    "BTC-USD",
    "ETH-USD",
    "NVDA"
  ],
  "venues": [
    "coinbase",
    "binance",
    "alpaca"
  ],
  "cv_r2": 0.30316713379022614,
  "cv_mae": 6.803680176450523,
  "feature_importance": {
    "vol_5m": 0.07567572655397185,
    "spread_bps": 0.22786004937718857,
    "depth": 0.08455740189680945,
    "slip_p95": 0.3531289720664708,
    "is_bps": 0.1449581465416102,
    "fees_bps": 0.0172552483331524,
    "rebate_bps": 0.015209655881370425,
    "cost_per_hour": 0.0,
    "hour": 0.042081897731614575,
    "dow": 0.01729523076457342,
    "is_weekend": 0.011303317877580165,
    "is_night": 0.004443774480855907,
    "is_lunch": 0.006230578494802253
  },
  "ev_bands": {
    "red": 388,
    "amber": 4
  }
}