{
  "timestamp": "20250816_211221Z",
  "window_days": 2,
  "ev_threshold": 10.0,
  "assets": [
    "SOL-USD",
    "BTC-USD",
    "ETH-USD",
    "NVDA"
  ],
  "venues": [
    "coinbase",
    "binance",
    "alpaca"
  ],
  "cv_r2": 0.41904016917487547,
  "cv_mae": 6.757254476443875,
  "feature_importance": {
    "vol_5m": 0.06677025550831121,
    "spread_bps": 0.11699534912549234,
    "depth": 0.0637418689389862,
    "slip_p95": 0.4405878714993577,
    "is_bps": 0.18326638819698665,
    "fees_bps": 0.024519604558165382,
    "rebate_bps": 0.013058055675292654,
    "cost_per_hour": 0.0,
    "hour": 0.06433853840295997,
    "dow": 0.008968673363347338,
    "is_weekend": 0.007564511169544958,
    "is_night": 0.006913148517536864,
    "is_lunch": 0.003275735044018541
  },
  "ev_bands": {
    "red": 388,
    "amber": 4
  }
}