{
  "timestamp": "20250817_000333Z",
  "window_days": 2,
  "ev_threshold": 10.0,
  "assets": [
    "SOL-USD",
    "BTC-USD",
    "ETH-USD",
    "NVDA"
  ],
  "venues": [
    "coinbase",
    "binance",
    "alpaca"
  ],
  "cv_r2": 0.3729692902020436,
  "cv_mae": 6.438023830160024,
  "feature_importance": {
    "vol_5m": 0.06623921176936241,
    "spread_bps": 0.12338708376992763,
    "depth": 0.06597825558257696,
    "slip_p95": 0.38132003315290935,
    "is_bps": 0.20718831897152606,
    "fees_bps": 0.03514999949927447,
    "rebate_bps": 0.019288991762259792,
    "cost_per_hour": 0.0,
    "hour": 0.05215968232113934,
    "dow": 0.012636172505394332,
    "is_weekend": 0.012836764069218881,
    "is_night": 0.01799454144486814,
    "is_lunch": 0.005820945151542754
  },
  "ev_bands": {
    "red": 388,
    "amber": 4
  }
}