{
  "timestamp": "20250817_043316Z",
  "window_days": 2,
  "ev_threshold": 10.0,
  "assets": [
    "SOL-USD",
    "BTC-USD",
    "ETH-USD",
    "NVDA"
  ],
  "venues": [
    "coinbase",
    "binance",
    "alpaca"
  ],
  "cv_r2": 0.33887319609495936,
  "cv_mae": 6.86154032797302,
  "feature_importance": {
    "vol_5m": 0.0815397726376184,
    "spread_bps": 0.22871938807583503,
    "depth": 0.06535498474856406,
    "slip_p95": 0.2896053695428138,
    "is_bps": 0.2344903824741306,
    "fees_bps": 0.016748367242423613,
    "rebate_bps": 0.011827350376482882,
    "cost_per_hour": 0.0,
    "hour": 0.039212156669821904,
    "dow": 0.014167067226829075,
    "is_weekend": 0.009812112244459372,
    "is_night": 0.002661409602645715,
    "is_lunch": 0.005861639158375633
  },
  "ev_bands": {
    "red": 392
  }
}