{
  "timestamp": "20250816_190752Z",
  "window_days": 2,
  "ev_threshold": 10.0,
  "assets": [
    "SOL-USD",
    "BTC-USD",
    "ETH-USD",
    "NVDA"
  ],
  "venues": [
    "coinbase",
    "binance",
    "alpaca"
  ],
  "cv_r2": 0.3553317141629096,
  "cv_mae": 7.42739507867471,
  "feature_importance": {
    "vol_5m": 0.08706853754034431,
    "spread_bps": 0.11319146304683726,
    "depth": 0.08663263670654596,
    "slip_p95": 0.4222151561801276,
    "is_bps": 0.16410066117056943,
    "fees_bps": 0.01855485454080803,
    "rebate_bps": 0.015037556338521793,
    "cost_per_hour": 0.0,
    "hour": 0.04594145314821996,
    "dow": 0.020900830285017286,
    "is_weekend": 0.014124035952925018,
    "is_night": 0.008874194547373374,
    "is_lunch": 0.0033586205427099725
  },
  "ev_bands": {
    "red": 382,
    "amber": 10
  }
}