{
  "timestamp": "20250817_065322Z",
  "window_days": 2,
  "ev_threshold": 10.0,
  "assets": [
    "SOL-USD",
    "BTC-USD",
    "ETH-USD",
    "NVDA"
  ],
  "venues": [
    "coinbase",
    "binance",
    "alpaca"
  ],
  "cv_r2": 0.30136608373055607,
  "cv_mae": 6.953555600468235,
  "feature_importance": {
    "vol_5m": 0.08317177035802172,
    "spread_bps": 0.11247658378228528,
    "depth": 0.07728590500871832,
    "slip_p95": 0.39728191148044234,
    "is_bps": 0.18140229195931545,
    "fees_bps": 0.025867977281516623,
    "rebate_bps": 0.015635342236575173,
    "cost_per_hour": 0.0,
    "hour": 0.0647457726342742,
    "dow": 0.018852316722562955,
    "is_weekend": 0.012887763302969191,
    "is_night": 0.005238561683233294,
    "is_lunch": 0.005153803550085415
  },
  "ev_bands": {
    "red": 390,
    "amber": 2
  }
}