{
  "timestamp": "20250816_155041Z",
  "window_days": 2,
  "ev_threshold": 10.0,
  "assets": [
    "SOL-USD",
    "BTC-USD",
    "ETH-USD",
    "NVDA"
  ],
  "venues": [
    "coinbase",
    "binance",
    "alpaca"
  ],
  "cv_r2": 0.39590599621033257,
  "cv_mae": 6.8534116301248105,
  "feature_importance": {
    "vol_5m": 0.08281122074498243,
    "spread_bps": 0.11633149751855282,
    "depth": 0.06746285388598122,
    "slip_p95": 0.44468087462950995,
    "is_bps": 0.15920157904049387,
    "fees_bps": 0.0336416115741738,
    "rebate_bps": 0.014790775719602805,
    "cost_per_hour": 0.0,
    "hour": 0.05142096499853771,
    "dow": 0.012779636469052086,
    "is_weekend": 0.006039826111759729,
    "is_night": 0.0036230423603554936,
    "is_lunch": 0.007216116946998285
  },
  "ev_bands": {
    "red": 387,
    "amber": 5
  }
}