{
  "timestamp": "20250817_053022Z",
  "window_days": 2,
  "ev_threshold": 10.0,
  "assets": [
    "SOL-USD",
    "BTC-USD",
    "ETH-USD",
    "NVDA"
  ],
  "venues": [
    "coinbase",
    "binance",
    "alpaca"
  ],
  "cv_r2": 0.4265796140594979,
  "cv_mae": 6.465132190954375,
  "feature_importance": {
    "vol_5m": 0.07343367653088054,
    "spread_bps": 0.07515522176811924,
    "depth": 0.06876994483962898,
    "slip_p95": 0.5059948351611337,
    "is_bps": 0.15801430729743754,
    "fees_bps": 0.029052905651022032,
    "rebate_bps": 0.014700595805543178,
    "cost_per_hour": 0.0,
    "hour": 0.039591306721223005,
    "dow": 0.014576768293631795,
    "is_weekend": 0.011980869725774283,
    "is_night": 0.002725233791429702,
    "is_lunch": 0.0060043344141761735
  },
  "ev_bands": {
    "red": 389,
    "amber": 3
  }
}