{
  "timestamp": "20250816_163212Z",
  "window_days": 2,
  "ev_threshold": 10.0,
  "assets": [
    "SOL-USD",
    "BTC-USD",
    "ETH-USD",
    "NVDA"
  ],
  "venues": [
    "coinbase",
    "binance",
    "alpaca"
  ],
  "cv_r2": 0.39080965350376645,
  "cv_mae": 6.900904011838911,
  "feature_importance": {
    "vol_5m": 0.06430831433367482,
    "spread_bps": 0.14976985043961744,
    "depth": 0.06106798985772888,
    "slip_p95": 0.45481969401717154,
    "is_bps": 0.17538287030570007,
    "fees_bps": 0.022904428311307342,
    "rebate_bps": 0.011296136574854971,
    "cost_per_hour": 0.0,
    "hour": 0.04101919970483912,
    "dow": 0.006923339862697119,
    "is_weekend": 0.00423353441376954,
    "is_night": 0.0035478310138838615,
    "is_lunch": 0.004726811164755253
  },
  "ev_bands": {
    "red": 392
  }
}