{
  "timestamp": "20250817_061151Z",
  "window_days": 2,
  "ev_threshold": 10.0,
  "assets": [
    "SOL-USD",
    "BTC-USD",
    "ETH-USD",
    "NVDA"
  ],
  "venues": [
    "coinbase",
    "binance",
    "alpaca"
  ],
  "cv_r2": 0.20933230828049953,
  "cv_mae": 7.068033845160266,
  "feature_importance": {
    "vol_5m": 0.06828446102697978,
    "spread_bps": 0.2624626241605899,
    "depth": 0.085829280803406,
    "slip_p95": 0.30843479135342533,
    "is_bps": 0.1594745020460624,
    "fees_bps": 0.02460888520608202,
    "rebate_bps": 0.010797644528247186,
    "cost_per_hour": 0.0,
    "hour": 0.03833024852130265,
    "dow": 0.014731787450168106,
    "is_weekend": 0.012801823365075073,
    "is_night": 0.0029413547487366493,
    "is_lunch": 0.011302596789924915
  },
  "ev_bands": {
    "red": 390,
    "amber": 2
  }
}