{
  "timestamp": "20250817_040719Z",
  "window_days": 2,
  "ev_threshold": 10.0,
  "assets": [
    "SOL-USD",
    "BTC-USD",
    "ETH-USD",
    "NVDA"
  ],
  "venues": [
    "coinbase",
    "binance",
    "alpaca"
  ],
  "cv_r2": 0.34976899352402163,
  "cv_mae": 6.169984364780966,
  "feature_importance": {
    "vol_5m": 0.07963497661380191,
    "spread_bps": 0.1353133835487169,
    "depth": 0.07113984855249694,
    "slip_p95": 0.3426778770392584,
    "is_bps": 0.22643720968489622,
    "fees_bps": 0.041313435521838894,
    "rebate_bps": 0.016337998518417378,
    "cost_per_hour": 0.0,
    "hour": 0.04689345674563134,
    "dow": 0.018157738839963952,
    "is_weekend": 0.011069160146471673,
    "is_night": 0.004349363258175672,
    "is_lunch": 0.006675551530330574
  },
  "ev_bands": {
    "red": 391,
    "amber": 1
  }
}