{
  "timestamp": "20250816_184707Z",
  "window_days": 2,
  "ev_threshold": 10.0,
  "assets": [
    "SOL-USD",
    "BTC-USD",
    "ETH-USD",
    "NVDA"
  ],
  "venues": [
    "coinbase",
    "binance",
    "alpaca"
  ],
  "cv_r2": 0.2546030793023613,
  "cv_mae": 7.735685582988268,
  "feature_importance": {
    "vol_5m": 0.07375610842843902,
    "spread_bps": 0.1238795976677331,
    "depth": 0.08120015282246014,
    "slip_p95": 0.3900744594397478,
    "is_bps": 0.19815473999251101,
    "fees_bps": 0.023807787211845222,
    "rebate_bps": 0.014411308596256162,
    "cost_per_hour": 0.0,
    "hour": 0.053305100273929186,
    "dow": 0.022847453637333325,
    "is_weekend": 0.006205960884629438,
    "is_night": 0.00848457061726982,
    "is_lunch": 0.003872760427845809
  },
  "ev_bands": {
    "red": 385,
    "amber": 7
  }
}