{
  "timestamp": "20250817_075115Z",
  "window_days": 2,
  "ev_threshold": 10.0,
  "assets": [
    "SOL-USD",
    "BTC-USD",
    "ETH-USD",
    "NVDA"
  ],
  "venues": [
    "coinbase",
    "binance",
    "alpaca"
  ],
  "cv_r2": 0.4289050832109685,
  "cv_mae": 6.526194343091177,
  "feature_importance": {
    "vol_5m": 0.04808640604456805,
    "spread_bps": 0.13385970993611992,
    "depth": 0.050050276582374334,
    "slip_p95": 0.5030378600866026,
    "is_bps": 0.1445683299836465,
    "fees_bps": 0.014758153675561169,
    "rebate_bps": 0.014171880643901192,
    "cost_per_hour": 0.0,
    "hour": 0.03507871724930528,
    "dow": 0.022669198820893573,
    "is_weekend": 0.016630430310326013,
    "is_night": 0.0018664257054076922,
    "is_lunch": 0.015222610961293584
  },
  "ev_bands": {
    "red": 388,
    "amber": 4
  }
}