{
  "timestamp": "20250816_160615Z",
  "window_days": 2,
  "ev_threshold": 10.0,
  "assets": [
    "SOL-USD",
    "BTC-USD",
    "ETH-USD",
    "NVDA"
  ],
  "venues": [
    "coinbase",
    "binance",
    "alpaca"
  ],
  "cv_r2": 0.30309938729221114,
  "cv_mae": 7.296495420929507,
  "feature_importance": {
    "vol_5m": 0.06719012567454204,
    "spread_bps": 0.35496773599936304,
    "depth": 0.07409847283128958,
    "slip_p95": 0.2406121933540229,
    "is_bps": 0.12842037626768857,
    "fees_bps": 0.020811412032262232,
    "rebate_bps": 0.01479863995166053,
    "cost_per_hour": 0.0,
    "hour": 0.06909610184611313,
    "dow": 0.011581628828116424,
    "is_weekend": 0.003354998109431514,
    "is_night": 0.008603516201935281,
    "is_lunch": 0.006464798903574712
  },
  "ev_bands": {
    "red": 389,
    "amber": 3
  }
}