{
  "timestamp": "20250816_194924Z",
  "window_days": 2,
  "ev_threshold": 10.0,
  "assets": [
    "SOL-USD",
    "BTC-USD",
    "ETH-USD",
    "NVDA"
  ],
  "venues": [
    "coinbase",
    "binance",
    "alpaca"
  ],
  "cv_r2": 0.28925759449413585,
  "cv_mae": 7.259830361982981,
  "feature_importance": {
    "vol_5m": 0.05425603702877939,
    "spread_bps": 0.13606771040413776,
    "depth": 0.07653916100306198,
    "slip_p95": 0.4778586634859237,
    "is_bps": 0.13164888465810384,
    "fees_bps": 0.01748889844148658,
    "rebate_bps": 0.014441109039380527,
    "cost_per_hour": 0.0,
    "hour": 0.05550205124805118,
    "dow": 0.013919051523484232,
    "is_weekend": 0.010901891436544608,
    "is_night": 0.005271609873913254,
    "is_lunch": 0.006104931857132984
  },
  "ev_bands": {
    "red": 387,
    "amber": 5
  }
}