{
  "timestamp": "20250817_005013Z",
  "window_days": 2,
  "ev_threshold": 10.0,
  "assets": [
    "SOL-USD",
    "BTC-USD",
    "ETH-USD",
    "NVDA"
  ],
  "venues": [
    "coinbase",
    "binance",
    "alpaca"
  ],
  "cv_r2": 0.26026988738485474,
  "cv_mae": 6.963377259993417,
  "feature_importance": {
    "vol_5m": 0.08295585580447734,
    "spread_bps": 0.10178129601721139,
    "depth": 0.072963426087775,
    "slip_p95": 0.4275412391980105,
    "is_bps": 0.16560075332763805,
    "fees_bps": 0.03042187234047747,
    "rebate_bps": 0.01708580477130844,
    "cost_per_hour": 0.0,
    "hour": 0.04772450238213441,
    "dow": 0.01920386183106175,
    "is_weekend": 0.014721620849721848,
    "is_night": 0.008004578060285794,
    "is_lunch": 0.011995189329898036
  },
  "ev_bands": {
    "red": 392
  }
}