{
  "timestamp": "20250816_230629Z",
  "window_days": 2,
  "ev_threshold": 10.0,
  "assets": [
    "SOL-USD",
    "BTC-USD",
    "ETH-USD",
    "NVDA"
  ],
  "venues": [
    "coinbase",
    "binance",
    "alpaca"
  ],
  "cv_r2": 0.37870298876249286,
  "cv_mae": 6.657903837828736,
  "feature_importance": {
    "vol_5m": 0.06378036716906649,
    "spread_bps": 0.1308594459993273,
    "depth": 0.0984326336664161,
    "slip_p95": 0.38201289985688464,
    "is_bps": 0.2064382234643658,
    "fees_bps": 0.026730966061874684,
    "rebate_bps": 0.009544568128309588,
    "cost_per_hour": 0.0,
    "hour": 0.04486112033527086,
    "dow": 0.009952583120830461,
    "is_weekend": 0.015740318265598973,
    "is_night": 0.005003313544087949,
    "is_lunch": 0.006643560387967173
  },
  "ev_bands": {
    "red": 386,
    "amber": 6
  }
}