{
  "timestamp": "20250816_162149Z",
  "window_days": 2,
  "ev_threshold": 10.0,
  "assets": [
    "SOL-USD",
    "BTC-USD",
    "ETH-USD",
    "NVDA"
  ],
  "venues": [
    "coinbase",
    "binance",
    "alpaca"
  ],
  "cv_r2": 0.32263464641634937,
  "cv_mae": 7.160076360685994,
  "feature_importance": {
    "vol_5m": 0.08943869595675603,
    "spread_bps": 0.10743981908162464,
    "depth": 0.07705042072351984,
    "slip_p95": 0.4151805712169049,
    "is_bps": 0.18878080342970288,
    "fees_bps": 0.02292442830668906,
    "rebate_bps": 0.014093107252474856,
    "cost_per_hour": 0.0,
    "hour": 0.053277856700032815,
    "dow": 0.014814122444695066,
    "is_weekend": 0.006097633808020173,
    "is_night": 0.002516010965097999,
    "is_lunch": 0.008386530114481799
  },
  "ev_bands": {
    "red": 389,
    "amber": 3
  }
}