{
  "timestamp": "20250816_225606Z",
  "window_days": 2,
  "ev_threshold": 10.0,
  "assets": [
    "SOL-USD",
    "BTC-USD",
    "ETH-USD",
    "NVDA"
  ],
  "venues": [
    "coinbase",
    "binance",
    "alpaca"
  ],
  "cv_r2": 0.3134763020592511,
  "cv_mae": 7.033076784420995,
  "feature_importance": {
    "vol_5m": 0.06558473603416477,
    "spread_bps": 0.13703628100703144,
    "depth": 0.0627318471893058,
    "slip_p95": 0.5156336978522705,
    "is_bps": 0.12522911909506554,
    "fees_bps": 0.013494438418643673,
    "rebate_bps": 0.00920360363226668,
    "cost_per_hour": 0.0,
    "hour": 0.03951448423850625,
    "dow": 0.010047009443117764,
    "is_weekend": 0.01259119271702087,
    "is_night": 0.00397174351994043,
    "is_lunch": 0.004961846852666214
  },
  "ev_bands": {
    "red": 390,
    "amber": 2
  }
}