{
  "timestamp": "20250817_051959Z",
  "window_days": 2,
  "ev_threshold": 10.0,
  "assets": [
    "SOL-USD",
    "BTC-USD",
    "ETH-USD",
    "NVDA"
  ],
  "venues": [
    "coinbase",
    "binance",
    "alpaca"
  ],
  "cv_r2": 0.44126193295981225,
  "cv_mae": 6.016659536317182,
  "feature_importance": {
    "vol_5m": 0.07878137449747316,
    "spread_bps": 0.3575856786910753,
    "depth": 0.07169485935307607,
    "slip_p95": 0.23691067374906014,
    "is_bps": 0.14781516511219212,
    "fees_bps": 0.019296935630310933,
    "rebate_bps": 0.013748590517545414,
    "cost_per_hour": 0.0,
    "hour": 0.04134999339332699,
    "dow": 0.012653360450641917,
    "is_weekend": 0.009909288321726438,
    "is_night": 0.003098082236086813,
    "is_lunch": 0.0071559980474847585
  },
  "ev_bands": {
    "red": 384,
    "amber": 8
  }
}