{
  "timestamp": "20250817_074603Z",
  "window_days": 2,
  "ev_threshold": 10.0,
  "assets": [
    "SOL-USD",
    "BTC-USD",
    "ETH-USD",
    "NVDA"
  ],
  "venues": [
    "coinbase",
    "binance",
    "alpaca"
  ],
  "cv_r2": 0.30433375716501404,
  "cv_mae": 6.848726068855204,
  "feature_importance": {
    "vol_5m": 0.0690850341917671,
    "spread_bps": 0.18607525552231216,
    "depth": 0.07726253045663042,
    "slip_p95": 0.3658424894347566,
    "is_bps": 0.17003271144410817,
    "fees_bps": 0.025580511690595432,
    "rebate_bps": 0.01642125752927878,
    "cost_per_hour": 0.0,
    "hour": 0.05522117471426366,
    "dow": 0.011570541668539604,
    "is_weekend": 0.01256656535405945,
    "is_night": 0.004705310264239122,
    "is_lunch": 0.005636617729449424
  },
  "ev_bands": {
    "red": 384,
    "amber": 8
  }
}