{
  "timestamp": "20250817_053534Z",
  "window_days": 2,
  "ev_threshold": 10.0,
  "assets": [
    "SOL-USD",
    "BTC-USD",
    "ETH-USD",
    "NVDA"
  ],
  "venues": [
    "coinbase",
    "binance",
    "alpaca"
  ],
  "cv_r2": 0.41915088790239813,
  "cv_mae": 6.35405814878636,
  "feature_importance": {
    "vol_5m": 0.06593487338963282,
    "spread_bps": 0.11543848947953375,
    "depth": 0.07733502459465175,
    "slip_p95": 0.37819234341619645,
    "is_bps": 0.2614301050315795,
    "fees_bps": 0.017314204099474997,
    "rebate_bps": 0.01087431616861683,
    "cost_per_hour": 0.0,
    "hour": 0.050316645710704794,
    "dow": 0.00958088832080426,
    "is_weekend": 0.006776157680208957,
    "is_night": 0.0022305853062312498,
    "is_lunch": 0.004576366802364584
  },
  "ev_bands": {
    "red": 389,
    "amber": 3
  }
}