{
  "timestamp": "20250816_153508Z",
  "window_days": 2,
  "ev_threshold": 10.0,
  "assets": [
    "SOL-USD",
    "BTC-USD",
    "ETH-USD",
    "NVDA"
  ],
  "venues": [
    "coinbase",
    "binance",
    "alpaca"
  ],
  "cv_r2": 0.30430963636285124,
  "cv_mae": 7.011723268133829,
  "feature_importance": {
    "vol_5m": 0.07528056468807678,
    "spread_bps": 0.1201410562887034,
    "depth": 0.07036560944748324,
    "slip_p95": 0.39637787332782315,
    "is_bps": 0.2003482222661288,
    "fees_bps": 0.024469146145614355,
    "rebate_bps": 0.026092442040454362,
    "cost_per_hour": 0.0,
    "hour": 0.0548215900346324,
    "dow": 0.013540413483774579,
    "is_weekend": 0.005741664078318624,
    "is_night": 0.006894657718314971,
    "is_lunch": 0.005926760480675238
  },
  "ev_bands": {
    "red": 387,
    "amber": 5
  }
}