{
  "timestamp": "20250816_190241Z",
  "window_days": 2,
  "ev_threshold": 10.0,
  "assets": [
    "SOL-USD",
    "BTC-USD",
    "ETH-USD",
    "NVDA"
  ],
  "venues": [
    "coinbase",
    "binance",
    "alpaca"
  ],
  "cv_r2": 0.21941241856862817,
  "cv_mae": 7.3776032758908885,
  "feature_importance": {
    "vol_5m": 0.0713150508680706,
    "spread_bps": 0.3121479380994807,
    "depth": 0.08130767645902268,
    "slip_p95": 0.272744774717305,
    "is_bps": 0.11246986910483589,
    "fees_bps": 0.022454406956747292,
    "rebate_bps": 0.014917333047965543,
    "cost_per_hour": 0.0,
    "hour": 0.07196687180643963,
    "dow": 0.017065417124690174,
    "is_weekend": 0.011166318543507327,
    "is_night": 0.007112919702263571,
    "is_lunch": 0.005331423569671409
  },
  "ev_bands": {
    "red": 388,
    "amber": 4
  }
}