{
  "timestamp": "20250817_025954Z",
  "window_days": 2,
  "ev_threshold": 10.0,
  "assets": [
    "SOL-USD",
    "BTC-USD",
    "ETH-USD",
    "NVDA"
  ],
  "venues": [
    "coinbase",
    "binance",
    "alpaca"
  ],
  "cv_r2": 0.40558298768549395,
  "cv_mae": 6.0048255983900445,
  "feature_importance": {
    "vol_5m": 0.06178147814399346,
    "spread_bps": 0.24613930033773435,
    "depth": 0.07646811777792352,
    "slip_p95": 0.39016422260287054,
    "is_bps": 0.13265081461308495,
    "fees_bps": 0.020221836278693887,
    "rebate_bps": 0.010033284151388076,
    "cost_per_hour": 0.0,
    "hour": 0.03964669188396128,
    "dow": 0.007246900495597717,
    "is_weekend": 0.005573058949747796,
    "is_night": 0.00343919464895119,
    "is_lunch": 0.006635100116053242
  },
  "ev_bands": {
    "red": 390,
    "amber": 2
  }
}