{
  "timestamp": "20250816_223522Z",
  "window_days": 2,
  "ev_threshold": 10.0,
  "assets": [
    "SOL-USD",
    "BTC-USD",
    "ETH-USD",
    "NVDA"
  ],
  "venues": [
    "coinbase",
    "binance",
    "alpaca"
  ],
  "cv_r2": 0.31641924619387546,
  "cv_mae": 6.420107525385245,
  "feature_importance": {
    "vol_5m": 0.0798993474253685,
    "spread_bps": 0.3085548101694029,
    "depth": 0.05508396676414477,
    "slip_p95": 0.32366494200950735,
    "is_bps": 0.10279153414958828,
    "fees_bps": 0.028397493698462496,
    "rebate_bps": 0.010396632737904359,
    "cost_per_hour": 0.0,
    "hour": 0.052213382325944364,
    "dow": 0.018359781332350122,
    "is_weekend": 0.008229976450109597,
    "is_night": 0.009322371675094367,
    "is_lunch": 0.003085761262122741
  },
  "ev_bands": {
    "red": 376,
    "amber": 16
  }
}