{
  "timestamp": "20250816_182110Z",
  "window_days": 2,
  "ev_threshold": 10.0,
  "assets": [
    "SOL-USD",
    "BTC-USD",
    "ETH-USD",
    "NVDA"
  ],
  "venues": [
    "coinbase",
    "binance",
    "alpaca"
  ],
  "cv_r2": 0.29363835075071404,
  "cv_mae": 7.114829950835104,
  "feature_importance": {
    "vol_5m": 0.09912912929932073,
    "spread_bps": 0.20822358195572452,
    "depth": 0.0679829260605964,
    "slip_p95": 0.36865619399581695,
    "is_bps": 0.12903769786490832,
    "fees_bps": 0.01760713706290712,
    "rebate_bps": 0.010146321710934936,
    "cost_per_hour": 0.0,
    "hour": 0.06543242091184309,
    "dow": 0.01289191624942459,
    "is_weekend": 0.006222518112411662,
    "is_night": 0.009681908475432195,
    "is_lunch": 0.004988248300679628
  },
  "ev_bands": {
    "red": 390,
    "amber": 2
  }
}