{
  "timestamp": "20250816_162700Z",
  "window_days": 2,
  "ev_threshold": 10.0,
  "assets": [
    "SOL-USD",
    "BTC-USD",
    "ETH-USD",
    "NVDA"
  ],
  "venues": [
    "coinbase",
    "binance",
    "alpaca"
  ],
  "cv_r2": 0.27263543268185425,
  "cv_mae": 6.922740536990811,
  "feature_importance": {
    "vol_5m": 0.07163970934286712,
    "spread_bps": 0.13837496467494337,
    "depth": 0.0760428454344103,
    "slip_p95": 0.45726074366516034,
    "is_bps": 0.13371829206784813,
    "fees_bps": 0.019674038396044036,
    "rebate_bps": 0.016788237583627016,
    "cost_per_hour": 0.0,
    "hour": 0.052728952803609286,
    "dow": 0.016712747097089642,
    "is_weekend": 0.006945616376765694,
    "is_night": 0.006191820789031282,
    "is_lunch": 0.003922031768604
  },
  "ev_bands": {
    "red": 388,
    "amber": 4
  }
}