{
  "timestamp": "20250817_012121Z",
  "window_days": 2,
  "ev_threshold": 10.0,
  "assets": [
    "SOL-USD",
    "BTC-USD",
    "ETH-USD",
    "NVDA"
  ],
  "venues": [
    "coinbase",
    "binance",
    "alpaca"
  ],
  "cv_r2": 0.4552813888553047,
  "cv_mae": 6.225017860236339,
  "feature_importance": {
    "vol_5m": 0.05627065770274955,
    "spread_bps": 0.1817910803034953,
    "depth": 0.05970040481733719,
    "slip_p95": 0.41169915458638373,
    "is_bps": 0.16956138162082857,
    "fees_bps": 0.027122450090340203,
    "rebate_bps": 0.013592966957727947,
    "cost_per_hour": 0.0,
    "hour": 0.04278874445286443,
    "dow": 0.015908339782480085,
    "is_weekend": 0.012974026640791721,
    "is_night": 0.003244028834591102,
    "is_lunch": 0.0053467642104101714
  },
  "ev_bands": {
    "red": 385,
    "amber": 7
  }
}