{
  "timestamp": "20250817_005524Z",
  "window_days": 2,
  "ev_threshold": 10.0,
  "assets": [
    "SOL-USD",
    "BTC-USD",
    "ETH-USD",
    "NVDA"
  ],
  "venues": [
    "coinbase",
    "binance",
    "alpaca"
  ],
  "cv_r2": 0.2664077565762439,
  "cv_mae": 6.425005662669464,
  "feature_importance": {
    "vol_5m": 0.09994447806107912,
    "spread_bps": 0.13848908011269498,
    "depth": 0.059666347220211316,
    "slip_p95": 0.3811055373181401,
    "is_bps": 0.1744154390368004,
    "fees_bps": 0.0446331525581673,
    "rebate_bps": 0.016163041307319905,
    "cost_per_hour": 0.0,
    "hour": 0.0527147829645833,
    "dow": 0.009077624915035788,
    "is_weekend": 0.007950120194467447,
    "is_night": 0.007290477536285589,
    "is_lunch": 0.008549918775214797
  },
  "ev_bands": {
    "red": 392
  }
}