{
  "timestamp": "20250817_060129Z",
  "window_days": 2,
  "ev_threshold": 10.0,
  "assets": [
    "SOL-USD",
    "BTC-USD",
    "ETH-USD",
    "NVDA"
  ],
  "venues": [
    "coinbase",
    "binance",
    "alpaca"
  ],
  "cv_r2": 0.3252807287743049,
  "cv_mae": 6.715390211166198,
  "feature_importance": {
    "vol_5m": 0.059480700046210734,
    "spread_bps": 0.18756769348192057,
    "depth": 0.07371192106239359,
    "slip_p95": 0.37873359499299697,
    "is_bps": 0.1820475050192825,
    "fees_bps": 0.02250425142707787,
    "rebate_bps": 0.009019818099365215,
    "cost_per_hour": 0.0,
    "hour": 0.0404275264395604,
    "dow": 0.021042027172994353,
    "is_weekend": 0.014278538662149837,
    "is_night": 0.006546471899079256,
    "is_lunch": 0.004639951696968705
  },
  "ev_bands": {
    "red": 392
  }
}