{
  "timestamp": "20250816_213306Z",
  "window_days": 2,
  "ev_threshold": 10.0,
  "assets": [
    "SOL-USD",
    "BTC-USD",
    "ETH-USD",
    "NVDA"
  ],
  "venues": [
    "coinbase",
    "binance",
    "alpaca"
  ],
  "cv_r2": 0.3224879185571004,
  "cv_mae": 6.628523900512865,
  "feature_importance": {
    "vol_5m": 0.06495308771049747,
    "spread_bps": 0.09150374549293203,
    "depth": 0.05330575859752115,
    "slip_p95": 0.46632302705914797,
    "is_bps": 0.19602412208636288,
    "fees_bps": 0.02341513351365955,
    "rebate_bps": 0.01185530176390524,
    "cost_per_hour": 0.0,
    "hour": 0.052449408354123025,
    "dow": 0.012292492788485184,
    "is_weekend": 0.014029837885757304,
    "is_night": 0.010653276237328868,
    "is_lunch": 0.003194808510279334
  },
  "ev_bands": {
    "red": 385,
    "amber": 7
  }
}