{
  "timestamp": "20250816_210709Z",
  "window_days": 2,
  "ev_threshold": 10.0,
  "assets": [
    "SOL-USD",
    "BTC-USD",
    "ETH-USD",
    "NVDA"
  ],
  "venues": [
    "coinbase",
    "binance",
    "alpaca"
  ],
  "cv_r2": 0.38986413704329453,
  "cv_mae": 6.293565234296462,
  "feature_importance": {
    "vol_5m": 0.06348298759446433,
    "spread_bps": 0.2619560813300289,
    "depth": 0.05836185928353608,
    "slip_p95": 0.3651853522775738,
    "is_bps": 0.13014056855625328,
    "fees_bps": 0.017953973276073513,
    "rebate_bps": 0.013172522303483864,
    "cost_per_hour": 0.0,
    "hour": 0.054433714842252595,
    "dow": 0.011560761439538407,
    "is_weekend": 0.006265072244427224,
    "is_night": 0.004539751181600252,
    "is_lunch": 0.012947355670767794
  },
  "ev_bands": {
    "red": 389,
    "amber": 3
  }
}