{
  "timestamp": "20250817_044850Z",
  "window_days": 2,
  "ev_threshold": 10.0,
  "assets": [
    "SOL-USD",
    "BTC-USD",
    "ETH-USD",
    "NVDA"
  ],
  "venues": [
    "coinbase",
    "binance",
    "alpaca"
  ],
  "cv_r2": 0.46725029507057253,
  "cv_mae": 6.197647164925253,
  "feature_importance": {
    "vol_5m": 0.08457816250772143,
    "spread_bps": 0.3241940088677027,
    "depth": 0.08985921890549688,
    "slip_p95": 0.26377213426573676,
    "is_bps": 0.15886963504203155,
    "fees_bps": 0.008867136705959658,
    "rebate_bps": 0.01094686886502348,
    "cost_per_hour": 0.0,
    "hour": 0.03912904884745344,
    "dow": 0.005860777295552512,
    "is_weekend": 0.005634270720279893,
    "is_night": 0.0030632164854181025,
    "is_lunch": 0.005225521491623694
  },
  "ev_bands": {
    "red": 391,
    "amber": 1
  }
}