{
  "timestamp": "20250816_144825Z",
  "window_days": 2,
  "ev_threshold": 10.0,
  "assets": [
    "SOL-USD",
    "BTC-USD",
    "ETH-USD",
    "NVDA"
  ],
  "venues": [
    "coinbase",
    "binance",
    "alpaca"
  ],
  "cv_r2": 0.36524960588102545,
  "cv_mae": 6.847937930081323,
  "feature_importance": {
    "vol_5m": 0.07772775514129393,
    "spread_bps": 0.1486937351178648,
    "depth": 0.057564727008527654,
    "slip_p95": 0.3711351789758675,
    "is_bps": 0.20477641231218396,
    "fees_bps": 0.014352857894009618,
    "rebate_bps": 0.014842909004258385,
    "cost_per_hour": 0.0,
    "hour": 0.06126854144126817,
    "dow": 0.01558094289352632,
    "is_weekend": 0.005153269842457018,
    "is_night": 0.02417484604734784,
    "is_lunch": 0.004728824321394728
  },
  "ev_bands": {
    "red": 387,
    "amber": 5
  }
}