{
  "timestamp": "20250817_070344Z",
  "window_days": 2,
  "ev_threshold": 10.0,
  "assets": [
    "SOL-USD",
    "BTC-USD",
    "ETH-USD",
    "NVDA"
  ],
  "venues": [
    "coinbase",
    "binance",
    "alpaca"
  ],
  "cv_r2": 0.4643796912884392,
  "cv_mae": 6.4139813432402875,
  "feature_importance": {
    "vol_5m": 0.05540048233555809,
    "spread_bps": 0.31127422611689637,
    "depth": 0.06536811651259208,
    "slip_p95": 0.3742784500621476,
    "is_bps": 0.08510951218612806,
    "fees_bps": 0.01733279308021861,
    "rebate_bps": 0.011190987918602565,
    "cost_per_hour": 0.0,
    "hour": 0.04332809299545946,
    "dow": 0.014078042871156224,
    "is_weekend": 0.011638474908328679,
    "is_night": 0.006273255921450933,
    "is_lunch": 0.004727565091461401
  },
  "ev_bands": {
    "red": 384,
    "amber": 8
  }
}