{
  "timestamp": "20250817_063237Z",
  "window_days": 2,
  "ev_threshold": 10.0,
  "assets": [
    "SOL-USD",
    "BTC-USD",
    "ETH-USD",
    "NVDA"
  ],
  "venues": [
    "coinbase",
    "binance",
    "alpaca"
  ],
  "cv_r2": 0.3994983176955083,
  "cv_mae": 6.5650348603377955,
  "feature_importance": {
    "vol_5m": 0.08479078891643489,
    "spread_bps": 0.2632482959110703,
    "depth": 0.07113028146190083,
    "slip_p95": 0.3474569813176536,
    "is_bps": 0.12333311060026664,
    "fees_bps": 0.01935818571785492,
    "rebate_bps": 0.010117377799821059,
    "cost_per_hour": 0.0,
    "hour": 0.04121070779885598,
    "dow": 0.01648375222362665,
    "is_weekend": 0.015935278807530578,
    "is_night": 0.0029784080263202325,
    "is_lunch": 0.003956831418664406
  },
  "ev_bands": {
    "red": 388,
    "amber": 4
  }
}